{
  "pca": {
    "L0": {
      "var_explained_top5": [
        0.07741691172122955,
        0.03823740780353546,
        0.034614093601703644,
        0.030867381021380424,
        0.025123339146375656
      ],
      "cumvar_top5": [
        0.07741691172122955,
        0.11565431952476501,
        0.15026840567588806,
        0.18113578855991364,
        0.2062591314315796
      ],
      "n_syn": 800,
      "n_sem": 400,
      "pc1_cohens_d": -0.6318048593026401,
      "centroids": {
        "tense": {
          "pc1": -0.32833537459373474,
          "pc2": 0.05434359237551689
        },
        "polarity": {
          "pc1": -0.3086640536785126,
          "pc2": 0.17615360021591187
        },
        "number": {
          "pc1": -0.3488597571849823,
          "pc2": 0.21749892830848694
        },
        "negation": {
          "pc1": -0.29988715052604675,
          "pc2": 0.15929162502288818
        },
        "question": {
          "pc1": -0.33084312081336975,
          "pc2": 0.1879643052816391
        },
        "person": {
          "pc1": -0.3582743704319,
          "pc2": 0.18099559843540192
        },
        "definiteness": {
          "pc1": -0.351118266582489,
          "pc2": 0.22776100039482117
        },
        "info_structure": {
          "pc1": -0.2789123058319092,
          "pc2": 0.17890311777591705
        },
        "sentiment": {
          "pc1": -0.23713336884975433,
          "pc2": 0.38619503378868103
        },
        "semantic_topic": {
          "pc1": -0.24994583427906036,
          "pc2": -1.5156419277191162
        },
        "voice": {
          "pc1": 3.0229997634887695,
          "pc2": 0.1142183318734169
        },
        "formality": {
          "pc1": 0.06897399574518204,
          "pc2": -0.36768344044685364
        }
      }
    },
    "L12": {
      "var_explained_top5": [
        0.06916060298681259,
        0.040842387825250626,
        0.026993602514266968,
        0.02200525440275669,
        0.02083631232380867
      ],
      "cumvar_top5": [
        0.06916060298681259,
        0.11000299453735352,
        0.13699659705162048,
        0.15900185704231262,
        0.179838165640831
      ],
      "n_syn": 800,
      "n_sem": 400,
      "pc1_cohens_d": -0.6375887211526631,
      "centroids": {
        "tense": {
          "pc1": -1.8137484788894653,
          "pc2": 0.22489602863788605
        },
        "polarity": {
          "pc1": -2.2236199378967285,
          "pc2": -0.8917015790939331
        },
        "number": {
          "pc1": -1.348810076713562,
          "pc2": -0.048702917993068695
        },
        "negation": {
          "pc1": -2.0699665546417236,
          "pc2": -0.5066856145858765
        },
        "question": {
          "pc1": -2.7256369590759277,
          "pc2": 5.241960525512695
        },
        "person": {
          "pc1": -0.3678838610649109,
          "pc2": -8.484329223632812
        },
        "definiteness": {
          "pc1": -1.34407377243042,
          "pc2": 8.365213579963893e-05
        },
        "info_structure": {
          "pc1": -1.4514209032058716,
          "pc2": -0.32867661118507385
        },
        "sentiment": {
          "pc1": -1.9713002443313599,
          "pc2": -0.7566545605659485
        },
        "semantic_topic": {
          "pc1": -1.1430846452713013,
          "pc2": 7.5844526290893555
        },
        "voice": {
          "pc1": 16.406394958496094,
          "pc2": 1.8947480916976929
        },
        "formality": {
          "pc1": 0.053151488304138184,
          "pc2": -3.9293880462646484
        }
      }
    },
    "L24": {
      "var_explained_top5": [
        0.0622723251581192,
        0.05463064834475517,
        0.036671996116638184,
        0.02692577987909317,
        0.021950487047433853
      ],
      "cumvar_top5": [
        0.0622723251581192,
        0.11690297722816467,
        0.15357497334480286,
        0.18050074577331543,
        0.20245122909545898
      ],
      "n_syn": 800,
      "n_sem": 400,
      "pc1_cohens_d": -0.46359780807923656,
      "centroids": {
        "tense": {
          "pc1": -6.3599853515625,
          "pc2": 4.4419050216674805
        },
        "polarity": {
          "pc1": -2.9007318019866943,
          "pc2": -0.387980580329895
        },
        "number": {
          "pc1": -2.3065738677978516,
          "pc2": -5.3770012855529785
        },
        "negation": {
          "pc1": -3.135864019393921,
          "pc2": -0.6476812958717346
        },
        "question": {
          "pc1": -10.8280668258667,
          "pc2": 15.187752723693848
        },
        "person": {
          "pc1": 4.623753547668457,
          "pc2": -26.046005249023438
        },
        "definiteness": {
          "pc1": 0.678440272808075,
          "pc2": -8.817232131958008
        },
        "info_structure": {
          "pc1": -1.4069085121154785,
          "pc2": -8.488566398620605
        },
        "sentiment": {
          "pc1": -3.9692893028259277,
          "pc2": 4.109781265258789
        },
        "semantic_topic": {
          "pc1": -10.711540222167969,
          "pc2": 16.44338607788086
        },
        "voice": {
          "pc1": 34.981422424316406,
          "pc2": 12.800163269042969
        },
        "formality": {
          "pc1": 1.3353430032730103,
          "pc2": -3.218519926071167
        }
      }
    },
    "L35": {
      "var_explained_top5": [
        0.16939197480678558,
        0.08189473301172256,
        0.030117304995656013,
        0.025470800697803497,
        0.022648809477686882
      ],
      "cumvar_top5": [
        0.16939197480678558,
        0.25128671526908875,
        0.2814040184020996,
        0.3068748116493225,
        0.32952362298965454
      ],
      "n_syn": 800,
      "n_sem": 400,
      "pc1_cohens_d": -0.5521283301697106,
      "centroids": {
        "tense": {
          "pc1": 55.1143798828125,
          "pc2": -13.032703399658203
        },
        "polarity": {
          "pc1": -24.827438354492188,
          "pc2": -7.7352986335754395
        },
        "number": {
          "pc1": 1.6467158794403076,
          "pc2": 18.321138381958008
        },
        "negation": {
          "pc1": -11.657715797424316,
          "pc2": -0.16742099821567535
        },
        "question": {
          "pc1": -27.162551879882812,
          "pc2": -128.50381469726562
        },
        "person": {
          "pc1": -63.707279205322266,
          "pc2": 85.48832702636719
        },
        "definiteness": {
          "pc1": -55.00167465209961,
          "pc2": 22.819686889648438
        },
        "info_structure": {
          "pc1": -17.320676803588867,
          "pc2": 41.9960823059082
        },
        "sentiment": {
          "pc1": 15.506597518920898,
          "pc2": -18.697233200073242
        },
        "semantic_topic": {
          "pc1": 79.65017700195312,
          "pc2": -61.828758239746094
        },
        "voice": {
          "pc1": -14.692330360412598,
          "pc2": 34.266658782958984
        },
        "formality": {
          "pc1": 62.451820373535156,
          "pc2": 27.073347091674805
        }
      }
    }
  },
  "cosine": {
    "L0": {
      "syn_within_mean": 0.05944574072158763,
      "syn_within_std": 0.23996175297055322,
      "sem_within_mean": 0.03238659957423806,
      "sem_within_std": 0.06742706744511599,
      "cross_mean": 0.013645890343468636,
      "cross_std": 0.06497878545054658,
      "n_syn_pairs": 28,
      "n_sem_pairs": 6,
      "n_cross_pairs": 32
    },
    "L12": {
      "syn_within_mean": 0.13538945659196802,
      "syn_within_std": 0.2452276917721503,
      "sem_within_mean": 0.031037424070139725,
      "sem_within_std": 0.07089527633242432,
      "cross_mean": 0.026101696466866997,
      "cross_std": 0.11216171311751412,
      "n_syn_pairs": 28,
      "n_sem_pairs": 6,
      "n_cross_pairs": 32
    },
    "L24": {
      "syn_within_mean": 0.12929394162659133,
      "syn_within_std": 0.26302844815971876,