{
  "model": "glm4",
  "bottleneck_layer": 30,
  "n_pairs": 100,
  "pca_with_formality": [
    0.056707218289375305,
    0.028199508786201477,
    0.01706693321466446,
    0.015781961381435394,
    0.013977895490825176
  ],
  "pca_no_formality": [
    0.059234894812107086,
    0.033630888909101486,
    0.019694944843649864,
    0.018287161365151405,
    0.015237082727253437
  ],
  "pca_normalized": [
    0.03538993373513222,
    0.02285436913371086,
    0.021799415349960327,
    0.018296238034963608,
    0.015823721885681152
  ],
  "pca_norm_no_formality": [
    0.03712378814816475,
    0.025294722989201546,
    0.020854679867625237,
    0.01798402890563011,
    0.013788176700472832
  ],
  "feat_norms": {
    "tense": 22.001840591430664,
    "polarity": 32.56611251831055,
    "number": 28.74176597595215,
    "voice": 60.08674240112305,
    "semantic_valence": 58.563194274902344,
    "semantic_topic": 58.727569580078125,
    "formality": 54.250953674316406
  },
  "feat_pc1_var": {
    "tense": 0.15645435452461243,
    "polarity": 0.16273659467697144,
    "number": 0.06478340178728104,
    "voice": 0.08355099707841873,
    "semantic_valence": 0.12536299228668213,
    "semantic_topic": 0.059237416833639145,
    "formality": 0.09288781881332397
  },
  "per_feat_results": {
    "tense": {
      "feat_pc1_ratio": 0.06784871220588684,
      "global_pc1_ratio": 0.09689582884311676,
      "no_form_pc1_ratio": 0.09301827102899551,
      "random_ratio": 0.01314235968288681
    },
    "polarity": {
      "feat_pc1_ratio": 0.19256591796875,
      "global_pc1_ratio": 0.1182301789522171,
      "no_form_pc1_ratio": 0.11691296100616455,
      "random_ratio": 0.011649000125338232
    },
    "number": {
      "feat_pc1_ratio": 0.15546229481697083,
      "global_pc1_ratio": 0.10955731570720673,
      "no_form_pc1_ratio": 0.11272777616977692,
      "random_ratio": 0.013601625643170873
    },
    "voice": {
      "feat_pc1_ratio": 0.1781131476163864,
      "global_pc1_ratio": 0.10992131382226944,
      "no_form_pc1_ratio": 0.1243627518415451,
      "random_ratio": 0.013259071770698365
    },
    "semantic_valence": {
      "feat_pc1_ratio": 0.0822739526629448,
      "global_pc1_ratio": 0.09945614635944366,
      "no_form_pc1_ratio": 0.09971950203180313,
      "random_ratio": 0.010903180797005417
    },
    "semantic_topic": {
      "feat_pc1_ratio": 0.2098635733127594,
      "global_pc1_ratio": 0.10321802645921707,
      "no_form_pc1_ratio": 0.10517435520887375,
      "random_ratio": 0.01473248758631567
    },
    "formality": {
      "feat_pc1_ratio": 0.07255415618419647,
      "global_pc1_ratio": 0.07356158643960953,
      "no_form_pc1_ratio": 0.06470969319343567,
      "random_ratio": 0.01156876525441421
    }
  }
}