{
  "key_layers": [
    0,
    10,
    20,
    30,
    39
  ],
  "feature_pairs": [
    "polarity",
    "tense",
    "semantic"
  ],
  "subspace_overlap": {
    "('polarity', 'tense', 0)": {
      "jaccard_top50": 0.010101010101010102,
      "expected_jaccard_top50": 0.00014901161193847656,
      "jaccard_top100": 0.02564102564102564,
      "expected_jaccard_top100": 0.0005960464477539062,
      "jaccard_top200": 0.04712041884816754,
      "expected_jaccard_top200": 0.002384185791015625,
      "cos_diff": 0.05763716250658035,
      "cos_probe": -0.004880763480949267,
      "min_angle_deg": 0.0,
      "mean_angle_deg": 0.0,
      "max_angle_deg": 0.0
    },
    "('polarity', 'semantic', 0)": {
      "jaccard_top50": 0.02040816326530612,
      "expected_jaccard_top50": 0.00014901161193847656,
      "jaccard_top100": 0.015228426395939087,
      "expected_jaccard_top100": 0.0005960464477539062,
      "jaccard_top200": 0.028277634961439587,
      "expected_jaccard_top200": 0.002384185791015625,
      "cos_diff": 0.04760652408003807,
      "cos_probe": 0.017511203253672475,
      "min_angle_deg": 0.0,
      "mean_angle_deg": 0.0,
      "max_angle_deg": 0.0
    },
    "('tense', 'semantic', 0)": {
      "jaccard_top50": 0.041666666666666664,
      "expected_jaccard_top50": 0.00014901161193847656,
      "jaccard_top100": 0.030927835051546393,
      "expected_jaccard_top100": 0.0005960464477539062,
      "jaccard_top200": 0.044386422976501305,
      "expected_jaccard_top200": 0.002384185791015625,
      "cos_diff": -0.03921964019536972,
      "cos_probe": -0.1018944994230648,
      "min_angle_deg": 0.0,
      "mean_angle_deg": 0.0,
      "max_angle_deg": 0.0
    },
    "('polarity', 'tense', 10)": {
      "jaccard_top50": 0.030927835051546393,
      "expected_jaccard_top50": 0.00014901161193847656,
      "jaccard_top100": 0.041666666666666664,
      "expected_jaccard_top100": 0.0005960464477539062,
      "jaccard_top200": 0.06382978723404255,
      "expected_jaccard_top200": 0.002384185791015625,
      "cos_diff": -0.010589562356472015,
      "cos_probe": 0.022951086843040733,
      "min_angle_deg": 0.0,
      "mean_angle_deg": 0.0,
      "max_angle_deg": 0.0
    },
    "('polarity', 'semantic', 10)": {
      "jaccard_top50": 0.0,
      "expected_jaccard_top50": 0.00014901161193847656,
      "jaccard_top100": 0.005025125628140704,
      "expected_jaccard_top100": 0.0005960464477539062,
      "jaccard_top200": 0.017811704834605598,
      "expected_jaccard_top200": 0.002384185791015625,
      "cos_diff": 0.0297588799148798,
      "cos_probe": 0.04070612227515944,
      "min_angle_deg": 0.0,
      "mean_angle_deg": 0.0,
      "max_angle_deg": 0.0
    },
    "('tense', 'semantic', 10)": {
      "jaccard_top50": 0.0,
      "expected_jaccard_top50": 0.00014901161193847656,
      "jaccard_top100": 0.005025125628140704,
      "expected_jaccard_top100": 0.0005960464477539062,
      "jaccard_top200": 0.02040816326530612,
      "expected_jaccard_top200": 0.002384185791015625,
      "cos_diff": -0.08144889026880264,
      "cos_probe": -0.03049637275256124,
      "min_angle_deg": 0.0,
      "mean_angle_deg": 0.0,
      "max_angle_deg": 0.0
    },
    "('polarity', 'tense', 20)": {
      "jaccard_top50": 0.010101010101010102,
      "expected_jaccard_top50": 0.00014901161193847656,
      "jaccard_top100": 0.015228426395939087,
      "expected_jaccard_top100": 0.0005960464477539062,
      "jaccard_top200": 0.02040816326530612,
      "expected_jaccard_top200": 0.002384185791015625,
      "cos_diff": -0.0038044843822717667,
      "cos_probe": 0.0142594682775983,
      "min_angle_deg": 0.0,
      "mean_angle_deg": 0.0,
      "max_angle_deg": 0.0
    },
    "('polarity', 'semantic', 20)": {
      "jaccard_top50": 0.0,
      "expected_jaccard_top50": 0.00014901161193847656,
      "jaccard_top100": 0.005025125628140704,
      "expected_jaccard_top100": 0.0005960464477539062,
      "jaccard_top200": 0.010101010101010102,
      "expected_jaccard_top200": 0.002384185791015625,
      "cos_diff": 0.010005181655287743,
      "cos_probe": 0.002608906538220228,
      "min_angle_deg": 0.0,
      "mean_angle_deg": 18.000000512264187,
      "max_angle_deg": 90.0
    },
    "('tense', 'semantic', 20)": {
      "jaccard_top50": 0.0,
      "expected_jaccard_top50": 0.00014901161193847656,
      "jaccard_top100": 0.0,
      "expected_jaccard_top100": 0.0005960464477539062,
      "jaccard_top200": 0.015228426395939087,
      "expected_jaccard_top200": 0.002384185791015625,
      "cos_diff": -0.11883749067783356,
      "cos_probe": -0.018397649878775,
      "min_angle_deg": 0.0,
      "mean_angle_deg": 2.4148365394514666e-07,
      "max_angle_deg": 1.2074182697257333e-06
    },
    "('polarity', 'tense', 30)": {
      "jaccard_top50": 0.0,
      "expected_jaccard_top50": 0.00014901161193847656,
      "jaccard_top100": 0.015228426395939087,
      "expected_jaccard_top100": 0.0005960464477539062,
      "jaccard_top200": 0.02040816326530612,
      "expected_jaccard_top200": 0.002384185791015625,
      "cos_diff": -0.06833411753177643,
      "cos_probe": -0.04336369058671376,
      "min_angle_deg": 0.0,
      "mean_angle_deg": 0.0,
      "max_angle_deg": 0.0
    },
    "('polarity', 'semantic', 30)": {
      "jaccard_top50": 0.010101010101010102,
      "expected_jaccard_top50": 0.00014901161193847656,
      "jaccard_top100": 0.010101010101010102,
      "expected_jaccard_top100": 0.0005960464477539062,
      "jaccard_top200": 0.012658227848101266,
      "expected_jaccard_top200": 0.002384185791015625,
      "cos_diff": -0.032519835978746414,
      "cos_probe": -0.03472145799400703,
      "min_angle_deg": 0.0,
      "mean_angle_deg": 5.122641877509563e-07,
      "max_angle_deg": 8.537736462515939e-07
    },
    "('tense', 'semantic', 30)": {
      "jaccard_top50": 0.0,
      "expected_jaccard_top50": 0.00014901161193847656,
      "jaccard_top100": 0.02040816326530612,
      "expected_jaccard_top100": 0.0005960464477539062,
      "jaccard_top200": 0.02564102564102564,
      "expected_jaccard_top200": 0.002384185791015625,
      "cos_diff": -0.11592097580432892,
      "cos_probe": -0.04472612384085723,
      "min_angle_deg": 0.0,
      "mean_angle_deg": 0.0,
      "max_angle_deg": 0.0
    },
    "('polarity', 'tense', 39)": {
      "jaccard_top50": 0.010101010101010102,
      "expected_jaccard_top50": 0.00014901161193847656,
      "jaccard_top100": 0.010101010101010102,
      "expected_jaccard_top100": 0.0005960464477539062,
      "jaccard_top200": 0.030927835051546393,
      "expected_jaccard_top200": 0.002384185791015625,
      "cos_diff": -0.22283028066158295,
      "cos_probe": -0.09554067826118569,
      "min_angle_deg": 0.0,
      "mean_angle_deg": 0.0,
      "max_angle_deg": 0.0
    },
    "('polarity', 'semantic', 39)": {
      "jaccard_top50": 0.010101010101010102,
      "expected_jaccard_top50": 0.00014901161193847656,
      "jaccard_top100": 0.02040816326530612,
      "expected_jaccard_top100": 0.0005960464477539062,
      "jaccard_top200": 0.02564102564102564,
      "expected_jaccard_top200": 0.002384185791015625,
      "cos_diff": -0.19289571046829224,
      "cos_probe": -0.042520706336343306,
      "min_angle_deg": 0.0,
      "mean_angle_deg": 0.0,
      "max_angle_deg": 0.0
    },
    "('tense', 'semantic', 39)": {
      "jaccard_top50": 0.010101010101010102,
      "expected_jaccard_top50": 0.00014901161193847656,
      "jaccard_top100": 0.02564102564102564,
      "expected_jaccard_top100": 0.0005960464477539062,
      "jaccard_top200": 0.030927835051546393,
      "expected_jaccard_top200": 0.002384185791015625,
      "cos_diff": -0.15723520517349243,
      "cos_probe": -0.05995656168493868,
      "min_angle_deg": 0.0,
      "mean_angle_deg": 0.0,
      "max_angle_deg": 0.0
    }
  },
  "subspace_dim": {
    "('polarity', 0)": {
      "dim_50": 939,
      "dim_90": 2620,
      "dim_95": 3045,
      "accuracy": 1.0
    },
    "('tense', 0)": {
      "dim_50": 960,
      "dim_90": 2647,