{
  "deepseek7b": {
    "tense": {
      "linear": {
        "a": 11.630393952356568,
        "b": 150.71033898072778,
        "r2": 0.9834746460777266
      },
      "exponential": {
        "a": 161.75674448047712,
        "b": 0.04247641293447977,
        "r2": 0.9116183836476379
      },
      "power_law": {
        "a": 126.52900952601007,
        "b": 0.36659319325745965,
        "r2": 0.9748627558394213
      },
      "logarithmic": {
        "a": 94.27434505114644,
        "b": 88.54076530934418,
        "r2": 0.8765718110047509
      }
    },
    "polarity": {
      "linear": {
        "a": 19.682400424112114,
        "b": 147.02356979287302,
        "r2": 0.919122998604418
      },
      "exponential": {
        "a": 163.43405363064085,
        "b": 0.05871748250108648,
        "r2": 0.8068052114062874
      },
      "power_law": {
        "a": 110.50758751355652,
        "b": 0.53040126147697,
        "r2": 0.9308099853080504
      },
      "logarithmic": {
        "a": 161.58285322767705,
        "b": 37.163864743139925,
        "r2": 0.8402996607949449
      }
    },
    "number": {
      "linear": {
        "a": 7.843611651230376,
        "b": 131.73604157757086,
        "r2": 0.6422314694746181
      },
      "exponential": {
        "a": 118.73611902937603,
        "b": 0.04421750282183717,
        "r2": 0.4023657418828389
      },
      "power_law": {
        "a": 81.02956452929092,
        "b": 0.4393158132238203,
        "r2": 0.7635793427164557
      },
      "logarithmic": {
        "a": 75.83851356266042,
        "b": 61.873808067664335,
        "r2": 0.8144514041735
      }
    },
    "sentiment": {
      "linear": {
        "a": 10.804742903690004,
        "b": 658.8693671258851,
        "r2": 0.8371242938086993
      },
      "exponential": {
        "a": 660.3870065544121,
        "b": 0.013974926621273203,
        "r2": 0.8032449635236054
      },
      "power_law": {
        "a": 603.8596780756026,
        "b": 0.12456984742061807,
        "r2": 0.9055782244008472
      },
      "logarithmic": {
        "a": 95.13409072705977,
        "b": 583.9040616039715,
        "r2": 0.880358475395302
      }
    },
    "semantic_topic": {
      "linear": {
        "a": 8.050025840858359,
        "b": 695.137958873402,
        "r2": 0.49249508941563624
      },
      "exponential": {
        "a": 690.0369837454559,
        "b": 0.010668619274431626,
        "r2": 0.47284098822712717
      },
      "power_law": {
        "a": 634.0544323436937,
        "b": 0.10253701584057341,
        "r2": 0.6205062275716007
      },
      "logarithmic": {
        "a": 76.50948049148307,
        "b": 626.4560109741595,
        "r2": 0.6034815503369757
      }
    }
  },
  "qwen3": {
    "tense": {
      "linear": {
        "a": 6.265748827798024,
        "b": 20.155134677886945,
        "r2": 0.988306903071364
      },
      "exponential": {
        "a": 31.643450186625596,
        "b": 0.06632164276355897,
        "r2": 0.7398452392014296
      },
      "power_law": {
        "a": 16.618830361653675,
        "b": 0.7294640364745875,
        "r2": 0.9816931631031275
      },
      "logarithmic": {
        "a": 58.71936629108678,
        "b": -19.06523959479892,
        "r2": 0.8054774344908969
      }
    },
    "polarity": {
      "linear": {
        "a": 7.086846615019297,
        "b": 19.616247812906895,
        "r2": 0.9834869310543872
      },
      "exponential": {
        "a": 29.552970778905603,
        "b": 0.07331651585245015,
        "r2": 0.5625204393704724
      },
      "power_law": {
        "a": 13.825378498090117,
        "b": 0.8257062187624433,
        "r2": 0.9890805249452431
      },
      "logarithmic": {
        "a": 67.41413829611045,
        "b": -27.278736502234903,
        "r2": 0.8258654439455279
      }
    },
    "number": {
      "linear": {
        "a": 10.350289935157411,
        "b": 25.76156298319501,
        "r2": 0.992032898532745
      },
      "exponential": {
        "a": 49.72835747833433,
        "b": 0.06698511696305093,
        "r2": 0.7918618422633324
      },
      "power_law": {
        "a": 26.238637760484334,
        "b": 0.7322767265275275,
        "r2": 0.9724049387715469
      },
      "logarithmic": {
        "a": 95.20323451572459,
        "b": -34.476749743697695,
        "r2": 0.7788776531437918
      }
    },
    "sentiment": {
      "linear": {
        "a": 1.622002156575518,
        "b": 354.09296671549487,
        "r2": 0.26124726248130137
      },
      "exponential": {
        "a": 355.2985968086985,
        "b": 0.003961857102695715,
        "r2": 0.2741916496981075
      },
      "power_law": {
        "a": 368.96501220894464,
        "b": 0.01276898363955654,
        "r2": 0.029648486542081742
      },
      "logarithmic": {
        "a": 5.2751377559939385,
        "b": 369.1039684189517,
        "r2": 0.02564255507271851
      }
    },
    "semantic_topic": {
      "linear": {
        "a": 2.7985735938662564,
        "b": 480.079512278239,
        "r2": 0.8186842524032265
      },
      "exponential": {
        "a": 482.21375368492505,
        "b": 0.005174141550259236,
        "r2": 0.8363106965412168
      },
      "power_law": {
        "a": 477.66063412753516,
        "b": 0.04043587863462678,
        "r2": 0.4770867483301011
      },
      "logarithmic": {
        "a": 21.232878812245946,
        "b": 475.2229159025069,
        "r2": 0.43732623089764633
      }
    }
  },
  "glm4": {
    "tense": {
      "linear": {
        "a": 2.938835318973511,
        "b": 69.92496132081999,
        "r2": 0.9415830418700897
      },
      "exponential": {
        "a": 71.25221688169789,
        "b": 0.026744583201761388,
        "r2": 0.825361318279362
      },
      "power_law": {
        "a": 52.545163383717,
        "b": 0.3211681933789148,
        "r2": 0.9907554733557263
      },
      "logarithmic": {
        "a": 32.6438201394175,
        "b": 41.285559738093475,
        "r2": 0.9255091542929338
      }
    },
    "polarity": {
      "linear": {
        "a": 4.933311077114616,
        "b": 68.78310249001143,
        "r2": 0.9448845776731332
      },
      "exponential": {
        "a": 72.27888111180262,
        "b": 0.03687978232893388,
        "r2": 0.7556588072680361
      },
      "power_law": {
        "a": 48.08353261670637,
        "b": 0.43800862117670103,
        "r2": 0.9798088751670266
      },
      "logarithmic": {
        "a": 53.36855262582149,
        "b": 24.422350510695217,
        "r2": 0.8809337448678354
      }
    },
    "number": {
      "linear": {
        "a": 5.813374609016108,
        "b": 47.84361083678932,
        "r2": 0.9808422493934208
      },
      "exponential": {
        "a": 62.277509317268795,
        "b": 0.04194738393870751,
        "r2": 0.8893552467537853
      },
      "power_law": {
        "a": 43.98686368091486,
        "b": 0.45258439143312806,
        "r2": 0.9000425463134297
      },
      "logarithmic": {
        "a": 56.94131546138913,
        "b": 11.028097905462499,
        "r2": 0.7496666255552227
      }
    },
    "sentiment": {
      "linear": {
        "a": -0.3318205756249059,
        "b": 390.4095259978399,
        "r2": 0.02019939324844977
      },
      "exponential": {
        "a": 388.39406974146374,
        "b": -0.0007437242175571375,
        "r2": 0.019265248570657145
      },
      "power_law": {
        "a": 416.057197531447,
        "b": -0.03267635435946828,
        "r2": 0.2624907742505035
      },
      "logarithmic": {
        "a": -13.382943174515294,
        "b": 418.84709548640444,
        "r2": 0.2617614009722512
      }
    },
    "semantic_topic": {
      "linear": {
        "a": 1.77889861194154,
        "b": 477.88831403135913,
        "r2": 0.686115877314051
      },
      "exponential": {
        "a": 478.87887396626127,
        "b": 0.0034140381249407607,
        "r2": 0.7007355191117464
      },
      "power_law": {
        "a": 480.2681953939072,
        "b": 0.024557241621067656,