{
  "model": "deepseek7b",
  "layer_concentrations": {
    "0": 0.09694310277700424,
    "5": 0.06021861732006073,
    "10": 0.07253760099411011,
    "15": 0.13278745114803314,
    "20": 0.035517290234565735,
    "25": 0.04459187388420105,
    "27": 0.32181429862976074
  }
}