{
  "model": "glm4",
  "layer_concentrations": {
    "0": 0.03717981278896332,
    "8": 0.06913206726312637,
    "16": 0.04036081209778786,
    "24": 0.028994804248213768,
    "32": 0.033586591482162476,
    "39": 0.102542445063591
  }
}