{
  "model": "qwen3",
  "layer_concentrations": {
    "0": 0.02974272333085537,
    "7": 0.025853244587779045,
    "14": 0.02760280668735504,
    "21": 0.029369745403528214,
    "28": 0.0233834907412529,
    "35": 0.036323629319667816
  }
}