{
  "model": "GLM4-9B-Chat",
  "feat_spiral": {
    "tense": {
      "s2": 0.24797165393829346,
      "s3": 0.3386652171611786,
      "total_angle": 84.52982139587402,
      "turns": 0.2348050594329834,
      "r_sq": 0.42948951325105345,
      "spiral_type": "\u9ad8\u7ef4\u66f2\u7ebf",
      "radius_cv": 0.6107885284372618
    },
    "polarity": {
      "s2": 0.33746427297592163,
      "s3": 0.42387887835502625,
      "total_angle": 95.62896728515625,
      "turns": 0.26563602023654515,
      "r_sq": 0.0020897750157662376,
      "spiral_type": "\u9ad8\u7ef4\u66f2\u7ebf",
      "radius_cv": 0.2903271847214509
    },
    "voice": {
      "s2": 0.34788158535957336,
      "s3": 0.4310652017593384,
      "total_angle": 263.02760314941406,
      "turns": 0.7306322309705946,
      "r_sq": 0.22421648033519204,
      "spiral_type": "\u9ad8\u7ef4\u66f2\u7ebf",
      "radius_cv": 0.2494335989490817
    },
    "semantic_valence": {
      "s2": 0.3134837746620178,
      "s3": 0.40240606665611267,
      "total_angle": -167.2027816772461,
      "turns": -0.4644521713256836,
      "r_sq": 0.10524723885073894,
      "spiral_type": "\u9ad8\u7ef4\u66f2\u7ebf",
      "radius_cv": 0.4215408251408907
    },
    "semantic_topic": {
      "s2": 0.2843179702758789,
      "s3": 0.3919820785522461,
      "total_angle": -301.7537956237793,
      "turns": -0.8382049878438314,
      "r_sq": 0.7398924098661379,
      "spiral_type": "\u9ad8\u7ef4\u66f2\u7ebf",
      "radius_cv": 0.408539142461396
    }
  },
  "grand_mean_cos": 0.08565758168697357
}