{
  "model": "DeepSeek-R1-Distill-Qwen-7B",
  "results": {
    "3": {
      "layer": 3,
      "activation_norm": 63.555023193359375,
      "jacobian": 1.5079339742660522,
      "abs_hess_eps0.01": 5.044185724842271,
      "rel_hess_eps0.01": 4.121178228082322,
      "kappa_eps0.01": 3.345097206237354,
      "kappa_norm_eps0.01": 0.05263308922183837,
      "rel_curv_eps0.01": 4.121178228082322,
      "abs_hess_eps0.05": 0.27235548439647655,
      "rel_hess_eps0.05": 0.22253122822580432,
      "kappa_eps0.05": 0.1806149931139903,
      "kappa_norm_eps0.05": 0.0028418681016637234,
      "rel_curv_eps0.05": 0.22253122822580432,
      "abs_hess_eps0.1": 0.08021460426803796,
      "rel_hess_eps0.1": 0.06556003329908401,
      "kappa_eps0.1": 0.05319503746956881,
      "kappa_norm_eps0.1": 0.000836991866207725,
      "rel_curv_eps0.1": 0.06556003329908401,
      "abs_hess_eps0.2": 0.028051509492022373,
      "rel_hess_eps0.2": 0.022876319835082388,
      "kappa_eps0.2": 0.018602611234232225,
      "kappa_norm_eps0.2": 0.00029270088026884194,
      "rel_curv_eps0.2": 0.022876319835082388
    },
    "7": {
      "layer": 7,
      "activation_norm": 103.9632568359375,
      "jacobian": 1.858573317527771,
      "abs_hess_eps0.01": 4.515179579354712,
      "rel_hess_eps0.01": 3.6672501265359174,
      "kappa_eps0.01": 2.4293793182814847,
      "kappa_norm_eps0.01": 0.02336767231246811,
      "rel_curv_eps0.01": 3.6672501265359174,
      "abs_hess_eps0.05": 0.23200437650640934,
      "rel_hess_eps0.05": 0.18836816226718134,
      "kappa_eps0.05": 0.12482928400292166,
      "kappa_norm_eps0.05": 0.0012007057858892626,
      "rel_curv_eps0.05": 0.18836816226718134,
      "abs_hess_eps0.1": 0.06409570195771247,
      "rel_hess_eps0.1": 0.05202641203578932,
      "kappa_eps0.1": 0.034486507123389874,
      "kappa_norm_eps0.1": 0.0003317182259668838,
      "rel_curv_eps0.1": 0.05202641203578932,
      "abs_hess_eps0.2": 0.021210375008687398,
      "rel_hess_eps0.2": 0.017222314393884136,
      "kappa_eps0.2": 0.011412180949503624,
      "kappa_norm_eps0.2": 0.00010977129128901761,
      "rel_curv_eps0.2": 0.017222314393884136
    },
    "14": {
      "layer": 14,
      "activation_norm": 191.18478393554688,
      "jacobian": 1.307031512260437,
      "abs_hess_eps0.01": 1.326365571203521,
      "rel_hess_eps0.01": 1.2835387734365111,
      "kappa_eps0.01": 1.0147923433063732,
      "kappa_norm_eps0.01": 0.005307913749286419,
      "rel_curv_eps0.01": 1.2835387734365111,
      "abs_hess_eps0.05": 0.06970014673269621,
      "rel_hess_eps0.05": 0.0674596197994108,
      "kappa_eps0.05": 0.05332705912103148,
      "kappa_norm_eps0.05": 0.0002789294107159776,
      "rel_curv_eps0.05": 0.0674596197994108,
      "abs_hess_eps0.1": 0.019351332122588365,
      "rel_hess_eps0.1": 0.018725684606670852,
      "kappa_eps0.1": 0.014805558962875177,
      "kappa_norm_eps0.1": 7.744109472571182e-05,
      "rel_curv_eps0.1": 0.018725684606670852,
      "abs_hess_eps0.2": 0.008369636521555127,
      "rel_hess_eps0.2": 0.00809872455403001,
      "kappa_eps0.2": 0.006403546083169762,
      "kappa_norm_eps0.2": 3.349401532564018e-05,
      "rel_curv_eps0.2": 0.00809872455403001
    },
    "21": {
      "layer": 21,
      "activation_norm": 355.420654296875,
      "jacobian": 1.2830766439437866,
      "abs_hess_eps0.01": 0.6035960369108789,
      "rel_hess_eps0.01": 0.5478880636296742,
      "kappa_eps0.01": 0.47042866824273705,
      "kappa_norm_eps0.01": 0.0013235828097082564,
      "rel_curv_eps0.01": 0.5478880636296742,
      "abs_hess_eps0.05": 0.029430993664129487,
      "rel_hess_eps0.05": 0.026711834531089412,
      "kappa_eps0.05": 0.022937829786515165,
      "kappa_norm_eps0.05": 6.453713229436929e-05,
      "rel_curv_eps0.05": 0.026711834531089412,
      "abs_hess_eps0.1": 0.008383413509474894,
      "rel_hess_eps0.1": 0.007610330707363159,
      "kappa_eps0.1": 0.006533836889940925,
      "kappa_norm_eps0.1": 1.8383391091507917e-05,
      "rel_curv_eps0.1": 0.007610330707363159,
      "abs_hess_eps0.2": 0.004372250652418738,
      "rel_hess_eps0.2": 0.003970565455709573,
      "kappa_eps0.2": 0.0034076301464260224,
      "kappa_norm_eps0.2": 9.58759741514275e-06,
      "rel_curv_eps0.2": 0.003970565455709573
    },
    "26": {
      "layer": 26,
      "activation_norm": 831.7164306640625,
      "jacobian": 1.1798853874206543,
      "abs_hess_eps0.01": 0.14660668931321394,
      "rel_hess_eps0.01": 0.11302816374693757,
      "kappa_eps0.01": 0.12425502583881058,
      "kappa_norm_eps0.01": 0.0001493959013645882,
      "rel_curv_eps0.01": 0.11302816374693757,
      "abs_hess_eps0.05": 0.006993684660932593,
      "rel_hess_eps0.05": 0.005391311346323609,
      "kappa_eps0.05": 0.005927427133942844,
      "kappa_norm_eps0.05": 7.126740455529452e-06,
      "rel_curv_eps0.05": 0.005391311346323609,
      "abs_hess_eps0.1": 0.0027223763247142298,
      "rel_hess_eps0.1": 0.0020984841780961913,
      "kappa_eps0.1": 0.002307322688718843,
      "kappa_norm_eps0.1": 2.7741699017252106e-06,
      "rel_curv_eps0.1": 0.0020984841780961913,
      "abs_hess_eps0.2": 0.002123574431960007,
      "rel_hess_eps0.2": 0.0016370748608373162,
      "kappa_eps0.2": 0.0017998141636641235,
      "kappa_norm_eps0.2": 2.163975722142332e-06,
      "rel_curv_eps0.2": 0.0016370748608373162
    }
  },
  "eps_rel_list": [
    0.01,
    0.05,
    0.1,
    0.2
  ]
}