{
  "r_spectral": 0.6802281538615697,
  "r_contrib": 0.9761049602464538,
  "r_band": 0.7581065679009286,
  "r_svd": 0.7469843796318645,
  "r_cross": 0.534894670474662,
  "r_all_nonoracle": 0.7669361799738373,
  "r_oracle": 1.0,
  "r_prev_gap": -0.40446677803993225,
  "r_prev_spectral": 0.6867209635684491
}