{
  "experiment": "P630",
  "model": "deepseek7b",
  "r_oracle": 1.0,
  "r_A_spectral": 0.4581995244702717,
  "r_B_spectral_contrib": 0.5648299396824983,
  "r_C_WU_PCs": 0.8445874452590942,
  "r_D_prev_spectral": 0.6167838715475528,
  "r_E_all": 0.8438000719646137,
  "r_F_direct": 0.86044483226023
}