{
  "experiment": "P626",
  "model": "deepseek7b",
  "r_by_rank": {
    "1": 0.5222805056646727,
    "5": 0.42193166452975617,
    "10": 0.6077794168137686,
    "20": 0.3894961246510579,
    "50": 0.25535228921821723
  },
  "r_uniform": 0.5323282266434772,
  "r_concentrated": 0.546316230966956
}