{
  "experiment": "P629",
  "model": "deepseek7b",
  "r_WU_uniform": 0.5208989184530709,
  "r_pc": 0.7293181307473385,
  "r_prev_gap": -0.3881818652153015,
  "r_combined": 0.8525924212903442
}