{
  "experiment": "P628",
  "model": "deepseek7b",
  "r_cos_gap": -0.04298000410199165,
  "n_dir_90_mean": 1820.325,
  "r_pos_gap": 0.47037652134895325,
  "r_neg_gap": -0.43537530303001404,
  "r_PR_gap": -0.08395712425325058,
  "r_PR_prob": -0.04183015264155791,
  "PR_mean": 719.4725509643555
}