{
  "experiment": "P627",
  "model": "deepseek7b",
  "dw_norm_mean": 0.7309746146202087,
  "dw_norm_std": 0.22370778024196625,
  "W_U_PCA_top10": 0.06392303854227066,
  "W_U_PCA_top50": 0.15636613965034485,
  "r_dw_pc1_gap": 0.43235865235328674,
  "r_dw_pcs_gap": 0.8242732025527666,
  "mean_dw_similarity": NaN,
  "r_dw_align_gap": -0.3336009383201599,
  "unique_top1": 8,
  "unique_top2": 10
}