{
  "experiment": "P630",
  "model": "glm4",
  "r_oracle": 1.0,
  "r_A_spectral": 0.22989218401226147,
  "r_B_spectral_contrib": 0.9531291533977303,
  "r_C_WU_PCs": 0.9290561079978943,
  "r_D_prev_spectral": 0.6400493924590687,
  "r_E_all": 0.9405475285012057,
  "r_F_direct": 0.91411538399157
}