{
  "experiment": "P628",
  "model": "glm4",
  "r_cos_gap": 0.5283718705177307,
  "n_dir_90_mean": 2052.925,
  "r_pos_gap": -0.59276282787323,
  "r_neg_gap": 0.6586288809776306,
  "r_PR_gap": 0.3190907835960388,
  "r_PR_prob": 0.32705819606781006,
  "PR_mean": 1012.7193603515625
}