{
  "r_spectral": 0.40356042057923314,
  "r_contrib": 0.9762282753259913,
  "r_band": 0.7527856750902974,
  "r_svd": 0.4485123096762812,
  "r_cross": 0.25433688691316036,
  "r_all_nonoracle": 0.7179431398242468,
  "r_oracle": 1.0,
  "r_prev_gap": -0.21748465299606323,
  "r_prev_spectral": 0.43005180565715717
}