{
  "experiment": "P626",
  "model": "glm4",
  "r_by_rank": {
    "1": 0.6419052286650802,
    "5": 0.4719267074109718,
    "10": 0.76775866006365,
    "20": 0.3923374369579544,
    "50": 0.24485782269720702
  },
  "r_uniform": 0.14925218859977596,
  "r_concentrated": 0.10457588215529826
}