{
  "experiment": "P629",
  "model": "glm4",
  "r_WU_uniform": 0.14925218499102902,
  "r_pc": 0.8926440659086616,
  "r_prev_gap": -0.21748106181621552,
  "r_combined": 0.9001652224352601
}