{
  "experiment": "P630",
  "model": "qwen3",
  "r_oracle": 1.0,
  "r_A_spectral": 0.2909095049995489,
  "r_B_spectral_contrib": 0.5728789084739148,
  "r_C_WU_PCs": 0.5236591696739197,
  "r_D_prev_spectral": 0.31654057844999617,
  "r_E_all": 0.561732456946954,
  "r_F_direct": 0.5872328889390336
}