{
  "r_spectral": 0.2544971175871829,
  "r_contrib": 0.9850260321677524,
  "r_band": 0.357596016241025,
  "r_svd": 0.42051668844321366,
  "r_cross": 0.20840788143249855,
  "r_all_nonoracle": 0.41656425956137977,
  "r_oracle": 1.0,
  "r_prev_gap": -0.07414470613002777,
  "r_prev_spectral": 0.318070030750991
}