{
  "experiment": "P629",
  "model": "qwen3",
  "r_WU_uniform": -0.0018095023845186558,
  "r_pc": 0.528895940637905,
  "r_prev_gap": -0.07414470613002777,
  "r_combined": 0.641261546445223
}