{
  "experiment": "P627",
  "model": "qwen3",
  "dw_norm_mean": 1.188122034072876,
  "dw_norm_std": 0.21784943342208862,
  "W_U_PCA_top10": 0.04050058871507645,
  "W_U_PCA_top50": 0.14335091412067413,
  "r_dw_pc1_gap": -0.14773540198802948,
  "r_dw_pcs_gap": 0.6765858265157032,
  "mean_dw_similarity": NaN,
  "r_dw_align_gap": -0.18069186806678772,
  "unique_top1": 7,
  "unique_top2": 10
}