{
  "experiment": "P626",
  "model": "qwen3",
  "r_by_rank": {
    "1": 0.588850969208439,
    "5": 0.3024794755383129,
    "10": 0.3238177610405274,
    "20": 0.45974617944087626,
    "50": 0.5092702448299956
  },
  "r_uniform": -0.00861329023439316,
  "r_concentrated": 0.011421291492024355
}