{
  "experiment": "P628",
  "model": "qwen3",
  "r_cos_gap": 0.2396642416715622,
  "n_dir_90_mean": 1304.825,
  "r_pos_gap": 0.11395402997732162,
  "r_neg_gap": -0.03789542615413666,
  "r_PR_gap": -0.006698103132977567,
  "r_PR_prob": -0.020516767167151038,
  "PR_mean": 526.9706016540528
}