{
  "glm4_4bit": {
    "emotion": {
      "0": {
        "cos": 0.94257,
        "norm_pos": 0.34,
        "norm_neg": 0.33,
        "delta_norm": 0.12
      },
      "10": {
        "cos": 0.898831,
        "norm_pos": 3.78,
        "norm_neg": 3.69,
        "delta_norm": 1.68
      },
      "20": {
        "cos": 0.941805,
        "norm_pos": 11.99,
        "norm_neg": 12.15,
        "delta_norm": 4.12
      },
      "30": {
        "cos": 0.973784,
        "norm_pos": 56.29,
        "norm_neg": 55.4,
        "delta_norm": 12.82
      },
      "39": {
        "cos": 0.973411,
        "norm_pos": 211.37,
        "norm_neg": 209.12,
        "delta_norm": 48.53
      }
    },
    "animal": {
      "0": {
        "cos": 0.995243,
        "norm_pos": 0.53,
        "norm_neg": 0.54,
        "delta_norm": 0.05
      },
      "10": {
        "cos": 0.866831,
        "norm_pos": 4.1,
        "norm_neg": 3.97,
        "delta_norm": 2.09
      },
      "20": {
        "cos": 0.859498,
        "norm_pos": 10.96,
        "norm_neg": 11.28,
        "delta_norm": 5.9
      },
      "30": {
        "cos": 0.928558,
        "norm_pos": 57.53,
        "norm_neg": 59.5,
        "delta_norm": 22.2
      },
      "39": {
        "cos": 0.870571,
        "norm_pos": 230.95,
        "norm_neg": 214.91,
        "delta_norm": 114.48
      }
    },
    "logic": {
      "0": {
        "cos": 0.189299,
        "norm_pos": 0.71,
        "norm_neg": 0.32,
        "delta_norm": 0.72
      },
      "10": {
        "cos": 0.251807,
        "norm_pos": 3.86,
        "norm_neg": 3.82,
        "delta_norm": 4.7
      },
      "20": {
        "cos": 0.346059,
        "norm_pos": 12.28,
        "norm_neg": 11.31,
        "delta_norm": 13.51
      },
      "30": {
        "cos": 0.627101,
        "norm_pos": 61.1,
        "norm_neg": 56.25,
        "delta_norm": 50.86
      },
      "39": {
        "cos": 0.806067,
        "norm_pos": 214.24,
        "norm_neg": 234.18,
        "delta_norm": 140.92
      }
    }
  },
  "qwen3_fp16": {
    "emotion": {
      "0": {
        "cos": 0.972304,
        "norm_pos": 10.27,
        "norm_neg": 10.84,
        "delta_norm": 2.55
      },
      "9": {
        "cos": 0.942917,
        "norm_pos": 38.81,
        "norm_neg": 41.3,
        "delta_norm": 13.76
      },
      "18": {
        "cos": 0.957849,
        "norm_pos": 60.33,
        "norm_neg": 59.59,
        "delta_norm": 17.42
      },
      "27": {
        "cos": 0.979083,
        "norm_pos": 182.85,
        "norm_neg": 183.22,
        "delta_norm": 37.44
      },
      "35": {
        "cos": 0.988309,
        "norm_pos": 666.68,
        "norm_neg": 676.89,
        "delta_norm": 103.23
      }
    },
    "animal": {
      "0": {
        "cos": 0.993178,
        "norm_pos": 8.65,
        "norm_neg": 8.75,
        "delta_norm": 1.02
      },
      "9": {
        "cos": 0.943103,
        "norm_pos": 43.74,
        "norm_neg": 43.25,
        "delta_norm": 14.68
      },
      "18": {
        "cos": 0.888727,
        "norm_pos": 59.56,
        "norm_neg": 58.13,
        "delta_norm": 27.79
      },
      "27": {
        "cos": 0.940381,
        "norm_pos": 164.8,
        "norm_neg": 163.7,
        "delta_norm": 56.73
      },
      "35": {
        "cos": 0.952124,
        "norm_pos": 681.11,
        "norm_neg": 620.57,
        "delta_norm": 210.09
      }
    },
    "logic": {
      "0": {
        "cos": 0.280565,
        "norm_pos": 9.99,
        "norm_neg": 7.72,
        "delta_norm": 10.78
      },
      "9": {
        "cos": 0.228191,
        "norm_pos": 38.78,
        "norm_neg": 39.12,
        "delta_norm": 48.39
      },
      "18": {
        "cos": 0.382902,
        "norm_pos": 57.03,
        "norm_neg": 55.67,
        "delta_norm": 62.61
      },
      "27": {
        "cos": 0.625074,
        "norm_pos": 182.7,
        "norm_neg": 175.75,
        "delta_norm": 155.33
      },
      "35": {
        "cos": 0.888926,
        "norm_pos": 572.28,
        "norm_neg": 678.95,
        "delta_norm": 312.56
      }
    }
  }
}