{
  "model": "qwen3",
  "n_pairs": 120,
  "layer_indices": [
    0,
    9,
    18,
    27,
    35
  ],
  "pca": {
    "0": {
      "var_top5": [
        0.06066533550620079,
        0.032478876411914825,
        0.026551438495516777,
        0.026761651039123535,
        0.020926468074321747
      ],
      "cumvar_top5": [
        0.06066533550620079,
        0.09314421191811562,
        0.11969565041363239,
        0.14645730145275593,
        0.16738376952707767
      ],
      "cumvar_10": 0.25122249126434326,
      "n_syn": 240,
      "n_sem": 120,
      "pc1_cohens_d": 0.44405990470194984,
      "subspace_overlap": 0.14208057522773743,
      "feat_centroids": {
        "tense": {
          "pc1": -0.004118483513593674,
          "pc2": 0.09062609076499939,
          "pc1_std": 0.10416719317436218,
          "pc2_std": 0.44065263867378235
        },
        "polarity": {
          "pc1": 0.054719023406505585,
          "pc2": -0.0451514795422554,
          "pc1_std": 0.07402773946523666,
          "pc2_std": 0.06534697860479355
        },
        "number": {
          "pc1": 0.06911707669496536,
          "pc2": 0.013237171806395054,
          "pc1_std": 0.09156400710344315,
          "pc2_std": 0.13894809782505035
        },
        "negation": {
          "pc1": -0.028650883585214615,
          "pc2": -0.029371334239840508,
          "pc1_std": 0.08897442370653152,
          "pc2_std": 0.09596795588731766
        },
        "question": {
          "pc1": 6.330309867858887,
          "pc2": 0.09994561970233917,
          "pc1_std": 0.5496212244033813,
          "pc2_std": 0.6320160627365112
        },
        "person": {
          "pc1": -0.0036587638314813375,
          "pc2": 0.05552086979150772,
          "pc1_std": 0.0888841450214386,
          "pc2_std": 0.09377016127109528
        },
        "definiteness": {
          "pc1": -0.05569619685411453,
          "pc2": 0.022217337042093277,
          "pc1_std": 0.04230685532093048,
          "pc2_std": 0.03461260721087456
        },
        "info_structure": {
          "pc1": 0.3140994906425476,
          "pc2": -0.5430096983909607,
          "pc1_std": 0.8700932264328003,
          "pc2_std": 1.1579701900482178
        },
        "sentiment": {
          "pc1": 0.13182878494262695,
          "pc2": -0.694908857345581,
          "pc1_std": 0.518343448638916,
          "pc2_std": 2.2223961353302
        },
        "semantic_topic": {
          "pc1": -0.038641683757305145,
          "pc2": 0.44955217838287354,
          "pc1_std": 0.32954055070877075,
          "pc2_std": 0.8499433994293213
        },
        "voice": {
          "pc1": 0.41970357298851013,
          "pc2": 0.7851201891899109,
          "pc1_std": 0.5278546810150146,
          "pc2_std": 1.5232491493225098
        },
        "formality": {
          "pc1": 0.06720741838216782,
          "pc2": -2.2247016429901123,
          "pc1_std": 0.811759889125824,
          "pc2_std": 2.091768264770508
        }
      },
      "feat_separability": {
        "tense": 0.26790215541697104,
        "polarity": 0.16363774203798423,
        "number": 0.13689670632749004,
        "negation": 0.31345657856811193,
        "question": 7.977491873887359,
        "person": 0.26835678230865545,
        "definiteness": 0.3659390139944624,
        "info_structure": 0.16452040744829013,
        "sentiment": 1.2313438519699687,
        "semantic_topic": 2.145814930198959,
        "voice": 0.716032997233836,
        "formality": 0.9068449374150572
      }
    },
    "9": {
      "var_top5": [
        0.059562522917985916,
        0.030023975297808647,
        0.025927117094397545,
        0.018222037702798843,
        0.018604081124067307
      ],
      "cumvar_top5": [
        0.059562522917985916,
        0.08958649821579456,
        0.11551361531019211,
        0.13373565301299095,
        0.15233973413705826
      ],
      "cumvar_10": 0.22357070446014404,
      "n_syn": 240,
      "n_sem": 120,
      "pc1_cohens_d": 0.4613398672515612,
      "subspace_overlap": 0.2665582299232483,
      "feat_centroids": {
        "tense": {
          "pc1": 0.8412083387374878,
          "pc2": -0.042665205895900726,
          "pc1_std": 0.9700400829315186,
          "pc2_std": 1.6785504817962646
        },
        "polarity": {
          "pc1": 1.4195667505264282,
          "pc2": -0.7409903407096863,
          "pc1_std": 1.9543957710266113,
          "pc2_std": 2.117866277694702
        },
        "number": {
          "pc1": -0.45748892426490784,
          "pc2": -0.7302463054656982,
          "pc1_std": 1.883901834487915,
          "pc2_std": 1.7582651376724243
        },
        "negation": {
          "pc1": -0.6564124226570129,
          "pc2": -3.971728801727295,
          "pc1_std": 1.899891972541809,
          "pc2_std": 3.1270015239715576
        },
        "question": {
          "pc1": 26.205835342407227,
          "pc2": -4.3535685539245605,
          "pc1_std": 3.4642539024353027,
          "pc2_std": 7.1415605545043945
        },
        "person": {
          "pc1": -0.6157658100128174,
          "pc2": -1.7660764455795288,
          "pc1_std": 1.7059069871902466,
          "pc2_std": 2.350742816925049
        },
        "definiteness": {
          "pc1": 1.7835705280303955,
          "pc2": 1.7005372047424316,
          "pc1_std": 0.9357805848121643,
          "pc2_std": 1.1945557594299316
        },
        "info_structure": {
          "pc1": 2.1617133617401123,
          "pc2": -1.2484492063522339,
          "pc1_std": 2.9416401386260986,
          "pc2_std": 10.574368476867676
        },
        "sentiment": {
          "pc1": 0.07938361912965775,
          "pc2": -4.402097702026367,
          "pc1_std": 2.3396780490875244,
          "pc2_std": 3.791015148162842
        },
        "semantic_topic": {
          "pc1": -0.6275761127471924,
          "pc2": -0.4275626540184021,
          "pc1_std": 3.338043212890625,
          "pc2_std": 4.219285011291504
        },
        "voice": {
          "pc1": 4.8794684410095215,
          "pc2": 1.257799744606018,
          "pc1_std": 4.00167989730835,
          "pc2_std": 4.673050403594971
        },
        "formality": {
          "pc1": -1.828884482383728,
          "pc2": -5.359005928039551,
          "pc1_std": 4.483326435089111,
          "pc2_std": 7.808312892913818
        }
      },
      "feat_separability": {
        "tense": 0.058730905026380044,
        "polarity": 0.19631962722644508,
        "number": 0.2700509943784981,
        "negation": 0.31905003450991626,
        "question": 5.164039572255358,
        "person": 0.3158517792445359,
        "definiteness": 0.3161911378426272,
        "info_structure": 0.33370423723886433,
        "sentiment": 1.2281164741346617,
        "semantic_topic": 1.1514841345689013,
        "voice": 0.2341193303263484,
        "formality": 1.1566972855881266
      }
    },
    "18": {
      "var_top5": [
        0.06216849014163017,
        0.038239989429712296,
        0.03122572973370552,
        0.01927238516509533,
        0.019061163067817688
      ],
      "cumvar_top5": [
        0.06216849014163017,
        0.10040847957134247,
        0.131634209305048,
        0.15090659447014332,
        0.169967757537961
      ],
      "cumvar_10": 0.2507929503917694,
      "n_syn": 240,
      "n_sem": 120,
      "pc1_cohens_d": 0.3319393562430495,
      "subspace_overlap": 0.20345373451709747,
      "feat_centroids": {
        "tense": {
          "pc1": -0.2427166849374771,
          "pc2": -0.5232809782028198,
          "pc1_std": 0.99022376537323,
          "pc2_std": 2.601936101913452
        },
        "polarity": {
          "pc1": 2.0268476009368896,
          "pc2": -1.190536618232727,
          "pc1_std": 1.1345388889312744,
          "pc2_std": 1.885170578956604
        },
        "number": {
          "pc1": -0.2225344181060791,
          "pc2": -1.3391082286834717,
          "pc1_std": 0.7728701233863831,
          "pc2_std": 2.377969741821289
        },