{
  "per_layer_analysis": {
    "L0_L1": {
      "dim_90": 9,
      "sc_recon_rate": 0.9992662132717669,
      "avg_speed": 96.77192687988281,
      "avg_cos": 0.9985029888458741
    },
    "L1_L2": {
      "dim_90": 10,
      "sc_recon_rate": 0.9977363615762442,
      "avg_speed": 31.814472198486328,
      "avg_cos": 0.9951965487920321
    },
    "L2_L3": {
      "dim_90": 9,
      "sc_recon_rate": 0.9928752901032567,
      "avg_speed": 47.443443298339844,
      "avg_cos": 0.9833531616589962
    },
    "L3_L4": {
      "dim_90": 9,
      "sc_recon_rate": 0.9903083657845855,
      "avg_speed": 32.17144012451172,
      "avg_cos": 0.9749756776369535
    },
    "L4_L5": {
      "dim_90": 9,
      "sc_recon_rate": 0.9928631917573512,
      "avg_speed": 39.59859848022461,
      "avg_cos": 0.980180602043103
    },
    "L5_L6": {
      "dim_90": 9,
      "sc_recon_rate": 0.9949153601191938,
      "avg_speed": 58.838138580322266,
      "avg_cos": 0.9872586345061277
    },
    "L6_L7": {
      "dim_90": 9,
      "sc_recon_rate": 0.9759490117430687,
      "avg_speed": 19.055177688598633,
      "avg_cos": 0.9450269486659613
    },
    "L7_L8": {
      "dim_90": 9,
      "sc_recon_rate": 0.8954565599560738,
      "avg_speed": 10.20269775390625,
      "avg_cos": 0.7137356064258478
    },
    "L8_L9": {
      "dim_90": 9,
      "sc_recon_rate": 0.9334088712930679,
      "avg_speed": 21.25124740600586,
      "avg_cos": 0.8338614855057154
    },
    "L9_L10": {
      "dim_90": 9,
      "sc_recon_rate": 0.9266066178679466,
      "avg_speed": 21.75053596496582,
      "avg_cos": 0.8232546005493555
    },
    "L10_L11": {
      "dim_90": 10,
      "sc_recon_rate": 0.8741048276424408,
      "avg_speed": 8.64259147644043,
      "avg_cos": 0.715254321312293
    }
  },
  "decomposition": {}
}