{
  "model": "Qwen3-4B",
  "model_id": "qwen3",
  "phase": "CCXVII",
  "n_pairs": 40,
  "n_layers": 36,
  "n_heads": 32,
  "d_model": 2560,
  "layer_indices": [
    0,
    4,
    8,
    12,
    16,
    20,
    24,
    28,
    32,
    35
  ],
  "key_layers": [
    0,
    18,
    35
  ],
  "feature_names": [
    "tense",
    "polarity",
    "number",
    "negation",
    "question",
    "person",
    "definiteness",
    "info_structure",
    "sentiment",
    "semantic_topic",
    "voice",
    "formality"
  ],
  "layer_pca": {
    "0": {
      "pc1": 0.1187611073255539,
      "cum5": 0.21731064282357693,
      "cum10": 0.29530441761016846,
      "centroid_cos": 0.3997931015511329,
      "syn_mean_norm": 3.94124698638916,
      "sem_mean_norm": 8.683473587036133,
      "n_syn": 319,
      "n_sem": 160,
      "feat_pc1": {
        "tense": -0.05251159891486168,
        "polarity": -0.44548100233078003,
        "number": 0.008286314085125923,
        "negation": -0.1016397625207901,
        "question": -2.8053970336914062,
        "person": 0.16151416301727295,
        "definiteness": 0.1113208681344986,
        "info_structure": 0.06030191108584404,
        "sentiment": -0.2310723066329956,
        "semantic_topic": -0.08635960519313812,
        "voice": -5.044060230255127,
        "formality": -0.07744286954402924
      }
    },
    "4": {
      "pc1": 0.8088051080703735,
      "cum5": 0.8287902008742094,
      "cum10": 0.8452543616294861,
      "centroid_cos": 0.08342839329399988,
      "syn_mean_norm": 14.589396476745605,
      "sem_mean_norm": 36.002342224121094,
      "n_syn": 319,
      "n_sem": 160,
      "feat_pc1": {
        "tense": -0.64522784948349,
        "polarity": 0.540190577507019,
        "number": 3.1211915016174316,
        "negation": -0.44953519105911255,
        "question": -29.507904052734375,
        "person": 3.329050064086914,
        "definiteness": 1.0567638874053955,
        "info_structure": 22.216934204101562,
        "sentiment": -0.9177125096321106,
        "semantic_topic": 0.16972704231739044,
        "voice": -33.536476135253906,
        "formality": -2.296788454055786
      }
    },
    "8": {
      "pc1": 0.9953714609146118,
      "cum5": 0.9959466608197545,
      "cum10": 0.9963082075119019,
      "centroid_cos": 0.04363417792821418,
      "syn_mean_norm": 23.02787971496582,
      "sem_mean_norm": 123.74759674072266,
      "n_syn": 319,
      "n_sem": 160,
      "feat_pc1": {
        "tense": 0.05304497852921486,
        "polarity": -0.36718058586120605,
        "number": 0.20825275778770447,
        "negation": 0.021542776376008987,
        "question": 0.632076621055603,
        "person": -0.09415145963430405,
        "definiteness": 0.010232647880911827,
        "info_structure": 0.5773234367370605,
        "sentiment": -0.043720923364162445,
        "semantic_topic": -0.1596948802471161,
        "voice": -0.30753934383392334,
        "formality": 347.25567626953125
      }
    },
    "12": {
      "pc1": 0.9933643341064453,
      "cum5": 0.9956194761325605,
      "cum10": 0.9960380792617798,
      "centroid_cos": 0.05030472121408668,
      "syn_mean_norm": 29.670604705810547,
      "sem_mean_norm": 128.83004760742188,
      "n_syn": 319,
      "n_sem": 160,
      "feat_pc1": {
        "tense": 0.13564860820770264,
        "polarity": -0.26688843965530396,
        "number": 0.19988411664962769,
        "negation": -0.42481979727745056,
        "question": 1.4845445156097412,
        "person": -0.4554413855075836,
        "definiteness": 0.2516927123069763,
        "info_structure": 0.2584613859653473,
        "sentiment": -0.16096390783786774,
        "semantic_topic": -0.09245263785123825,
        "voice": -0.8048126101493835,
        "formality": 346.90643310546875
      }
    },
    "16": {
      "pc1": 0.9913260340690613,
      "cum5": 0.9954492226461298,
      "cum10": 0.9959328174591064,
      "centroid_cos": 0.26134795151962925,
      "syn_mean_norm": 36.05182647705078,
      "sem_mean_norm": 136.54977416992188,
      "n_syn": 319,
      "n_sem": 160,
      "feat_pc1": {
        "tense": 0.00986228883266449,
        "polarity": 1.2216200828552246,
        "number": 0.13841116428375244,
        "negation": -0.8855475187301636,
        "question": 6.911145210266113,
        "person": -0.13848696649074554,
        "definiteness": -0.6050533056259155,
        "info_structure": 11.228973388671875,
        "sentiment": -0.24172954261302948,
        "semantic_topic": 0.34376829862594604,
        "voice": 6.736196994781494,
        "formality": 357.5987548828125
      }
    },
    "20": {
      "pc1": 0.9921422600746155,
      "cum5": 0.9932716741168406,
      "cum10": 0.9939571022987366,
      "centroid_cos": 0.10695088966713721,
      "syn_mean_norm": 35.09782028198242,
      "sem_mean_norm": 136.91822814941406,
      "n_syn": 319,
      "n_sem": 160,
      "feat_pc1": {
        "tense": -0.9701179265975952,
        "polarity": 0.32660430669784546,
        "number": 0.17506437003612518,
        "negation": -2.0486035346984863,
        "question": 5.0859880447387695,
        "person": 0.6034725904464722,
        "definiteness": 1.76374089717865,
        "info_structure": 1.0337672233581543,
        "sentiment": -0.649207592010498,
        "semantic_topic": -0.3613446354866028,
        "voice": -1.1873512268066406,
        "formality": 358.95928955078125
      }
    },
    "24": {
      "pc1": 0.9752951264381409,
      "cum5": 0.9790451861335896,
      "cum10": 0.9811967015266418,
      "centroid_cos": 0.12813456586762817,
      "syn_mean_norm": 59.97949981689453,
      "sem_mean_norm": 176.26248168945312,
      "n_syn": 319,
      "n_sem": 160,
      "feat_pc1": {
        "tense": -0.58969646692276,
        "polarity": 1.4199554920196533,
        "number": 1.5532269477844238,
        "negation": -2.884955883026123,
        "question": 2.0689327716827393,
        "person": 3.158926248550415,
        "definiteness": 4.936617851257324,
        "info_structure": 3.086495876312256,
        "sentiment": -4.4961934089660645,
        "semantic_topic": -0.5435360670089722,
        "voice": 1.419600486755371,
        "formality": 359.94964599609375
      }
    },
    "28": {
      "pc1": 0.9289105534553528,
      "cum5": 0.9391735454555601,
      "cum10": 0.944561779499054,
      "centroid_cos": 0.0913253656838312,
      "syn_mean_norm": 102.88838195800781,
      "sem_mean_norm": 240.48037719726562,
      "n_syn": 319,
      "n_sem": 160,
      "feat_pc1": {
        "tense": -0.9484243988990784,
        "polarity": 1.5674455165863037,
        "number": 5.892878532409668,
        "negation": -6.56509256362915,
        "question": -8.157137870788574,
        "person": 4.499129772186279,
        "definiteness": 9.867298126220703,
        "info_structure": 5.605307102203369,
        "sentiment": -9.53636646270752,
        "semantic_topic": 0.5209723114967346,
        "voice": -4.922733783721924,
        "formality": 357.512451171875
      }
    },
    "32": {
      "pc1": 0.8184390068054199,
      "cum5": 0.8478809185326099,
      "cum10": 0.8603915572166443,
      "centroid_cos": 0.1489251368608544,
      "syn_mean_norm": 177.67227172851562,
      "sem_mean_norm": 338.68896484375,
      "n_syn": 319,
      "n_sem": 160,
      "feat_pc1": {
        "tense": -0.7754167318344116,
        "polarity": 6.145420074462891,
        "number": 13.417409896850586,
        "negation": -9.616419792175293,
        "question": -25.6401309967041,
        "person": 6.037456512451172,
        "definiteness": 20.25568389892578,
        "info_structure": 26.827966690063477,
        "sentiment": -12.387624740600586,
        "semantic_topic": 0.7039080262184143,
        "voice": -5.124251365661621,
        "formality": 344.5920715332031
      }
    },
    "35": {
      "pc1": 0.0971907451748848,
      "cum5": 0.2712271008640528,
      "cum10": 0.34811651706695557,
      "centroid_cos": 0.4428560394008117,
      "syn_mean_norm": 53.32132339477539,