{
  "key_layers": [
    0,
    10,
    20,
    30,
    39
  ],
  "dim_importance": {
    "last_L0": {
      "dim_50": 936,
      "dim_90": 2620,
      "dim_95": 3044,
      "cos_probe_polarity": 0.5917157109820177,
      "top10_dims": [
        3796,
        3709,
        3531,
        3542,
        3576,
        761,
        2488,
        768,
        3738,
        3062
      ],
      "top10_importance": [
        0.153902,
        0.119954,
        0.11155,
        0.103183,
        0.095495,
        0.089946,
        0.084406,
        0.081591,
        0.081294,
        0.075321
      ],
      "total_importance": 68.34663276114937
    },
    "last_L10": {
      "dim_50": 977,
      "dim_90": 2635,
      "dim_95": 3053,
      "cos_probe_polarity": 0.8398208405261032,
      "top10_dims": [
        307,
        3149,
        4008,
        3400,
        2902,
        405,
        1230,
        705,
        1681,
        1625
      ],
      "top10_importance": [
        0.041596,
        0.040424,
        0.039482,
        0.039429,
        0.038798,
        0.038258,
        0.038238,
        0.037875,
        0.03771,
        0.036496
      ],
      "total_importance": 38.41509548671118
    },
    "last_L20": {
      "dim_50": 1011,
      "dim_90": 2671,
      "dim_95": 3088,
      "cos_probe_polarity": 0.8729178939512907,
      "top10_dims": [
        1731,
        2705,
        3465,
        1280,
        659,
        2864,
        2935,
        1187,
        2406,
        2105
      ],
      "top10_importance": [
        0.039509,
        0.035192,
        0.034854,
        0.034001,
        0.033968,
        0.03253,
        0.032366,
        0.032158,
        0.031773,
        0.031427
      ],
      "total_importance": 34.212154905664136
    },
    "last_L30": {
      "dim_50": 990,
      "dim_90": 2654,
      "dim_95": 3072,
      "cos_probe_polarity": 0.9101202302484284,
      "top10_dims": [
        2807,
        3669,
        1731,
        668,
        2937,
        2746,
        2192,
        2843,
        2030,
        931
      ],
      "top10_importance": [
        0.041682,
        0.038046,
        0.03785,
        0.037611,
        0.03744,
        0.036758,
        0.036606,
        0.03518,
        0.035101,
        0.034793
      ],
      "total_importance": 36.673010078922445
    },
    "last_L39": {
      "dim_50": 951,
      "dim_90": 2587,
      "dim_95": 3010,
      "cos_probe_polarity": 0.8250693520304166,
      "top10_dims": [
        3813,
        3831,
        1104,
        4060,
        1137,
        1280,
        4008,
        1938,
        486,
        1275
      ],
      "top10_importance": [
        0.038805,
        0.036867,
        0.035723,
        0.034901,
        0.033981,
        0.033159,
        0.031861,
        0.031641,
        0.031502,
        0.031419
      ],
      "total_importance": 34.503913051972226
    },
    "not_pos_L0": {
      "dim_50": 1056,
      "dim_90": 2721,
      "dim_95": 3120,
      "cos_probe_polarity": 0.7973867219024672,
      "top10_dims": [
        713,
        1955,
        3807,
        936,
        3351,
        3969,
        1724,
        3935,
        2870,
        2819
      ],
      "top10_importance": [
        0.01939,
        0.018882,
        0.018749,
        0.018607,
        0.017694,
        0.01728,
        0.017269,
        0.017207,
        0.0172,
        0.017118
      ],
      "total_importance": 22.300516392188392
    },
    "not_pos_L10": {
      "dim_50": 1030,
      "dim_90": 2695,
      "dim_95": 3105,
      "cos_probe_polarity": 0.7399410981723377,
      "top10_dims": [
        2965,
        863,
        2337,
        4072,
        1436,
        1025,
        3753,
        702,
        2578,
        1502
      ],
      "top10_importance": [
        0.021625,
        0.021052,
        0.020768,
        0.020411,
        0.020226,
        0.020151,
        0.019746,
        0.019701,
        0.019666,
        0.019544
      ],
      "total_importance": 24.147127491903568
    },
    "not_pos_L20": {
      "dim_50": 1045,
      "dim_90": 2675,
      "dim_95": 3086,
      "cos_probe_polarity": 0.7604354859910842,
      "top10_dims": [
        1323,
        524,
        2731,
        2491,
        4094,
        567,
        3910,
        724,
        1277,
        199
      ],
      "top10_importance": [
        0.018349,
        0.018222,
        0.017824,
        0.017747,
        0.017418,
        0.017399,
        0.017397,
        0.017377,
        0.017264,
        0.017182
      ],
      "total_importance": 21.515891559163038
    },
    "not_pos_L30": {
      "dim_50": 1023,
      "dim_90": 2674,
      "dim_95": 3096,
      "cos_probe_polarity": 0.666770579747759,
      "top10_dims": [
        718,
        2545,
        1112,
        2907,
        1476,
        2719,
        2843,
        3424,
        775,
        4033
      ],
      "top10_importance": [
        0.024227,
        0.0239,
        0.023623,
        0.022034,
        0.021784,
        0.021416,
        0.021396,
        0.021282,
        0.021229,
        0.021207
      ],
      "total_importance": 24.89062959956909
    },
    "not_pos_L39": {
      "dim_50": 1036,
      "dim_90": 2701,
      "dim_95": 3106,
      "cos_probe_polarity": 0.5459770341716178,
      "top10_dims": [
        1542,
        1273,
        3210,
        1957,
        3840,
        3019,
        2084,
        1734,
        1967,
        2658
      ],
      "top10_importance": [
        0.02483,
        0.023748,
        0.023003,
        0.02269,
        0.02211,
        0.021805,
        0.021718,
        0.021325,
        0.020935,
        0.020881
      ],
      "total_importance": 24.146604614992988
    }
  },
  "top_dims": {},
  "cumulative_importance": {
    "last_L0": {
      "k10": 0.014582154463713675,
      "k50": 0.05207173729065212,
      "k100": 0.09091509542564281,
      "k500": 0.319673544276979
    },
    "last_L10": {
      "k10": 0.010108170028064056,
      "k50": 0.043627987243791654,
      "k100": 0.0797709676414094,
      "k500": 0.3026370096730345
    },
    "last_L20": {
      "k10": 0.009873043168024986,
      "k50": 0.04209531738548054,
      "k100": 0.07750759210695975,
      "k500": 0.2936068425544362
    },
    "last_L30": {
      "k10": 0.010118211715635476,
      "k50": 0.04338243096669357,
      "k100": 0.07910110554705288,
      "k500": 0.2994302863171596
    },
    "last_L39": {
      "k10": 0.009849857516247602,
      "k50": 0.04293420190974045,
      "k100": 0.07979442133800187,
      "k500": 0.30881289886052055
    },
    "not_pos_L0": {
      "k10": 0.008044527660382297,
      "k50": 0.03637076320543614,
      "k100": 0.0683804578390019,
      "k500": 0.27805127722798034
    },
    "not_pos_L10": {
      "k10": 0.008402236188226964,
      "k50": 0.037694528359238866,
      "k100": 0.07074994104622574,
      "k500": 0.28506971505015605
    },
    "not_pos_L20": {
      "k10": 0.008188308313966244,
      "k50": 0.036169036511827346,
      "k100": 0.06780823790386764,
      "k500": 0.27840777661309263
    },
    "not_pos_L30": {
      "k10": 0.008922972425161968,
      "k50": 0.03968997370351806,
      "k100": 0.07336881971986113,
      "k500": 0.28865454137558744
    },
    "not_pos_L39": {
      "k10": 0.009237159900410657,
      "k50": 0.0401628146765226,
      "k100": 0.0733940507425287,
      "k500": 0.28456653853225267
    }
  }
}