{
  "sample_layers": [
    0,
    4,
    8,
    12,
    16,
    20,
    24,
    28,
    32,
    36,
    39
  ],
  "n_pairs": 150,
  "0": {
    "pol_norm": 0.10334504395723343,
    "tense_norm": 0.4836069941520691,
    "cross_cos": -0.1472337245941162,
    "cumulative_rotation": 0.0,
    "adjacent_rotation": 0.0
  },
  "4": {
    "pol_norm": 0.5761670470237732,
    "tense_norm": 1.6515281200408936,
    "cross_cos": -0.052251651883125305,
    "cumulative_rotation": 73.84407206087816,
    "adjacent_rotation": 73.84407206087816
  },
  "8": {
    "pol_norm": 0.9052449464797974,
    "tense_norm": 2.746490001678467,
    "cross_cos": -0.011531091295182705,
    "cumulative_rotation": 81.72362189729763,
    "adjacent_rotation": 48.53947898762935
  },
  "12": {
    "pol_norm": 1.1573784351348877,
    "tense_norm": 3.2806289196014404,
    "cross_cos": -0.010934061370790005,
    "cumulative_rotation": 82.35946178961933,
    "adjacent_rotation": 33.43845620800048
  },
  "16": {
    "pol_norm": 1.8612539768218994,
    "tense_norm": 4.588650703430176,
    "cross_cos": -0.003292250446975231,
    "cumulative_rotation": 80.61008583667714,
    "adjacent_rotation": 34.69370153125914
  },
  "20": {
    "pol_norm": 3.0164990425109863,
    "tense_norm": 7.399791240692139,
    "cross_cos": 0.012378293089568615,
    "cumulative_rotation": 85.2058869064684,
    "adjacent_rotation": 36.478063365365664
  },
  "24": {
    "pol_norm": 6.600196838378906,
    "tense_norm": 17.775165557861328,
    "cross_cos": 0.0037450999952852726,
    "cumulative_rotation": 84.26776564239454,
    "adjacent_rotation": 40.76612891199409
  },
  "28": {
    "pol_norm": 11.188626289367676,
    "tense_norm": 28.877796173095703,
    "cross_cos": -0.002610962837934494,
    "cumulative_rotation": 85.69898300847998,
    "adjacent_rotation": 33.4140672511092
  },
  "32": {
    "pol_norm": 14.13693904876709,
    "tense_norm": 34.44841003417969,
    "cross_cos": -0.0012543299235403538,
    "cumulative_rotation": 83.77802814867748,
    "adjacent_rotation": 26.623594349709705
  },
  "36": {
    "pol_norm": 16.683740615844727,
    "tense_norm": 36.96089553833008,
    "cross_cos": 0.01669473946094513,
    "cumulative_rotation": 85.07945852916193,
    "adjacent_rotation": 25.67056160968347
  },
  "39": {
    "pol_norm": 39.21925354003906,
    "tense_norm": 75.01304626464844,
    "cross_cos": 0.04128313064575195,
    "cumulative_rotation": 87.13999814942966,
    "adjacent_rotation": 52.96656860969011
  }
}