{
  "key_layers": [
    0,
    20,
    39
  ],
  "n_permutations": 500,
  "0": {
    "real_cos": -0.1472337245941162,
    "perm_mean": -0.0008437804668210446,
    "perm_std": 0.04321325673477639,
    "perm_p95": 0.085090734064579,
    "perm_p99": 0.10730551391839979,
    "p_two_sided": 0.0,
    "p_one_sided": 0.0,
    "z_score": -3.3876165600239543
  },
  "20": {
    "real_cos": 0.012378293089568615,
    "perm_mean": 0.0025388000353705137,
    "perm_std": 0.043079346688673616,
    "perm_p95": 0.09056549742817868,
    "perm_p99": 0.1182329685986042,
    "p_two_sided": 0.746,
    "p_one_sided": 0.39,
    "z_score": 0.2284039524857765
  },
  "39": {
    "real_cos": 0.04128313064575195,
    "perm_mean": -0.004418196558952332,
    "perm_std": 0.10899466908884833,
    "perm_p95": 0.22612757533788674,
    "perm_p99": 0.29680719912052156,
    "p_two_sided": 0.7,
    "p_one_sided": 0.322,
    "z_score": 0.41929873806443035
  }
}