{
  "prev_layer": 38,
  "last_layer": 39,
  "rotation_angle": 26.538526745038194,
  "prev_norm": 31.11725425720215,
  "last_norm": 38.94327163696289,
  "delta_norm": 17.793609619140625,
  "tang_mag": 3.722726345062256,
  "norm_mag": 17.399824142456055,
  "W_o_shape": [
    8388608,
    1
  ],
  "use_weight_proj": false,
  "attn_cos": 0.4467991590499878,
  "attn_proj_norm": 17.399824142456055,
  "mlp_cos": 0.8946341276168823,
  "mlp_proj_norm": 3.722726345062256,
  "attn_frac": 0.8237558007240295,
  "mlp_frac": 0.17624416947364807
}