{
  "meta": {
    "timestamp": "2026-03-08 23:11:03",
    "runtime_sec": 0.0020487308502197266,
    "source_files": [
      "gpt2_qwen3_basis_hierarchy_compare_20260308.json",
      "gpt2_qwen3_natural_offset_dictionary_20260308.json",
      "gpt2_qwen3_attention_topology_basis_20260308.json",
      "gpt2_qwen3_analogy_path_structure_20260308.json",
      "category_abstraction_bridge_20260308.json",
      "gpt2_qwen3_concept_protocol_field_mapping_20260308.json",
      "gpt2_qwen3_mechanism_agi_bridge_20260308.json",
      "real_multistep_memory_gated_multiscale_scan_20260308.json"
    ]
  },
  "models": {
    "gpt2": {
      "model_name": "gpt2",
      "dnn_reverse_score": 0.6722525895105117,
      "brain_alignment_score": 0.9082844207279067,
      "overall_bridge_score": 0.8098302379807074,
      "components": {
        "shared_basis": {
          "score": 0.707671772332646,
          "compactness": 0.6930874666251796,
          "separation": 0.5051327223567408,
          "nested_in_world": 0.8324669003486633,
          "hypothesis_pass_ratio": 0.8,
          "evidence": {
            "fruit_mean_residual_ratio": 0.3069125333748204,
            "apple_to_fruit_residual": 0.8327218075838525,
            "apple_to_animal_residual": 0.9842616242908747,
            "fruit_into_world": 0.8324669003486633
          }
        },
        "sparse_offset": {
          "score": 0.4852941276936983,
          "support": 1.0,
          "gap": 0.4411765107747931,
          "raw_diffuse": 0.0,
          "family_support": 0.5,
          "evidence": {
            "apple_supports_sparse_offset": true,
            "apple_matched_vs_wrong_top4_gap": 0.008823530215495862,
            "apple_raw_top64_capture": 0.08558801071599348,
            "fruit_support_rate": 0.5
          }
        },
        "topology_basis": {
          "score": 0.5821435743605284,
          "support_ratio": 1.0,
          "fruit_compact": 0.5364165660279612,
          "apple_separation": 0.24645946231625943,
          "routing_focus": 0.5456982690978933,
          "evidence": {
            "fruit_mean_topology_residual_ratio": 0.4635834339720388,
            "fruit_mean_last_token_entropy": 0.4543017309021067,
            "apple_topology_residual_fruit": 0.8628779659203508,
            "apple_topology_residual_animal": 0.9614617508468546
          }
        },
        "analogy_path": {
          "score": 0.5568181818181819,
          "repr_reuse": 0.25,
          "topo_reuse": 0.25,
          "repr_depth": 0.7272727272727273,
          "topo_depth": 1.0,
          "evidence": {
            "repr_rank1_layers": [
              7
            ],
            "topo_rank1_layers": [
              0
            ],
            "best_repr_analogy_layers": [
              5,
              6,
              7,
              8,
              3
            ],
            "best_topo_analogy_layers": [
              11,
              9,
              6,
              0,
              10
            ]
          }
        },
        "protocol_routing": {
          "score": 0.9333019605429428,
          "match_ratio": 1.0,
          "field_purity": 0.8665725482954951,
          "concentration_score": 0.9333333333333332,
          "evidence": {
            "concept_count": 3,
            "mean_margin_vs_second": 8.026491051388559e-08
          }
        },
        "abstraction_operator": {
          "score": 0.7682859203150727,
          "fruit_animal_lift_alignment": 0.7271326744850628,
          "within_concrete_same_level_alignment": 0.7097552805293783,
          "mean_abs_pairwise_lift_alignment": 0.714688257541147
        },
        "multi_timescale_control": {
          "score": 0.8489537037037037,
          "real_closure_score": 0.7405092592592591,
          "best_gated_max_length_score": 0.5042592592592593,
          "best_gated_mean_gate_entropy": 0.6763411407859196,
          "best_gated_mean_gate_peak": 0.6820402272185742
        }
      }
    },
    "qwen3_4b": {
      "model_name": "qwen3_4b",
      "dnn_reverse_score": 0.71487111444864,
      "brain_alignment_score": 0.8820432473810693,
      "overall_bridge_score": 0.8152893551778044,
      "components": {
        "shared_basis": {
          "score": 0.7048638995027905,
          "compactness": 0.6785835734878325,
          "separation": 0.8658521642556901,
          "nested_in_world": 0.6750198602676392,
          "hypothesis_pass_ratio": 0.6,
          "evidence": {
            "fruit_mean_residual_ratio": 0.3214164265121675,
            "apple_to_fruit_residual": 0.7273920736233799,
            "apple_to_animal_residual": 0.9871477229000869,
            "fruit_into_world": 0.6750198602676392
          }
        },
        "sparse_offset": {
          "score": 0.7812716598712128,
          "support": 1.0,
          "gap": 0.82483760947823,
          "raw_diffuse": 0.30024903000662106,
          "family_support": 1.0,
          "evidence": {
            "apple_supports_sparse_offset": true,
            "apple_matched_vs_wrong_top4_gap": 0.0164967521895646,
            "apple_raw_top64_capture": 0.05598007759947032,
            "fruit_support_rate": 1.0
          }
        },
        "topology_basis": {
          "score": 0.7703065154198289,
          "support_ratio": 1.0,
          "fruit_compact": 0.47685314142932433,
          "apple_separation": 1.0,
          "routing_focus": 0.6043729202499912,
          "evidence": {
            "fruit_mean_topology_residual_ratio": 0.5231468585706757,
            "fruit_mean_last_token_entropy": 0.39562707975000877,
            "apple_topology_residual_fruit": 0.39998650818952297,
            "apple_topology_residual_animal": 0.9991550217413503
          }
        },
        "analogy_path": {
          "score": 0.5553571428571429,
          "repr_reuse": 0.0,
          "topo_reuse": 0.25,
          "repr_depth": 1.0,
          "topo_depth": 0.9714285714285714,
          "evidence": {
            "repr_rank1_layers": [],
            "topo_rank1_layers": [
              27
            ],
            "best_repr_analogy_layers": [
              0,
              23,
              24,
              10,
              8
            ],
            "best_topo_analogy_layers": [
              30,
              1,
              27,
              28,
              35
            ]
          }
        },
        "protocol_routing": {
          "score": 0.7091415487257923,
          "match_ratio": 1.0,
          "field_purity": 0.93575797951071,
          "concentration_score": 0.19166666666666665,
          "evidence": {
            "concept_count": 3,
            "mean_margin_vs_second": 9.629261360101435e-07
          }
        },
        "abstraction_operator": {
          "score": 0.7682859203150727,
          "fruit_animal_lift_alignment": 0.7271326744850628,
          "within_concrete_same_level_alignment": 0.7097552805293783,
          "mean_abs_pairwise_lift_alignment": 0.714688257541147
        },
        "multi_timescale_control": {
          "score": 0.8489537037037037,
          "real_closure_score": 0.7405092592592591,
          "best_gated_max_length_score": 0.5042592592592593,
          "best_gated_mean_gate_entropy": 0.6763411407859196,
          "best_gated_mean_gate_peak": 0.6820402272185742
        }
      }
    }
  },
  "component_rows": [
    {
      "id": "shared_basis",
      "label": "共享基底",
      "brain_mapping": "候选对应脑中的可重入细胞群模态与层级概念基底。",
      "why_it_matters": "支持“大脑不是一词一槽，而是共享骨架复用”的方向。",
      "model_scores": {
        "gpt2": 0.707671772332646,
        "qwen3_4b": 0.7048638995027905
      },
      "mean_score": 0.7062678359177182
    },
    {
      "id": "sparse_offset",
      "label": "稀疏偏移",
      "brain_mapping": "候选对应少量突触增益、少量神经群偏置的个体化修正。",
      "why_it_matters": "支持“新概念通过最小改动接入旧基底”的持续学习图景。",
      "model_scores": {
        "gpt2": 0.4852941276936983,
        "qwen3_4b": 0.7812716598712128
      },
      "mean_score": 0.6332828937824555
    },
    {
      "id": "topology_basis",