{
  "meta": {
    "timestamp": "2026-03-10 18:03:19",
    "runtime_sec": 5.535691976547241,
    "core_constraint": "midphase_local_core_stabilization_without_global_controller"
  },
  "systems": {
    "decoupled_upstream_replay": {
      "same_family_success_rate": 0.6736111111111112,
      "lesion_recovery_rate": 0.6574074074074074,
      "encoding_separation": 0.625,
      "transfer_stability": 0.9995790213766039,
      "regional_specialization": 0.0008444190090004769,
      "local_integration_score": 0.6189397509704055,
      "baseline_accuracy": 0.6555555555555556,
      "phase_drop_matrix": {
        "concept_phase": {
          "sensory": 0.08333333333333337,
          "memory": 0.2152777777777778,
          "comparator": 0.08333333333333337,
          "motor": 0.0625
        },
        "comparison_phase": {
          "sensory": 0.05555555555555558,
          "memory": 0.0,
          "comparator": 0.14583333333333337,
          "motor": 0.19444444444444442
        },
        "recovery_phase": {
          "sensory": 0.03472222222222221,
          "memory": 0.02777777777777779,
          "comparator": 0.13888888888888884,
          "motor": 0.07638888888888884
        }
      },
      "phase_summary": {
        "concept_phase": {
          "top_region": "memory",
          "top_drop": 0.2152777777777778,
          "upstream_mass": 0.29861111111111116,
          "downstream_mass": 0.14583333333333337,
          "memory_comparator_mass": 0.29861111111111116,
          "sensory_motor_mass": 0.14583333333333337,
          "rows": {
            "sensory": 0.08333333333333337,
            "memory": 0.2152777777777778,
            "comparator": 0.08333333333333337,
            "motor": 0.0625
          }
        },
        "comparison_phase": {
          "top_region": "motor",
          "top_drop": 0.19444444444444442,
          "upstream_mass": 0.05555555555555558,
          "downstream_mass": 0.3402777777777778,
          "memory_comparator_mass": 0.14583333333333337,
          "sensory_motor_mass": 0.25,
          "rows": {
            "sensory": 0.05555555555555558,
            "memory": 0.0,
            "comparator": 0.14583333333333337,
            "motor": 0.19444444444444442
          }
        },
        "recovery_phase": {
          "top_region": "comparator",
          "top_drop": 0.13888888888888884,
          "upstream_mass": 0.0625,
          "downstream_mass": 0.21527777777777768,
          "memory_comparator_mass": 0.16666666666666663,
          "sensory_motor_mass": 0.11111111111111105,
          "rows": {
            "sensory": 0.03472222222222221,
            "memory": 0.02777777777777779,
            "comparator": 0.13888888888888884,
            "motor": 0.07638888888888884
          }
        },
        "distinct_top_region_count": 3,
        "top_region_sequence": [
          "memory",
          "motor",
          "comparator"
        ]
      },
      "concept_phase_upstream_advantage": 0.1527777777777778,
      "comparison_phase_memory_comparator_advantage": -0.10416666666666663
    },
    "stabilized_midphase_replay": {
      "same_family_success_rate": 0.6597222222222222,
      "lesion_recovery_rate": 0.6481481481481481,
      "encoding_separation": 0.7083333333333334,
      "transfer_stability": 0.9992572733846921,
      "regional_specialization": 0.0009746319685493492,
      "local_integration_score": 0.6277953899949255,
      "baseline_accuracy": 0.6555555555555556,
      "phase_drop_matrix": {
        "concept_phase": {
          "sensory": 0.03472222222222221,
          "memory": 0.10416666666666674,
          "comparator": 0.07638888888888895,
          "motor": 0.03472222222222221
        },
        "comparison_phase": {
          "sensory": 0.02777777777777779,
          "memory": 0.0,
          "comparator": 0.11805555555555558,
          "motor": 0.31250000000000006
        },
        "recovery_phase": {
          "sensory": 0.0,
          "memory": 0.0,
          "comparator": 0.09027777777777779,
          "motor": 0.14583333333333337
        }
      },
      "phase_summary": {
        "concept_phase": {
          "top_region": "memory",
          "top_drop": 0.10416666666666674,
          "upstream_mass": 0.13888888888888895,
          "downstream_mass": 0.11111111111111116,
          "memory_comparator_mass": 0.1805555555555557,
          "sensory_motor_mass": 0.06944444444444442,
          "rows": {
            "sensory": 0.03472222222222221,
            "memory": 0.10416666666666674,
            "comparator": 0.07638888888888895,
            "motor": 0.03472222222222221
          }
        },
        "comparison_phase": {
          "top_region": "motor",
          "top_drop": 0.31250000000000006,
          "upstream_mass": 0.02777777777777779,
          "downstream_mass": 0.43055555555555564,
          "memory_comparator_mass": 0.11805555555555558,
          "sensory_motor_mass": 0.34027777777777785,
          "rows": {
            "sensory": 0.02777777777777779,
            "memory": 0.0,
            "comparator": 0.11805555555555558,
            "motor": 0.31250000000000006
          }
        },
        "recovery_phase": {
          "top_region": "motor",
          "top_drop": 0.14583333333333337,
          "upstream_mass": 0.0,
          "downstream_mass": 0.23611111111111116,
          "memory_comparator_mass": 0.09027777777777779,
          "sensory_motor_mass": 0.14583333333333337,
          "rows": {
            "sensory": 0.0,
            "memory": 0.0,
            "comparator": 0.09027777777777779,
            "motor": 0.14583333333333337
          }
        },
        "distinct_top_region_count": 2,
        "top_region_sequence": [
          "memory",
          "motor",
          "motor"
        ]
      },
      "concept_phase_upstream_advantage": 0.02777777777777779,
      "comparison_phase_memory_comparator_advantage": -0.22222222222222227
    }
  },
  "headline_metrics": {
    "decoupled_comparison_advantage": -0.10416666666666663,
    "stabilized_comparison_advantage": -0.22222222222222227,
    "comparison_advantage_gain": -0.11805555555555564,
    "upstream_retention_delta": -0.125,
    "motor_overreach_reduction": -0.11805555555555564,
    "stabilized_local_integration_score": 0.6277953899949255,
    "integration_gain": 0.008855639024519912,
    "distinct_top_region_count": 2
  },
  "hypotheses": {
    "H1_stabilization_improves_comparison_core": false,
    "H2_stabilization_keeps_upstream_advantage": false,
    "H3_stabilization_reduces_motor_overreach": false,
    "H4_stabilization_preserves_multi_stage_local_core": true
  },
  "project_readout": {
    "summary": "这一步只做一件事：在保住早期上游感知核的前提下，把 comparison_phase 的局部核心重新稳在 memory / comparator，不让它过早滑向 motor。",
    "next_question": "如果中期比较核能稳住，下一步就该把这套“早期感知核 - 中期比较核 - 晚期恢复核”的阶段接力结构搬回真实模型层带和真实任务接口。"
  }
}