{
  "meta": {
    "timestamp": "2026-03-10 19:16:04",
    "runtime_sec": 13.847427368164062,
    "core_constraint": "unified_multiobjective_training_law_without_global_controller"
  },
  "systems": {
    "shared_local_replay": {
      "same_family_success_rate": 0.6666666666666666,
      "lesion_recovery_rate": 0.6666666666666666,
      "encoding_separation": 0.7916666666666666,
      "transfer_stability": 0.9993774142646547,
      "regional_specialization": 0.000572782420527397,
      "local_integration_score": 0.6491472424878851,
      "baseline_accuracy": 0.6666666666666666,
      "phase_drop_matrix": {
        "concept_phase": {
          "sensory": 0.01388888888888895,
          "memory": 0.08333333333333337,
          "comparator": 0.15972222222222232,
          "motor": 0.006944444444444531
        },
        "comparison_phase": {
          "sensory": 0.006944444444444531,
          "memory": 0.006944444444444531,
          "comparator": 0.16666666666666674,
          "motor": 0.006944444444444531
        },
        "recovery_phase": {
          "sensory": 0.006944444444444531,
          "memory": 0.006944444444444531,
          "comparator": 0.11805555555555558,
          "motor": 0.11805555555555558
        }
      },
      "phase_summary": {
        "concept_phase": {
          "top_region": "comparator",
          "top_drop": 0.15972222222222232,
          "upstream_mass": 0.09722222222222232,
          "downstream_mass": 0.16666666666666685,
          "memory_comparator_mass": 0.2430555555555557,
          "sensory_motor_mass": 0.02083333333333348,
          "rows": {
            "sensory": 0.01388888888888895,
            "memory": 0.08333333333333337,
            "comparator": 0.15972222222222232,
            "motor": 0.006944444444444531
          }
        },
        "comparison_phase": {
          "top_region": "comparator",
          "top_drop": 0.16666666666666674,
          "upstream_mass": 0.013888888888889062,
          "downstream_mass": 0.17361111111111127,
          "memory_comparator_mass": 0.17361111111111127,
          "sensory_motor_mass": 0.013888888888889062,
          "rows": {
            "sensory": 0.006944444444444531,
            "memory": 0.006944444444444531,
            "comparator": 0.16666666666666674,
            "motor": 0.006944444444444531
          }
        },
        "recovery_phase": {
          "top_region": "comparator",
          "top_drop": 0.11805555555555558,
          "upstream_mass": 0.013888888888889062,
          "downstream_mass": 0.23611111111111116,
          "memory_comparator_mass": 0.1250000000000001,
          "sensory_motor_mass": 0.1250000000000001,
          "rows": {
            "sensory": 0.006944444444444531,
            "memory": 0.006944444444444531,
            "comparator": 0.11805555555555558,
            "motor": 0.11805555555555558
          }
        },
        "distinct_top_region_count": 1,
        "top_region_sequence": [
          "comparator",
          "comparator",
          "comparator"
        ]
      },
      "concept_phase_upstream_advantage": -0.06944444444444453,
      "comparison_phase_memory_comparator_advantage": 0.1597222222222222,
      "aggregate_objective": 0.6491472424878851,
      "structure_objective": 0.5177661762583565,
      "multiobjective_score": 0.5678734798686522
    },
    "regional_decoupled_replay": {
      "same_family_success_rate": 0.6736111111111112,
      "lesion_recovery_rate": 0.6574074074074074,
      "encoding_separation": 0.625,
      "transfer_stability": 0.9995790213766039,
      "regional_specialization": 0.0008444190090004769,
      "local_integration_score": 0.6189397509704055,
      "baseline_accuracy": 0.6555555555555556,
      "phase_drop_matrix": {
        "concept_phase": {
          "sensory": 0.08333333333333337,
          "memory": 0.2152777777777778,
          "comparator": 0.08333333333333337,
          "motor": 0.0625
        },
        "comparison_phase": {
          "sensory": 0.05555555555555558,
          "memory": 0.0,
          "comparator": 0.14583333333333337,
          "motor": 0.19444444444444442
        },
        "recovery_phase": {
          "sensory": 0.03472222222222221,
          "memory": 0.02777777777777779,
          "comparator": 0.13888888888888884,
          "motor": 0.07638888888888884
        }
      },
      "phase_summary": {
        "concept_phase": {
          "top_region": "memory",
          "top_drop": 0.2152777777777778,
          "upstream_mass": 0.29861111111111116,
          "downstream_mass": 0.14583333333333337,
          "memory_comparator_mass": 0.29861111111111116,
          "sensory_motor_mass": 0.14583333333333337,
          "rows": {
            "sensory": 0.08333333333333337,
            "memory": 0.2152777777777778,
            "comparator": 0.08333333333333337,
            "motor": 0.0625
          }
        },
        "comparison_phase": {
          "top_region": "motor",
          "top_drop": 0.19444444444444442,
          "upstream_mass": 0.05555555555555558,
          "downstream_mass": 0.3402777777777778,
          "memory_comparator_mass": 0.14583333333333337,
          "sensory_motor_mass": 0.25,
          "rows": {
            "sensory": 0.05555555555555558,
            "memory": 0.0,
            "comparator": 0.14583333333333337,
            "motor": 0.19444444444444442
          }
        },
        "recovery_phase": {
          "top_region": "comparator",
          "top_drop": 0.13888888888888884,
          "upstream_mass": 0.0625,
          "downstream_mass": 0.21527777777777768,
          "memory_comparator_mass": 0.16666666666666663,
          "sensory_motor_mass": 0.11111111111111105,
          "rows": {
            "sensory": 0.03472222222222221,
            "memory": 0.02777777777777779,
            "comparator": 0.13888888888888884,
            "motor": 0.07638888888888884
          }
        },
        "distinct_top_region_count": 3,
        "top_region_sequence": [
          "memory",
          "motor",
          "comparator"
        ]
      },
      "concept_phase_upstream_advantage": 0.1527777777777778,
      "comparison_phase_memory_comparator_advantage": -0.10416666666666663,
      "aggregate_objective": 0.6189397509704055,
      "structure_objective": 0.6251365797252466,
      "multiobjective_score": 0.5866420437144318
    },
    "score_push_regional": {
      "same_family_success_rate": 0.6527777777777778,
      "lesion_recovery_rate": 0.6851851851851852,
      "encoding_separation": 0.5,
      "transfer_stability": 0.9989134326078388,
      "regional_specialization": 0.0016595290702146788,
      "local_integration_score": 0.5972807055093065,
      "baseline_accuracy": 0.65,
      "phase_drop_matrix": {
        "concept_phase": {
          "sensory": 0.0,
          "memory": 0.04861111111111116,
          "comparator": 0.17361111111111116,
          "motor": 0.02083333333333337
        },
        "comparison_phase": {
          "sensory": 0.01388888888888895,
          "memory": 0.04861111111111116,
          "comparator": 0.15972222222222227,
          "motor": 0.01388888888888895
        },
        "recovery_phase": {
          "sensory": 0.0,
          "memory": 0.01388888888888895,
          "comparator": 0.07638888888888895,
          "motor": 0.03472222222222221
        }
      },
      "phase_summary": {
        "concept_phase": {
          "top_region": "comparator",
          "top_drop": 0.17361111111111116,
          "upstream_mass": 0.04861111111111116,
          "downstream_mass": 0.19444444444444453,
          "memory_comparator_mass": 0.22222222222222232,
          "sensory_motor_mass": 0.02083333333333337,
          "rows": {
            "sensory": 0.0,
            "memory": 0.04861111111111116,
            "comparator": 0.17361111111111116,
            "motor": 0.02083333333333337
          }
        },
        "comparison_phase": {
          "top_region": "comparator",
          "top_drop": 0.15972222222222227,