{
  "meta": {
    "timestamp": "2026-03-10 18:59:29",
    "runtime_sec": 8.320459604263306,
    "core_constraint": "region_differentiated_multiobjective_selector_without_global_controller"
  },
  "systems": {
    "shared_local_replay": {
      "same_family_success_rate": 0.6666666666666666,
      "lesion_recovery_rate": 0.6666666666666666,
      "encoding_separation": 0.7916666666666666,
      "transfer_stability": 0.9993774142646547,
      "regional_specialization": 0.000572782420527397,
      "local_integration_score": 0.6491472424878851,
      "baseline_accuracy": 0.6666666666666666,
      "phase_drop_matrix": {
        "concept_phase": {
          "sensory": 0.01388888888888895,
          "memory": 0.08333333333333337,
          "comparator": 0.15972222222222232,
          "motor": 0.006944444444444531
        },
        "comparison_phase": {
          "sensory": 0.006944444444444531,
          "memory": 0.006944444444444531,
          "comparator": 0.16666666666666674,
          "motor": 0.006944444444444531
        },
        "recovery_phase": {
          "sensory": 0.006944444444444531,
          "memory": 0.006944444444444531,
          "comparator": 0.11805555555555558,
          "motor": 0.11805555555555558
        }
      },
      "phase_summary": {
        "concept_phase": {
          "top_region": "comparator",
          "top_drop": 0.15972222222222232,
          "upstream_mass": 0.09722222222222232,
          "downstream_mass": 0.16666666666666685,
          "memory_comparator_mass": 0.2430555555555557,
          "sensory_motor_mass": 0.02083333333333348,
          "rows": {
            "sensory": 0.01388888888888895,
            "memory": 0.08333333333333337,
            "comparator": 0.15972222222222232,
            "motor": 0.006944444444444531
          }
        },
        "comparison_phase": {
          "top_region": "comparator",
          "top_drop": 0.16666666666666674,
          "upstream_mass": 0.013888888888889062,
          "downstream_mass": 0.17361111111111127,
          "memory_comparator_mass": 0.17361111111111127,
          "sensory_motor_mass": 0.013888888888889062,
          "rows": {
            "sensory": 0.006944444444444531,
            "memory": 0.006944444444444531,
            "comparator": 0.16666666666666674,
            "motor": 0.006944444444444531
          }
        },
        "recovery_phase": {
          "top_region": "comparator",
          "top_drop": 0.11805555555555558,
          "upstream_mass": 0.013888888888889062,
          "downstream_mass": 0.23611111111111116,
          "memory_comparator_mass": 0.1250000000000001,
          "sensory_motor_mass": 0.1250000000000001,
          "rows": {
            "sensory": 0.006944444444444531,
            "memory": 0.006944444444444531,
            "comparator": 0.11805555555555558,
            "motor": 0.11805555555555558
          }
        },
        "distinct_top_region_count": 1,
        "top_region_sequence": [
          "comparator",
          "comparator",
          "comparator"
        ]
      },
      "concept_phase_upstream_advantage": -0.06944444444444453,
      "comparison_phase_memory_comparator_advantage": 0.1597222222222222,
      "aggregate_score": 0.6491472424878851,
      "structure_score": 0.4087208858987377
    },
    "regional_local_replay": {
      "same_family_success_rate": 0.6458333333333334,
      "lesion_recovery_rate": 0.6574074074074074,
      "encoding_separation": 0.6666666666666666,
      "transfer_stability": 0.9992576030066194,
      "regional_specialization": 0.0006814554928698473,
      "local_integration_score": 0.618587731361172,
      "baseline_accuracy": 0.65,
      "phase_drop_matrix": {
        "concept_phase": {
          "sensory": 0.03472222222222232,
          "memory": 0.07638888888888895,
          "comparator": 0.1527777777777778,
          "motor": 0.03472222222222232
        },
        "comparison_phase": {
          "sensory": 0.03472222222222232,
          "memory": 0.02083333333333337,
          "comparator": 0.08333333333333337,
          "motor": 0.01388888888888895
        },
        "recovery_phase": {
          "sensory": 0.04166666666666674,
          "memory": 0.04166666666666674,
          "comparator": 0.15972222222222232,
          "motor": 0.09027777777777779
        }
      },
      "phase_summary": {
        "concept_phase": {
          "top_region": "comparator",
          "top_drop": 0.1527777777777778,
          "upstream_mass": 0.11111111111111127,
          "downstream_mass": 0.1875000000000001,
          "memory_comparator_mass": 0.22916666666666674,
          "sensory_motor_mass": 0.06944444444444464,
          "rows": {
            "sensory": 0.03472222222222232,
            "memory": 0.07638888888888895,
            "comparator": 0.1527777777777778,
            "motor": 0.03472222222222232
          }
        },
        "comparison_phase": {
          "top_region": "comparator",
          "top_drop": 0.08333333333333337,
          "upstream_mass": 0.05555555555555569,
          "downstream_mass": 0.09722222222222232,
          "memory_comparator_mass": 0.10416666666666674,
          "sensory_motor_mass": 0.04861111111111127,
          "rows": {
            "sensory": 0.03472222222222232,
            "memory": 0.02083333333333337,
            "comparator": 0.08333333333333337,
            "motor": 0.01388888888888895
          }
        },
        "recovery_phase": {
          "top_region": "comparator",
          "top_drop": 0.15972222222222232,
          "upstream_mass": 0.08333333333333348,
          "downstream_mass": 0.2500000000000001,
          "memory_comparator_mass": 0.20138888888888906,
          "sensory_motor_mass": 0.13194444444444453,
          "rows": {
            "sensory": 0.04166666666666674,
            "memory": 0.04166666666666674,
            "comparator": 0.15972222222222232,
            "motor": 0.09027777777777779
          }
        },
        "distinct_top_region_count": 1,
        "top_region_sequence": [
          "comparator",
          "comparator",
          "comparator"
        ]
      },
      "concept_phase_upstream_advantage": -0.07638888888888884,
      "comparison_phase_memory_comparator_advantage": 0.05555555555555547,
      "aggregate_score": 0.618587731361172,
      "structure_score": 0.3006096951854613
    },
    "regional_phase_tuned_replay": {
      "same_family_success_rate": 0.6736111111111112,
      "lesion_recovery_rate": 0.6574074074074074,
      "encoding_separation": 0.625,
      "transfer_stability": 0.9995790213766039,
      "regional_specialization": 0.0008444190090004769,
      "local_integration_score": 0.6189397509704055,
      "baseline_accuracy": 0.6555555555555556,
      "phase_drop_matrix": {
        "concept_phase": {
          "sensory": 0.08333333333333337,
          "memory": 0.2152777777777778,
          "comparator": 0.08333333333333337,
          "motor": 0.0625
        },
        "comparison_phase": {
          "sensory": 0.05555555555555558,
          "memory": 0.0,
          "comparator": 0.14583333333333337,
          "motor": 0.19444444444444442
        },
        "recovery_phase": {
          "sensory": 0.03472222222222221,
          "memory": 0.02777777777777779,
          "comparator": 0.13888888888888884,
          "motor": 0.07638888888888884
        }
      },
      "phase_summary": {
        "concept_phase": {
          "top_region": "memory",
          "top_drop": 0.2152777777777778,
          "upstream_mass": 0.29861111111111116,
          "downstream_mass": 0.14583333333333337,
          "memory_comparator_mass": 0.29861111111111116,
          "sensory_motor_mass": 0.14583333333333337,
          "rows": {
            "sensory": 0.08333333333333337,
            "memory": 0.2152777777777778,
            "comparator": 0.08333333333333337,
            "motor": 0.0625
          }
        },
        "comparison_phase": {
          "top_region": "motor",
          "top_drop": 0.19444444444444442,