{
  "meta": {
    "timestamp": "2026-03-10 19:40:12",
    "runtime_sec": 8.803246259689331,
    "core_constraint": "recovery_phase_training_law_without_global_controller"
  },
  "systems": {
    "shared_local_replay": {
      "same_family_success_rate": 0.6666666666666666,
      "lesion_recovery_rate": 0.6666666666666666,
      "encoding_separation": 0.7916666666666666,
      "transfer_stability": 0.9993774142646547,
      "regional_specialization": 0.000572782420527397,
      "local_integration_score": 0.6491472424878851,
      "baseline_accuracy": 0.6666666666666666,
      "phase_drop_matrix": {
        "concept_phase": {
          "sensory": 0.01388888888888895,
          "memory": 0.08333333333333337,
          "comparator": 0.15972222222222232,
          "motor": 0.006944444444444531
        },
        "comparison_phase": {
          "sensory": 0.006944444444444531,
          "memory": 0.006944444444444531,
          "comparator": 0.16666666666666674,
          "motor": 0.006944444444444531
        },
        "recovery_phase": {
          "sensory": 0.006944444444444531,
          "memory": 0.006944444444444531,
          "comparator": 0.11805555555555558,
          "motor": 0.11805555555555558
        }
      },
      "phase_summary": {
        "concept_phase": {
          "top_region": "comparator",
          "top_drop": 0.15972222222222232,
          "upstream_mass": 0.09722222222222232,
          "downstream_mass": 0.16666666666666685,
          "memory_comparator_mass": 0.2430555555555557,
          "sensory_motor_mass": 0.02083333333333348,
          "rows": {
            "sensory": 0.01388888888888895,
            "memory": 0.08333333333333337,
            "comparator": 0.15972222222222232,
            "motor": 0.006944444444444531
          }
        },
        "comparison_phase": {
          "top_region": "comparator",
          "top_drop": 0.16666666666666674,
          "upstream_mass": 0.013888888888889062,
          "downstream_mass": 0.17361111111111127,
          "memory_comparator_mass": 0.17361111111111127,
          "sensory_motor_mass": 0.013888888888889062,
          "rows": {
            "sensory": 0.006944444444444531,
            "memory": 0.006944444444444531,
            "comparator": 0.16666666666666674,
            "motor": 0.006944444444444531
          }
        },
        "recovery_phase": {
          "top_region": "comparator",
          "top_drop": 0.11805555555555558,
          "upstream_mass": 0.013888888888889062,
          "downstream_mass": 0.23611111111111116,
          "memory_comparator_mass": 0.1250000000000001,
          "sensory_motor_mass": 0.1250000000000001,
          "rows": {
            "sensory": 0.006944444444444531,
            "memory": 0.006944444444444531,
            "comparator": 0.11805555555555558,
            "motor": 0.11805555555555558
          }
        },
        "distinct_top_region_count": 1,
        "top_region_sequence": [
          "comparator",
          "comparator",
          "comparator"
        ]
      },
      "concept_phase_upstream_advantage": -0.06944444444444453,
      "comparison_phase_memory_comparator_advantage": 0.1597222222222222,
      "aggregate_objective": 0.6491472424878851,
      "recovery_local_advantage": 0.0,
      "recovery_phase_score": 0.6672333603542171,
      "training_epochs": 28
    },
    "regional_stage_decomposed": {
      "same_family_success_rate": 0.6666666666666666,
      "lesion_recovery_rate": 0.6388888888888888,
      "encoding_separation": 0.6666666666666666,
      "transfer_stability": 0.9990872732346143,
      "regional_specialization": 0.0014699906977410947,
      "local_integration_score": 0.620059762415222,
      "baseline_accuracy": 0.6666666666666666,
      "phase_drop_matrix": {
        "concept_phase": {
          "sensory": 0.0,
          "memory": 0.22916666666666669,
          "comparator": 0.0625,
          "motor": 0.01388888888888895
        },
        "comparison_phase": {
          "sensory": 0.0,
          "memory": 0.006944444444444531,
          "comparator": 0.125,
          "motor": 0.02083333333333337
        },
        "recovery_phase": {
          "sensory": 0.02083333333333337,
          "memory": 0.0,
          "comparator": 0.11805555555555558,
          "motor": 0.22222222222222227
        }
      },
      "phase_summary": {
        "concept_phase": {
          "top_region": "memory",
          "top_drop": 0.22916666666666669,
          "upstream_mass": 0.22916666666666669,
          "downstream_mass": 0.07638888888888895,
          "memory_comparator_mass": 0.2916666666666667,
          "sensory_motor_mass": 0.01388888888888895,
          "rows": {
            "sensory": 0.0,
            "memory": 0.22916666666666669,
            "comparator": 0.0625,
            "motor": 0.01388888888888895
          }
        },
        "comparison_phase": {
          "top_region": "comparator",
          "top_drop": 0.125,
          "upstream_mass": 0.006944444444444531,
          "downstream_mass": 0.14583333333333337,
          "memory_comparator_mass": 0.13194444444444453,
          "sensory_motor_mass": 0.02083333333333337,
          "rows": {
            "sensory": 0.0,
            "memory": 0.006944444444444531,
            "comparator": 0.125,
            "motor": 0.02083333333333337
          }
        },
        "recovery_phase": {
          "top_region": "motor",
          "top_drop": 0.22222222222222227,
          "upstream_mass": 0.02083333333333337,
          "downstream_mass": 0.34027777777777785,
          "memory_comparator_mass": 0.11805555555555558,
          "sensory_motor_mass": 0.24305555555555564,
          "rows": {
            "sensory": 0.02083333333333337,
            "memory": 0.0,
            "comparator": 0.11805555555555558,
            "motor": 0.22222222222222227
          }
        },
        "distinct_top_region_count": 3,
        "top_region_sequence": [
          "memory",
          "comparator",
          "motor"
        ]
      },
      "concept_phase_upstream_advantage": 0.15277777777777773,
      "comparison_phase_memory_comparator_advantage": 0.11111111111111116,
      "aggregate_objective": 0.620059762415222,
      "recovery_local_advantage": -0.12500000000000006,
      "recovery_phase_score": 0.5417833869239996,
      "training_epochs": 24
    },
    "regional_recovery_aware": {
      "same_family_success_rate": 0.6805555555555556,
      "lesion_recovery_rate": 0.6481481481481481,
      "encoding_separation": 0.6666666666666666,
      "transfer_stability": 0.999023480355807,
      "regional_specialization": 0.0014862727128072746,
      "local_integration_score": 0.6261629461478333,
      "baseline_accuracy": 0.6555555555555556,
      "phase_drop_matrix": {
        "concept_phase": {
          "sensory": 0.0,
          "memory": 0.25000000000000006,
          "comparator": 0.05555555555555558,
          "motor": 0.02083333333333337
        },
        "comparison_phase": {
          "sensory": 0.0,
          "memory": 0.006944444444444531,
          "comparator": 0.13194444444444453,
          "motor": 0.02083333333333337
        },
        "recovery_phase": {
          "sensory": 0.01388888888888895,
          "memory": 0.006944444444444531,
          "comparator": 0.13194444444444453,
          "motor": 0.22916666666666669
        }
      },
      "phase_summary": {
        "concept_phase": {
          "top_region": "memory",
          "top_drop": 0.25000000000000006,
          "upstream_mass": 0.25000000000000006,
          "downstream_mass": 0.07638888888888895,
          "memory_comparator_mass": 0.30555555555555564,
          "sensory_motor_mass": 0.02083333333333337,
          "rows": {
            "sensory": 0.0,
            "memory": 0.25000000000000006,
            "comparator": 0.05555555555555558,
            "motor": 0.02083333333333337
          }
        },
        "comparison_phase": {
          "top_region": "comparator",