{
  "meta": {
    "timestamp": "2026-03-10 19:27:39",
    "runtime_sec": 9.723160743713379,
    "core_constraint": "stage_decomposed_training_law_without_global_controller"
  },
  "systems": {
    "shared_local_replay": {
      "same_family_success_rate": 0.6666666666666666,
      "lesion_recovery_rate": 0.6666666666666666,
      "encoding_separation": 0.7916666666666666,
      "transfer_stability": 0.9993774142646547,
      "regional_specialization": 0.000572782420527397,
      "local_integration_score": 0.6491472424878851,
      "baseline_accuracy": 0.6666666666666666,
      "phase_drop_matrix": {
        "concept_phase": {
          "sensory": 0.01388888888888895,
          "memory": 0.08333333333333337,
          "comparator": 0.15972222222222232,
          "motor": 0.006944444444444531
        },
        "comparison_phase": {
          "sensory": 0.006944444444444531,
          "memory": 0.006944444444444531,
          "comparator": 0.16666666666666674,
          "motor": 0.006944444444444531
        },
        "recovery_phase": {
          "sensory": 0.006944444444444531,
          "memory": 0.006944444444444531,
          "comparator": 0.11805555555555558,
          "motor": 0.11805555555555558
        }
      },
      "phase_summary": {
        "concept_phase": {
          "top_region": "comparator",
          "top_drop": 0.15972222222222232,
          "upstream_mass": 0.09722222222222232,
          "downstream_mass": 0.16666666666666685,
          "memory_comparator_mass": 0.2430555555555557,
          "sensory_motor_mass": 0.02083333333333348,
          "rows": {
            "sensory": 0.01388888888888895,
            "memory": 0.08333333333333337,
            "comparator": 0.15972222222222232,
            "motor": 0.006944444444444531
          }
        },
        "comparison_phase": {
          "top_region": "comparator",
          "top_drop": 0.16666666666666674,
          "upstream_mass": 0.013888888888889062,
          "downstream_mass": 0.17361111111111127,
          "memory_comparator_mass": 0.17361111111111127,
          "sensory_motor_mass": 0.013888888888889062,
          "rows": {
            "sensory": 0.006944444444444531,
            "memory": 0.006944444444444531,
            "comparator": 0.16666666666666674,
            "motor": 0.006944444444444531
          }
        },
        "recovery_phase": {
          "top_region": "comparator",
          "top_drop": 0.11805555555555558,
          "upstream_mass": 0.013888888888889062,
          "downstream_mass": 0.23611111111111116,
          "memory_comparator_mass": 0.1250000000000001,
          "sensory_motor_mass": 0.1250000000000001,
          "rows": {
            "sensory": 0.006944444444444531,
            "memory": 0.006944444444444531,
            "comparator": 0.11805555555555558,
            "motor": 0.11805555555555558
          }
        },
        "distinct_top_region_count": 1,
        "top_region_sequence": [
          "comparator",
          "comparator",
          "comparator"
        ]
      },
      "concept_phase_upstream_advantage": -0.06944444444444453,
      "comparison_phase_memory_comparator_advantage": 0.1597222222222222,
      "aggregate_objective": 0.6491472424878851,
      "concept_objective": 0.16851851851851823,
      "comparison_objective": 0.9324074074074074,
      "stage_balance_score": 0.16851851851851823,
      "stage_decomposed_score": 0.4226752466807285,
      "training_epochs": 28
    },
    "regional_unified_multiobjective": {
      "same_family_success_rate": 0.6736111111111112,
      "lesion_recovery_rate": 0.6574074074074074,
      "encoding_separation": 0.625,
      "transfer_stability": 0.9995790213766039,
      "regional_specialization": 0.0008444190090004769,
      "local_integration_score": 0.6189397509704055,
      "baseline_accuracy": 0.6555555555555556,
      "phase_drop_matrix": {
        "concept_phase": {
          "sensory": 0.08333333333333337,
          "memory": 0.2152777777777778,
          "comparator": 0.08333333333333337,
          "motor": 0.0625
        },
        "comparison_phase": {
          "sensory": 0.05555555555555558,
          "memory": 0.0,
          "comparator": 0.14583333333333337,
          "motor": 0.19444444444444442
        },
        "recovery_phase": {
          "sensory": 0.03472222222222221,
          "memory": 0.02777777777777779,
          "comparator": 0.13888888888888884,
          "motor": 0.07638888888888884
        }
      },
      "phase_summary": {
        "concept_phase": {
          "top_region": "memory",
          "top_drop": 0.2152777777777778,
          "upstream_mass": 0.29861111111111116,
          "downstream_mass": 0.14583333333333337,
          "memory_comparator_mass": 0.29861111111111116,
          "sensory_motor_mass": 0.14583333333333337,
          "rows": {
            "sensory": 0.08333333333333337,
            "memory": 0.2152777777777778,
            "comparator": 0.08333333333333337,
            "motor": 0.0625
          }
        },
        "comparison_phase": {
          "top_region": "motor",
          "top_drop": 0.19444444444444442,
          "upstream_mass": 0.05555555555555558,
          "downstream_mass": 0.3402777777777778,
          "memory_comparator_mass": 0.14583333333333337,
          "sensory_motor_mass": 0.25,
          "rows": {
            "sensory": 0.05555555555555558,
            "memory": 0.0,
            "comparator": 0.14583333333333337,
            "motor": 0.19444444444444442
          }
        },
        "recovery_phase": {
          "top_region": "comparator",
          "top_drop": 0.13888888888888884,
          "upstream_mass": 0.0625,
          "downstream_mass": 0.21527777777777768,
          "memory_comparator_mass": 0.16666666666666663,
          "sensory_motor_mass": 0.11111111111111105,
          "rows": {
            "sensory": 0.03472222222222221,
            "memory": 0.02777777777777779,
            "comparator": 0.13888888888888884,
            "motor": 0.07638888888888884
          }
        },
        "distinct_top_region_count": 3,
        "top_region_sequence": [
          "memory",
          "motor",
          "comparator"
        ]
      },
      "concept_phase_upstream_advantage": 0.1527777777777778,
      "comparison_phase_memory_comparator_advantage": -0.10416666666666663,
      "aggregate_objective": 0.6189397509704055,
      "concept_objective": 0.9092592592592593,
      "comparison_objective": 0.05277777777777789,
      "stage_balance_score": 0.05277777777777789,
      "stage_decomposed_score": 0.40548259100558204,
      "training_epochs": 28
    },
    "regional_stage_decomposed": {
      "same_family_success_rate": 0.6666666666666666,
      "lesion_recovery_rate": 0.6388888888888888,
      "encoding_separation": 0.6666666666666666,
      "transfer_stability": 0.9990872732346143,
      "regional_specialization": 0.0014699906977410947,
      "local_integration_score": 0.620059762415222,
      "baseline_accuracy": 0.6666666666666666,
      "phase_drop_matrix": {
        "concept_phase": {
          "sensory": 0.0,
          "memory": 0.22916666666666669,
          "comparator": 0.0625,
          "motor": 0.01388888888888895
        },
        "comparison_phase": {
          "sensory": 0.0,
          "memory": 0.006944444444444531,
          "comparator": 0.125,
          "motor": 0.02083333333333337
        },
        "recovery_phase": {
          "sensory": 0.02083333333333337,
          "memory": 0.0,
          "comparator": 0.11805555555555558,
          "motor": 0.22222222222222227
        }
      },
      "phase_summary": {
        "concept_phase": {
          "top_region": "memory",
          "top_drop": 0.22916666666666669,
          "upstream_mass": 0.22916666666666669,
          "downstream_mass": 0.07638888888888895,
          "memory_comparator_mass": 0.2916666666666667,
          "sensory_motor_mass": 0.01388888888888895,
          "rows": {
            "sensory": 0.0,