{
  "meta": {
    "timestamp": "2026-03-08 21:26:42",
    "source_gate_json": "tests/codex_temp/gpt2_qwen3_gate_law_nonlinear_dynamics_20260308.json",
    "source_boundary_json": "tests/codex_temp/gpt2_qwen3_relation_boundary_atlas_20260308.json",
    "source_toy_json": "tests/codex_temp/toy_grounding_credit_continual_benchmark_20260308.json",
    "source_real_json": "tests/codex_temp/real_multistep_agi_closure_benchmark_20260308.json"
  },
  "toy_bridge": {
    "grounding_gain": 0.15538194444444448,
    "delayed_credit_gain": 0.05266203703703709,
    "retention_gain": 0.22460937499999997,
    "forgetting_reduction": 0.22721354166666663,
    "normalized_components": {
      "grounding": 0.7769097222222223,
      "delayed_credit": 0.5266203703703709,
      "retention": 0.7486979166666666,
      "forgetting_reduction": 0.7573784722222221
    },
    "toy_closure_score": 0.715892650462963
  },
  "real_bridge": {
    "overall_episode_gain": 0.3929398148148148,
    "route_gain": 0.472800925925926,
    "final_gain": 0.4114583333333333,
    "retention_gain": 0.5920138888888888,
    "retention_drop_reduction": 0.1753472222222222,
    "plain_score": 0.3050347222222222,
    "trace_score": 0.7405092592592591,
    "score_gain": 0.4354745370370369,
    "real_closure_score": 0.7405092592592591
  },
  "models": {
    "gpt2": {
      "model_name": "gpt2",
      "gate": {
        "gate_predictability": 0.8702202986659423,
        "linear_gain": 0.32105126906855525,
        "nonlinear_gain": 0.0676360312448174,
        "linear_gain_norm": 0.6421025381371105,
        "nonlinear_gain_norm": 0.5636335937068117
      },
      "field": {
        "compact_ratio": 0.8333333333333334,
        "layer_cluster_ratio": 0.0,
        "distributed_ratio": 0.16666666666666666,
        "boundaryability_score": 0.8333333333333334,
        "field_shape": "compact_mesofield",
        "classification_histogram": {
          "distributed_none": 1,
          "compact_boundary": 5
        }
      },
      "bridge": {
        "mechanism_score": 0.7884050312643716,
        "toy_closure_score": 0.715892650462963,
        "real_closure_score": 0.7405092592592591,
        "agi_bridge_toy_score": 0.7594000789438081,
        "agi_bridge_real_score": 0.7620623566615599,
        "agi_bridge_score": 0.7620623566615599
      },
      "recommended_next_steps": [
        "Improve G recurrence fitting, especially cross-layer nonlinear terms.",
        "Scale the real multi-step benchmark to harder task graphs and longer horizons.",
        "Strengthen continual retention under phase switches in the real multi-step setting.",
        "Test whether mechanism score remains predictive under real agent tasks."
      ]
    },
    "qwen3_4b": {
      "model_name": "qwen3_4b",
      "gate": {
        "gate_predictability": 0.9462242607205308,
        "linear_gain": 0.4828482820323579,
        "nonlinear_gain": 0.09811163131282062,
        "linear_gain_norm": 0.9656965640647158,
        "nonlinear_gain_norm": 0.8175969276068386
      },
      "field": {
        "compact_ratio": 0.6666666666666666,
        "layer_cluster_ratio": 0.16666666666666666,
        "distributed_ratio": 0.16666666666666666,
        "boundaryability_score": 0.75,
        "field_shape": "layer_cluster_mesofield",
        "classification_histogram": {
          "compact_boundary": 4,
          "distributed_none": 1,
          "layer_cluster_only": 1
        }
      },
      "bridge": {
        "mechanism_score": 0.9078223489699189,
        "toy_closure_score": 0.715892650462963,
        "real_closure_score": 0.7405092592592591,
        "agi_bridge_toy_score": 0.8310504695671366,
        "agi_bridge_real_score": 0.8158001496290561,
        "agi_bridge_score": 0.8158001496290561
      },
      "recommended_next_steps": [
        "Scale the real multi-step benchmark to harder task graphs and longer horizons.",
        "Strengthen continual retention under phase switches in the real multi-step setting.",
        "Test whether mechanism score remains predictive under real agent tasks."
      ]
    }
  },
  "ranking": [
    {
      "model_name": "qwen3_4b",
      "agi_bridge_score": 0.8158001496290561,
      "mechanism_score": 0.9078223489699189,
      "field_shape": "layer_cluster_mesofield"
    },
    {
      "model_name": "gpt2",
      "agi_bridge_score": 0.7620623566615599,
      "mechanism_score": 0.7884050312643716,
      "field_shape": "compact_mesofield"
    }
  ],
  "global_conclusion": {
    "statement": "Mechanistic interpretability is now quantifiable, and the bridge score should be anchored on real multi-step closure rather than toy-only proxies.",
    "why": [
      "Gate recurrence is already highly predictable, but larger models rely more on distributed meso-fields.",
      "Protocol-field boundaries differ by model, so interpretability cannot collapse to single-module search.",
      "The real multi-step closure benchmark now shows a large trace-driven gain, so bridge scoring can move from proxy-only to task-grounded evaluation."
    ]
  }
}