{
  "meta": {
    "timestamp": "2026-03-10 13:00:45",
    "runtime_sec": 4.450764894485474,
    "num_seeds": 10,
    "config_count": 20,
    "source_files": [
      "open_world_continuous_grounding_stream_20260310.json"
    ]
  },
  "baseline_direct_stream": {
    "stable_old_family_accuracy": 0.9768518518518516,
    "stable_old_concept_accuracy": 0.3177083333333333,
    "novel_family_accuracy": 0.9871031746031745,
    "novel_concept_accuracy": 0.2996031746031746,
    "drifted_family_accuracy": 0.9702932098765432,
    "drifted_concept_accuracy": 0.3333333333333333,
    "closure_score": 0.5707227103804485,
    "update_count": 300.0
  },
  "baseline_shared_offset_stream": {
    "stable_old_family_accuracy": 0.9716435185185183,
    "stable_old_concept_accuracy": 0.3269675925925926,
    "novel_family_accuracy": 0.9821428571428571,
    "novel_concept_accuracy": 0.2728174603174603,
    "drifted_family_accuracy": 0.9668209876543208,
    "drifted_concept_accuracy": 0.33757716049382713,
    "closure_score": 0.565093537414966,
    "update_count": 300.0
  },
  "best_config": {
    "family_alpha": 0.05,
    "offset_alpha": 0.32,
    "stable_old_family_accuracy": 0.9701388888888888,
    "stable_old_concept_accuracy": 0.3104166666666667,
    "novel_family_accuracy": 0.980952380952381,
    "novel_concept_accuracy": 0.34404761904761905,
    "drifted_family_accuracy": 0.9671296296296295,
    "drifted_concept_accuracy": 0.3356481481481481,
    "closure_score": 0.5782142857142858,
    "update_count": 300.0,
    "closure_score_gain_vs_direct": 0.007491575333837264,
    "closure_score_gain_vs_base_shared": 0.013120748299319751,
    "novel_concept_gain_vs_direct": 0.04444444444444445,
    "stable_old_concept_gain_vs_direct": -0.007291666666666641,
    "drifted_concept_gain_vs_direct": 0.0023148148148147696
  },
  "rows": [
    {
      "family_alpha": 0.03,
      "offset_alpha": 0.08,
      "stable_old_family_accuracy": 0.9722222222222221,
      "stable_old_concept_accuracy": 0.3229166666666667,
      "novel_family_accuracy": 0.9845238095238097,
      "novel_concept_accuracy": 0.2630952380952381,
      "drifted_family_accuracy": 0.9657407407407408,
      "drifted_concept_accuracy": 0.33425925925925926,
      "closure_score": 0.5616340702947846,
      "update_count": 300.0,
      "closure_score_gain_vs_direct": -0.009088640085663902,
      "closure_score_gain_vs_base_shared": -0.0034594671201814142,
      "novel_concept_gain_vs_direct": -0.03650793650793649,
      "stable_old_concept_gain_vs_direct": 0.00520833333333337,
      "drifted_concept_gain_vs_direct": 0.0009259259259259411
    },
    {
      "family_alpha": 0.03,
      "offset_alpha": 0.12,
      "stable_old_family_accuracy": 0.9722222222222221,
      "stable_old_concept_accuracy": 0.32291666666666663,
      "novel_family_accuracy": 0.9845238095238097,
      "novel_concept_accuracy": 0.28452380952380957,
      "drifted_family_accuracy": 0.9657407407407408,
      "drifted_concept_accuracy": 0.33749999999999997,
      "closure_score": 0.567347411186697,
      "update_count": 300.0,
      "closure_score_gain_vs_direct": -0.0033752991937515686,
      "closure_score_gain_vs_base_shared": 0.0022538737717309187,
      "novel_concept_gain_vs_direct": -0.015079365079365026,
      "stable_old_concept_gain_vs_direct": 0.005208333333333315,
      "drifted_concept_gain_vs_direct": 0.004166666666666652
    },
    {
      "family_alpha": 0.03,
      "offset_alpha": 0.18,
      "stable_old_family_accuracy": 0.9722222222222221,
      "stable_old_concept_accuracy": 0.3145833333333333,
      "novel_family_accuracy": 0.9845238095238097,
      "novel_concept_accuracy": 0.31547619047619047,
      "drifted_family_accuracy": 0.9657407407407408,
      "drifted_concept_accuracy": 0.33935185185185185,
      "closure_score": 0.573369708994709,
      "update_count": 300.0,
      "closure_score_gain_vs_direct": 0.002646998614260432,
      "closure_score_gain_vs_base_shared": 0.00827617157974292,
      "novel_concept_gain_vs_direct": 0.015873015873015872,
      "stable_old_concept_gain_vs_direct": -0.003124999999999989,
      "drifted_concept_gain_vs_direct": 0.006018518518518534
    },
    {
      "family_alpha": 0.03,
      "offset_alpha": 0.24,
      "stable_old_family_accuracy": 0.9722222222222221,
      "stable_old_concept_accuracy": 0.31319444444444444,
      "novel_family_accuracy": 0.9845238095238097,
      "novel_concept_accuracy": 0.3285714285714286,
      "drifted_family_accuracy": 0.9657407407407408,
      "drifted_concept_accuracy": 0.3310185185185185,
      "closure_score": 0.5749428382464097,
      "update_count": 300.0,
      "closure_score_gain_vs_direct": 0.004220127865961154,
      "closure_score_gain_vs_base_shared": 0.009849300831443641,
      "novel_concept_gain_vs_direct": 0.028968253968254032,
      "stable_old_concept_gain_vs_direct": -0.004513888888888873,
      "drifted_concept_gain_vs_direct": -0.002314814814814825
    },
    {
      "family_alpha": 0.03,
      "offset_alpha": 0.32,
      "stable_old_family_accuracy": 0.9722222222222221,
      "stable_old_concept_accuracy": 0.31319444444444444,
      "novel_family_accuracy": 0.9845238095238097,
      "novel_concept_accuracy": 0.3380952380952381,
      "drifted_family_accuracy": 0.9657407407407408,
      "drifted_concept_accuracy": 0.3342592592592593,
      "closure_score": 0.5777650226757369,
      "update_count": 300.0,
      "closure_score_gain_vs_direct": 0.0070423122952884,
      "closure_score_gain_vs_base_shared": 0.012671485260770887,
      "novel_concept_gain_vs_direct": 0.03849206349206352,
      "stable_old_concept_gain_vs_direct": -0.004513888888888873,
      "drifted_concept_gain_vs_direct": 0.0009259259259259967
    },
    {
      "family_alpha": 0.05,
      "offset_alpha": 0.08,
      "stable_old_family_accuracy": 0.9701388888888888,
      "stable_old_concept_accuracy": 0.32847222222222217,
      "novel_family_accuracy": 0.980952380952381,
      "novel_concept_accuracy": 0.2452380952380952,
      "drifted_family_accuracy": 0.9671296296296295,
      "drifted_concept_accuracy": 0.3287037037037037,
      "closure_score": 0.5569954648526078,
      "update_count": 300.0,
      "closure_score_gain_vs_direct": -0.01372724552784077,
      "closure_score_gain_vs_base_shared": -0.008098072562358283,
      "novel_concept_gain_vs_direct": -0.054365079365079394,
      "stable_old_concept_gain_vs_direct": 0.01076388888888885,
      "drifted_concept_gain_vs_direct": -0.004629629629629595
    },
    {
      "family_alpha": 0.05,
      "offset_alpha": 0.12,
      "stable_old_family_accuracy": 0.9701388888888888,
      "stable_old_concept_accuracy": 0.32152777777777775,
      "novel_family_accuracy": 0.980952380952381,
      "novel_concept_accuracy": 0.27976190476190477,
      "drifted_family_accuracy": 0.9671296296296295,
      "drifted_concept_accuracy": 0.3416666666666667,
      "closure_score": 0.5659287603930461,
      "update_count": 300.0,
      "closure_score_gain_vs_direct": -0.004793949987402457,
      "closure_score_gain_vs_base_shared": 0.0008352229780800302,
      "novel_concept_gain_vs_direct": -0.019841269841269826,
      "stable_old_concept_gain_vs_direct": 0.003819444444444431,
      "drifted_concept_gain_vs_direct": 0.00833333333333336
    },
    {
      "family_alpha": 0.05,
      "offset_alpha": 0.18,
      "stable_old_family_accuracy": 0.9701388888888888,
      "stable_old_concept_accuracy": 0.31180555555555556,
      "novel_family_accuracy": 0.980952380952381,
      "novel_concept_accuracy": 0.31785714285714284,
      "drifted_family_accuracy": 0.9671296296296295,
      "drifted_concept_accuracy": 0.3439814814814815,
      "closure_score": 0.5734608843537414,
      "update_count": 300.0,
      "closure_score_gain_vs_direct": 0.002738173973292901,
      "closure_score_gain_vs_base_shared": 0.008367346938775388,
      "novel_concept_gain_vs_direct": 0.018253968253968245,
      "stable_old_concept_gain_vs_direct": -0.005902777777777757,