{
  "meta": {
    "timestamp": "2026-03-09 11:56:35"
  },
  "models": {
    "qwen3_4b": {
      "meta": {
        "model_name": "qwen3_4b",
        "model_path": "D:\\develop\\model\\hub\\models--Qwen--Qwen3-4B\\snapshots\\1cfa9a7208912126459214e8b04321603b3df60c",
        "device": "cuda:0",
        "hidden_size": 2560,
        "n_layers": 36,
        "n_heads": 32,
        "runtime_sec": 9.075315475463867
      },
      "selected_words": {
        "fruit": [
          "apple",
          "banana",
          "orange",
          "grape",
          "pear",
          "lemon"
        ],
        "animal": [
          "cat",
          "dog",
          "rabbit",
          "horse",
          "tiger",
          "bird"
        ],
        "abstract": [
          "justice",
          "truth",
          "logic",
          "language",
          "freedom",
          "memory"
        ]
      },
      "family_summary": {
        "fruit": {
          "n_words": 6,
          "mean_topology_residual_ratio": 0.5234760219852129,
          "max_topology_residual_ratio": 0.82984459400177,
          "mean_last_token_entropy": 0.39601278778763466
        },
        "animal": {
          "n_words": 6,
          "mean_topology_residual_ratio": 0.4766344092786312,
          "max_topology_residual_ratio": 0.9486317038536072,
          "mean_last_token_entropy": 0.38535066157073516
        },
        "abstract": {
          "n_words": 6,
          "mean_topology_residual_ratio": 0.5010133981704712,
          "max_topology_residual_ratio": 0.80182945728302,
          "mean_last_token_entropy": 0.39927813146309354
        }
      },
      "probe_fits": {
        "apple": {
          "family": "fruit",
          "fit": {
            "fruit": {
              "residual_ratio": 0.39131447672843933,
              "delta_top32_energy_ratio": 0.2980949681016595,
              "delta_top128_energy_ratio": 0.5627104246457026
            },
            "animal": {
              "residual_ratio": 0.9990323781967163,
              "delta_top32_energy_ratio": 0.30243995790253236,
              "delta_top128_energy_ratio": 0.5921235604864875
            },
            "abstract": {
              "residual_ratio": 0.975471019744873,
              "delta_top32_energy_ratio": 0.2637261841528064,
              "delta_top128_energy_ratio": 0.5538738607726938
            }
          },
          "supports_family_topology_basis": true
        },
        "cat": {
          "family": "animal",
          "fit": {
            "fruit": {
              "residual_ratio": 0.958290159702301,
              "delta_top32_energy_ratio": 0.2612657289366172,
              "delta_top128_energy_ratio": 0.5431799375733716
            },
            "animal": {
              "residual_ratio": 0.5975715517997742,
              "delta_top32_energy_ratio": 0.2998728801563518,
              "delta_top128_energy_ratio": 0.5646456260125324
            },
            "abstract": {
              "residual_ratio": 0.9796952605247498,
              "delta_top32_energy_ratio": 0.25174113933128256,
              "delta_top128_energy_ratio": 0.5405246854202764
            }
          },
          "supports_family_topology_basis": true
        },
        "truth": {
          "family": "abstract",
          "fit": {
            "fruit": {
              "residual_ratio": 0.9818305969238281,
              "delta_top32_energy_ratio": 0.25295307288830227,
              "delta_top128_energy_ratio": 0.5235717788762347
            },
            "animal": {
              "residual_ratio": 0.9813916683197021,
              "delta_top32_energy_ratio": 0.29293801966655075,
              "delta_top128_energy_ratio": 0.5843351357019909
            },
            "abstract": {
              "residual_ratio": 0.19486460089683533,
              "delta_top32_energy_ratio": 0.2415032461996917,
              "delta_top128_energy_ratio": 0.5213726696900888
            }
          },
          "supports_family_topology_basis": true
        }
      }
    },
    "deepseek_7b": {
      "meta": {
        "model_name": "deepseek_7b",
        "model_path": "D:\\develop\\model\\hub\\models--deepseek-ai--DeepSeek-R1-Distill-Qwen-7B\\snapshots\\916b56a44061fd5cd7d6a8fb632557ed4f724f60",
        "device": "cuda:0",
        "hidden_size": 3584,
        "n_layers": 28,
        "n_heads": 28,
        "runtime_sec": 10.905904293060303
      },
      "selected_words": {
        "fruit": [
          "apple",
          "banana",
          "orange",
          "grape",
          "pear",
          "lemon"
        ],
        "animal": [
          "cat",
          "dog",
          "rabbit",
          "horse",
          "tiger",
          "bird"
        ],
        "abstract": [
          "justice",
          "truth",
          "logic",
          "language",
          "freedom",
          "memory"
        ]
      },
      "family_summary": {
        "fruit": {
          "n_words": 6,
          "mean_topology_residual_ratio": 0.5430426374077797,
          "max_topology_residual_ratio": 0.8196550607681274,
          "mean_last_token_entropy": 0.5421010016921968
        },
        "animal": {
          "n_words": 6,
          "mean_topology_residual_ratio": 0.48136626556515694,
          "max_topology_residual_ratio": 0.7548961639404297,
          "mean_last_token_entropy": 0.5394323290813536
        },
        "abstract": {
          "n_words": 6,
          "mean_topology_residual_ratio": 0.5209593325853348,
          "max_topology_residual_ratio": 0.767630398273468,
          "mean_last_token_entropy": 0.54001672601416
        }
      },
      "probe_fits": {
        "apple": {
          "family": "fruit",
          "fit": {
            "fruit": {
              "residual_ratio": 0.8196550607681274,
              "delta_top32_energy_ratio": 0.3029491872982211,
              "delta_top128_energy_ratio": 0.5605596685606196
            },
            "animal": {
              "residual_ratio": 0.9934179782867432,
              "delta_top32_energy_ratio": 0.30931570764281335,
              "delta_top128_energy_ratio": 0.5813748690108214
            },
            "abstract": {
              "residual_ratio": 0.9908803701400757,
              "delta_top32_energy_ratio": 0.2977931274336127,
              "delta_top128_energy_ratio": 0.576381016323159
            }
          },
          "supports_family_topology_basis": true
        },
        "cat": {
          "family": "animal",
          "fit": {
            "fruit": {
              "residual_ratio": 0.986133873462677,
              "delta_top32_energy_ratio": 0.3418846602031495,
              "delta_top128_energy_ratio": 0.6145076277871125
            },
            "animal": {
              "residual_ratio": 0.4607835114002228,
              "delta_top32_energy_ratio": 0.21147655278627644,
              "delta_top128_energy_ratio": 0.515302805294001
            },
            "abstract": {
              "residual_ratio": 0.9902499318122864,
              "delta_top32_energy_ratio": 0.25207060544413157,
              "delta_top128_energy_ratio": 0.556544022272078
            }
          },
          "supports_family_topology_basis": true
        },
        "truth": {
          "family": "abstract",
          "fit": {
            "fruit": {
              "residual_ratio": 0.9700767397880554,
              "delta_top32_energy_ratio": 0.27875624885737615,
              "delta_top128_energy_ratio": 0.5422188301093891
            },
            "animal": {
              "residual_ratio": 0.9884053468704224,
              "delta_top32_energy_ratio": 0.26410351180747094,
              "delta_top128_energy_ratio": 0.5350022688204392
            },
            "abstract": {
              "residual_ratio": 0.4838979244232178,
              "delta_top32_energy_ratio": 0.2382378896732862,
              "delta_top128_energy_ratio": 0.5055015459597837
            }
          },