{
  "meta": {
    "timestamp": "2026-03-10 12:42:40",
    "runtime_sec": 0.26981067657470703,
    "row_count": 82,
    "constraint_row_count_template": 21,
    "source_files": [
      "semantic_4d_confidence_vector_domain_correction_20260310.json",
      "dnn_brain_puzzle_bridge_20260308.json",
      "d_problem_atlas_summary_20260309.json",
      "real_task_driven_two_layer_unified_law_20260310.json"
    ]
  },
  "baseline_semantic_4d_vector": {
    "mean_absolute_gap": 0.00021813308450423162,
    "score_correlation": 0.9999942498044206,
    "brain_mean_gap": 7.806443201058277e-05,
    "d_mean_gap": 0.0008896560079085548,
    "real_task_mean_gap": 0.00014741022225079706,
    "held_out_mean_gap": 0.0017298387064696157,
    "held_out_score_correlation": 0.9971874317818846,
    "brain_held_out_gap": 0.057148493002768974,
    "d_held_out_gap": 0.0019906676966172966,
    "real_task_held_out_gap": 0.0001614506437782245,
    "gap_improvement_vs_scalar": 0.009880295130787859,
    "corr_improvement_vs_scalar": 0.004784137873226291,
    "gap_delta_vs_larger_baseline": 0.0005469114138842146,
    "corr_delta_vs_larger_baseline": -0.002044300126214371
  },
  "brain_constraint_expansion_leave_one_out": {
    "mean_held_out_gap": 0.002598551807159222,
    "held_out_score_correlation": 0.9963961723202488,
    "brain_held_out_gap": 0.06488000451161924,
    "d_held_out_gap": 0.009194587650266088,
    "real_task_held_out_gap": 0.00013561858280123615,
    "mean_constraint_count": 20.829268292682926,
    "pass": true
  },
  "constraint_mix": {
    "component_focus_rows": 14,
    "component_aggregate_rows": 7
  },
  "sample_constraints": [
    {
      "row_id": "brain::gpt2::component_focus::0",
      "subdomain": "gpt2_component_0",
      "reference_score": 0.7536430818742736,
      "constraint_kind": "component_focus",
      "source_brain_rows": [
        "brain::gpt2"
      ]
    },
    {
      "row_id": "brain::gpt2::component_focus::1",
      "subdomain": "gpt2_component_1",
      "reference_score": 0.6313353773228524,
      "constraint_kind": "component_focus",
      "source_brain_rows": [
        "brain::gpt2"
      ]
    },
    {
      "row_id": "brain::gpt2::component_focus::2",
      "subdomain": "gpt2_component_2",
      "reference_score": 0.684602572989609,
      "constraint_kind": "component_focus",
      "source_brain_rows": [
        "brain::gpt2"
      ]
    },
    {
      "row_id": "brain::gpt2::component_focus::3",
      "subdomain": "gpt2_component_3",
      "reference_score": 0.6706736070913184,
      "constraint_kind": "component_focus",
      "source_brain_rows": [
        "brain::gpt2"
      ]
    },
    {
      "row_id": "brain::gpt2::component_focus::4",
      "subdomain": "gpt2_component_4",
      "reference_score": 0.8777396853899369,
      "constraint_kind": "component_focus",
      "source_brain_rows": [
        "brain::gpt2"
      ]
    },
    {
      "row_id": "brain::gpt2::component_focus::5",
      "subdomain": "gpt2_component_5",
      "reference_score": 0.7869808632646084,
      "constraint_kind": "component_focus",
      "source_brain_rows": [
        "brain::gpt2"
      ]
    },
    {
      "row_id": "brain::gpt2::component_focus::6",
      "subdomain": "gpt2_component_6",
      "reference_score": 0.8313481441283554,
      "constraint_kind": "component_focus",
      "source_brain_rows": [
        "brain::gpt2"
      ]
    },
    {
      "row_id": "brain::qwen3_4b::component_focus::0",
      "subdomain": "qwen3_4b_component_0",
      "reference_score": 0.7545553545565469,
      "constraint_kind": "component_focus",
      "source_brain_rows": [
        "brain::qwen3_4b"
      ]
    }
  ],
  "improvement": {
    "mean_gap_improvement": -0.0008687131006896063,
    "brain_gap_improvement": -0.007731511508850264,
    "d_gap_improvement": -0.0072039199536487915,
    "real_task_gap_improvement": 2.5832060976988344e-05,
    "corr_improvement": -0.0007912594616358293
  },
  "project_readout": {
    "summary": "这一步不做噪声扩增，而是把脑侧桥接结果系统拆成组件聚焦约束和跨模型聚合约束，测试 4D 骨架 + 3D 修正是否能在更厚的脑侧候选面上继续稳定。",
    "current_stage": "脑侧候选约束系统扩展",
    "next_question": "如果系统化脑侧约束也能稳定压低 brain held-out gap，下一步就该扩张脑侧候选覆盖面，而不是继续改主骨架。"
  }
}