{
  "meta": {
    "timestamp": "2026-03-10 09:48:25",
    "runtime_sec": 12.231123685836792,
    "row_count": 80,
    "modalities": [
      "full",
      "visual",
      "tactile",
      "language"
    ]
  },
  "confidence_dimension_scan": {
    "1": {
      "loop_rank": 3,
      "interface_dim": 1,
      "mean_absolute_gap": 0.007715535911118482,
      "score_correlation": 0.9566363598962812,
      "modality_mean_gap": {
        "full": 0.010539977830898472,
        "visual": 0.00826228347099521,
        "tactile": 0.0057657912803942115,
        "language": 0.006294091062186033
      },
      "mean_held_out_gap": 0.008521587084858537,
      "held_out_score_correlation": 0.9458766567631905,
      "modality_held_out_gap": {
        "full": 0.011721300478388536,
        "visual": 0.009117553691210742,
        "tactile": 0.006396323183485814,
        "language": 0.006851170986349056
      }
    },
    "2": {
      "loop_rank": 4,
      "interface_dim": 2,
      "mean_absolute_gap": 0.006303650289302329,
      "score_correlation": 0.9669408602789675,
      "modality_mean_gap": {
        "full": 0.010445538994143225,
        "visual": 0.005431839085505511,
        "tactile": 0.004948511348380971,
        "language": 0.004388711729179609
      },
      "mean_held_out_gap": 0.007355374427855646,
      "held_out_score_correlation": 0.9556219437598571,
      "modality_held_out_gap": {
        "full": 0.011703050663487544,
        "visual": 0.006609122468111769,
        "tactile": 0.0059847507354663905,
        "language": 0.005124573844356881
      }
    },
    "3": {
      "loop_rank": 4,
      "interface_dim": 3,
      "mean_absolute_gap": 0.006068854276385776,
      "score_correlation": 0.9683410852586873,
      "modality_mean_gap": {
        "full": 0.010469654281239263,
        "visual": 0.005151684265653891,
        "tactile": 0.004186039532246294,
        "language": 0.004468039026403655
      },
      "mean_held_out_gap": 0.007412505199311079,
      "held_out_score_correlation": 0.9548577798875596,
      "modality_held_out_gap": {
        "full": 0.011764917627445446,
        "visual": 0.006800325300479462,
        "tactile": 0.005483187845343032,
        "language": 0.005601590023976371
      }
    },
    "4": {
      "loop_rank": 3,
      "interface_dim": 4,
      "mean_absolute_gap": 0.004645054610256556,
      "score_correlation": 0.9746400686310508,
      "modality_mean_gap": {
        "full": 0.010457573900611269,
        "visual": 0.002769351253361127,
        "tactile": 0.0022619541891659156,
        "language": 0.003091339097887913
      },
      "mean_held_out_gap": 0.005592584049864301,
      "held_out_score_correlation": 0.9665057809064695,
      "modality_held_out_gap": {
        "full": 0.011663585886676195,
        "visual": 0.00354325254215202,
        "tactile": 0.0029798954348845023,
        "language": 0.004183602335744488
      }
    },
    "5": {
      "loop_rank": 3,
      "interface_dim": 5,
      "mean_absolute_gap": 0.004591711374078268,
      "score_correlation": 0.9747888747278572,
      "modality_mean_gap": {
        "full": 0.010459201271977858,
        "visual": 0.002806148009192136,
        "tactile": 0.0019849305954494356,
        "language": 0.0031165656196936453
      },
      "mean_held_out_gap": 0.005597614958833205,
      "held_out_score_correlation": 0.9663387485136543,
      "modality_held_out_gap": {
        "full": 0.01168070226702934,
        "visual": 0.003668429879008442,
        "tactile": 0.002768827395928375,
        "language": 0.004272500293366663
      }
    }
  },
  "winner": "4",
  "hypotheses": {
    "H1_one_dim_suffices": false,
    "H2_two_dims_or_less_suffice": false,
    "H3_confidence_interface_is_low_dim": false
  },
  "project_readout": {
    "summary": "如果最优维度不高，就说明共享中央回路输出给原型位置壳的最小接口，确实可能是一个很小的置信状态，而不是高维内容向量。",
    "next_question": "这个低维置信状态能否同时稳定支撑多模态统一回路、真实任务收益、D 问题和脑侧候选约束？"
  }
}