{
  "meta": {
    "timestamp": "2026-03-10 07:43:05",
    "runtime_sec": 2.81554913520813,
    "row_count": 80,
    "modalities": [
      "full",
      "visual",
      "tactile",
      "language"
    ]
  },
  "baselines": {
    "fully_shared_law": {
      "ridge_lambda": 0.0,
      "mean_held_out_gap": 0.004086571524770123,
      "held_out_score_correlation": 0.989871776957046,
      "modality_held_out_gap": {
        "full": 0.005158750930609801,
        "visual": 0.0044417860368518025,
        "tactile": 0.003350906324167896,
        "language": 0.0033948428074509927
      }
    },
    "parameterized_shared_law": {
      "ridge_lambda": 0.001,
      "mean_held_out_gap": 0.004092911812040476,
      "held_out_score_correlation": 0.9904594027402513,
      "modality_held_out_gap": {
        "full": 0.005199071373177463,
        "visual": 0.004299701994725883,
        "tactile": 0.0027761732305105593,
        "language": 0.004096700649748
      }
    }
  },
  "placements": {
    "input_shell": {
      "loop_rank": 4,
      "mean_held_out_gap": 0.02580763406812271,
      "held_out_score_correlation": 0.44776216532808444,
      "modality_held_out_gap": {
        "full": 0.050438737961995564,
        "visual": 0.02945937952676882,
        "tactile": 0.007928112325865364,
        "language": 0.015404306457861084
      }
    },
    "internal_loop_shell": {
      "loop_rank": 3,
      "mean_held_out_gap": 0.008858479399233659,
      "held_out_score_correlation": 0.938924270544559,
      "modality_held_out_gap": {
        "full": 0.012122169921154207,
        "visual": 0.009842199984983558,
        "tactile": 0.0065365309046372805,
        "language": 0.006933016786159593
      }
    },
    "output_shell": {
      "loop_rank": 3,
      "mean_held_out_gap": 0.008590492067289016,
      "held_out_score_correlation": 0.9508584785134211,
      "modality_held_out_gap": {
        "full": 0.011813494027042449,
        "visual": 0.007768512619571438,
        "tactile": 0.007190091697143866,
        "language": 0.007589869925398313
      }
    }
  },
  "winner": "output_shell",
  "hypotheses": {
    "H1_output_beats_internal": true,
    "H2_output_beats_input": true,
    "H3_shell_is_not_purely_internal": true
  },
  "project_readout": {
    "summary": "如果输出壳或输入壳明显优于内部参数壳，就说明模态差异更像围绕统一回路的壳层，而不是中央回路内部本身。",
    "next_question": "最强壳层是否还能继续细分成输入投影壳与输出标定壳两层？"
  }
}