{
  "meta": {
    "timestamp": "2026-03-09 23:24:22",
    "runtime_sec": 0.48130011558532715,
    "dataset_size": 12
  },
  "law_form": {
    "z_state": "tanh(alpha * (stabilization - routing) + beta * (adaptive_offset - 0.5) + bias)",
    "phase_gate": "sigmoid(gate_temp * z_state)",
    "effective_offset": "adaptive_offset + route_weight * routing * (1 - adaptive_offset) - stabilize_weight * (1 - stabilization) * adaptive_offset",
    "calibrated_score": "mean(base, effective_offset, routing, stabilization) + cal_shift * phase_gate + cal_scale * (effective_offset - adaptive_offset)"
  },
  "phase_gated_baseline": {
    "internal_route_gain": 2.0,
    "grounding_stabilize_drag": 2.0,
    "gate_temp": 2.0,
    "gate_bias": 0.4,
    "mean_absolute_gap": 0.11945725212716195,
    "score_correlation": 0.9522580818834951,
    "bridge_mean_gap": 0.10398806291351512,
    "d_mean_gap": 0.12719184673398537,
    "gap_improvement_vs_fixed": -0.03215076680707307,
    "correlation_improvement_vs_fixed": 0.2323530160282996,
    "pass": false
  },
  "state_variable_law": {
    "internal_route_gain": 2.0,
    "grounding_stabilize_drag": 2.0,
    "gate_temp": 2.0,
    "alpha": 1.0,
    "beta": 0.0,
    "bias": 0.3,
    "cal_shift": -0.2,
    "cal_scale": 0.2,
    "mean_absolute_gap": 0.06703142765255023,
    "score_correlation": 0.798587667207345,
    "bridge_mean_gap": 0.18585612419776115,
    "d_mean_gap": 0.007619079379944778,
    "gap_improvement_vs_phase_gated": 0.05242582447461172,
    "correlation_improvement_vs_phase_gated": -0.15367041467615017,
    "pass": false
  },
  "rows": [
    {
      "row_id": "gpt2_dnn_bridge",
      "source_type": "bridge",
      "base": 0.7379788463238593,
      "adaptive_offset": 0.4852941276936983,
      "routing": 0.690754572240551,
      "stabilization": 0.8489537037037037,
      "reference_score": 0.8098302379807074,
      "z_state": 0.4286153177854423,
      "phase_gate": 0.7020817302016882,
      "route_weight": 0.5958365395966236,
      "stabilize_weight": 1.4041634604033764,
      "effective_offset": 0.5942073084614535,
      "raw_score": 0.7179736076823918,
      "calibrated_score": 0.5993398977956051,
      "absolute_gap": 0.21049034018510226
    },
    {
      "row_id": "qwen3_4b_dnn_bridge",
      "source_type": "bridge",
      "base": 0.7365749099089316,
      "adaptive_offset": 0.7812716598712128,
      "routing": 0.6782684023342546,
      "stabilization": 0.8489537037037037,
      "reference_score": 0.8152893551778044,
      "z_state": 0.4387528592503306,
      "phase_gate": 0.7063050781733745,
      "route_weight": 0.587389843653251,
      "stabilize_weight": 1.412610156346749,
      "effective_offset": 0.7017152054101206,
      "raw_score": 0.7413780553392526,
      "calibrated_score": 0.5842057488123592,
      "absolute_gap": 0.23108360636544523
    },
    {
      "row_id": "qwen3_4b_mechanism_bridge",
      "source_type": "bridge",
      "base": 0.7135909344154158,
      "adaptive_offset": 0.41531722476826505,
      "routing": 0.9394199162221861,
      "stabilization": 0.398061167227834,
      "reference_score": 0.7531501201677545,
      "z_state": -0.23677873337586341,
      "phase_gate": 0.3837745853051064,
      "route_weight": 1.2324508293897871,
      "stabilize_weight": 0.7675491706102128,
      "effective_offset": 0.9003725366183917,
      "raw_score": 0.7378611386209569,
      "calibrated_score": 0.758117283929961,
      "absolute_gap": 0.004967163762206517
    },
    {
      "row_id": "deepseek_7b_mechanism_bridge",
      "source_type": "bridge",
      "base": 0.9701116557734204,
      "adaptive_offset": 0.7905731280758181,
      "routing": 0.8909933271922417,
      "stabilization": 0.398061167227834,
      "reference_score": 0.9041073210652278,
      "z_state": -0.19057344668416418,
      "phase_gate": 0.4058503101393551,
      "route_weight": 1.1882993797212897,
      "stabilize_weight": 0.8117006202787101,
      "effective_offset": 0.6260379659591064,
      "raw_score": 0.7213010290381506,
      "calibrated_score": 0.6072239345869372,
      "absolute_gap": 0.2968833864782906
    },
    {
      "row_id": "residual_gate",
      "source_type": "D",
      "base": 0.7895640866054068,
      "adaptive_offset": 0.5428240740740741,
      "routing": 0.6432028619528619,
      "stabilization": 0.6003787878787878,
      "reference_score": 0.48737373737373735,
      "z_state": 0.25165218945365814,
      "phase_gate": 0.623235557703668,
      "route_weight": 0.753528884592664,
      "stabilize_weight": 1.246471115407336,
      "effective_offset": 0.49401489653914055,
      "raw_score": 0.6317901582440493,
      "calibrated_score": 0.49738121119632894,
      "absolute_gap": 0.010007473822591595
    },
    {
      "row_id": "bayes_consolidation",
      "source_type": "D",
      "base": 0.7895640866054068,
      "adaptive_offset": 0.6655092592592593,
      "routing": 0.6806607744107744,
      "stabilization": 0.5151515151515151,
      "reference_score": 0.48737373737373735,
      "z_state": 0.1336856861752005,
      "phase_gate": 0.5664474672505354,
      "route_weight": 0.8671050654989292,
      "stabilize_weight": 1.1328949345010708,
      "effective_offset": 0.4973746498555063,
      "raw_score": 0.6206877565058007,
      "calibrated_score": 0.47377134117494296,
      "absolute_gap": 0.013602396198794386
    },
    {
      "row_id": "learned_controller",
      "source_type": "D",
      "base": 0.7895640866054068,
      "adaptive_offset": 0.36979166666666663,
      "routing": 0.5610795454545454,
      "stabilization": 0.6912878787878788,
      "reference_score": 0.48737373737373735,
      "z_state": 0.4054954012022187,
      "phase_gate": 0.6923205980908822,
      "route_weight": 0.6153588038182356,
      "stabilize_weight": 1.3846411961817644,
      "effective_offset": 0.4293112073662195,
      "raw_score": 0.6178106795535127,
      "calibrated_score": 0.4912504680752468,
      "absolute_gap": 0.0038767307015094565
    },
    {
      "row_id": "two_phase",
      "source_type": "D",
      "base": 0.7895640866054068,
      "adaptive_offset": 1.0,
      "routing": 1.0,
      "stabilization": 0.15625,
      "reference_score": 0.47285353535353536,
      "z_state": -0.4958213260912745,
      "phase_gate": 0.27058774521093915,
      "route_weight": 1.4588245095781218,
      "stabilize_weight": 0.5411754904218783,
      "effective_offset": 0.5433831799565402,
      "raw_score": 0.6222993166404868,
      "calibrated_score": 0.476858403589607,
      "absolute_gap": 0.004004868236071657
    },
    {
      "row_id": "three_phase",
      "source_type": "D",
      "base": 0.7895640866054068,
      "adaptive_offset": 1.0,
      "routing": 1.0,
      "stabilization": 0.15625,
      "reference_score": 0.47285353535353536,
      "z_state": -0.4958213260912745,
      "phase_gate": 0.27058774521093915,
      "route_weight": 1.4588245095781218,
      "stabilize_weight": 0.5411754904218783,
      "effective_offset": 0.5433831799565402,
      "raw_score": 0.6222993166404868,
      "calibrated_score": 0.476858403589607,
      "absolute_gap": 0.004004868236071657
    },
    {
      "row_id": "base_offset",
      "source_type": "D",
      "base": 0.7895640866054068,
      "adaptive_offset": 1.0,
      "routing": 1.0,
      "stabilization": 0.14267676767676768,
      "reference_score": 0.47811447811447816,
      "z_state": -0.5059886817930837,
      "phase_gate": 0.26659305587147053,
      "route_weight": 1.466813888257059,
      "stabilize_weight": 0.5331861117429411,
      "effective_offset": 0.5428871592506856,
      "raw_score": 0.6187820033832151,
      "calibrated_score": 0.47404082405905806,
      "absolute_gap": 0.004073654055420095
    },
    {
      "row_id": "offset_stabilization",
      "source_type": "D",
      "base": 0.7895640866054068,
      "adaptive_offset": 1.0,
      "routing": 1.0,
      "stabilization": 0.14267676767676768,
      "reference_score": 0.47811447811447816,
      "z_state": -0.5059886817930837,