{
  "meta": {
    "timestamp": "2026-03-09 23:19:06",
    "runtime_sec": 0.02352118492126465,
    "source_law": "unified_update_law_candidate_20260309.json",
    "source_d": "d_problem_atlas_summary_20260309.json"
  },
  "factorization": {
    "base_anchor": 0.7895640866054068,
    "adaptive_offset": "0.5 + novel_gain",
    "routing": "0.5 + dual_score",
    "stabilization": "0.5 + retention_gain",
    "reference_score": "0.5 + overall_gain"
  },
  "transfer_law": {
    "route_gain": 1.3,
    "stabilize_drag": 0.0,
    "mean_absolute_gap": 0.2477871287980319,
    "score_correlation": -0.5727508159532201
  },
  "fitted_d_law": {
    "route_gain": 0.0,
    "stabilize_drag": 2.0,
    "mean_absolute_gap": 0.024902222161955416,
    "score_correlation": 0.8317800405973598,
    "gap_improvement_vs_transfer": 0.2228849066360765,
    "correlation_improvement_vs_transfer": 1.4045308565505799,
    "pass": true
  },
  "methods": [
    {
      "method": "residual_gate",
      "base": 0.7895640866054068,
      "adaptive_offset": 0.5428240740740741,
      "routing": 0.6432028619528619,
      "stabilization": 0.6003787878787878,
      "novel_gain": 0.04282407407407407,
      "retention_gain": 0.10037878787878785,
      "overall_gain": -0.012626262626262652,
      "dual_positive_count": 29,
      "reference_score": 0.48737373737373735,
      "dual_score": 0.14320286195286192,
      "fixed_point_type": "dual_positive",
      "predicted_score": 0.5355304454027545,
      "effective_offset": 0.10897604517396181,
      "absolute_gap": 0.04815670802901717
    },
    {
      "method": "bayes_consolidation",
      "base": 0.7895640866054068,
      "adaptive_offset": 0.6655092592592593,
      "routing": 0.6806607744107744,
      "stabilization": 0.5151515151515151,
      "novel_gain": 0.16550925925925924,
      "retention_gain": 0.015151515151515138,
      "overall_gain": -0.012626262626262652,
      "dual_positive_count": 30,
      "reference_score": 0.48737373737373735,
      "dual_score": 0.18066077441077438,
      "fixed_point_type": "dual_positive",
      "predicted_score": 0.5013858308544943,
      "effective_offset": 0.020166947250280565,
      "absolute_gap": 0.014012093480756938
    },
    {
      "method": "learned_controller",
      "base": 0.7895640866054068,
      "adaptive_offset": 0.36979166666666663,
      "routing": 0.5610795454545454,
      "stabilization": 0.6912878787878788,
      "novel_gain": -0.13020833333333334,
      "retention_gain": 0.19128787878787878,
      "overall_gain": -0.012626262626262652,
      "dual_positive_count": 0,
      "reference_score": 0.48737373737373735,
      "dual_score": 0.06107954545454544,
      "fixed_point_type": "retention_first",
      "predicted_score": 0.5458512094670083,
      "effective_offset": 0.14147332702020202,
      "absolute_gap": 0.05847747209327092
    },
    {
      "method": "two_phase",
      "base": 0.7895640866054068,
      "adaptive_offset": 1.0,
      "routing": 1.0,
      "stabilization": 0.15625,
      "novel_gain": 0.8628472222222222,
      "retention_gain": -0.34375,
      "overall_gain": -0.02714646464646464,
      "dual_positive_count": 0,
      "reference_score": 0.47285353535353536,
      "dual_score": 0.5190972222222222,
      "fixed_point_type": "novel_first",
      "predicted_score": 0.4864535216513517,
      "effective_offset": 0.0,
      "absolute_gap": 0.013599986297816336
    },
    {
      "method": "three_phase",
      "base": 0.7895640866054068,
      "adaptive_offset": 1.0,
      "routing": 1.0,
      "stabilization": 0.15625,
      "novel_gain": 0.8628472222222222,
      "retention_gain": -0.34375,
      "overall_gain": -0.02714646464646464,
      "dual_positive_count": 0,
      "reference_score": 0.47285353535353536,
      "dual_score": 0.5190972222222222,
      "fixed_point_type": "novel_first",
      "predicted_score": 0.4864535216513517,
      "effective_offset": 0.0,
      "absolute_gap": 0.013599986297816336
    },
    {
      "method": "base_offset",
      "base": 0.7895640866054068,
      "adaptive_offset": 1.0,
      "routing": 1.0,
      "stabilization": 0.14267676767676768,
      "novel_gain": 0.8645833333333333,
      "retention_gain": -0.3573232323232323,
      "overall_gain": -0.02188552188552184,
      "dual_positive_count": 0,
      "reference_score": 0.47811447811447816,
      "dual_score": 0.507260101010101,
      "fixed_point_type": "novel_first",
      "predicted_score": 0.48306021357054363,
      "effective_offset": 0.0,
      "absolute_gap": 0.00494573545606547
    },
    {
      "method": "offset_stabilization",
      "base": 0.7895640866054068,
      "adaptive_offset": 1.0,
      "routing": 1.0,
      "stabilization": 0.14267676767676768,
      "novel_gain": 0.8645833333333333,
      "retention_gain": -0.3573232323232323,
      "overall_gain": -0.02188552188552184,
      "dual_positive_count": 0,
      "reference_score": 0.47811447811447816,
      "dual_score": 0.507260101010101,
      "fixed_point_type": "novel_first",
      "predicted_score": 0.48306021357054363,
      "effective_offset": 0.0,
      "absolute_gap": 0.00494573545606547
    },
    {
      "method": "multistage",
      "base": 0.7895640866054068,
      "adaptive_offset": 0.37037037037037035,
      "routing": 0.5420875420875422,
      "stabilization": 0.6717171717171717,
      "novel_gain": -0.12962962962962965,
      "retention_gain": 0.17171717171717177,
      "overall_gain": -0.008838383838383812,
      "dual_positive_count": 0,
      "reference_score": 0.4911616161616162,
      "dual_score": 0.04208754208754212,
      "fixed_point_type": "retention_first",
      "predicted_score": 0.5326416763464509,
      "effective_offset": 0.12719790497568273,
      "absolute_gap": 0.04148006018483469
    }
  ],
  "project_readout": {
    "current_verdict": "统一更新律在 D 上仍然有组织力，但需要更强的 stabilization 项。也就是说，同一条小律可以迁移，但 D 上的最佳系数已经偏向稳定化。",
    "next_question": "能否把 D 的固定点切换写成 adaptive_offset 的状态依赖稳定化项，而不是继续加新模块？"
  }
}