{
  "key_layers": [
    0,
    6,
    12,
    18,
    24,
    30,
    35
  ],
  "real_cos_diff": {
    "('polarity', 'tense', 0)": -0.03260231018066406,
    "('polarity', 'semantic', 0)": -0.015666421502828598,
    "('tense', 'semantic', 0)": 0.05015060305595398,
    "('polarity', 'tense', 6)": -0.03069569356739521,
    "('polarity', 'semantic', 6)": 0.026873879134655,
    "('tense', 'semantic', 6)": 0.03568973392248154,
    "('polarity', 'tense', 12)": -0.021245475858449936,
    "('polarity', 'semantic', 12)": 0.016460996121168137,
    "('tense', 'semantic', 12)": 0.06643730401992798,
    "('polarity', 'tense', 18)": 0.012797694653272629,
    "('polarity', 'semantic', 18)": 0.0108669213950634,
    "('tense', 'semantic', 18)": 0.06865731626749039,
    "('polarity', 'tense', 24)": 0.016682500019669533,
    "('polarity', 'semantic', 24)": 0.00026217103004455566,
    "('tense', 'semantic', 24)": -0.015124160796403885,
    "('polarity', 'tense', 30)": -0.0006300860550254583,
    "('polarity', 'semantic', 30)": 0.015336510725319386,
    "('tense', 'semantic', 30)": -0.02565315179526806,
    "('polarity', 'tense', 35)": 0.006580905988812447,
    "('polarity', 'semantic', 35)": -0.0011159684509038925,
    "('tense', 'semantic', 35)": -0.07270322740077972
  },
  "random_cos_diff": {
    "0": {
      "mean": -0.017594923451542854,
      "std": 0.11525870480046627,
      "max_abs": 0.18387562036514282,
      "values": [
        -0.1483,
        -0.1258,
        -0.0122,
        -0.0176,
        -0.0974,
        0.1612,
        0.1839,
        -0.1459,
        -0.0452,
        0.0713
      ]
    },
    "6": {
      "mean": 0.07098507937043905,
      "std": 0.10573297245724815,
      "max_abs": 0.31406843662261963,
      "values": [
        0.0129,
        -0.0225,
        -0.0495,
        0.3141,
        0.0947,
        -0.0326,
        0.075,
        0.0963,
        0.0367,
        0.1848
      ]
    },
    "12": {
      "mean": -0.029394353926181793,
      "std": 0.11674685800966741,
      "max_abs": 0.19035930931568146,
      "values": [
        -0.1712,
        -0.0533,
        0.0438,
        -0.1487,
        -0.0008,
        -0.1854,
        0.1904,
        -0.0562,
        0.1184,
        -0.0308
      ]
    },
    "18": {
      "mean": -0.0216248276643455,
      "std": 0.09750980805230748,
      "max_abs": 0.19724366068840027,
      "values": [
        -0.0795,
        0.0141,
        -0.0372,
        0.0462,
        0.0554,
        -0.1226,
        0.1972,
        -0.0601,
        -0.0783,
        -0.1515
      ]
    },
    "24": {
      "mean": -0.04855171991512179,
      "std": 0.1670129702791331,
      "max_abs": 0.28332042694091797,
      "values": [
        -0.2833,
        0.0818,
        -0.2069,
        0.2228,
        -0.1187,
        -0.0037,
        -0.1851,
        -0.1798,
        -0.0179,
        0.2052
      ]
    },
    "30": {
      "mean": -0.022419589292258024,
      "std": 0.07536714854892279,
      "max_abs": 0.15180882811546326,
      "values": [
        -0.0399,
        0.0736,
        0.0738,
        -0.001,
        -0.0013,
        -0.0728,
        -0.0494,
        0.0647,
        -0.12,
        -0.1518
      ]
    },
    "35": {
      "mean": -0.027833847887814046,
      "std": 0.10814703915748493,
      "max_abs": 0.21728220582008362,
      "values": [
        0.0615,
        -0.0852,
        0.0036,
        0.0007,
        -0.1893,
        -0.0318,
        0.0897,
        -0.0487,
        0.1384,
        -0.2173
      ]
    }
  },
  "real_vs_random": {
    "('polarity', 0)": {
      "mean": 0.004101043194532394,
      "std": 0.10482991025610383,
      "max_abs": 0.1891791820526123
    },
    "('tense', 0)": {
      "mean": -0.019066276401281355,
      "std": 0.03414221123066075,
      "max_abs": 0.06227600574493408
    },
    "('semantic', 0)": {
      "mean": -0.008307966217398644,
      "std": 0.030811324425965035,
      "max_abs": 0.0423961877822876
    },
    "('polarity', 6)": {
      "mean": -0.13680724799633026,
      "std": 0.19058795068118572,
      "max_abs": 0.43737316131591797
    },
    "('tense', 6)": {
      "mean": 0.014019438996911049,
      "std": 0.04384079926653572,
      "max_abs": 0.06384184956550598
    },
    "('semantic', 6)": {
      "mean": 0.006208776542916894,
      "std": 0.04510909266874413,
      "max_abs": 0.07916189730167389
    },
    "('polarity', 12)": {
      "mean": -0.007614829204976558,
      "std": 0.2239691827343779,
      "max_abs": 0.35295769572257996
    },
    "('tense', 12)": {
      "mean": 0.014824830181896686,
      "std": 0.0324118459875137,
      "max_abs": 0.05414929986000061
    },
    "('semantic', 12)": {
      "mean": 0.05932949632406235,
      "std": 0.06724222624896498,
      "max_abs": 0.12910090386867523
    },
    "('polarity', 18)": {
      "mean": 0.011811995878815651,
      "std": 0.15657614208912993,
      "max_abs": 0.21256616711616516
    },
    "('tense', 18)": {
      "mean": -0.005169574171304703,
      "std": 0.024370816270908827,
      "max_abs": 0.03151796758174896
    },
    "('semantic', 18)": {
      "mean": 0.018676406145095824,
      "std": 0.09693161806820691,
      "max_abs": 0.15452155470848083
    },
    "('polarity', 24)": {
      "mean": -0.0012562481686472892,
      "std": 0.06286104593352916,
      "max_abs": 0.11211355030536652
    },
    "('tense', 24)": {
      "mean": -0.008767494186758994,
      "std": 0.051938787333413235,
      "max_abs": 0.08333908021450043
    },
    "('semantic', 24)": {
      "mean": 0.03912130668759346,
      "std": 0.08565357908411343,
      "max_abs": 0.15034595131874084
    },
    "('polarity', 30)": {
      "mean": 0.00592762678861618,
      "std": 0.1689754258044317,
      "max_abs": 0.23192214965820312
    },
    "('tense', 30)": {
      "mean": 0.0074250616133213045,
      "std": 0.059094286185838195,
      "max_abs": 0.07947389781475067
    },
    "('semantic', 30)": {
      "mean": -0.029208125174045564,
      "std": 0.11704867632346852,
      "max_abs": 0.18469882011413574
    },
    "('polarity', 35)": {
      "mean": 0.07641425728797913,
      "std": 0.20811169422195228,
      "max_abs": 0.3169819414615631
    },
    "('tense', 35)": {
      "mean": 0.02796546183526516,
      "std": 0.02833207198407285,
      "max_abs": 0.05904000625014305
    },
    "('semantic', 35)": {
      "mean": -0.15435659438371657,
      "std": 0.12381362867888235,
      "max_abs": 0.26912927627563477
    }
  }
}