{
  "target_layer": 18,
  "n_samples": 320,
  "n_permutations": 200,
  "real": {
    "dim_90": 1651,
    "dim_90_pct": 0.645,
    "gini": 0.41319834373713693
  },
  "permutation": {
    "mean_gini": 0.4192702377844587,
    "std_gini": 0.004887698630173973,
    "mean_dim90": 1648.11,
    "std_dim90": 11.18784608403244,
    "mean_dim90_pct": 0.644,
    "gini_pvalue": 0.89,
    "dim90_pvalue": 0.625
  },
  "z_scores": {
    "gini_z": -1.2422807760358285,
    "dim90_z": 0.25831603136950343
  },
  "principal_angles": {
    "real_pol_tense": {
      "10": {
        "min_angle": 90.0,
        "mean_angle": 90.0
      },
      "20": {
        "min_angle": 90.0,
        "mean_angle": 90.0
      }
    },
    "random_mean": {
      "10": 87.56756756756756,
      "20": 82.70270270270271
    },
    "random_std": {
      "10": 14.594594594594591,
      "20": 24.56636336358343
    }
  }
}