{
  "experiment": "P547",
  "model": "deepseek7b",
  "alpha_fit": 0.0673045089419905,
  "c_fit": 0.0939792957818084,
  "avg_beta_power": 1.4436468166476242,
  "r2_uniform": 0.4181459732347238,
  "r2_powerlaw": 0.2115942420975757,
  "r2_exp": -13.693270561893273,
  "r2_spectrum": -0.02833947094742162,
  "best_model": "均匀分布"
}