{
  "experiment": "P547",
  "model": "glm4",
  "alpha_fit": 0.179186839920948,
  "c_fit": 1.11100268410095,
  "avg_beta_power": 1.2988957207572929,
  "r2_uniform": -0.73607287656798,
  "r2_powerlaw": 0.5719429019698048,
  "r2_exp": -1.6967568920949923,
  "r2_spectrum": 0.6820508620295467,
  "best_model": "频谱幂律"
}