{
  "experiment": "P547",
  "model": "qwen3",
  "alpha_fit": 0.27177933832258144,
  "c_fit": 0.674654579028703,
  "avg_beta_power": 0.8970251970971391,
  "r2_uniform": 0.4742561719658872,
  "r2_powerlaw": 0.7360963091750583,
  "r2_exp": -1.3151437696842079,
  "r2_spectrum": 0.7826587187494531,
  "best_model": "频谱幂律"
}