{
  "experiment": "P548",
  "model": "deepseek7b",
  "beta_powerlaw": 0.8393137847448997,
  "r2_powerlaw": 0.3336029549354935,
  "beta_early": 1.7614508682767938,
  "beta_late": 0.9189757543568808,
  "beta_truncated": 0.8393137930112964,
  "L_truncated": 4123472650045.0625,
  "r2_truncated": 0.33360295493527925,
  "avg_spectra_corr": 0.8103456022876402
}