{
  "experiment": "P548",
  "model": "glm4",
  "beta_powerlaw": 0.8402604599384313,
  "r2_powerlaw": 0.4487279502348942,
  "beta_early": 0.6267681992727671,
  "beta_late": 0.6622063184337084,
  "beta_truncated": 0.8402607495408105,
  "L_truncated": 3992306877128.5674,
  "r2_truncated": 0.44872795023402356,
  "avg_spectra_corr": 0.7954674093825468
}