{
  "experiment": "P548",
  "model": "qwen3",
  "beta_powerlaw": 0.5460464363971973,
  "r2_powerlaw": 0.24828246326413594,
  "beta_early": 0.6679042253177919,
  "beta_late": 0.5581396397001592,
  "beta_truncated": 0.5318661942757873,
  "L_truncated": 3789.530728620446,
  "r2_truncated": 0.24832824737028436,
  "avg_spectra_corr": 0.5885538932253743
}