{
  "experiment": "P549",
  "model": "glm4",
  "avg_gamma_h_corr": -0.048514991464515385,
  "corr_ratio50": -0.7423218002299997,
  "avg_ratio50_gamma": 0.6925927864180671,
  "avg_ratio50_h": 0.8989999360508389,
  "gamma_spectra": {
    "0": {
      "ratio_50_input": 0.7304714918136597,
      "PR_input": 0.6292185187339783,
      "ratio_50_post": 0.6869063377380371,
      "PR_post": 0.6689047813415527
    },
    "5": {
      "ratio_50_input": 0.7139708399772644,
      "PR_input": 0.6550648212432861,
      "ratio_50_post": 0.6817111372947693,
      "PR_post": 0.6800869107246399
    },
    "10": {
      "ratio_50_input": 0.6881277561187744,
      "PR_input": 0.6766163110733032,
      "ratio_50_post": 0.6846774220466614,
      "PR_post": 0.6764277219772339
    },
    "15": {
      "ratio_50_input": 0.6863401532173157,
      "PR_input": 0.6750109791755676,
      "ratio_50_post": 0.684869110584259,
      "PR_post": 0.6758159399032593
    },
    "20": {
      "ratio_50_input": 0.6890491843223572,
      "PR_input": 0.672126293182373,
      "ratio_50_post": 0.6835113763809204,
      "PR_post": 0.6769389510154724
    },
    "25": {
      "ratio_50_input": 0.6878278851509094,
      "PR_input": 0.6718220114707947,
      "ratio_50_post": 0.6829783320426941,
      "PR_post": 0.6764758229255676
    },
    "30": {
      "ratio_50_input": 0.6775504946708679,
      "PR_input": 0.674000084400177,
      "ratio_50_post": 0.6806378364562988,
      "PR_post": 0.6783843636512756
    },
    "35": {
      "ratio_50_input": 0.6774569153785706,
      "PR_input": 0.6704967617988586,
      "ratio_50_post": 0.678587019443512,
      "PR_post": 0.6793622374534607
    },
    "39": {
      "ratio_50_input": 0.6825403571128845,
      "PR_input": 0.680877149105072,
      "ratio_50_post": 0.6783623695373535,
      "PR_post": 0.6730002164840698
    }
  }
}