{
  "experiment": "P549",
  "model": "qwen3",
  "avg_gamma_h_corr": 0.023196803845133444,
  "corr_ratio50": -0.3519451827491493,
  "avg_ratio50_gamma": 0.7477814078330993,
  "avg_ratio50_h": 0.7849735140800476,
  "gamma_spectra": {
    "0": {
      "ratio_50_input": 0.7401604652404785,
      "PR_input": 0.6294333934783936,
      "ratio_50_post": 0.765347957611084,
      "PR_post": 0.6093623042106628
    },
    "4": {
      "ratio_50_input": 0.7499808073043823,
      "PR_input": 0.6155749559402466,
      "ratio_50_post": 0.7679006457328796,
      "PR_post": 0.5947611927986145
    },
    "8": {
      "ratio_50_input": 0.7482854127883911,
      "PR_input": 0.612596869468689,
      "ratio_50_post": 0.7565008997917175,
      "PR_post": 0.6107624173164368
    },
    "12": {
      "ratio_50_input": 0.7504865527153015,
      "PR_input": 0.6119651794433594,
      "ratio_50_post": 0.7547125816345215,
      "PR_post": 0.6073817610740662
    },
    "16": {
      "ratio_50_input": 0.752291738986969,
      "PR_input": 0.6038833856582642,
      "ratio_50_post": 0.745927095413208,
      "PR_post": 0.6141707301139832
    },
    "20": {
      "ratio_50_input": 0.7549096941947937,
      "PR_input": 0.5983369946479797,
      "ratio_50_post": 0.7547408938407898,
      "PR_post": 0.6050122976303101
    },
    "24": {
      "ratio_50_input": 0.7579590678215027,
      "PR_input": 0.6107386350631714,
      "ratio_50_post": 0.7650769352912903,
      "PR_post": 0.6021904349327087
    },
    "28": {
      "ratio_50_input": 0.7434301376342773,
      "PR_input": 0.6079487800598145,
      "ratio_50_post": 0.7656162977218628,
      "PR_post": 0.604984700679779
    },
    "32": {
      "ratio_50_input": 0.7307457327842712,
      "PR_input": 0.6148102879524231,
      "ratio_50_post": 0.7684106230735779,
      "PR_post": 0.6047855019569397
    },
    "35": {
      "ratio_50_input": 0.7495644688606262,
      "PR_input": 0.6042687892913818,
      "ratio_50_post": 0.7524815201759338,
      "PR_post": 0.6247757077217102
    }
  }
}