{
  "experiment": "P549",
  "model": "deepseek7b",
  "avg_gamma_h_corr": -0.02893963466370162,
  "corr_ratio50": 0.34896955214362285,
  "avg_ratio50_gamma": 0.7193466603755951,
  "avg_ratio50_h": 0.9639393866062165,
  "gamma_spectra": {
    "0": {
      "ratio_50_input": 0.7051557898521423,
      "PR_input": 0.6540958285331726,
      "ratio_50_post": 0.6953850388526917,
      "PR_post": 0.6517078876495361
    },
    "3": {
      "ratio_50_input": 0.7212506532669067,
      "PR_input": 0.643430233001709,
      "ratio_50_post": 0.714188814163208,
      "PR_post": 0.6672928333282471
    },
    "6": {
      "ratio_50_input": 0.7155306935310364,
      "PR_input": 0.6375987529754639,
      "ratio_50_post": 0.701433539390564,
      "PR_post": 0.6634300351142883
    },
    "9": {
      "ratio_50_input": 0.7167151570320129,
      "PR_input": 0.6404106616973877,
      "ratio_50_post": 0.7042385935783386,
      "PR_post": 0.6559364199638367
    },
    "12": {
      "ratio_50_input": 0.7256034016609192,
      "PR_input": 0.6263076663017273,
      "ratio_50_post": 0.7116599678993225,
      "PR_post": 0.6437261700630188
    },
    "15": {
      "ratio_50_input": 0.7131907343864441,
      "PR_input": 0.6279892921447754,
      "ratio_50_post": 0.7180023789405823,
      "PR_post": 0.6422443389892578
    },
    "18": {
      "ratio_50_input": 0.7394991517066956,
      "PR_input": 0.6279000043869019,
      "ratio_50_post": 0.7125556468963623,
      "PR_post": 0.6509063839912415
    },
    "21": {
      "ratio_50_input": 0.6942569017410278,
      "PR_input": 0.6696807742118835,
      "ratio_50_post": 0.6911245584487915,
      "PR_post": 0.6626287698745728
    },
    "24": {
      "ratio_50_input": 0.7206977605819702,
      "PR_input": 0.646431028842926,
      "ratio_50_post": 0.6984685063362122,
      "PR_post": 0.6588314771652222
    },
    "27": {
      "ratio_50_input": 0.7415663599967957,
      "PR_input": 0.6179830431938171,
      "ratio_50_post": 0.7184288501739502,
      "PR_post": 0.6415345668792725
    }
  }
}