{
  "experiment": "P550",
  "model": "glm4",
  "avg_wd_PR50": 0.9723929299248589,
  "avg_gamma_ratio50": 0.692596952120463,
  "avg_active_ratio": 0.854393821391485,
  "avg_top10_ratio": 0.05016120171381368,
  "avg_preservation50": 0.8104599217573801,
  "avg_delta_ratio": 1.0936029255390167,
  "stability_score": 0.3161650291333596
}