{
  "experiment": "P550",
  "model": "qwen3",
  "avg_wd_PR50": 0.9767392575740814,
  "avg_gamma_ratio50": 0.7477600872516632,
  "avg_active_ratio": 0.7528371710526316,
  "avg_top10_ratio": 0.0900619849562645,
  "avg_preservation50": 0.6389852516353131,
  "avg_delta_ratio": 1.234976164996624,
  "stability_score": 0.3000136132538319
}