{
  "experiment": "P550",
  "model": "deepseek7b",
  "avg_wd_PR50": 0.9609649956226349,
  "avg_gamma_ratio50": 0.7193667769432068,
  "avg_active_ratio": 0.6410103462837837,
  "avg_top10_ratio": 0.1921455230563879,
  "avg_preservation50": 0.9235707074403763,
  "avg_delta_ratio": 2.694154426595196,
  "stability_score": 0.37482360236346723
}