{
  "cos_attn_dw_mean": 0.003995105624198914,
  "r_attn_delta": 0.4331483840942383,
  "r_attn_gap": 0.08439779281616211,
  "attn_mlp_ratio": 0.970186173915863,
  "n_heads": 64,
  "sign_consistent": 0.7,
  "head_gap_alignment": [
    0.29248613119125366,
    0.2572481036186218,
    0.19526974856853485,
    0.19709089398384094,
    0.32608500123023987,
    0.3164955973625183,
    0.23885998129844666,
    0.27693623304367065,
    0.15724551677703857,
    0.1723996102809906,
    0.17120428383350372,
    0.19174914062023163,
    0.18245700001716614,
    0.1608840525150299,
    0.16519217193126678,
    0.19156324863433838,
    0.20327123999595642,
    0.18964557349681854,
    0.31383568048477173,
    0.2549123764038086,
    0.21483078598976135,
    0.17879244685173035,
    0.22663240134716034,
    0.20442569255828857,
    0.18578533828258514,
    0.18622209131717682,
    0.24026937782764435,
    0.21992559731006622,
    0.30728158354759216,
    0.2864859700202942,
    0.18055561184883118,
    0.17837172746658325,
    0.14911751449108124,
    0.13945958018302917,
    0.14844989776611328,
    0.14431433379650116,
    0.1478588581085205,
    0.14830851554870605,
    0.1180049329996109,
    0.1123632937669754,
    0.1294759213924408,
    0.14549976587295532,
    0.14511066675186157,
    0.17306575179100037,
    0.09669527411460876,
    0.08930981904268265,
    0.107724130153656,
    0.10827119648456573,
    0.1705135703086853,
    0.16422687470912933,
    0.43695229291915894,
    0.45432472229003906,
    0.17894943058490753,
    0.1862575113773346,
    0.28768664598464966,
    0.28594136238098145,
    0.21566620469093323,
    0.26832348108291626,
    0.17166122794151306,
    0.18207363784313202,
    0.1925061047077179,
    0.1815650910139084,
    0.2637738585472107,
    0.25921982526779175
  ]
}