{
  "cos_attn_dw_mean": -0.0077487630769610405,
  "r_attn_delta": 0.9958740472793579,
  "r_attn_gap": 0.4052197337150574,
  "attn_mlp_ratio": 1.5343520641326904,
  "n_heads": 56,
  "sign_consistent": 1.0,
  "head_gap_alignment": [
    0.612205982208252,
    0.6166733503341675,
    0.1759919375181198,
    0.17874448001384735,
    0.1917991191148758,
    0.1784394085407257,
    0.16789363324642181,
    0.16165633499622345,
    0.18526968359947205,
    0.1795954406261444,
    0.1716034710407257,
    0.17467674612998962,
    0.6359842419624329,
    0.6186813116073608,
    0.444155752658844,
    0.42029809951782227,
    0.4910157322883606,
    0.46087199449539185,
    0.44694089889526367,
    0.45043689012527466,
    0.6003143191337585,
    0.577282726764679,
    0.5316974520683289,
    0.49936676025390625,
    0.550076425075531,
    0.5281144380569458,
    0.5786091089248657,
    0.5530786514282227,
    0.2200145274400711,
    0.2151811569929123,
    0.3245629668235779,
    0.33507147431373596,
    0.3145967125892639,
    0.30930110812187195,
    0.4064859449863434,
    0.41711682081222534,
    0.25545018911361694,
    0.25136062502861023,
    0.17078931629657745,
    0.2067863494157791,
    0.2556348741054535,
    0.2909611761569977,
    0.17615875601768494,
    0.1797517091035843,
    0.21732421219348907,
    0.22377319633960724,
    0.22245216369628906,
    0.22009322047233582,
    0.22961731255054474,
    0.21654799580574036,
    0.3222907483577728,
    0.3039171099662781,
    0.4353388249874115,
    0.39011549949645996,
    0.2507702112197876,
    0.23345908522605896
  ]
}