{
  "cos_attn_dw_mean": 0.025717515498399734,
  "r_attn_delta": 0.8739195466041565,
  "r_attn_gap": 0.281663179397583,
  "attn_mlp_ratio": 0.280516654253006,
  "n_heads": 64,
  "sign_consistent": 0.975,
  "head_gap_alignment": [
    0.015303552150726318,
    0.01639220118522644,
    0.01656855270266533,
    0.01692960597574711,
    0.019026368856430054,
    0.018710024654865265,
    0.015351367183029652,
    0.017023948952555656,
    0.017616327852010727,
    0.01804702915251255,
    0.019037161022424698,
    0.019443990662693977,
    0.01944822631776333,
    0.018107280135154724,
    0.017313014715909958,
    0.01643143966794014,
    0.019671792164444923,
    0.01872182823717594,
    0.022202560678124428,
    0.0223555825650692,
    0.014254545792937279,
    0.013331699185073376,
    0.02253270149230957,
    0.024932892993092537,
    0.020456576719880104,
    0.02153058908879757,
    0.023038813844323158,
    0.02186206355690956,
    0.023385142907500267,
    0.019460584968328476,
    0.0176402498036623,
    0.01573808863759041,
    0.02152087539434433,
    0.0199911966919899,
    0.04359116405248642,
    0.04713021591305733,
    0.023348113521933556,
    0.019953031092882156,
    0.026242613792419434,
    0.02649640664458275,
    0.028906825929880142,
    0.02897527813911438,
    0.03141830489039421,
    0.030001793056726456,
    0.02581922709941864,
    0.024576187133789062,
    0.028207257390022278,
    0.028816282749176025,
    0.029122868552803993,
    0.028499886393547058,
    0.02289717271924019,
    0.024228006601333618,
    0.025069955736398697,
    0.02420097030699253,
    0.02394866943359375,
    0.024757063016295433,
    0.028018265962600708,
    0.029142552986741066,
    0.0291501022875309,
    0.030741596594452858,
    0.019550371915102005,
    0.019561339169740677,
    0.05104412883520126,
    0.0531458742916584
  ]
}