{
  "intermediate_size": 18944,
  "neurons_50pct": 3394.9210526315787,
  "neurons_90pct": 11271.473684210527,
  "r_mlp_delta": -0.8807732462882996,
  "r_mlp_gap": -0.25164586305618286,
  "r_combined_delta": -0.8761690258979797,
  "r_combined_gap": -0.24774539470672607,
  "sign_mlp": 0.1,
  "sign_attn": 1.0
}