{
  "intermediate_size": 13696,
  "neurons_50pct": 2887.875,
  "neurons_90pct": 8621.325,
  "r_mlp_delta": 0.9827191233634949,
  "r_mlp_gap": 0.29636824131011963,
  "r_combined_delta": 0.9861099720001221,
  "r_combined_gap": 0.2993248999118805,
  "sign_mlp": 0.95,
  "sign_attn": 0.975
}