{
  "intermediate_size": 9728,
  "neurons_50pct": 1711.128205128205,
  "neurons_90pct": 5813.5641025641025,
  "r_mlp_delta": 0.612393319606781,
  "r_mlp_gap": 0.0277568269520998,
  "r_combined_delta": 0.6291549205780029,
  "r_combined_gap": 0.030901506543159485,
  "sign_mlp": 0.6,
  "sign_attn": 0.7
}