{
  "r_sim": 0.9460635171289102,
  "r_full_model": 0.9540806416477545,
  "r_refined": 0.7604052158105459,
  "r_attn_only": -0.21625569815363813,
  "r_mlp_only": -0.18638442698511787,
  "r_ln_only": 0.021370083476400806,
  "r_attn_mlp": -0.18447230731532613,
  "r_all": 0.9460635171289102,
  "mean_attn_contribution": -0.05059339354264921,
  "mean_mlp_contribution": 1.1810123169168687,
  "mean_ln_contribution": 4.774615312297815
}