{
  "r_sim": 0.3088732382920063,
  "r_full_model": 0.7276350676968341,
  "r_refined": 0.2303429679427342,
  "r_attn_only": -0.10964296335864056,
  "r_mlp_only": 0.18882583577156628,
  "r_ln_only": -0.08621915856507426,
  "r_attn_mlp": 0.003883633736007277,
  "r_all": 0.3088732382920063,
  "mean_attn_contribution": -0.04199076984156998,
  "mean_mlp_contribution": -6.528165307792216,
  "mean_ln_contribution": -2.3160324376026287
}