{
  "r_sim": 0.18714662374398702,
  "r_full_model": 0.4384238410131243,
  "r_refined": 0.27511428002611377,
  "r_attn_only": 0.09190662005271899,
  "r_mlp_only": -0.3893682334061692,
  "r_ln_only": 0.3314786708330923,
  "r_attn_mlp": -0.3819777870601594,
  "r_all": 0.18714662374398702,
  "mean_attn_contribution": -16.03652884283786,
  "mean_mlp_contribution": 28.230908044574598,
  "mean_ln_contribution": -25.706586637314153
}