{
  "r_ln_only": 0.2303429679427342,
  "r_full_sim": 0.3088732382920063,
  "r_oracle": 0.9952261447906494,
  "r_h_input": -0.07414470613002777,
  "r_ridge": 0.931060254573822,
  "r_loo_ridge": 0.20935466885566711,
  "acc_sign_ln": 0.725,
  "acc_sign_sim": 0.6,
  "acc_sign_input": 0.575,
  "mse_ridge": 8.143036842346191,
  "r_prob_sim": 0.299043580824156
}