{
  "r_ln_only": 0.27511428002611377,
  "r_full_sim": 0.18714662374398702,
  "r_oracle": 0.9943111538887024,
  "r_h_input": -0.40446677803993225,
  "r_ridge": 0.9551254510879517,
  "r_loo_ridge": 0.4851514995098114,
  "acc_sign_ln": 0.425,
  "acc_sign_sim": 0.475,
  "acc_sign_input": 0.525,
  "mse_ridge": 0.4224335551261902,
  "r_prob_sim": 0.16981155481789062
}