{
  "r_ln_only": 0.7604052158105459,
  "r_full_sim": 0.9460635171289102,
  "r_oracle": 0.9996773600578308,
  "r_h_input": -0.21748106181621552,
  "r_ridge": 0.8958694338798523,
  "r_loo_ridge": -0.0975898951292038,
  "acc_sign_ln": 0.9,
  "acc_sign_sim": 0.975,
  "acc_sign_input": 0.225,
  "mse_ridge": 35.17667770385742,
  "r_prob_sim": 0.8944467463470807
}