{"epoch": 1700, "embeddings": [[-0.5179943442344666, -0.030760498717427254, 1.309162974357605], [0.701296865940094, -0.9844743013381958, 0.30774766206741333], [0.8704474568367004, -0.3094755709171295, -0.9655013084411621], [0.006845952942967415, 0.6758697628974915, -1.967358946800232], [-1.2733567953109741, 0.12987561523914337, -0.739465057849884], [-1.274871826171875, -0.6175630688667297, 1.1986455917358398], [0.19404855370521545, -0.9572147727012634, 1.424241304397583], [1.5582481622695923, 0.35494372248649597, 0.8680989146232605], [0.5826828479766846, 1.3028912544250488, -0.31905245780944824], [-0.8255636096000671, 0.4024948477745056, -0.7896797060966492], [-1.5057299137115479, -1.198279857635498, -0.0868542417883873], [0.13415652513504028, -2.011918783187866, 0.572441816329956], [1.0617221593856812, -0.5572474598884583, 0.5205132365226746], [1.0661354064941406, 2.2197487354278564, 0.465783029794693], [-0.2692621052265167, 1.776279330253601, 0.3484208881855011], [-0.9586668014526367, 0.46696043014526367, 0.13323341310024261], [-0.8241855502128601, -1.4965988397598267, -0.18670722842216492], [0.6919187903404236, -1.2055729627609253, -0.9199168682098389], [0.9924548268318176, 0.32134339213371277, -1.0747544765472412], [0.29145270586013794, 0.8536689877510071, -0.5784516930580139], [-0.8144469261169434, 0.5463017821311951, 0.42488163709640503], [-1.0237935781478882, -0.23958814144134521, 0.8424241542816162], [0.1615157574415207, -0.265684574842453, 0.5286492705345154], [0.9956724643707275, 0.279572993516922, -0.4331774115562439], [0.8975922465324402, 0.30594539642333984, -1.3914439678192139], [-0.08849038928747177, -0.46577683091163635, -1.0117603540420532], [-0.9635268449783325, -0.8984549641609192, 0.26124143600463867], [-0.5152376294136047, -0.024279450997710228, 1.3104950189590454], [0.7378260493278503, 0.5175671577453613, 1.543494462966919], [1.2979557514190674, 0.5502533912658691, 0.6548265814781189], [-0.06541502475738525, -0.215721994638443, -0.5711319446563721], [-0.9587264657020569, -1.026445984840393, -1.1973145008087158], [-1.16973078250885, -0.7238255143165588, 0.12509648501873016], [0.1622762382030487, -0.07941394299268723, 0.951301634311676], [0.9523668885231018, 0.5350028872489929, 1.0316050052642822], [0.716141402721405, 0.6993784308433533, 0.34887436032295227], [-0.44287624955177307, 0.7963364124298096, -0.5204572677612305], [-1.2962809801101685, 0.09417060762643814, -0.7219038009643555], [-0.3639514446258545, -0.23996707797050476, -0.47670409083366394], [1.0936931371688843, -0.8587625622749329, -0.07389256358146667], [1.1358013153076172, 0.061318542808294296, -0.5054658055305481], [-0.12821725010871887, 0.6904046535491943, -0.39515766501426697], [-1.1559569835662842, 1.1894371509552002, 0.15832217037677765], [-0.9503986239433289, 0.38761627674102783, 1.0789475440979004], [0.7634801864624023, -0.8644534945487976, 0.4587772488594055], [1.3303509950637817, -1.1894559860229492, -0.7938953042030334], [0.4312748610973358, -0.4125189781188965, -1.5000269412994385], [-1.1074424982070923, 0.6225115060806274, -0.4397832751274109], [-1.396821141242981, 0.6182594895362854, 1.3903032541275024], [0.1437937468290329, -0.18104426562786102, 2.1660032272338867], [1.3430393934249878, -0.21694530546665192, 0.6760897636413574], [1.1491810083389282, 0.42594006657600403, -1.3297199010849], [-0.5064690113067627, 1.0315759181976318, -1.7926486730575562], [-1.629280924797058, -0.11232069134712219, -0.5874817371368408], [-0.3897448182106018, -1.5751125812530518, 0.43947285413742065], [1.2544822692871094, -0.7306966185569763, 1.026137113571167], [1.4938338994979858, 0.7669571042060852, 0.05842670798301697], [-0.028731731697916985, 1.6270309686660767, -0.8505681157112122], [-1.4447675943374634, 0.7893924713134766, -0.3958539366722107], [-1.3939679861068726, -1.3202183246612549, -0.4870756268501282], [0.3470734655857086, -2.0027871131896973, -0.3989022672176361], [0.9745786190032959, -0.43202653527259827, -0.6270951628684998], [0.8568930625915527, 1.4984232187271118, 0.20878352224826813], [-0.6283136010169983, 1.817100167274475, 0.6813926696777344], [-1.1131737232208252, -0.12580670416355133, 1.2683180570602417], [0.024326488375663757, -1.345407247543335, 0.9068072438240051], [1.06211519241333, -0.6761723756790161, -0.3172556459903717], [0.7782833576202393, 0.2733607292175293, -0.9689010381698608], [-0.6715235710144043, 0.9770665168762207, -0.0809016302227974], [-1.1047536134719849, -0.1070009246468544, 1.076470136642456], [-0.5900461673736572, -0.7710447907447815, 1.3056442737579346], [1.022487759590149, -0.344063401222229, 0.6613290309906006], [1.0616198778152466, 0.689475417137146, -0.7100831866264343], [0.02693851664662361, 0.832781970500946, -1.1459935903549194], [-1.164564609527588, -0.9152148962020874, -1.3705991506576538], [-1.0484720468521118, -1.0797064304351807, -0.006771871354430914], [0.2903689444065094, -0.10392547398805618, 0.862656831741333], [1.137353777885437, 1.4684278964996338, 0.13603943586349487], [0.6891134977340698, 1.6015939712524414, -0.19558264315128326], [-0.5092489123344421, -0.1348026692867279, -0.7098332047462463], [-0.8864153623580933, -1.547649621963501, -0.9973471164703369], [-0.3552771508693695, -1.1187273263931274, -0.28042659163475037], [0.8918977975845337, 0.09299870580434799, 0.3196936845779419], [1.1104974746704102, 0.8838834762573242, 0.6945603489875793], [-0.1482507884502411, 0.3525882959365845, 0.6860361695289612], [-0.9397600889205933, -0.12884022295475006, 0.45395201444625854], [-0.6387261152267456, -0.4323523938655853, 0.35133475065231323], [0.465239554643631, -0.42558392882347107, 0.013793458230793476], [0.9934559464454651, -0.5839848518371582, -0.6086668968200684], [0.5722683072090149, -0.2743254005908966, -0.6596519351005554], [-0.4734463393688202, 0.39771735668182373, 0.14852233231067657], [-1.0100865364074707, 0.969269335269928, 0.7071190476417542], [-0.12065637111663818, 0.6959653496742249, 0.7889384031295776], [1.306289792060852, 0.18305234611034393, -0.3122337758541107], [0.7352306246757507, -0.7611903548240662, -1.068068265914917], [-0.22420333325862885, -0.5343196988105774, -2.5234553813934326], [-1.555863380432129, -0.02882101573050022, -1.0044074058532715], [-0.8843092322349548, 0.1521981656551361, 1.3151799440383911], [0.9170420169830322, 0.1576819121837616, 1.793949842453003], [1.203171730041504, -0.14581599831581116, 0.8018006086349487], [0.12582805752754211, 0.13028699159622192, -0.5105414390563965], [-1.1539843082427979, 0.49567097425460815, -0.9698446989059448], [-1.1378823518753052, -0.7206628918647766, 0.2451988309621811], [0.2656744420528412, -1.149325966835022, 0.8302620649337769], [1.4302542209625244, -0.8419279456138611, 0.7074609398841858], [0.9336779117584229, 0.6208326816558838, 0.3299642503261566], [-0.5866725444793701, 1.5209589004516602, 0.22238701581954956], [-1.3519787788391113, 0.7474256753921509, 0.09226924926042557], [-0.13905228674411774, -0.9786362648010254, 0.7061489820480347], [1.237381935119629, -1.8682705163955688, -0.3738514184951782], [0.8700781464576721, -0.28604164719581604, -1.4672365188598633], [-0.6887244582176208, 1.827545166015625, -0.9387447834014893], [-1.1315295696258545, 1.4488741159439087, 0.40993478894233704]]}