{"epoch": 1100, "embeddings": [[-0.5175358057022095, -0.5754397511482239, -0.6109715700149536], [1.205530047416687, -1.2078198194503784, 0.35990676283836365], [0.9108715057373047, 0.7050992846488953, -0.827801525592804], [-0.05494549125432968, -0.2720322608947754, 1.1216776371002197], [1.0240505933761597, 1.2126829624176025, 0.9427588582038879], [1.3964253664016724, -0.09470914304256439, -1.3132091760635376], [0.7691813707351685, 0.35161876678466797, -0.7408457398414612], [-1.959751009941101, -0.28754910826683044, -0.6192514300346375], [0.21817415952682495, 0.024941109120845795, -0.16611790657043457], [0.6369633078575134, -0.8503628969192505, 0.17440678179264069], [0.548409640789032, 0.5921339392662048, -1.1079676151275635], [-1.8937119245529175, 2.42525053024292, -0.13833323121070862], [-0.6019553542137146, 2.475574254989624, 1.306678295135498], [-2.3182008266448975, 0.007388622500002384, 0.7345458269119263], [-0.5606866478919983, -0.6087698936462402, -0.6873031258583069], [-0.5439287424087524, -0.8606751561164856, -0.47010207176208496], [1.3455222845077515, -0.15540707111358643, -0.03549322485923767], [0.21623148024082184, -0.07492869347333908, 1.2419614791870117], [-0.18012787401676178, -0.32206958532333374, 2.2899911403656006], [0.22485099732875824, -0.388271301984787, 1.1710048913955688], [1.1042721271514893, -0.32048001885414124, 0.36101844906806946], [-0.2490805685520172, 0.7364144921302795, 0.1519543081521988], [0.396450936794281, -0.43289661407470703, 0.321421355009079], [-1.7552900314331055, -0.10118312388658524, -0.7214846014976501], [-0.6319392919540405, -1.3245177268981934, 0.20189252495765686], [-1.5666577816009521, 1.0939338207244873, 0.6191760301589966], [-0.07689590007066727, 1.4137696027755737, 0.6763111352920532], [-0.15640674531459808, -0.23904959857463837, -1.4965389966964722], [-0.6878858208656311, 1.1300339698791504, -0.9400462508201599], [-1.2103520631790161, -0.5601757168769836, -0.9990445971488953], [0.7873527407646179, 0.6269668936729431, -0.5042821764945984], [0.3286476135253906, 0.6295578479766846, 1.2799746990203857], [0.36594176292419434, 0.10500204563140869, -1.0665866136550903], [1.315839409828186, -2.3411989212036133, 0.09703533351421356], [0.5451532006263733, -0.21427419781684875, -0.2749898433685303], [-0.42436230182647705, -0.15889766812324524, -1.0818244218826294], [0.6292766332626343, 0.35599485039711, -0.22820761799812317], [1.2308710813522339, 0.023803988471627235, 0.12087330222129822], [0.10614391416311264, 0.5876309871673584, 1.187946081161499], [-0.7219977378845215, 0.8542681336402893, -0.574771523475647], [-1.0516575574874878, 0.6590286493301392, -0.39174267649650574], [0.4866694509983063, -0.2642698287963867, 0.7446578741073608], [0.6477747559547424, -2.6220803260803223, 1.865173578262329], [0.20433089137077332, -0.20103298127651215, -0.8642650246620178], [0.054520390927791595, -0.437913179397583, 0.11168289184570312], [0.08184247463941574, -0.19421561062335968, 0.4447573721408844], [-0.12711134552955627, 0.7792285084724426, 0.6222882270812988], [-0.7619160413742065, 0.9067503213882446, -1.0542104244232178], [-0.8045828938484192, -0.9469779133796692, -1.4725168943405151], [-0.3409653306007385, -0.3139269948005676, -2.2753958702087402], [-0.8544687032699585, -1.6131837368011475, 1.031927466392517], [-0.7517310976982117, -0.39545729756355286, 1.4034160375595093], [-1.1693648099899292, -2.6054954528808594, 1.425613284111023], [2.4028210639953613, -0.5689948797225952, -0.2565191686153412], [2.2749218940734863, 0.8687558770179749, 0.01031501591205597], [0.027608048170804977, 0.26047250628471375, 0.3452205955982208], [-1.7610058784484863, 1.1168707609176636, 0.5196360945701599], [-0.5691252946853638, -0.1903367042541504, 1.1960933208465576], [0.04168657585978508, 0.16174934804439545, -2.117921829223633], [2.9209513664245605, -0.18260721862316132, 0.8671748042106628], [1.9162253141403198, -1.0387845039367676, -0.7217026948928833], [-0.07050788402557373, 1.5839390754699707, 0.3330092132091522], [-1.5440977811813354, 0.34084293246269226, -0.3196852207183838], [-1.087437629699707, -1.2320148944854736, -0.34457141160964966], [0.9359970688819885, 0.25429683923721313, 0.29152074456214905], [-1.3291367292404175, 0.23776774108409882, 0.16673631966114044], [-1.2220954895019531, -0.7075986862182617, -0.276319295167923], [-1.162581205368042, -0.6247166395187378, 0.5205745697021484], [-0.4041341543197632, -1.994161605834961, -0.7579286694526672], [0.7663782835006714, 0.882331371307373, -0.6432139873504639], [1.7724026441574097, 2.0680601596832275, 0.9710347652435303], [0.5809221267700195, 1.100690484046936, 1.6114178895950317], [0.3627471923828125, 1.6327271461486816, 1.5311470031738281], [-0.9577620625495911, 0.2808838486671448, 0.4104083180427551], [1.5491348505020142, 0.7103237509727478, 0.21578532457351685], [0.9400791525840759, -1.3278874158859253, -2.468315839767456], [-0.6956821084022522, 0.1498173624277115, -0.4019043445587158], [-0.3722817897796631, -1.8180510997772217, 1.7519447803497314], [-0.8067448139190674, -0.37122565507888794, 0.1768576055765152], [1.145542860031128, -0.2898229658603668, 0.31916019320487976], [1.120417833328247, 1.301277995109558, 0.7540628910064697], [0.056695256382226944, 1.3170592784881592, 0.9519868493080139], [-1.6517151594161987, -0.49362099170684814, 1.740347146987915], [-2.3784375190734863, 0.6836044788360596, -0.06962072849273682], [0.9116962552070618, 0.8062512874603271, -1.474104404449463], [-0.41429293155670166, 0.5072680115699768, -1.1713334321975708], [0.41110503673553467, 0.3068521320819855, -0.3589191138744354], [1.0803303718566895, -0.994551956653595, 1.138956069946289], [-0.461388498544693, 1.9849961996078491, 0.07493068277835846], [0.005755267571657896, 0.10202574729919434, 0.4558090567588806], [-1.1943483352661133, -0.25157639384269714, 1.5837818384170532], [-0.47165167331695557, -0.21474741399288177, 0.6995994448661804], [0.08787540346384048, -0.8897621035575867, 0.5655330419540405], [-0.4379464089870453, -0.25414058566093445, -0.03301949426531792], [1.4126955270767212, 1.0908596515655518, -1.71791672706604], [1.1864417791366577, 1.8171117305755615, 0.8932726979255676], [1.642531394958496, 0.3571206331253052, -0.13821351528167725], [0.8953902721405029, -1.9324649572372437, -2.482769250869751], [-1.3706190586090088, -0.45625853538513184, -1.0208303928375244], [0.18954676389694214, 0.8458471894264221, -1.5757819414138794], [0.030308758839964867, 1.081299066543579, -1.3780878782272339], [0.43731290102005005, -1.466814398765564, 1.2364027500152588], [-0.09270275384187698, -1.5430972576141357, -1.6787828207015991], [-0.8138687610626221, -0.9463098645210266, -0.8030023574829102], [-0.7127212882041931, -0.784268319606781, -0.7758510112762451], [-0.9988094568252563, 0.703050971031189, -0.3604660928249359], [-0.630577027797699, 0.6487087607383728, -0.6775793433189392], [0.10107544809579849, -0.4025651812553406, 0.6985097527503967], [-1.1805824041366577, 0.7064526081085205, -0.7297369837760925], [0.44570136070251465, 0.9872645139694214, -0.8995658755302429], [1.5300579071044922, 0.08828674256801605, 0.4790321886539459], [0.5678367614746094, -1.6360188722610474, 0.7414644956588745], [0.23427125811576843, -1.084275484085083, 1.0551879405975342]]}