{"epoch": 500, "embeddings": [[-0.8193538784980774, -0.6838297843933105, -0.9755639433860779], [1.3246158361434937, -1.7304645776748657, 1.298460841178894], [1.5774762630462646, 0.42364761233329773, -1.7850415706634521], [-0.21005836129188538, -0.5358839631080627, 1.2997688055038452], [0.6133762001991272, 2.633873462677002, 0.8556769490242004], [2.569302797317505, 0.3269585072994232, -0.9010571837425232], [1.5058423280715942, 0.32378795742988586, -0.8702960014343262], [-2.212332010269165, -0.4952864646911621, -0.7001070976257324], [1.5158557891845703, 0.09221544861793518, -0.4328833222389221], [0.5826511383056641, -0.08616714924573898, 0.17399291694164276], [0.301373690366745, -0.04055825620889664, -1.4886729717254639], [-3.155583620071411, 2.0286338329315186, -1.4191761016845703], [-1.0487759113311768, 3.0617289543151855, 1.0101170539855957], [-3.495077133178711, 0.3514394164085388, 0.27520373463630676], [-0.8790947198867798, -0.903801679611206, -0.781998872756958], [-0.9995930194854736, -1.586570143699646, -0.8397806882858276], [1.122061848640442, 0.12202565371990204, 0.10348652303218842], [0.47809281945228577, 0.5312132835388184, 0.6085816025733948], [-1.018455147743225, 0.023712744936347008, 2.5727226734161377], [-0.42191872000694275, -0.025996806100010872, 1.6178252696990967], [1.5101450681686401, 0.22187073528766632, 0.6429352164268494], [-1.3223681449890137, 1.6000934839248657, -0.11355602741241455], [1.296371579170227, -0.05291777476668358, 0.9802521467208862], [-2.2500102519989014, -0.8229965567588806, -1.3198637962341309], [-1.073142409324646, -1.5375349521636963, 0.35473692417144775], [-3.5758585929870605, 1.1085784435272217, 0.06535591185092926], [-0.7778008580207825, 2.371077299118042, 0.6067905426025391], [0.23049336671829224, -1.1119556427001953, -2.1512110233306885], [0.1599162071943283, 2.1644339561462402, -1.8319216966629028], [-0.1578819751739502, -1.6227147579193115, -1.088675856590271], [1.013386607170105, 0.5623422861099243, -0.8829343914985657], [-0.14970442652702332, 1.2439959049224854, 1.682261347770691], [0.6139274835586548, 0.01134603563696146, -1.3661420345306396], [2.568819284439087, -2.31748628616333, 1.7178504467010498], [1.2424103021621704, -0.1469607949256897, -0.022180575877428055], [-0.9002023339271545, -0.8037867546081543, -1.6576297283172607], [0.33797064423561096, 0.6973649859428406, -0.6374492049217224], [1.0539381504058838, -0.3131229281425476, -0.192697674036026], [-0.19495123624801636, 1.3041200637817383, 1.0321547985076904], [-0.7829732894897461, 1.1482529640197754, -1.3553674221038818], [-1.3390291929244995, 0.36356958746910095, -1.18829345703125], [0.49276041984558105, -0.05937736853957176, 1.5779277086257935], [0.8817999958992004, -2.876258611679077, 4.064846038818359], [0.12476564943790436, -0.6511217951774597, -0.5696359276771545], [0.23018360137939453, -0.6229261159896851, 0.5007326602935791], [0.3821519613265991, -0.7691293358802795, 0.7309744358062744], [-0.7627019286155701, 0.19342376291751862, 0.4902300536632538], [-0.6560354828834534, 0.5061811804771423, -2.09338116645813], [-1.366706371307373, -1.3056859970092773, -1.8572074174880981], [0.8007582426071167, -0.9723385572433472, -2.6140077114105225], [-1.107329249382019, -2.2767391204833984, 1.6171156167984009], [-1.560011625289917, -0.8525553345680237, 1.6660672426223755], [-2.342632532119751, -3.2005300521850586, 2.6489548683166504], [3.292217969894409, -0.6550508737564087, 0.44434836506843567], [3.007131814956665, 0.8265911340713501, 0.24323789775371552], [-0.13561981916427612, -0.42606645822525024, 0.3749542832374573], [-2.4687819480895996, 1.4512903690338135, -0.6643214821815491], [-1.24359130859375, 0.5793548822402954, 0.8561315536499023], [0.11067937314510345, 0.5954341292381287, -3.361504316329956], [2.9871602058410645, 0.8749285936355591, 2.3981990814208984], [2.560293674468994, -1.35975182056427, -0.09547953307628632], [-0.5867670178413391, 2.273000478744507, -0.2125883847475052], [-1.3048591613769531, 0.6342979073524475, -0.8214061856269836], [-1.455573558807373, -2.028914451599121, -0.4333060383796692], [0.7626033425331116, 1.2957377433776855, 1.4173403978347778], [-2.354130744934082, -0.22277864813804626, 0.471698135137558], [-0.8588175773620605, -1.8777402639389038, -0.7857903242111206], [-0.9404446482658386, -1.0319236516952515, 0.2806198000907898], [0.4107097387313843, -3.269085168838501, -0.2791956067085266], [1.0804537534713745, 1.4845898151397705, -0.5977469682693481], [1.6808404922485352, 4.259956359863281, 1.6277507543563843], [1.313112735748291, 1.7627323865890503, 1.906049370765686], [-0.2354084551334381, 2.258639097213745, 1.2535161972045898], [-1.33182954788208, 0.1540812999010086, 0.10840541124343872], [1.3288936614990234, 1.2007817029953003, 0.6693828701972961], [1.8281447887420654, -2.8594484329223633, -2.287275791168213], [-1.2720494270324707, 0.7147292494773865, -1.2115561962127686], [-0.7405539751052856, -0.9451357126235962, 2.518878698348999], [-1.3448137044906616, 0.350674569606781, 0.08724671602249146], [1.371604323387146, -0.4561882019042969, 1.1347211599349976], [1.2882165908813477, 1.0537497997283936, 0.7729735374450684], [-0.22184962034225464, 2.0499823093414307, 0.6758741140365601], [-2.323791265487671, -0.5752382874488831, 2.487701416015625], [-2.5885727405548096, 1.1194602251052856, -0.7127067446708679], [2.5362746715545654, 1.5711630582809448, -1.3596415519714355], [-0.4182780683040619, -0.4613018035888672, -1.6462335586547852], [0.47096702456474304, 0.03588493913412094, -0.12706439197063446], [1.2866196632385254, 0.196766197681427, 2.268052339553833], [-0.9400656223297119, 2.8090617656707764, -0.9172447323799133], [0.056617505848407745, -0.6044924855232239, 0.8430535793304443], [-1.5261304378509521, -0.2860228717327118, 2.0120437145233154], [-0.5642408728599548, -0.7124463319778442, 0.8014959096908569], [-0.35875725746154785, -0.8563809394836426, 1.143941044807434], [-0.6277856230735779, -0.5063124299049377, -0.010936648584902287], [2.1256043910980225, 1.0504307746887207, -2.2891170978546143], [0.6158543229103088, 2.7299461364746094, 0.48728814721107483], [1.891815423965454, 0.547220766544342, -0.04694360867142677], [2.3654820919036865, -2.9329605102539062, -2.3975143432617188], [-0.6762831211090088, -1.2162035703659058, -1.2191975116729736], [1.2827056646347046, 0.5269870162010193, -1.8420571088790894], [0.8075188994407654, 0.9278386235237122, -1.7925467491149902], [0.021348243579268456, -1.1912912130355835, 2.674886465072632], [0.5064229369163513, -2.53629994392395, -1.8389023542404175], [-0.45020756125450134, -2.1277194023132324, -0.9340798258781433], [-0.21384653449058533, -2.6892378330230713, -1.0544859170913696], [-1.1240910291671753, 0.7789679765701294, -0.8482682704925537], [-0.4347979426383972, 0.5725299715995789, -1.5835533142089844], [0.0801919475197792, 0.40002650022506714, 0.8912010192871094], [-1.6901148557662964, 0.7525525689125061, -0.9834378957748413], [1.2170360088348389, -0.1336270272731781, -1.4785442352294922], [2.4894039630889893, 0.8009296655654907, 0.7613695859909058], [0.37381070852279663, -1.146082878112793, 1.700440526008606], [-0.6685537695884705, -0.5438045859336853, 1.4615435600280762]]}