{"epoch": 0, "embeddings": [[0.6325655579566956, -0.19200767576694489, -0.7042484879493713], [-0.9869786500930786, -1.9732428789138794, -0.4989362955093384], [-2.6852762699127197, -0.890647292137146, -0.6676425933837891], [1.29843008518219, -1.812096357345581, 2.6038589477539062], [-2.095031261444092, 3.4177587032318115, -0.09570081532001495], [-4.130826473236084, 0.08768099546432495, -1.891171932220459], [-2.6887412071228027, -0.28228387236595154, -1.4873985052108765], [2.271979570388794, 1.3627358675003052, -0.4500916600227356], [-2.0582103729248047, -0.04282224923372269, -0.2859719693660736], [-1.5208401679992676, 1.1044197082519531, -1.6610158681869507], [-0.14692586660385132, -0.5759143233299255, -3.561877727508545], [3.8818931579589844, 3.0198237895965576, -1.4552057981491089], [0.3841237425804138, 3.7977490425109863, 1.3600938320159912], [4.172947406768799, 2.3774778842926025, 1.0137377977371216], [1.4905771017074585, -0.25351056456565857, -1.5108336210250854], [2.475501775741577, -1.868900179862976, -1.1713296175003052], [-2.0570428371429443, 0.6371141076087952, -0.45192787051200867], [-0.3232705295085907, 0.6082306504249573, 1.3397119045257568], [1.649860143661499, -0.7576067447662354, 3.2674930095672607], [1.1496977806091309, 0.4659174978733063, 1.0312271118164062], [-2.2479753494262695, -0.17007462680339813, 0.019334670156240463], [1.3722858428955078, 2.9466705322265625, -1.005884051322937], [-2.3921425342559814, -0.46783676743507385, 2.161374092102051], [3.2013628482818604, 0.04050826281309128, -1.1360912322998047], [2.564314365386963, -0.7663511037826538, 0.6044555306434631], [4.204718589782715, 3.3434722423553467, -1.9079198837280273], [0.5997551679611206, 3.3558948040008545, 0.5089637041091919], [0.2821149230003357, -1.4100279808044434, -2.2502353191375732], [-1.9379926919937134, 3.2815639972686768, -1.1228241920471191], [0.3411276936531067, -2.2385199069976807, -1.0339927673339844], [-1.169682264328003, 0.3708738386631012, -1.6872460842132568], [-0.08522377908229828, 2.3911850452423096, 1.9084068536758423], [-0.9769220352172852, -0.051588114351034164, -1.7250124216079712], [-2.2947421073913574, -2.7667531967163086, 1.1022862195968628], [-0.8232952952384949, -1.0931636095046997, -0.24168060719966888], [1.6367369890213013, 0.26843583583831787, -3.726855993270874], [-0.09953829646110535, 0.5077895522117615, -1.1192691326141357], [-0.8711869120597839, -0.8453472852706909, -2.073134183883667], [-0.4179943799972534, 1.98935866355896, 1.8235526084899902], [-0.03369017690420151, 2.4217324256896973, -1.91288423538208], [1.1394691467285156, 0.871449887752533, -1.468980073928833], [-0.3721880614757538, -0.34215056896209717, 2.288058042526245], [0.7463297843933105, -4.502669811248779, 5.547301292419434], [0.7573375105857849, -1.7637372016906738, 0.19346478581428528], [0.7649325728416443, -0.8630194664001465, 0.578914225101471], [-0.251554936170578, -1.8824729919433594, 1.404523491859436], [1.4283089637756348, -0.07285911589860916, 0.4906001389026642], [-0.02413942478597164, 0.34738537669181824, -0.5995477437973022], [2.3877758979797363, 0.46909138560295105, -3.617391347885132], [-0.9910475611686707, -2.12752103805542, -0.6825646162033081], [2.4383761882781982, -2.1552047729492188, -0.24775181710720062], [2.4412667751312256, -0.7917392253875732, 3.086015462875366], [4.823699474334717, -2.643345355987549, 3.535748243331909], [-2.995130777359009, -3.160670042037964, 0.6066893339157104], [-3.3245346546173096, -1.3851258754730225, -0.8827210068702698], [1.3755067586898804, -1.5221177339553833, 0.48354023694992065], [1.9820390939712524, 2.441385507583618, -1.1211721897125244], [1.3380591869354248, 1.0187945365905762, 1.3006501197814941], [-0.47911423444747925, 0.8321677446365356, -4.4814629554748535], [-3.7126753330230713, -0.24240991473197937, 4.0453386306762695], [-2.7880260944366455, -2.2094919681549072, -1.2536736726760864], [-0.004957422148436308, 2.1458210945129395, 1.1641243696212769], [0.5939221382141113, 1.9541748762130737, -1.462363362312317], [3.303709030151367, -2.2896392345428467, -1.8143858909606934], [-0.9529332518577576, 2.684647560119629, 0.7330644726753235], [3.494269847869873, 1.4841762781143188, 0.1293320208787918], [1.8080897331237793, -2.2325518131256104, -0.5639050602912903], [1.4967910051345825, -1.176021933555603, 0.051611557602882385], [0.6463266015052795, -3.8184425830841064, -1.9427101612091064], [-2.70750093460083, 1.3179634809494019, -0.17896008491516113], [-4.054277420043945, 4.87575101852417, 3.26031494140625], [-2.4204115867614746, 0.1392202079296112, 3.752476930618286], [0.10224824398756027, 1.9198598861694336, 1.5636321306228638], [1.4640259742736816, 0.4129880964756012, 1.3882009983062744], [-2.5509557723999023, 1.5944342613220215, 0.3183538019657135], [-1.8450357913970947, -4.5463080406188965, -2.9192404747009277], [0.7300661206245422, 2.806485652923584, -2.016622543334961], [1.5026928186416626, -0.06473060697317123, 2.946092128753662], [1.0295087099075317, 1.9380031824111938, -0.5762003064155579], [-1.0073575973510742, -1.2756659984588623, 2.240139961242676], [-2.366469383239746, -0.6801049709320068, 3.5137150287628174], [-0.5596567988395691, 2.2193758487701416, 0.7095062136650085], [3.32344126701355, 0.045135483145713806, 2.5112061500549316], [1.8671070337295532, 3.162782907485962, -0.38905125856399536], [-4.6215715408325195, 0.4864363372325897, 0.2609493136405945], [1.264530897140503, -0.7426871061325073, -3.1299116611480713], [-0.42037054896354675, -1.3173482418060303, 0.5454704761505127], [-1.2988080978393555, 1.4223952293395996, 1.2492107152938843], [-0.6915210485458374, 3.7247419357299805, -0.21182523667812347], [0.9107067584991455, -1.297104001045227, 1.723227620124817], [1.7987008094787598, 0.5985833406448364, 2.0260331630706787], [1.0066603422164917, -1.6391699314117432, 2.246563673019409], [0.5144864916801453, -0.36925145983695984, 0.22793787717819214], [0.9056228995323181, -0.9494730234146118, 1.3123245239257812], [-2.913516044616699, 1.1897865533828735, -4.1455254554748535], [-1.3690959215164185, 2.2997708320617676, 1.372294306755066], [-2.4597442150115967, -1.505489468574524, 1.2008178234100342], [-2.026829481124878, -4.999162197113037, -1.9472044706344604], [1.0756635665893555, -2.1052305698394775, 0.8754435181617737], [-2.4385814666748047, 0.08415883034467697, -2.446608304977417], [-2.0755326747894287, 0.8242759108543396, -1.443838357925415], [0.7709376215934753, -0.8191995024681091, 2.21124005317688], [-0.04329778999090195, -3.2537965774536133, -3.7952630519866943], [1.598321795463562, -3.0594255924224854, -0.349773645401001], [1.844549298286438, -4.243255138397217, -2.3351528644561768], [0.7078907489776611, 1.5256956815719604, -1.2211534976959229], [-0.36439526081085205, 0.6688898801803589, -0.500264585018158], [-0.6602910161018372, 0.5718562602996826, 1.5183790922164917], [1.0729275941848755, 2.392364978790283, -1.2418951988220215], [-1.135980486869812, -0.9386095404624939, -2.4888851642608643], [-4.169093608856201, 0.27509891986846924, 1.8778977394104004], [-0.05481519177556038, -1.1024775505065918, 2.5900051593780518], [2.1286587715148926, 0.006836330983787775, 0.4874739944934845]]}