{"epoch": 100, "embeddings": [[-0.6924880743026733, -0.4503839612007141, -0.9835055470466614], [1.272926926612854, -1.928829550743103, 0.199579656124115], [2.626303195953369, 0.03230120986700058, -1.1183511018753052], [-0.4745754301548004, -1.5447869300842285, 2.6218714714050293], [0.8667256832122803, 3.557197093963623, 0.2604965269565582], [3.70214581489563, 0.7281150817871094, -1.588777780532837], [2.4141952991485596, 0.28335198760032654, -1.216393232345581], [-2.6726081371307373, 0.27784913778305054, -0.8297454118728638], [2.1277599334716797, 0.044832341372966766, -0.2710467278957367], [0.8345643281936646, 0.8661456108093262, -1.3599265813827515], [0.09586138278245926, -0.352191299200058, -2.8141679763793945], [-4.199308395385742, 2.3555550575256348, -1.573768973350525], [-1.3102773427963257, 3.5494813919067383, 1.3323546648025513], [-4.482012748718262, 1.1622475385665894, 0.6957709789276123], [-1.466579794883728, -0.6833863258361816, -1.6220732927322388], [-1.6811988353729248, -2.1987826824188232, -1.0513437986373901], [1.70525324344635, 0.7931526303291321, -0.4025140702724457], [0.5874049067497253, 0.6315577626228333, 1.3838821649551392], [-1.3103188276290894, -0.5346820950508118, 3.4044675827026367], [-0.9350591897964478, -0.018014363944530487, 1.5283783674240112], [2.200385570526123, 0.24844056367874146, 0.017306841909885406], [-1.7657653093338013, 2.52252459526062, -0.8675092458724976], [2.1169967651367188, -0.02705048769712448, 1.7249563932418823], [-2.97953724861145, -0.8137456178665161, -1.4803723096847534], [-1.8240976333618164, -1.5615012645721436, 0.6910412907600403], [-4.948239803314209, 2.0462145805358887, -1.4344431161880493], [-0.9516630172729492, 3.10725474357605, 0.6662928462028503], [0.16445496678352356, -1.3166168928146362, -2.4242467880249023], [1.121746301651001, 3.39760422706604, -1.4398998022079468], [0.2624179422855377, -2.298159599304199, -1.0584936141967773], [1.1912262439727783, 0.6658914089202881, -1.492955207824707], [-0.4209311306476593, 1.8378734588623047, 2.0827934741973877], [1.0457035303115845, 0.2138461470603943, -1.34195876121521], [2.8777689933776855, -2.5216856002807617, 1.129431962966919], [1.4211270809173584, -0.5998230576515198, -0.021854626014828682], [-1.6458336114883423, -0.3586457073688507, -3.3596746921539307], [0.15002894401550293, 0.8073887228965759, -0.9023154973983765], [1.0006319284439087, -0.7009043097496033, -1.530402660369873], [-0.0640401616692543, 1.7733354568481445, 1.5446830987930298], [-0.7879868149757385, 2.0166618824005127, -2.1419451236724854], [-1.326171636581421, 0.8528581261634827, -1.8104283809661865], [0.5420598983764648, -0.07895245403051376, 2.11525821685791], [0.5537832379341125, -4.448218822479248, 5.437354564666748], [-0.17349471151828766, -1.3673709630966187, -0.08235141634941101], [-0.21364402770996094, -1.0954426527023315, 0.7162585258483887], [0.5039565563201904, -1.5363209247589111, 1.141048550605774], [-1.287384271621704, -0.24523276090621948, 0.17834389209747314], [-0.12143043428659439, 0.4647136330604553, -1.0720809698104858], [-2.120144844055176, -0.5757101774215698, -3.3501360416412354], [1.6636837720870972, -1.5899391174316406, -1.345603585243225], [-1.9332178831100464, -2.7500314712524414, 0.07377474009990692], [-2.185912847518921, -1.3397334814071655, 2.6112403869628906], [-3.79565691947937, -3.816218614578247, 3.693871259689331], [3.854005813598633, -1.7572987079620361, 0.9556371569633484], [3.4237399101257324, 0.057474736124277115, -0.5602496862411499], [-0.7249403595924377, -1.2053468227386475, 0.5183687806129456], [-2.5544686317443848, 2.0558149814605713, -1.1657506227493286], [-1.5992501974105835, 0.7537212371826172, 1.312328815460205], [0.40903499722480774, 1.1492072343826294, -4.1581645011901855], [3.449279308319092, 0.8300536274909973, 3.8238582611083984], [3.0422184467315674, -1.5099880695343018, -0.7596482634544373], [-0.5791047811508179, 2.529249429702759, 0.8408946990966797], [-1.1635862588882446, 1.4224853515625, -1.7594317197799683], [-2.3825690746307373, -2.8697948455810547, -1.7379529476165771], [0.341707706451416, 2.264702796936035, 0.7269715666770935], [-3.4422121047973633, 0.17924965918064117, 0.011482120491564274], [-1.0704872608184814, -2.4851207733154297, -0.7005942463874817], [-1.055774211883545, -1.4203882217407227, 0.37789565324783325], [0.25087878108024597, -4.155904293060303, -1.481671690940857], [1.9660528898239136, 1.830291748046875, -0.062177132815122604], [2.5009007453918457, 5.592754364013672, 2.691422939300537], [2.192197561264038, 1.1701061725616455, 3.901517391204834], [-0.661392092704773, 2.194326400756836, 1.5273189544677734], [-1.480114221572876, 0.10065101087093353, 1.233579397201538], [1.7040269374847412, 1.9650686979293823, 0.30477452278137207], [2.5189945697784424, -3.753612995147705, -3.1132919788360596], [-1.3089683055877686, 1.935815453529358, -2.0848069190979004], [-1.0653531551361084, -0.8287404179573059, 3.198847770690918], [-1.5267797708511353, 1.2369540929794312, -0.383208304643631], [1.3771995306015015, -0.9493691921234131, 2.086185932159424], [2.1757078170776367, 0.36380812525749207, 3.0008556842803955], [-0.12676210701465607, 2.401038646697998, 0.9504185318946838], [-3.2585678100585938, -0.7741423845291138, 2.8021717071533203], [-2.638364553451538, 2.1714892387390137, -0.4257597029209137], [4.223965644836426, 1.7334709167480469, -0.10482989996671677], [-0.6999731063842773, -0.5792934894561768, -2.390079975128174], [0.4622916281223297, -0.7505232691764832, 0.4265765845775604], [1.0025135278701782, 0.9853651523590088, 1.7303931713104248], [-0.36604762077331543, 3.899646520614624, -0.38768789172172546], [-0.4136494994163513, -1.4140284061431885, 1.389371633529663], [-2.0297467708587646, -0.18665079772472382, 1.9661134481430054], [-0.6806662082672119, -1.5237548351287842, 1.7871233224868774], [-0.6736885905265808, -0.7932485938072205, 0.5281767845153809], [-0.7821241617202759, -0.8679044842720032, 0.8307374715805054], [2.67110538482666, 1.5647485256195068, -3.8794291019439697], [0.7368364930152893, 2.960688829421997, 1.0198346376419067], [2.4699923992156982, -0.12610775232315063, 0.8782938122749329], [3.1798794269561768, -4.071474552154541, -2.1969497203826904], [-0.452812135219574, -1.944532871246338, 0.3681766986846924], [2.2314488887786865, 0.6363265514373779, -2.3528172969818115], [1.5268512964248657, 1.1240378618240356, -1.396584153175354], [-0.6942976713180542, -1.2684645652770996, 2.117689371109009], [0.7748017311096191, -3.0859789848327637, -3.087550401687622], [-0.5246598124504089, -3.0851545333862305, -0.46280354261398315], [-0.6454821228981018, -4.135029315948486, -2.1614186763763428], [-1.297310709953308, 1.266459584236145, -1.4440423250198364], [0.04585260525345802, 0.744533896446228, -1.1034941673278809], [0.5193008780479431, 0.6554612517356873, 1.4139074087142944], [-1.9007596969604492, 1.6345990896224976, -1.1046099662780762], [1.345589518547058, -0.5812315940856934, -2.5427169799804688], [3.602875232696533, 1.1059626340866089, 1.7274857759475708], [0.2549898028373718, -1.2232015132904053, 2.4412155151367188], [-1.733872890472412, -0.653302788734436, 0.8559325933456421]]}