{"epoch": 1960, "embeddings": [[-0.9468474388122559, 0.5338079333305359, 0.004643049091100693], [0.32885241508483887, 1.5718111991882324, 0.3817492425441742], [1.2158440351486206, 0.3582444190979004, -0.07728719711303711], [0.7540587782859802, -1.276440143585205, -0.42873692512512207], [-0.7598625421524048, -1.09055757522583, 0.06816228479146957], [-1.5116075277328491, 0.37543073296546936, 0.4402157962322235], [-0.4183010458946228, 1.4629007577896118, 0.023082511499524117], [1.1868879795074463, 0.6280284523963928, -0.8856152892112732], [1.1011592149734497, -1.1264705657958984, -0.8818489909172058], [-0.26639169454574585, -1.1114566326141357, 0.19982759654521942], [-1.5781683921813965, 0.29596787691116333, 0.9339712262153625], [-0.9236485958099365, 1.724600911140442, 0.38964396715164185], [0.5734843015670776, 0.8655708432197571, -0.7192277312278748], [1.3703385591506958, -1.049415946006775, -1.0469834804534912], [0.40197014808654785, -1.603660225868225, 0.4500972032546997], [-0.7748066186904907, -0.5872036218643188, 1.267923355102539], [-1.1011648178100586, 1.023162841796875, 0.9150801301002502], [0.14403992891311646, 1.1831722259521484, -0.8364779949188232], [1.157120704650879, -0.11338192969560623, -1.0712770223617554], [0.8731551766395569, -0.8098106980323792, 0.3915085792541504], [-0.4169257581233978, -0.7075875401496887, 1.2900571823120117], [-1.185068964958191, 0.16293825209140778, 0.6420646905899048], [-0.3113536238670349, 0.5884673595428467, -1.2892836332321167], [0.8564979434013367, 0.16707743704319, -1.442663311958313], [1.2324985265731812, -0.2704120874404907, -0.006356984842568636], [0.14080773293972015, -0.23228830099105835, 1.5267014503479004], [-1.1656198501586914, 0.21128550171852112, 0.7078670859336853], [-0.9749879240989685, 0.27010220289230347, -1.2974570989608765], [0.2769140899181366, 0.3220639228820801, -1.7733465433120728], [1.1621781587600708, 0.17412133514881134, -0.09577842801809311], [0.3934280276298523, -0.25061553716659546, 1.5572214126586914], [-0.8097356557846069, -0.15259157121181488, 1.2831275463104248], [-1.406291127204895, 0.07758209109306335, -0.6770486831665039], [-0.2885051369667053, 0.4795140027999878, -1.5160696506500244], [0.8846999406814575, 0.3982437252998352, -0.1936269998550415], [1.1456466913223267, -0.12068729102611542, 1.3947241306304932], [0.14497853815555573, -0.9469721913337708, 1.1044741868972778], [-1.0140068531036377, -0.7452683448791504, -0.32527926564216614], [-0.6714167594909668, 0.17982709407806396, -1.3843284845352173], [0.6437532901763916, 1.1486765146255493, -0.11544005572795868], [1.2749290466308594, 0.39105135202407837, 1.213955283164978], [0.4882204830646515, -0.7899149060249329, 0.8990119695663452], [-0.782319188117981, -1.310080647468567, -0.8118817806243896], [-1.1790962219238281, -0.2387269288301468, -1.2967489957809448], [0.12565892934799194, 1.313981533050537, -0.4755644202232361], [1.102391242980957, 1.191752552986145, 0.7808801531791687], [0.7905747890472412, -0.22431908547878265, 0.7090997099876404], [-0.6923434734344482, -1.4010974168777466, -0.32947418093681335], [-1.5135884284973145, -0.6582966446876526, -0.9885859489440918], [-0.5585495829582214, 0.9597867727279663, -0.29254963994026184], [0.9176428914070129, 1.1246386766433716, 0.29281339049339294], [1.4679216146469116, -0.314240038394928, 0.5224023461341858], [0.1688237339258194, -1.4954593181610107, -0.11960338801145554], [-1.2893873453140259, -0.8133852481842041, -0.15610510110855103], [-1.0172840356826782, 1.2371234893798828, 0.4951077997684479], [0.608061671257019, 1.56927490234375, 0.3543258309364319], [1.6012446880340576, -0.02967458963394165, -0.042633168399333954], [0.7233403325080872, -1.682822823524475, -0.2866079807281494], [-0.8685659170150757, -1.2887511253356934, 0.0005343084339983761], [-1.3935800790786743, 0.6487090587615967, 0.5489081144332886], [-0.17746402323246002, 1.9268372058868408, 0.2684246003627777], [1.0171934366226196, 0.5901976823806763, -0.3942544162273407], [1.1760315895080566, -1.1191576719284058, -0.7965294122695923], [-0.23688091337680817, -1.6335285902023315, -0.2850586771965027], [-1.3250116109848022, 0.08403749018907547, 0.5458725690841675], [-0.7370923161506653, 1.5005309581756592, 0.04762323945760727], [0.6537362337112427, 0.8957995772361755, -0.8922277092933655], [1.0012458562850952, -0.4685949981212616, -0.7540618181228638], [-0.10409514605998993, -1.2695926427841187, 0.11589187383651733], [-1.1808797121047974, -0.13941025733947754, 1.1568968296051025], [-1.0184637308120728, 0.9054827690124512, 0.47448596358299255], [0.47827956080436707, 0.8593394160270691, -0.9084455370903015], [1.3324928283691406, -0.36997509002685547, -0.6780468225479126], [0.5958937406539917, -1.0724024772644043, 0.47316744923591614], [-0.8081026673316956, -0.26035797595977783, 1.835961937904358], [-1.2425121068954468, 0.6336328387260437, 0.9135490655899048], [-0.1364818960428238, 0.6943982243537903, -1.1198365688323975], [1.298097014427185, -0.3499574363231659, -1.4743657112121582], [1.2435798645019531, -0.9192602038383484, 0.05165887251496315], [-0.14599013328552246, -0.4412752091884613, 1.5265908241271973], [-1.0953413248062134, 0.49089500308036804, 0.8457197546958923], [-0.8084443211555481, 0.7186075448989868, -1.0865380764007568], [0.4956682324409485, 0.4229753017425537, -1.6306393146514893], [1.0641566514968872, -0.18987011909484863, -0.39638322591781616], [0.17904992401599884, -0.43157586455345154, 1.3698275089263916], [-0.9293504357337952, -0.29152441024780273, 0.9047378301620483], [-0.9836918711662292, 0.1588771790266037, -0.9700790643692017], [0.051755744963884354, 0.6765773892402649, -1.4720765352249146], [0.9005991220474243, 0.5540924072265625, 0.11836498230695724], [0.7935447096824646, 0.013802138157188892, 1.603585958480835], [-0.322400838136673, -0.624634861946106, 1.1707701683044434], [-1.0074290037155151, -0.7996839284896851, -0.8643705248832703], [-0.3237540125846863, -0.015906943008303642, -1.254102349281311], [1.1313225030899048, 0.5993601679801941, -0.04045914486050606], [1.1269984245300293, 0.4767943322658539, 1.673262357711792], [0.32607802748680115, -0.5368115901947021, 1.5362740755081177], [-1.1030341386795044, -0.933043897151947, -0.37606701254844666], [-1.083659291267395, 0.050577834248542786, -1.407981276512146], [0.2621532082557678, 0.9115267992019653, -0.7844204902648926], [1.1953586339950562, 0.7229347229003906, 0.9048246145248413], [0.5266509056091309, -0.5731561779975891, 0.7849379777908325], [-0.7542093992233276, -1.2452951669692993, -0.5128078460693359], [-1.4841033220291138, 0.1290164440870285, -0.9424919486045837], [-0.4692521095275879, 1.3483977317810059, -0.531298041343689], [0.914818525314331, 1.308784008026123, 0.4933158755302429], [1.0960742235183716, -0.32276514172554016, 0.4785032570362091], [-0.11139864474534988, -1.643133282661438, -0.2705949544906616], [-1.1989407539367676, -0.9759995341300964, -0.39888155460357666], [-0.8550226092338562, 1.095481514930725, 0.14961135387420654], [0.6685435771942139, 1.7850614786148071, 0.8850316405296326], [1.2235004901885986, 0.06533370912075043, 0.46801450848579407], [0.2707440257072449, -1.8869788646697998, -0.23789289593696594], [-0.8182648420333862, -1.3027855157852173, -0.24228672683238983]]}