{"epoch": 1800, "embeddings": [[-0.6710914373397827, -0.42059072852134705, 1.201509952545166], [0.6675426363945007, -1.2385749816894531, 0.08193367719650269], [1.0699431896209717, -0.17283320426940918, -0.8269093036651611], [0.2601345181465149, 1.1113781929016113, -1.2554630041122437], [-1.1384427547454834, 0.5642217397689819, -0.5938453078269958], [-1.3837676048278809, -0.6799150109291077, 0.5490487813949585], [0.03705113008618355, -1.2994130849838257, 0.8217886686325073], [1.469062328338623, -0.07528073340654373, 0.8289917707443237], [0.757535994052887, 1.3618104457855225, 0.17582234740257263], [-0.6696566939353943, 0.770683228969574, -0.6718482971191406], [-1.57094407081604, -0.8997852802276611, -0.662239134311676], [-0.2724006474018097, -2.032006025314331, -0.2265280932188034], [0.9156865477561951, -0.6885471343994141, 0.397344708442688], [1.218956708908081, 1.7681255340576172, 1.1029465198516846], [-0.08155901730060577, 1.771888256072998, 0.4126245379447937], [-0.9302285313606262, 0.4878217279911041, -0.1946830451488495], [-0.908934473991394, -1.3572876453399658, -0.672524631023407], [0.5461373925209045, -1.2012277841567993, -0.346759557723999], [1.1003422737121582, 0.3335220217704773, -0.1039729192852974], [0.4930437207221985, 0.9615185260772705, -0.2746787965297699], [-0.7326881289482117, 0.6157602071762085, -0.05026594549417496], [-1.1043232679367065, -0.32377591729164124, 0.18671709299087524], [0.03678141534328461, -0.5198864936828613, 0.8299814462661743], [0.9979494214057922, 0.12851136922836304, 0.3196280896663666], [1.0512107610702515, 0.45084547996520996, -0.9011602401733398], [-0.07885374873876572, -0.06020612269639969, -1.5706000328063965], [-1.0995181798934937, -0.6800253391265869, -0.5475401282310486], [-0.670132040977478, -0.32019975781440735, 1.331262230873108], [0.6093618869781494, 0.05404702574014664, 1.8794960975646973], [1.248698115348816, 0.28132742643356323, 0.603134036064148], [0.060351282358169556, 0.12281949818134308, -1.1991972923278809], [-0.9752047657966614, -0.4664545953273773, -1.7445777654647827], [-1.2732166051864624, -0.603132963180542, 0.18407873809337616], [0.042278796434402466, -0.4293171167373657, 1.5315793752670288], [0.9874640703201294, 0.12426580488681793, 1.1773500442504883], [0.8860112428665161, 0.5766766667366028, -0.10162705928087234], [-0.25721946358680725, 0.9671556353569031, -0.7083343863487244], [-1.2090880870819092, 0.35310566425323486, -0.3198770582675934], [-0.44422727823257446, -0.29757770895957947, 0.41870179772377014], [0.9685598611831665, -0.9748707413673401, 0.02933725342154503], [1.2057507038116455, -0.005436573177576065, -0.86638343334198], [0.07724132388830185, 0.8431983590126038, -0.7639927864074707], [-1.045242428779602, 1.156930685043335, 0.5535008907318115], [-1.0392341613769531, 0.1516861766576767, 1.4147469997406006], [0.5788341760635376, -1.1065702438354492, 0.5171003341674805], [1.2775554656982422, -1.0624314546585083, -1.137418508529663], [0.5300980806350708, 0.04437731206417084, -1.7647141218185425], [-1.034716248512268, 0.9517128467559814, -0.3723558485507965], [-1.480386734008789, 0.4157150387763977, 1.4844621419906616], [-0.08380614221096039, -0.7029131054878235, 1.7700722217559814], [1.2449368238449097, -0.6007580161094666, 0.45540961623191833], [1.2737457752227783, 0.5883790850639343, -1.157950520515442], [-0.2948136031627655, 1.337511420249939, -1.0237927436828613], [-1.5381622314453125, 0.23603221774101257, -0.22704429924488068], [-0.6103531122207642, -1.5370614528656006, 0.1707673966884613], [1.0783056020736694, -1.1505048274993896, 0.6705387234687805], [1.5578863620758057, 0.5716549754142761, 0.0977187305688858], [0.21516752243041992, 1.7763831615447998, -0.2282932847738266], [-1.2654951810836792, 0.9918496608734131, -0.08953630924224854], [-1.351639986038208, -1.0799598693847656, -0.573486328125], [0.23520231246948242, -2.0061614513397217, -0.651666522026062], [1.0441911220550537, -0.4051799178123474, -0.5445449352264404], [0.9413846135139465, 1.408484697341919, 0.4489445090293884], [-0.5543799996376038, 1.7097517251968384, 0.8020128607749939], [-1.2256399393081665, -0.23734831809997559, 0.6464903354644775], [-0.22788077592849731, -1.5553100109100342, 0.2689184248447418], [0.9533881545066833, -0.7741215229034424, -0.19137908518314362], [0.8522199988365173, 0.45531219244003296, -0.4737924337387085], [-0.5277097821235657, 1.1079543828964233, -0.004562129732221365], [-1.1834442615509033, -0.11343160271644592, 0.3097821772098541], [-0.7256503105163574, -0.9563855528831482, 0.7020888328552246], [0.8579497933387756, -0.5831126570701599, 0.8860460519790649], [1.199018120765686, 0.7135087251663208, -0.0045199622400105], [0.20013517141342163, 1.0707995891571045, -0.7454935908317566], [-1.088220477104187, -0.323992520570755, -1.7643837928771973], [-1.1222681999206543, -0.993172824382782, -0.5269762277603149], [0.19798801839351654, -0.4816717505455017, 1.0967190265655518], [1.2907236814498901, 1.0305633544921875, 1.1502788066864014], [0.9100154638290405, 1.4496065378189087, 0.2189893126487732], [-0.4411105811595917, 0.21294303238391876, -1.1033289432525635], [-1.0090926885604858, -1.0937743186950684, -1.4256359338760376], [-0.49034419655799866, -1.0469436645507812, -0.15995560586452484], [0.7851560711860657, -0.19078533351421356, 0.8423566818237305], [1.078616976737976, 0.609961211681366, 0.7348852157592773], [-0.08867309242486954, 0.43813204765319824, -0.15179306268692017], [-1.0006641149520874, 0.017270086333155632, -0.2754238545894623], [-0.7624397277832031, -0.4181639850139618, 0.5061986446380615], [0.391067773103714, -0.585607647895813, 0.6924906373023987], [0.9780541658401489, -0.4545103907585144, -0.4631654620170593], [0.5947936177253723, -0.01722981408238411, -1.1775082349777222], [-0.48343342542648315, 0.4903966188430786, -0.4566877782344818], [-1.0278477668762207, 0.7633925080299377, 1.0794410705566406], [-0.12494119256734848, 0.30087026953697205, 1.46860671043396], [1.309899926185608, -0.057295605540275574, 0.1992160677909851], [0.9007036685943604, -0.41578206419944763, -1.5073500871658325], [-0.0782172903418541, 0.1609470099210739, -2.61019229888916], [-1.4202183485031128, 0.3681515157222748, -0.621063768863678], [-0.9360553026199341, -0.16114361584186554, 1.6026252508163452], [0.7063823342323303, -0.4575556218624115, 1.754104733467102], [1.223705530166626, -0.312069296836853, 0.012961655855178833], [0.21463650465011597, 0.4593106806278229, -0.9879289269447327], [-1.0613421201705933, 0.8174459934234619, -0.6298818588256836], [-1.2890417575836182, -0.6580972075462341, 0.3928511440753937], [0.017924698069691658, -1.380932092666626, 0.7178171277046204], [1.2604784965515137, -1.0345505475997925, 0.09582822024822235], [0.9663149118423462, 0.5856011509895325, -0.05957988649606705], [-0.4801969528198242, 1.5914270877838135, 0.35981351137161255], [-1.3225747346878052, 0.7790018916130066, 0.46755364537239075], [-0.39552009105682373, -1.1701449155807495, 0.4752027094364166], [1.0681134462356567, -1.7678062915802002, -0.8489990830421448], [1.0310077667236328, -0.01031616609543562, -1.2897261381149292], [-0.3458575904369354, 1.9329293966293335, -0.20034481585025787], [-1.0445860624313354, 1.304473638534546, 0.9236555099487305]]}