{"epoch": 200, "embeddings": [[-0.7303178906440735, -0.6442603468894958, -1.0404716730117798], [1.4739149808883667, -1.9841203689575195, 0.9635262489318848], [2.33542799949646, 0.4126332104206085, -1.722306728363037], [-0.31989723443984985, -1.1077715158462524, 2.1369824409484863], [0.4783272445201874, 3.3515543937683105, 0.6555004119873047], [3.3324058055877686, 0.8131911754608154, -1.2775604724884033], [2.123429536819458, 0.470390260219574, -1.0406163930892944], [-2.597019672393799, -0.2632943093776703, -0.9810085892677307], [2.0103189945220947, 0.22975803911685944, -0.2784235179424286], [0.6880326867103577, 0.4177006781101227, -0.6596964001655579], [0.18847374618053436, -0.23519161343574524, -2.2877097129821777], [-4.033672332763672, 2.092134475708008, -1.792148232460022], [-1.488899827003479, 3.467315912246704, 1.1937713623046875], [-4.37307071685791, 0.5463218688964844, 0.3631003499031067], [-1.221156120300293, -0.9474650025367737, -1.3460255861282349], [-1.2376987934112549, -2.1242940425872803, -1.0660881996154785], [1.4303724765777588, 0.5882786512374878, -0.1864956021308899], [0.5732464790344238, 0.7700446844100952, 1.0583361387252808], [-1.252160906791687, -0.401288241147995, 3.117886781692505], [-0.7808040380477905, -0.08745633810758591, 1.6748415231704712], [1.912878155708313, 0.32069292664527893, 0.4492458999156952], [-1.7831995487213135, 2.1029624938964844, -0.6158608794212341], [1.8466717004776, 0.09644372761249542, 1.4938421249389648], [-2.7049665451049805, -1.0227240324020386, -1.638685703277588], [-1.4417212009429932, -1.7658183574676514, 0.5184075236320496], [-4.775393962860107, 1.326202630996704, -0.907615602016449], [-1.0724971294403076, 2.9294793605804443, 0.5891380906105042], [0.34667783975601196, -1.3389941453933716, -2.528933525085449], [0.612206220626831, 3.128338098526001, -1.802370309829712], [0.30592581629753113, -2.1192004680633545, -1.0825456380844116], [1.1682395935058594, 0.737057626247406, -1.3392670154571533], [-0.4965098202228546, 1.6490955352783203, 2.053452491760254], [0.9766712188720703, 0.14111469686031342, -1.4514777660369873], [2.9909873008728027, -2.42970871925354, 1.768731951713562], [1.48134183883667, -0.31657716631889343, 0.02698565274477005], [-1.3438857793807983, -0.7944934368133545, -2.782217502593994], [0.21392087638378143, 0.8690594434738159, -0.7498301267623901], [1.1180574893951416, -0.6096945405006409, -0.8069148659706116], [-0.2782970666885376, 1.6424987316131592, 1.379844069480896], [-0.9169384837150574, 1.6797107458114624, -2.012605667114258], [-1.3837006092071533, 0.5539798736572266, -1.691542148590088], [0.5083941221237183, -0.027076268568634987, 2.1303436756134033], [0.9415559768676758, -3.9138364791870117, 5.306572914123535], [0.06542210280895233, -1.1092886924743652, -0.3293364346027374], [0.09281878918409348, -0.8857759237289429, 0.6978530883789062], [0.5418207049369812, -1.196807861328125, 1.0059959888458252], [-1.2101432085037231, -0.2206440269947052, 0.3876613676548004], [-0.34814882278442383, 0.5299630165100098, -1.800537347793579], [-1.81032395362854, -1.1561980247497559, -2.9250097274780273], [1.6312549114227295, -1.259184718132019, -2.208888292312622], [-1.5228461027145386, -2.853487730026245, 0.9683960676193237], [-2.0015063285827637, -1.3674101829528809, 2.286576509475708], [-3.112880229949951, -3.9429731369018555, 3.4220149517059326], [3.931946039199829, -1.0759177207946777, 0.9781184196472168], [3.407320499420166, 0.5924819707870483, -0.022018127143383026], [-0.3208984136581421, -1.0242738723754883, 0.45720767974853516], [-2.8136115074157715, 1.743542194366455, -1.1589252948760986], [-1.5540348291397095, 0.723591685295105, 1.094858169555664], [0.37192222476005554, 1.126194953918457, -4.196629524230957], [3.303314208984375, 1.1831704378128052, 3.468064785003662], [3.0689947605133057, -1.4200615882873535, -0.3563985526561737], [-0.8028237223625183, 2.57743501663208, 0.3103366792201996], [-1.4460026025772095, 1.001189947128296, -1.4431408643722534], [-1.897756814956665, -2.8109543323516846, -1.2662019729614258], [0.31849709153175354, 1.8727350234985352, 1.1990190744400024], [-3.2076542377471924, -0.2780834138393402, 0.1943381130695343], [-0.7395694255828857, -2.4514529705047607, -0.8807951807975769], [-0.931357741355896, -1.347168207168579, 0.2952817380428314], [0.5710564851760864, -3.973820447921753, -0.836207926273346], [1.5041896104812622, 1.928095817565918, -0.37380266189575195], [1.8368147611618042, 5.449742317199707, 2.358454465866089], [1.8054938316345215, 1.7173811197280884, 3.253659725189209], [-0.6836320161819458, 2.2919676303863525, 1.54707670211792], [-1.4863263368606567, 0.037472136318683624, 0.6297960877418518], [1.4351422786712646, 1.7434219121932983, 0.6803845167160034], [2.559763193130493, -3.3981921672821045, -2.75549054145813], [-1.4618465900421143, 1.3673861026763916, -1.97983980178833], [-1.0027159452438354, -0.9933744668960571, 3.0871384143829346], [-1.5847649574279785, 0.735156238079071, -0.17168165743350983], [1.4873871803283691, -0.6500840187072754, 1.8237532377243042], [1.79336416721344, 0.8417613506317139, 2.1516735553741455], [-0.3599330186843872, 2.3992464542388916, 0.8116716146469116], [-3.0479345321655273, -0.8870871663093567, 2.8286795616149902], [-2.8716835975646973, 1.6657661199569702, -0.7419899106025696], [3.602085590362549, 2.126146078109741, -0.7188143730163574], [-0.4573848843574524, -0.683082103729248, -2.167673349380493], [0.49626612663269043, -0.3357580006122589, 0.17832635343074799], [1.0398293733596802, 0.7081398963928223, 2.3091654777526855], [-0.8945655822753906, 3.6234374046325684, -0.8403472304344177], [-0.21437638998031616, -1.1511712074279785, 1.2131396532058716], [-1.947296142578125, -0.33431321382522583, 2.0779030323028564], [-0.6350539922714233, -1.2114824056625366, 1.3790972232818604], [-0.6137509942054749, -0.9576368927955627, 1.017004370689392], [-0.727013349533081, -0.7490551471710205, 0.4374461770057678], [2.5367469787597656, 1.5463752746582031, -3.2772796154022217], [0.5081383585929871, 3.0712575912475586, 0.9379516243934631], [2.3346974849700928, 0.4361429810523987, 0.5697535872459412], [3.316523790359497, -3.544552803039551, -2.425522565841675], [-0.31027287244796753, -1.662173867225647, -0.581632673740387], [1.95040762424469, 0.7488822937011719, -2.177091360092163], [1.2904690504074097, 1.2339946031570435, -1.6528716087341309], [-0.4468365013599396, -1.361782431602478, 2.6884586811065674], [0.931024968624115, -2.9123613834381104, -2.623662233352661], [-0.25994160771369934, -2.818129539489746, -0.8253850936889648], [-0.19128042459487915, -3.7746989727020264, -1.721083641052246], [-1.3450878858566284, 1.0151281356811523, -1.3449863195419312], [-0.2353089302778244, 0.7646342515945435, -1.5240838527679443], [0.2352346032857895, 0.6994349360466003, 1.1930515766143799], [-1.9489437341690063, 1.2023731470108032, -1.1901456117630005], [1.4881315231323242, -0.42191749811172485, -2.1757516860961914], [3.155484199523926, 1.3009849786758423, 1.4218517541885376], [0.339383065700531, -1.239476203918457, 2.345881938934326], [-1.3311177492141724, -0.7474884986877441, 1.1940730810165405]]}