{"epoch": 800, "embeddings": [[-0.8367512226104736, -0.6690884232521057, -0.6897765398025513], [1.2712149620056152, -1.4270501136779785, 1.1069718599319458], [1.071197748184204, 0.4797574281692505, -1.5010708570480347], [-0.11486592143774033, -0.12661190330982208, 1.0411115884780884], [0.831433117389679, 2.0475382804870605, 0.8654117584228516], [2.01716685295105, -0.106177918612957, -0.9344090819358826], [1.1181169748306274, 0.2188515067100525, -0.7848082184791565], [-2.0406625270843506, -0.59638512134552, -0.5223826169967651], [0.9011342525482178, -0.03017548657953739, -0.4928279519081116], [0.6266001462936401, -0.48943546414375305, 0.5007357001304626], [0.34061914682388306, 0.17927399277687073, -1.1464037895202637], [-2.571502923965454, 2.033168077468872, -0.9636893272399902], [-0.6994917988777161, 2.825608491897583, 0.8443335294723511], [-2.798921823501587, 0.2997775673866272, 0.5109583735466003], [-0.7004397511482239, -0.8242270946502686, -0.5225958228111267], [-0.8178998231887817, -1.200533390045166, -0.530267596244812], [1.1137384176254272, -0.11857371032238007, 0.17087867856025696], [0.3143121898174286, 0.30789056420326233, 0.7219163775444031], [-0.6151217818260193, 0.3087540566921234, 2.362283706665039], [-0.0003672748280223459, 0.053719665855169296, 1.4846101999282837], [1.2872096300125122, 0.020443502813577652, 0.5868592858314514], [-0.7928482294082642, 1.1808130741119385, 0.18703065812587738], [0.8671778440475464, -0.24759723246097565, 0.6114936470985413], [-1.9720643758773804, -0.5895172953605652, -0.9874016642570496], [-0.8631700873374939, -1.3611677885055542, 0.36573827266693115], [-2.5064315795898438, 1.1288363933563232, 0.5417079925537109], [-0.45155206322669983, 1.900089979171753, 0.5932824611663818], [0.07866248488426208, -0.8926355242729187, -1.7602938413619995], [-0.25077953934669495, 1.4006359577178955, -1.5865466594696045], [-0.7197457551956177, -1.2803969383239746, -1.039719820022583], [0.9169449210166931, 0.48693162202835083, -0.6445287466049194], [0.15496939420700073, 0.987795352935791, 1.4560245275497437], [0.4146498143672943, -0.056046903133392334, -1.149746298789978], [2.1203646659851074, -2.302852153778076, 1.1988953351974487], [0.9192905426025391, -0.1511625200510025, -0.21342572569847107], [-0.6200100779533386, -0.6409202218055725, -1.098516821861267], [0.469502329826355, 0.4984395205974579, -0.5289382338523865], [1.0467482805252075, -0.08361182361841202, -0.00921313650906086], [-0.08282989263534546, 1.094527006149292, 0.8644230365753174], [-0.7889412045478821, 0.7689791917800903, -1.0217190980911255], [-1.2870476245880127, 0.37571099400520325, -0.8332738280296326], [0.5008435249328613, -0.06892144680023193, 1.1505969762802124], [0.8191864490509033, -2.22790265083313, 3.1793675422668457], [0.12615494430065155, -0.3576154112815857, -0.7407523989677429], [0.2418144941329956, -0.5107151865959167, 0.3645128011703491], [0.2724536061286926, -0.49727946519851685, 0.486591637134552], [-0.3935973048210144, 0.5593741536140442, 0.4661470651626587], [-0.9211360812187195, 0.611375629901886, -1.7570749521255493], [-0.9996923804283142, -1.3066635131835938, -1.2259162664413452], [0.12537802755832672, -0.8892160058021545, -2.5104267597198486], [-0.8365855813026428, -1.8788471221923828, 1.70029616355896], [-1.1754056215286255, -0.45029380917549133, 1.3829855918884277], [-1.6904261112213135, -2.6193859577178955, 2.247349262237549], [2.8444290161132812, -0.4769577085971832, 0.009369678795337677], [2.635255813598633, 0.8493829369544983, 0.00476203253492713], [-0.05768260732293129, -0.03168303146958351, 0.2757354974746704], [-2.1100306510925293, 1.2828640937805176, -0.13659533858299255], [-0.9345182180404663, 0.4319165349006653, 0.9983720779418945], [-0.004821558482944965, 0.15492770075798035, -2.5778751373291016], [2.9368667602539062, 0.5544437170028687, 1.5305349826812744], [2.254779577255249, -1.3392419815063477, -0.2460700422525406], [-0.3397456407546997, 1.9767370223999023, -0.25944042205810547], [-1.3792657852172852, 0.33273494243621826, -0.4979865849018097], [-1.1583783626556396, -1.558415174484253, -0.07823480665683746], [1.0084737539291382, 0.7438570261001587, 1.0343388319015503], [-1.698009729385376, -0.08504390716552734, 0.49318960309028625], [-1.0379891395568848, -1.3887397050857544, -0.48725685477256775], [-1.0236783027648926, -0.7530837655067444, 0.46745985746383667], [0.0941939651966095, -2.6899631023406982, -0.08950311690568924], [0.8132097125053406, 1.1606473922729492, -0.6779401898384094], [1.7313257455825806, 3.2550246715545654, 0.979771077632904], [0.9805998206138611, 1.644771695137024, 1.2201377153396606], [0.09651719778776169, 2.1951723098754883, 0.9931683540344238], [-1.1967419385910034, 0.28720372915267944, 0.021448735147714615], [1.3456028699874878, 0.9088965654373169, 0.42679643630981445], [1.2521061897277832, -2.3963050842285156, -2.1351308822631836], [-1.0364221334457397, 0.32169032096862793, -0.5648255348205566], [-0.4435831904411316, -1.0139390230178833, 2.271728038787842], [-1.1108238697052002, 0.0007276369142346084, 0.2416590452194214], [1.2897887229919434, -0.2872389256954193, 0.5904051661491394], [0.9960845708847046, 1.291272521018982, 0.20404228568077087], [-0.05071518197655678, 1.8027393817901611, 0.6492356657981873], [-1.8109244108200073, -0.32082149386405945, 2.1438586711883545], [-2.4533989429473877, 0.86100834608078, -0.42324304580688477], [1.691779375076294, 0.9193893074989319, -1.5870484113693237], [-0.4271659851074219, -0.15395024418830872, -1.3358736038208008], [0.450785756111145, 0.19164906442165375, -0.3486146330833435], [1.3752201795578003, -0.3042900562286377, 1.8747614622116089], [-0.799166202545166, 2.318209648132324, -0.6821601986885071], [0.15204451978206635, -0.2327912449836731, 0.5181774497032166], [-1.2738527059555054, -0.11912275850772858, 1.9461416006088257], [-0.5437679886817932, -0.29047396779060364, 0.6317086219787598], [-0.13421712815761566, -0.7102698683738708, 1.0198231935501099], [-0.5643681883811951, -0.33413055539131165, -0.17210769653320312], [1.7463929653167725, 0.7075972557067871, -2.017488479614258], [0.804027259349823, 2.388129472732544, 0.14280077815055847], [1.6455392837524414, 0.6024346947669983, -0.3743559718132019], [1.5196338891983032, -2.663224935531616, -2.2019453048706055], [-1.1036931276321411, -0.918290913105011, -1.2320306301116943], [0.6821107268333435, 0.40118730068206787, -1.7359026670455933], [0.33925268054008484, 0.7034262418746948, -1.8752835988998413], [0.3676166832447052, -1.1216495037078857, 2.2028489112854004], [0.1476336270570755, -2.2133471965789795, -1.4702552556991577], [-0.6592531800270081, -1.5683467388153076, -0.7611854076385498], [-0.3704669177532196, -1.8230305910110474, -0.6761500835418701], [-1.0432108640670776, 0.5829505324363708, -0.5908571481704712], [-0.6135587692260742, 0.5173848271369934, -1.2708163261413574], [0.028143268078565598, 0.136215940117836, 0.8612082600593567], [-1.4534955024719238, 0.5039898753166199, -0.810544490814209], [0.8319352865219116, 0.10846973210573196, -1.3345826864242554], [2.0054657459259033, 0.4354398846626282, 0.34250131249427795], [0.47757312655448914, -1.0909408330917358, 1.314869999885559], [-0.13003017008304596, -0.45449694991111755, 1.4436582326889038]]}