{"epoch": 1980, "embeddings": [[-0.9713196158409119, 0.5216243267059326, 0.05892297625541687], [0.2812138497829437, 1.604899287223816, 0.35436704754829407], [1.220577597618103, 0.3974916338920593, -0.14841486513614655], [0.8122237324714661, -1.270430088043213, -0.4772455096244812], [-0.7086477279663086, -1.1308048963546753, 0.07264193892478943], [-1.5171607732772827, 0.33598148822784424, 0.47362080216407776], [-0.47714948654174805, 1.4589556455612183, 0.01481523085385561], [1.142232060432434, 0.6596909761428833, -0.9169604182243347], [1.1343048810958862, -1.0984032154083252, -0.8882743120193481], [-0.21548011898994446, -1.1272717714309692, 0.21298065781593323], [-1.570310115814209, 0.24953074753284454, 0.9562565088272095], [-0.9965755343437195, 1.6800135374069214, 0.36656755208969116], [0.5227696299552917, 0.864945113658905, -0.7522963285446167], [1.3782204389572144, -0.9962243437767029, -1.012845754623413], [0.45972883701324463, -1.5703470706939697, 0.5231582522392273], [-0.7464239001274109, -0.5798827409744263, 1.3320575952529907], [-1.1155967712402344, 0.9976431727409363, 0.8967297673225403], [0.09653822332620621, 1.1636353731155396, -0.8996960520744324], [1.1574252843856812, -0.09765812009572983, -1.1067556142807007], [0.9125204086303711, -0.7738151550292969, 0.40821659564971924], [-0.3729809522628784, -0.6925376653671265, 1.3427815437316895], [-1.1855864524841309, 0.1424933820962906, 0.6468061208724976], [-0.34840768575668335, 0.5594696402549744, -1.3184213638305664], [0.8329707980155945, 0.17810076475143433, -1.4831303358078003], [1.2457929849624634, -0.22629860043525696, -0.03557747229933739], [0.1663290411233902, -0.2175985425710678, 1.5102680921554565], [-1.1658307313919067, 0.16690094769001007, 0.6900615096092224], [-1.0092238187789917, 0.2173677235841751, -1.2946373224258423], [0.23209816217422485, 0.31231606006622314, -1.7534548044204712], [1.1435048580169678, 0.2208227813243866, -0.06712941825389862], [0.42993396520614624, -0.21545961499214172, 1.5684013366699219], [-0.7837896347045898, -0.18252024054527283, 1.2584426403045654], [-1.4113816022872925, -0.0019252568017691374, -0.6789213418960571], [-0.32346397638320923, 0.4372256398200989, -1.488116979598999], [0.8652707934379578, 0.4403682351112366, -0.14697660505771637], [1.166538119316101, -0.04109145328402519, 1.4255086183547974], [0.19307690858840942, -0.9148170351982117, 1.115378975868225], [-0.9818199276924133, -0.7887772917747498, -0.33946478366851807], [-0.6913484334945679, 0.13601258397102356, -1.3930970430374146], [0.6021881699562073, 1.1656477451324463, -0.13422046601772308], [1.2719489336013794, 0.46251168847084045, 1.188770055770874], [0.5316201448440552, -0.7566081285476685, 0.8752880692481995], [-0.7446029782295227, -1.345865249633789, -0.7991796731948853], [-1.1860138177871704, -0.2868887782096863, -1.2663649320602417], [0.06769900768995285, 1.3180803060531616, -0.4823218882083893], [1.0690069198608398, 1.234498143196106, 0.7282888293266296], [0.8134008049964905, -0.20419363677501678, 0.64629727602005], [-0.6466304659843445, -1.4442143440246582, -0.32879364490509033], [-1.5074210166931152, -0.7231977581977844, -0.9188919067382812], [-0.6139726638793945, 0.95197594165802, -0.22555966675281525], [0.8691385984420776, 1.1753933429718018, 0.30844247341156006], [1.4800221920013428, -0.25633102655410767, 0.48569008708000183], [0.22460779547691345, -1.495468020439148, -0.12595976889133453], [-1.2497707605361938, -0.8716855645179749, -0.13132044672966003], [-1.057376742362976, 1.1962499618530273, 0.5077984929084778], [0.5481112003326416, 1.602194905281067, 0.3579353392124176], [1.5989729166030884, 0.03276107832789421, -0.07222384959459305], [0.7887805104255676, -1.660904049873352, -0.2845543324947357], [-0.8100547790527344, -1.313138723373413, 0.034437354654073715], [-1.3923343420028687, 0.6111228466033936, 0.5443141460418701], [-0.23185767233371735, 1.9192899465560913, 0.20163372159004211], [0.9991741180419922, 0.6139140725135803, -0.47278690338134766], [1.197601318359375, -1.0971009731292725, -0.804669976234436], [-0.19583722949028015, -1.6309911012649536, -0.22109471261501312], [-1.3302109241485596, 0.06496188044548035, 0.5948215126991272], [-0.7955068349838257, 1.4784060716629028, 0.03544516861438751], [0.6120893359184265, 0.8952913880348206, -0.9486287236213684], [1.013616919517517, -0.4652765691280365, -0.7820595502853394], [-0.051229968667030334, -1.2745163440704346, 0.1695912480354309], [-1.1691687107086182, -0.1632116585969925, 1.2216752767562866], [-1.0503913164138794, 0.8854163289070129, 0.49578791856765747], [0.4310551583766937, 0.8593092560768127, -0.922082245349884], [1.341304898262024, -0.3349308967590332, -0.700594961643219], [0.6470409631729126, -1.0453765392303467, 0.4941425323486328], [-0.7660401463508606, -0.27315056324005127, 1.8299342393875122], [-1.2478851079940796, 0.6016549468040466, 0.9014750123023987], [-0.1786700040102005, 0.6757753491401672, -1.1402959823608398], [1.2873493432998657, -0.3076137602329254, -1.474348545074463], [1.2735943794250488, -0.8517869114875793, 0.07266764342784882], [-0.10552484542131424, -0.42277640104293823, 1.533851146697998], [-1.0976117849349976, 0.44807082414627075, 0.7927727699279785], [-0.8460203409194946, 0.6568564176559448, -1.1542996168136597], [0.4543229639530182, 0.4117034673690796, -1.6503592729568481], [1.054770588874817, -0.1519984006881714, -0.36062583327293396], [0.21324701607227325, -0.40046656131744385, 1.4095038175582886], [-0.9147710800170898, -0.3093823790550232, 0.9218509197235107], [-1.0045524835586548, 0.10288958251476288, -0.9739183783531189], [0.007544536143541336, 0.6521646976470947, -1.478965401649475], [0.8824368715286255, 0.5815356969833374, 0.10956868529319763], [0.8122774362564087, 0.05702727660536766, 1.6084495782852173], [-0.2989257276058197, -0.6225101351737976, 1.1945730447769165], [-0.9974523186683655, -0.8378603458404541, -0.8267262578010559], [-0.3471922278404236, -0.026800332590937614, -1.2223377227783203], [1.1025654077529907, 0.6566348671913147, -0.03790925815701485], [1.1472355127334595, 0.5397893190383911, 1.6386566162109375], [0.37433362007141113, -0.5195215344429016, 1.4606672525405884], [-1.0578848123550415, -0.9907719492912292, -0.4057431221008301], [-1.095349907875061, -0.006053735967725515, -1.3805328607559204], [0.2109452337026596, 0.9237306714057922, -0.7478018999099731], [1.1808322668075562, 0.7865543961524963, 0.8909327387809753], [0.5646377205848694, -0.5510432720184326, 0.7565636038780212], [-0.7101413607597351, -1.288160800933838, -0.5344198346138], [-1.4940705299377441, 0.04682497680187225, -0.9353480339050293], [-0.5256871581077576, 1.322447657585144, -0.5159927010536194], [0.8633338809013367, 1.342037320137024, 0.4848827123641968], [1.104134440422058, -0.2824089825153351, 0.4750640392303467], [-0.06307435035705566, -1.6518771648406982, -0.23661790788173676], [-1.1747454404830933, -1.0086067914962769, -0.35291266441345215], [-0.9017730355262756, 1.0693784952163696, 0.18195877969264984], [0.6165462136268616, 1.8064087629318237, 0.843644380569458], [1.2393651008605957, 0.09979972243309021, 0.41584455966949463], [0.3424605131149292, -1.8760422468185425, -0.21921664476394653], [-0.7803277969360352, -1.3192098140716553, -0.17010734975337982]]}