{"epoch": 600, "embeddings": [[-0.8580015897750854, -0.6760752201080322, -0.8847298622131348], [1.2751579284667969, -1.6536351442337036, 1.2831568717956543], [1.3592268228530884, 0.43734925985336304, -1.7039897441864014], [-0.17659643292427063, -0.4069107472896576, 1.1608989238739014], [0.7045063972473145, 2.412010908126831, 0.8996764421463013], [2.358306884765625, 0.14134922623634338, -0.8686172366142273], [1.3543446063995361, 0.26581791043281555, -0.8350362181663513], [-2.1415958404541016, -0.5388449430465698, -0.6328312754631042], [1.3134397268295288, 0.0339474231004715, -0.49461233615875244], [0.5784958600997925, -0.22926932573318481, 0.33977189660072327], [0.31340718269348145, 0.028531400486826897, -1.339821457862854], [-2.9108264446258545, 2.0678486824035645, -1.2638044357299805], [-0.889305830001831, 2.9723596572875977, 0.9682367444038391], [-3.245211601257324, 0.37192004919052124, 0.3325590193271637], [-0.8205330967903137, -0.8483914136886597, -0.667251706123352], [-0.95333331823349, -1.4252614974975586, -0.7469707727432251], [1.075074553489685, 0.030645331367850304, 0.18990086019039154], [0.42857125401496887, 0.4381437599658966, 0.5943061709403992], [-0.8973479866981506, 0.15445061028003693, 2.4795234203338623], [-0.269798219203949, -0.0036816089414060116, 1.5908433198928833], [1.4284085035324097, 0.14680543541908264, 0.6543682813644409], [-1.129888892173767, 1.4905833005905151, 0.04153953120112419], [1.1489652395248413, -0.1358945071697235, 0.8519812226295471], [-2.134423017501831, -0.713289201259613, -1.2052932977676392], [-1.0091708898544312, -1.4686328172683716, 0.33553269505500793], [-3.1869802474975586, 1.127909779548645, 0.29770150780677795], [-0.6539872884750366, 2.2162535190582275, 0.6359097361564636], [0.19977883994579315, -1.0318150520324707, -1.9972751140594482], [0.03725261986255646, 1.9010238647460938, -1.7747907638549805], [-0.35214856266975403, -1.474159836769104, -1.0997754335403442], [0.9777144193649292, 0.5271626114845276, -0.7597719430923462], [-0.03171776980161667, 1.1348412036895752, 1.6066882610321045], [0.5197728276252747, -0.012892838567495346, -1.2935199737548828], [2.3908472061157227, -2.3532235622406006, 1.5414236783981323], [1.1422206163406372, -0.14840097725391388, -0.09620368480682373], [-0.798559844493866, -0.7387434244155884, -1.4304006099700928], [0.4033825099468231, 0.6186447143554688, -0.5928628444671631], [1.054828405380249, -0.24929393827915192, -0.11997703462839127], [-0.1443048119544983, 1.238261103630066, 0.9638848304748535], [-0.7700405716896057, 1.02382230758667, -1.2274987697601318], [-1.3047460317611694, 0.35830065608024597, -1.0333915948867798], [0.4995310604572296, -0.09049873054027557, 1.4251827001571655], [0.8159330487251282, -2.65798020362854, 3.7215428352355957], [0.13169632852077484, -0.5315008759498596, -0.6390114426612854], [0.23232778906822205, -0.5673614144325256, 0.44040894508361816], [0.3289811909198761, -0.671546995639801, 0.6233198642730713], [-0.6232577562332153, 0.33001819252967834, 0.49407950043678284], [-0.746920645236969, 0.536293089389801, -2.0295534133911133], [-1.253910779953003, -1.2851595878601074, -1.5793061256408691], [0.5597533583641052, -0.9362991452217102, -2.6185457706451416], [-1.0364831686019897, -2.116534471511841, 1.687063217163086], [-1.423628568649292, -0.6915246248245239, 1.5353914499282837], [-2.153380870819092, -2.987215757369995, 2.462315559387207], [3.1121153831481934, -0.6330416202545166, 0.27851954102516174], [2.9010446071624756, 0.8130767941474915, 0.18892377614974976], [-0.10868925601243973, -0.2576631009578705, 0.3319397270679474], [-2.33967924118042, 1.437135100364685, -0.46449515223503113], [-1.1393743753433228, 0.54107266664505, 0.890119194984436], [0.056324344128370285, 0.46793875098228455, -3.054612398147583], [2.9591689109802246, 0.7001293897628784, 2.106281280517578], [2.4347686767578125, -1.3886337280273438, -0.0971856489777565], [-0.4799431264400482, 2.1865622997283936, -0.2602054178714752], [-1.3189001083374023, 0.5415082573890686, -0.6739203333854675], [-1.358628749847412, -1.8043006658554077, -0.2803075313568115], [0.8691667318344116, 1.0981409549713135, 1.3407821655273438], [-2.1203577518463135, -0.17156408727169037, 0.5054880976676941], [-0.9414380788803101, -1.7019621133804321, -0.7160351276397705], [-0.9835656881332397, -0.914115846157074, 0.32615596055984497], [0.26494526863098145, -3.059633493423462, -0.20195376873016357], [0.9763522744178772, 1.361918330192566, -0.6273512840270996], [1.73377525806427, 3.9005985260009766, 1.4271306991577148], [1.2118502855300903, 1.7204560041427612, 1.583936095237732], [-0.07059233635663986, 2.2413923740386963, 1.1480222940444946], [-1.2769490480422974, 0.2062649428844452, 0.02923418954014778], [1.3490619659423828, 1.0576846599578857, 0.6403743624687195], [1.5875637531280518, -2.706892967224121, -2.2465994358062744], [-1.2001172304153442, 0.5842034816741943, -0.9548373818397522], [-0.6511058211326599, -0.9583460688591003, 2.407792806625366], [-1.2702645063400269, 0.23569297790527344, 0.1389944851398468], [1.343498706817627, -0.42235615849494934, 0.9275625944137573], [1.191251516342163, 1.0839790105819702, 0.5226070284843445], [-0.13186602294445038, 1.9555033445358276, 0.6710330247879028], [-2.1440865993499756, -0.472230464220047, 2.3434786796569824], [-2.528665781021118, 1.0344904661178589, -0.6425096392631531], [2.264024019241333, 1.3216270208358765, -1.4604151248931885], [-0.42076388001441956, -0.35481512546539307, -1.507952332496643], [0.4641270339488983, 0.11936071515083313, -0.21342144906520844], [1.3306057453155518, 0.013492843136191368, 2.15983247756958], [-0.8732508420944214, 2.6330277919769287, -0.8245048522949219], [0.12332446873188019, -0.48558303713798523, 0.6951557993888855], [-1.4403420686721802, -0.24241556227207184, 1.9887140989303589], [-0.5561536550521851, -0.5749290585517883, 0.6940301060676575], [-0.2788087725639343, -0.8268560171127319, 1.112441062927246], [-0.5963451862335205, -0.4500761330127716, -0.09084022045135498], [2.0357961654663086, 0.9169612526893616, -2.136026620864868], [0.7317162156105042, 2.6107308864593506, 0.3571469485759735], [1.7995411157608032, 0.5510433912277222, -0.1818399578332901], [2.0229482650756836, -2.8162457942962646, -2.3626227378845215], [-0.8405426144599915, -1.0974366664886475, -1.2981219291687012], [1.092655062675476, 0.4626533091068268, -1.7853662967681885], [0.6583497524261475, 0.8362342119216919, -1.8693370819091797], [0.13953335583209991, -1.1566994190216064, 2.5409393310546875], [0.34958136081695557, -2.395108699798584, -1.6943308115005493], [-0.5618764162063599, -1.9298090934753418, -0.9138463139533997], [-0.2937454879283905, -2.3776779174804688, -0.9285884499549866], [-1.0798923969268799, 0.7535719275474548, -0.7456764578819275], [-0.4878457486629486, 0.5491840839385986, -1.4981263875961304], [0.03930630162358284, 0.29715144634246826, 0.8561956286430359], [-1.6080944538116455, 0.6604014039039612, -0.9183763861656189], [1.110558271408081, -0.05654459819197655, -1.4010788202285767], [2.332615852355957, 0.6276702284812927, 0.5888078212738037], [0.3980432450771332, -1.1398593187332153, 1.56338369846344], [-0.4975520670413971, -0.48629841208457947, 1.4630863666534424]]}