{"epoch": 900, "embeddings": [[-0.7716084122657776, -0.660460889339447, -0.6185740232467651], [1.2322962284088135, -1.3581902980804443, 0.9033653736114502], [0.9676526784896851, 0.5322648286819458, -1.3280075788497925], [-0.10723759979009628, -0.07084982842206955, 1.0631637573242188], [0.9473394155502319, 1.8220335245132446, 0.8394400477409363], [1.827410340309143, -0.2253001630306244, -1.025661826133728], [1.0064442157745361, 0.21765018999576569, -0.7725555896759033], [-2.0024218559265137, -0.5464966297149658, -0.5359427332878113], [0.6823101043701172, -0.04191083461046219, -0.39334458112716675], [0.6600624918937683, -0.6313422918319702, 0.4663432538509369], [0.3880115747451782, 0.2660509943962097, -1.125258445739746], [-2.3524410724639893, 2.1388700008392334, -0.7775595784187317], [-0.6214341521263123, 2.764521360397339, 0.8807817697525024], [-2.604863166809082, 0.29148390889167786, 0.5798141360282898], [-0.6678343415260315, -0.7671117186546326, -0.5415454506874084], [-0.7560259699821472, -1.0905488729476929, -0.4356303811073303], [1.1765165328979492, -0.18761290609836578, 0.08545614778995514], [0.26819244027137756, 0.2146286964416504, 0.8632442355155945], [-0.4751559793949127, 0.2854693830013275, 2.341646194458008], [0.11125711351633072, 0.0029064968694001436, 1.4206855297088623], [1.2353843450546265, -0.10348916053771973, 0.5231543779373169], [-0.5821616649627686, 1.0545190572738647, 0.20648473501205444], [0.6968159079551697, -0.3243293762207031, 0.5253233313560486], [-1.9132384061813354, -0.44324174523353577, -0.893417477607727], [-0.8045949339866638, -1.3228321075439453, 0.413139671087265], [-2.1643588542938232, 1.1717031002044678, 0.5639815926551819], [-0.3017396926879883, 1.7537059783935547, 0.5806774497032166], [-0.019185654819011688, -0.7613701820373535, -1.6704010963439941], [-0.38530609011650085, 1.238507628440857, -1.4270743131637573], [-0.9155307412147522, -1.1241440773010254, -1.0025653839111328], [0.9030854105949402, 0.4668058156967163, -0.6395540833473206], [0.25558966398239136, 0.8709763288497925, 1.36662757396698], [0.37662050127983093, -0.061443716287612915, -1.110518217086792], [1.8951996564865112, -2.3612661361694336, 0.9250277280807495], [0.7982574701309204, -0.17719942331314087, -0.22673211991786957], [-0.5538480877876282, -0.5419681072235107, -1.070789098739624], [0.515476405620575, 0.4369429051876068, -0.47100067138671875], [1.0801496505737305, -0.025235969573259354, -0.004774187225848436], [-0.01797317899763584, 0.9703338146209717, 0.8996840119361877], [-0.7722996473312378, 0.7549939751625061, -0.9268622994422913], [-1.243601679801941, 0.47570526599884033, -0.7248178124427795], [0.5016534924507141, -0.09915813058614731, 1.0254592895507812], [0.7639211416244507, -2.2177228927612305, 2.8853352069854736], [0.12034836411476135, -0.2994096279144287, -0.7751662135124207], [0.20307494699954987, -0.4891952872276306, 0.31961581110954285], [0.21999698877334595, -0.40794989466667175, 0.4744029641151428], [-0.27587005496025085, 0.6734516024589539, 0.45229631662368774], [-0.9175967574119568, 0.7030242681503296, -1.5516670942306519], [-0.9446212649345398, -1.2443619966506958, -1.2178728580474854], [-0.09686729311943054, -0.8150181174278259, -2.4025018215179443], [-0.8185293674468994, -1.7698031663894653, 1.5716276168823242], [-1.0494545698165894, -0.33704251050949097, 1.3929718732833862], [-1.5265300273895264, -2.493804454803467, 2.121182918548584], [2.687814712524414, -0.49665918946266174, -0.07677863538265228], [2.5087642669677734, 0.8342662453651428, -0.07876801490783691], [-0.037498507648706436, 0.08701462298631668, 0.2790096402168274], [-1.9795395135879517, 1.271115779876709, 0.04265236109495163], [-0.8034030795097351, 0.3183917701244354, 1.0718170404434204], [-0.016554169356822968, 0.06457334011793137, -2.397141695022583], [2.9351584911346436, 0.34545794129371643, 1.2904956340789795], [2.128054141998291, -1.3101470470428467, -0.3938618302345276], [-0.23035907745361328, 1.8831473588943481, -0.16429798305034637], [-1.423937201499939, 0.2919387221336365, -0.4685833156108856], [-1.1436985731124878, -1.4162243604660034, -0.07308588922023773], [1.025050401687622, 0.5576027631759644, 0.8067666292190552], [-1.527005910873413, -0.01145678199827671, 0.3960205912590027], [-1.1201471090316772, -1.1729925870895386, -0.3731023669242859], [-1.0831187963485718, -0.675921618938446, 0.5133298635482788], [-0.07796991616487503, -2.501654624938965, -0.1960206925868988], [0.8107227683067322, 1.030045747756958, -0.6746085286140442], [1.7913215160369873, 2.876685857772827, 0.8687689304351807], [0.8598905801773071, 1.550414800643921, 1.2786884307861328], [0.22335880994796753, 2.1129424571990967, 1.042653203010559], [-1.152686595916748, 0.36059242486953735, 0.12798091769218445], [1.4069868326187134, 0.8149641752243042, 0.2874746322631836], [1.0889413356781006, -2.186354160308838, -2.1902847290039062], [-0.932757556438446, 0.25101804733276367, -0.48897358775138855], [-0.37438416481018066, -1.149857997894287, 2.2007851600646973], [-1.0080360174179077, -0.07455763220787048, 0.2586713433265686], [1.2598453760147095, -0.29418158531188965, 0.4833170175552368], [1.0035598278045654, 1.3372156620025635, 0.2628895938396454], [0.007812094409018755, 1.717095136642456, 0.6941159963607788], [-1.7182934284210205, -0.270275741815567, 2.065767526626587], [-2.4130699634552, 0.8414267897605896, -0.302846223115921], [1.4391862154006958, 0.7589033246040344, -1.5816229581832886], [-0.45126599073410034, 0.007769888266921043, -1.2876548767089844], [0.4370303750038147, 0.20986033976078033, -0.3813556134700775], [1.3475366830825806, -0.5301095247268677, 1.6578936576843262], [-0.6747708916664124, 2.2125837802886963, -0.534292459487915], [0.11894460022449493, -0.11929848045110703, 0.4886539578437805], [-1.2415753602981567, -0.08756383508443832, 1.8659148216247559], [-0.5368714928627014, -0.19516263902187347, 0.6565075516700745], [-0.04632391408085823, -0.7025874257087708, 0.9220983982086182], [-0.5490952134132385, -0.269259512424469, -0.14490818977355957], [1.6434561014175415, 0.6914414763450623, -1.9830069541931152], [0.9298690557479858, 2.2345564365386963, 0.22240372002124786], [1.6241445541381836, 0.5442700982093811, -0.3569677472114563], [1.2407066822052002, -2.5570545196533203, -2.192880630493164], [-1.237972617149353, -0.7964555621147156, -1.1323214769363403], [0.504292368888855, 0.4313332438468933, -1.7169915437698364], [0.2196410745382309, 0.7250890731811523, -1.7919447422027588], [0.4170694351196289, -1.1934205293655396, 1.9317232370376587], [0.044549014419317245, -2.0821104049682617, -1.449141263961792], [-0.7476648688316345, -1.3882496356964111, -0.7075579762458801], [-0.47548848390579224, -1.5347046852111816, -0.6481943130493164], [-1.0033607482910156, 0.57332843542099, -0.5395466685295105], [-0.6331360340118408, 0.5194290280342102, -1.129826307296753], [0.059531234204769135, 0.014952845871448517, 0.8739985823631287], [-1.35261869430542, 0.5323145985603333, -0.7861449122428894], [0.6835362911224365, 0.3024836480617523, -1.2828723192214966], [1.8549623489379883, 0.3043050765991211, 0.3276936709880829], [0.5013205409049988, -1.181566834449768, 1.1894327402114868], [0.018812911584973335, -0.5174493193626404, 1.396916151046753]]}