{"epoch": 700, "embeddings": [[-0.8598761558532715, -0.6768625378608704, -0.7804017066955566], [1.2726839780807495, -1.543349266052246, 1.2360340356826782], [1.205103874206543, 0.4436904489994049, -1.6257802248001099], [-0.1273108571767807, -0.2358047217130661, 1.0932128429412842], [0.7547776103019714, 2.2308497428894043, 0.8769094347953796], [2.169491767883301, -0.0023104888387024403, -0.9023006558418274], [1.2161484956741333, 0.239115372300148, -0.7977254390716553], [-2.088291883468628, -0.589128315448761, -0.5543884634971619], [1.1073966026306152, -0.014294261112809181, -0.5311678051948547], [0.5930686593055725, -0.36727216839790344, 0.43989697098731995], [0.30781495571136475, 0.06602822989225388, -1.2230385541915894], [-2.74607253074646, 2.027423143386841, -1.1428221464157104], [-0.7868726849555969, 2.887714385986328, 0.8808433413505554], [-3.0151560306549072, 0.33355259895324707, 0.42228883504867554], [-0.745303750038147, -0.8557063341140747, -0.5593156814575195], [-0.8901854753494263, -1.3025033473968506, -0.6266965270042419], [1.077551245689392, -0.05734201893210411, 0.2125207781791687], [0.38185936212539673, 0.3973958194255829, 0.6164008975028992], [-0.7560877799987793, 0.2681100070476532, 2.385514974594116], [-0.12446732819080353, 0.04407840967178345, 1.538053274154663], [1.3538836240768433, 0.08319620788097382, 0.6260235905647278], [-0.9701005816459656, 1.3228472471237183, 0.11777740716934204], [1.017095685005188, -0.17224453389644623, 0.733569324016571], [-2.03641676902771, -0.6639652252197266, -1.0697051286697388], [-0.9371475577354431, -1.39246666431427, 0.36445486545562744], [-2.8520829677581787, 1.1041114330291748, 0.45581185817718506], [-0.5624287724494934, 2.0391829013824463, 0.588567316532135], [0.15157964825630188, -0.9750968813896179, -1.8566886186599731], [-0.11087722331285477, 1.6350065469741821, -1.7179572582244873], [-0.5318933725357056, -1.3718997240066528, -1.0667848587036133], [0.932313084602356, 0.48771432042121887, -0.6952276229858398], [0.06149420142173767, 1.0800625085830688, 1.5274196863174438], [0.4432198405265808, -0.044706135988235474, -1.2350541353225708], [2.2727439403533936, -2.319005250930786, 1.3991832733154297], [1.0253843069076538, -0.13939328491687775, -0.18455757200717926], [-0.7017745971679688, -0.7275442481040955, -1.234787940979004], [0.4382844865322113, 0.5480899214744568, -0.5657886862754822], [1.0333908796310425, -0.17996059358119965, -0.04889294505119324], [-0.11355648934841156, 1.1901638507843018, 0.9015902280807495], [-0.7822900414466858, 0.8659939169883728, -1.1277285814285278], [-1.2941688299179077, 0.33746618032455444, -0.9079173803329468], [0.5027807950973511, -0.07718906551599503, 1.2971807718276978], [0.8272397518157959, -2.382648229598999, 3.4416239261627197], [0.1412060260772705, -0.43061813712120056, -0.677438497543335], [0.24352668225765228, -0.5227771997451782, 0.38475948572158813], [0.30056053400039673, -0.5708831548690796, 0.5568172931671143], [-0.4999628961086273, 0.4387395679950714, 0.4878107011318207], [-0.8346207141876221, 0.5504478216171265, -1.9184672832489014], [-1.1131768226623535, -1.3365668058395386, -1.3578455448150635], [0.3548275828361511, -0.9183794260025024, -2.5796892642974854], [-0.9230018258094788, -2.0027358531951904, 1.7345352172851562], [-1.2890905141830444, -0.5585579872131348, 1.448177695274353], [-1.9015971422195435, -2.760178804397583, 2.3699910640716553], [2.981597423553467, -0.5338695645332336, 0.12119090557098389], [2.768343210220337, 0.8252514004707336, 0.0901249423623085], [-0.0669693797826767, -0.14493945240974426, 0.2867910861968994], [-2.2386350631713867, 1.3453075885772705, -0.3003852963447571], [-1.042040228843689, 0.5028196573257446, 0.9410818219184875], [0.012978349812328815, 0.29831254482269287, -2.8012306690216064], [2.947840452194214, 0.6581662893295288, 1.8040426969528198], [2.3499772548675537, -1.3753260374069214, -0.1350984424352646], [-0.40269502997398376, 2.075251340866089, -0.30518293380737305], [-1.3518164157867432, 0.4108084738254547, -0.5736566185951233], [-1.241180419921875, -1.6845197677612305, -0.1482798457145691], [0.9554069638252258, 0.9190070629119873, 1.1889574527740479], [-1.9095923900604248, -0.14379055798053741, 0.5212573409080505], [-0.9817153811454773, -1.553511142730713, -0.587831974029541], [-0.9934754371643066, -0.818546712398529, 0.397777795791626], [0.1813424825668335, -2.8864073753356934, -0.10207638144493103], [0.8755696415901184, 1.2761859893798828, -0.6750355958938599], [1.733150601387024, 3.5906126499176025, 1.1560142040252686], [1.1079134941101074, 1.720502257347107, 1.319881796836853], [0.017035705968737602, 2.238831043243408, 1.0381910800933838], [-1.2256344556808472, 0.24911798536777496, -0.0009428737685084343], [1.3314720392227173, 0.9788624048233032, 0.5657718777656555], [1.4058747291564941, -2.5720055103302, -2.1421139240264893], [-1.132476568222046, 0.4207078516483307, -0.7425270080566406], [-0.5267232656478882, -0.9405840635299683, 2.3348028659820557], [-1.1905862092971802, 0.11172114312648773, 0.20749369263648987], [1.3268611431121826, -0.318088561296463, 0.7453081607818604], [1.0768579244613647, 1.2029814720153809, 0.32630154490470886], [-0.10198186337947845, 1.8896052837371826, 0.6356704235076904], [-1.9609930515289307, -0.37594813108444214, 2.239591360092163], [-2.4973039627075195, 0.9506657719612122, -0.5337113738059998], [1.9675551652908325, 1.1117708683013916, -1.546350121498108], [-0.427653968334198, -0.27245214581489563, -1.4049652814865112], [0.45301663875579834, 0.15043514966964722, -0.29520806670188904], [1.3638361692428589, -0.1307462453842163, 2.013474702835083], [-0.8401930332183838, 2.456080675125122, -0.7728525996208191], [0.15096156299114227, -0.3599351942539215, 0.5852890610694885], [-1.3491969108581543, -0.16877345740795135, 1.967085599899292], [-0.5449956655502319, -0.417342871427536, 0.6475350260734558], [-0.2130047082901001, -0.767553985118866, 1.0946156978607178], [-0.569146990776062, -0.3774668872356415, -0.11780223250389099], [1.875043272972107, 0.7675780057907104, -2.069031000137329], [0.7714192271232605, 2.5177390575408936, 0.21697165071964264], [1.7139976024627686, 0.6007484793663025, -0.2934850752353668], [1.7762900590896606, -2.747556209564209, -2.2848007678985596], [-0.9696323275566101, -1.003745675086975, -1.2899677753448486], [0.8797773718833923, 0.4120606780052185, -1.7413475513458252], [0.49094560742378235, 0.7545670866966248, -1.9073410034179688], [0.263019323348999, -1.1133798360824585, 2.403646469116211], [0.22157564759254456, -2.300398349761963, -1.5503066778182983], [-0.6160731911659241, -1.738004446029663, -0.8358049392700195], [-0.3357638716697693, -2.106774091720581, -0.7756907939910889], [-1.0699306726455688, 0.6469429731369019, -0.6662060618400574], [-0.5583269000053406, 0.5262252688407898, -1.3861321210861206], [0.012780853547155857, 0.2310256063938141, 0.8490102887153625], [-1.5399383306503296, 0.5597331523895264, -0.859890341758728], [0.9736961722373962, -0.0015717659844085574, -1.356714129447937], [2.163004159927368, 0.5485009551048279, 0.4367344379425049], [0.45448037981987, -1.0785439014434814, 1.4600398540496826], [-0.29755786061286926, -0.44593706727027893, 1.458508849143982]]}