{"epoch": 1400, "embeddings": [[0.12078124284744263, -0.6932790279388428, -0.38856184482574463], [0.792019784450531, 0.24330909550189972, 0.42321643233299255], [0.5335414409637451, 0.5683891773223877, 0.24442705512046814], [0.0029504112899303436, -0.41779977083206177, 1.3397008180618286], [1.071268916130066, -0.09750298410654068, -0.2268097698688507], [1.00062894821167, -0.09532594680786133, -1.9215552806854248], [0.24775275588035583, 0.5896985530853271, -1.124680519104004], [-1.9764115810394287, 0.19036047160625458, -0.49857547879219055], [-0.7301998734474182, -0.2890329658985138, 0.23971042037010193], [0.5488051772117615, -0.7699108123779297, -0.059247180819511414], [1.1986331939697266, 0.3666398525238037, -1.3485589027404785], [-0.922251284122467, 2.2481777667999268, -0.918889045715332], [-1.0030871629714966, 1.765765905380249, -0.08280910551548004], [-2.1387758255004883, -1.294452428817749, 0.31144750118255615], [-0.4350571930408478, -1.238572359085083, -0.614151120185852], [0.16171567142009735, -0.8735162615776062, -0.3190469443798065], [1.6941946744918823, 0.42346784472465515, -0.052297238260507584], [0.22130489349365234, 0.845912754535675, 2.0097079277038574], [-0.14158999919891357, -0.2614932060241699, 2.2950072288513184], [0.15690885484218597, -0.5253308415412903, 0.8543532490730286], [0.818695604801178, -0.6282656788825989, -0.18853634595870972], [0.42751365900039673, -0.14091624319553375, -1.1155225038528442], [-0.04408835247159004, -0.08821557462215424, 0.2504700720310211], [-1.3050483465194702, -0.021028567105531693, 0.41515234112739563], [-0.4714850187301636, -0.5289208292961121, 1.1201115846633911], [-0.44707658886909485, 0.876167356967926, -0.1967177391052246], [0.3084244430065155, 0.8836830854415894, -0.9180063009262085], [-0.17863228917121887, -0.3840990960597992, -1.0855375528335571], [-1.2164074182510376, 0.14990124106407166, -0.8001861572265625], [-1.6972076892852783, 0.17397668957710266, -0.3061870038509369], [0.4434695839881897, 0.6289236545562744, -0.6843416094779968], [0.7411160469055176, 0.947551965713501, 0.08962561190128326], [0.750144898891449, -0.12625232338905334, -0.9135761260986328], [0.37062063813209534, -1.0306315422058105, 0.30136987566947937], [-0.2650794982910156, -0.2590894103050232, 0.08874563127756119], [-0.25484907627105713, -0.21239320933818817, -0.5955893397331238], [0.7222421169281006, -0.2830512225627899, 0.258269339799881], [1.5604841709136963, -0.48417502641677856, 0.5665211081504822], [0.44601374864578247, -0.09139695763587952, 1.3648492097854614], [-0.5898090600967407, 0.9863476753234863, 0.15202219784259796], [-0.7480712532997131, 0.4741054177284241, 0.29515156149864197], [0.3199150860309601, -0.37569674849510193, -0.06611271947622299], [0.48070213198661804, -2.1189353466033936, 0.5580570101737976], [0.2795047163963318, -0.842582643032074, -0.8161572217941284], [-0.3370738625526428, 0.5088157057762146, 0.2519877552986145], [-0.3338077962398529, 1.359856367111206, 0.887842059135437], [-0.13528235256671906, 1.0008410215377808, 0.506324052810669], [-0.11972180753946304, -0.4138180911540985, -0.8354936242103577], [-0.255630761384964, -1.3996268510818481, -1.7467843294143677], [-0.5940157771110535, -0.10371623188257217, -1.646635890007019], [-1.0916270017623901, 0.06629228591918945, 0.6292194724082947], [-0.6384748220443726, 0.28096938133239746, 1.7847797870635986], [-0.17257502675056458, -1.7028706073760986, 1.7764042615890503], [2.0661985874176025, -0.6649486422538757, 0.09762182086706161], [1.6796547174453735, 1.3227298259735107, 0.141599640250206], [-0.3154435157775879, 0.9739526510238647, 0.4620281159877777], [-1.4788336753845215, 0.47928836941719055, 0.5220900774002075], [-0.20172713696956635, -1.0416548252105713, 1.0510259866714478], [0.6855292916297913, -1.1748179197311401, -1.2390179634094238], [2.7141799926757812, -0.040188226848840714, 0.1885029822587967], [1.480717420578003, 0.675998866558075, 0.22155095636844635], [-0.0634697750210762, 0.844461977481842, 0.5541805028915405], [-1.7680610418319702, -0.3370709717273712, -0.3543103039264679], [-0.9753597974777222, -1.6596064567565918, -0.6615920066833496], [0.5250695943832397, -0.1438543051481247, -1.4131994247436523], [-0.7504087090492249, 0.8265512585639954, -1.0171853303909302], [-1.2208881378173828, 0.44705063104629517, 0.32059770822525024], [-1.1126844882965088, 0.06778445094823837, 0.7406923770904541], [-0.44168734550476074, -1.4673599004745483, -0.8646939396858215], [0.7637661695480347, 0.11709432303905487, -1.3654601573944092], [1.3274682760238647, 0.8889985680580139, -0.5285344123840332], [-0.29845094680786133, 1.245029330253601, 1.288686752319336], [-0.08299706876277924, 0.6040908098220825, 1.622939944267273], [-0.37236857414245605, -0.32563939690589905, 0.9197148084640503], [1.883755087852478, 0.670150876045227, 0.07776565104722977], [1.207300066947937, -0.20799024403095245, -1.1104371547698975], [-0.2897901237010956, -0.30738580226898193, -0.3916797935962677], [-0.7319281101226807, -1.613970160484314, 1.6534315347671509], [-0.6988158226013184, -1.0484118461608887, 0.5790915489196777], [0.9535181522369385, 0.34888696670532227, 0.43295907974243164], [1.4167958498001099, 1.5081987380981445, 0.8940456509590149], [0.17336246371269226, 0.7374768853187561, -0.053747713565826416], [-1.60871160030365, -0.13458752632141113, 0.6659908890724182], [-2.2538201808929443, -0.1014479249715805, -0.5436605215072632], [0.07559517025947571, 0.3554036021232605, -1.4860904216766357], [-0.025148121640086174, 0.41994422674179077, -1.425459861755371], [0.3773634731769562, 0.2101472020149231, -0.42946478724479675], [0.2543905973434448, -0.23696346580982208, 0.8628135919570923], [-0.32379159331321716, 1.3710546493530273, 0.4803551733493805], [-0.2940431237220764, 0.9108031392097473, 0.3646544814109802], [-0.7276026606559753, -0.16045553982257843, -0.19140103459358215], [-0.11944235861301422, -1.065097689628601, 0.13462454080581665], [0.17821669578552246, -1.1895761489868164, 0.3896215260028839], [-0.4051639139652252, 0.1159452348947525, 1.3915382623672485], [0.8999755382537842, 1.4605742692947388, -0.32356584072113037], [1.36243736743927, 1.3260321617126465, 1.7097961902618408], [1.7928634881973267, -0.48276400566101074, 0.3364003896713257], [0.6846005320549011, -1.5558096170425415, -1.4041378498077393], [-1.4864158630371094, -0.17512914538383484, -0.5444158911705017], [-0.58878493309021, 0.9947287440299988, -1.3634146451950073], [-0.26872116327285767, 0.9452656507492065, -0.7287797331809998], [0.4253942370414734, -1.1729121208190918, 0.41791191697120667], [0.27224498987197876, -0.7021186947822571, -1.096812129020691], [-0.5818681716918945, 0.23576228320598602, -0.5175777673721313], [-1.1763174533843994, 1.0405012369155884, -0.506574809551239], [-1.1060905456542969, 0.5628682374954224, -0.29659152030944824], [-0.4341919422149658, -0.6508168578147888, -0.45406660437583923], [0.3789537847042084, -1.1451995372772217, 0.02279345877468586], [-0.4850233197212219, 0.6483353972434998, -0.9328076839447021], [0.061976801604032516, 2.327949047088623, 0.1662207543849945], [0.6693621277809143, 0.6150368452072144, 1.3857300281524658], [0.7110190987586975, -2.346710681915283, 0.9967973828315735], [0.4903213679790497, -1.9328584671020508, 0.6069936752319336]]}