{"train_acc": [0.008302005007863045, 0.03195488825440407, 0.060150377452373505, 0.08348997682332993, 0.11043233424425125, 0.15726816654205322, 0.23527568578720093, 0.3594924807548523, 0.5014097690582275, 0.6516290903091431, 0.8043546080589294, 0.9183897376060486, 0.9833959937095642, 0.9987468719482422, 1.0, 1.0, 1.0, 1.0, 1.0, 1.0, 1.0, 1.0, 1.0, 1.0, 1.0, 1.0, 1.0, 1.0, 1.0, 1.0, 1.0, 1.0, 1.0, 1.0, 1.0, 1.0, 1.0, 1.0, 1.0, 1.0, 1.0, 1.0, 1.0, 1.0, 1.0, 1.0, 1.0, 1.0, 1.0, 1.0, 1.0, 1.0, 1.0, 1.0, 1.0, 1.0, 1.0, 1.0, 1.0, 1.0, 1.0, 1.0, 1.0, 1.0, 1.0, 1.0, 1.0, 1.0, 1.0, 1.0, 1.0, 1.0, 1.0, 1.0, 1.0, 1.0, 1.0, 1.0, 1.0, 1.0, 1.0, 1.0, 1.0, 1.0, 1.0, 1.0, 1.0, 1.0, 1.0, 1.0, 1.0, 1.0, 1.0, 1.0, 1.0, 1.0, 1.0, 1.0, 1.0, 1.0, 1.0, 1.0, 1.0, 1.0, 1.0, 1.0, 1.0, 1.0, 1.0, 1.0, 1.0, 1.0, 1.0, 1.0, 1.0, 1.0, 1.0, 1.0, 1.0, 1.0, 1.0, 1.0, 1.0, 1.0, 1.0, 1.0, 1.0, 1.0, 1.0, 1.0, 1.0, 1.0, 1.0, 1.0, 1.0, 1.0, 1.0, 1.0, 1.0, 1.0, 1.0, 1.0, 1.0, 1.0, 1.0, 1.0, 1.0, 1.0, 1.0, 1.0, 1.0, 1.0, 1.0, 1.0, 1.0, 1.0, 1.0, 1.0, 1.0, 1.0, 1.0, 1.0, 1.0, 1.0, 1.0, 1.0, 1.0, 1.0, 1.0, 1.0, 1.0, 1.0, 1.0, 1.0, 1.0, 1.0, 1.0, 1.0, 1.0, 1.0, 1.0, 1.0, 1.0, 1.0, 1.0, 1.0, 1.0, 1.0, 1.0, 1.0, 1.0, 1.0, 1.0, 1.0, 1.0, 1.0, 1.0, 1.0, 1.0, 1.0], "test_acc": [0.006734534166753292, 0.003132341429591179, 0.0006264682742767036, 0.0, 0.0, 0.0, 0.0, 0.0, 0.0, 0.0, 0.0003132341371383518, 0.0003132341371383518, 0.0004698512202594429, 0.0006264682742767036, 0.0009397024405188859, 0.0007830853573977947, 0.0007830853573977947, 0.0007830853573977947, 0.0007830853573977947, 0.0007830853573977947, 0.001096319523639977, 0.0009397024405188859, 0.0009397024405188859, 0.0009397024405188859, 0.0009397024405188859, 0.0009397024405188859, 0.0009397024405188859, 0.0009397024405188859, 0.0007830853573977947, 0.0007830853573977947, 0.0007830853573977947, 0.0007830853573977947, 0.0007830853573977947, 0.0007830853573977947, 0.0007830853573977947, 0.0007830853573977947, 0.0007830853573977947, 0.0007830853573977947, 0.0007830853573977947, 0.0007830853573977947, 0.0007830853573977947, 0.0007830853573977947, 0.0007830853573977947, 0.0007830853573977947, 0.0007830853573977947, 0.0007830853573977947, 0.0007830853573977947, 0.0009397024405188859, 0.001096319523639977, 0.0012529365485534072, 0.0012529365485534072, 0.0012529365485534072, 0.0012529365485534072, 0.0012529365485534072, 0.0012529365485534072, 0.0012529365485534072, 0.0012529365485534072, 0.0014095536898821592, 0.0015661707147955894, 0.0015661707147955894, 0.0017227877397090197, 0.0015661707147955894, 0.0015661707147955894, 0.0015661707147955894, 0.0015661707147955894, 0.0015661707147955894, 0.0015661707147955894, 0.0015661707147955894, 0.0015661707147955894, 0.0015661707147955894, 0.0015661707147955894, 0.0015661707147955894, 0.0015661707147955894, 0.0014095536898821592, 0.0014095536898821592, 0.0015661707147955894, 0.0015661707147955894, 0.0017227877397090197, 0.0017227877397090197, 0.0018794048810377717, 0.0018794048810377717, 0.0018794048810377717, 0.0018794048810377717, 0.0018794048810377717, 0.002192639047279954, 0.0025058730971068144, 0.0025058730971068144, 0.0025058730971068144, 0.0025058730971068144, 0.0025058730971068144, 0.0026624901220202446, 0.0026624901220202446, 0.0028191073797643185, 0.0028191073797643185, 0.003288958454504609, 0.0034455754794180393, 0.0037588097620755434, 0.003915426786988974, 0.004228660836815834, 0.004385278094559908, 0.004698512144386768, 0.004698512144386768, 0.005168363451957703, 0.005481597501784563, 0.005638214759528637, 0.0057948315516114235, 0.006264682859182358, 0.006577916909009218, 0.006891150958836079, 0.007204385474324226, 0.007830853573977947, 0.009083789773285389, 0.010023492388427258, 0.011119811795651913, 0.011902897618710995, 0.01299921702593565, 0.01456538774073124, 0.016444792971014977, 0.017854345962405205, 0.019107282161712646, 0.02067345380783081, 0.021456539630889893, 0.022709475830197334, 0.024745497852563858, 0.02725137025117874, 0.031166797503829002, 0.033672671765089035, 0.03617854416370392, 0.03774471580982208, 0.03931088373064995, 0.04322631284594536, 0.046985119581222534, 0.05246672034263611, 0.057478465139865875, 0.06202036142349243, 0.06640563905239105, 0.07126076519489288, 0.07752545177936554, 0.0837901309132576, 0.09021143615245819, 0.09725920110940933, 0.10524667054414749, 0.1143304631114006, 0.12388410419225693, 0.1353171467781067, 0.14847297966480255, 0.16131559014320374, 0.1757243573665619, 0.18935003876686096, 0.20642130076885223, 0.22396241128444672, 0.24056382477283478, 0.25685200095176697, 0.2729835510253906, 0.2930305302143097, 0.31010180711746216, 0.33030539751052856, 0.3545810580253601, 0.3769772946834564, 0.40109631419181824, 0.42396241426467896, 0.44839468598365784, 0.4706343114376068, 0.49694597721099854, 0.5218480825424194, 0.5478464961051941, 0.5736883282661438, 0.5992169380187988, 0.6258417963981628, 0.6527799367904663, 0.6789349913597107, 0.7021143436431885, 0.72639000415802, 0.7469068169593811, 0.7689898014068604, 0.7926390171051025, 0.8104933500289917, 0.8319498896598816, 0.8498042225837708, 0.8651527166366577, 0.8798747062683105, 0.8931871652603149, 0.9072827100753784, 0.9229444265365601, 0.9317149519920349, 0.9415818452835083, 0.9500391483306885, 0.9574001431465149, 0.9650744199752808, 0.9686765670776367, 0.9755677580833435, 0.9793265461921692, 0.9827721118927002, 0.9859044551849365, 0.9884103536605835, 0.9899765253067017, 0.9916992783546448, 0.9927955865859985, 0.9937353134155273, 0.9948316216468811], "epoch": [0, 10, 20, 30, 40, 50, 60, 70, 80, 90, 100, 110, 120, 130, 140, 150, 160, 170, 180, 190, 200, 210, 220, 230, 240, 250, 260, 270, 280, 290, 300, 310, 320, 330, 340, 350, 360, 370, 380, 390, 400, 410, 420, 430, 440, 450, 460, 470, 480, 490, 500, 510, 520, 530, 540, 550, 560, 570, 580, 590, 600, 610, 620, 630, 640, 650, 660, 670, 680, 690, 700, 710, 720, 730, 740, 750, 760, 770, 780, 790, 800, 810, 820, 830, 840, 850, 860, 870, 880, 890, 900, 910, 920, 930, 940, 950, 960, 970, 980, 990, 1000, 1010, 1020, 1030, 1040, 1050, 1060, 1070, 1080, 1090, 1100, 1110, 1120, 1130, 1140, 1150, 1160, 1170, 1180, 1190, 1200, 1210, 1220, 1230, 1240, 1250, 1260, 1270, 1280, 1290, 1300, 1310, 1320, 1330, 1340, 1350, 1360, 1370, 1380, 1390, 1400, 1410, 1420, 1430, 1440, 1450, 1460, 1470, 1480, 1490, 1500, 1510, 1520, 1530, 1540, 1550, 1560, 1570, 1580, 1590, 1600, 1610, 1620, 1630, 1640, 1650, 1660, 1670, 1680, 1690, 1700, 1710, 1720, 1730, 1740, 1750, 1760, 1770, 1780, 1790, 1800, 1810, 1820, 1830, 1840, 1850, 1860, 1870, 1880, 1890, 1900, 1910, 1920, 1930, 1940, 1950, 1960, 1970, 1980, 1990]}