{
  "n_diffs": 38,
  "n_components": 37,
  "explained_variance_ratio": [
    0.36706364154815674,
    0.15211006999015808,
    0.12499846518039703,
    0.059272684156894684,
    0.04174070805311203,
    0.02872060053050518,
    0.020159918814897537,
    0.019612029194831848,
    0.01654251106083393,
    0.01558416336774826,
    0.012826452031731606,
    0.012186340056359768,
    0.011618586257100105,
    0.009722793474793434,
    0.009507747367024422,
    0.008671077899634838,
    0.008523741737008095,
    0.0077051036059856415,
    0.006563582923263311,
    0.006296043749898672,
    0.0057514626532793045,
    0.005611503962427378,
    0.005506058689206839,
    0.0049048904329538345,
    0.00468301959335804,
    0.0042518735863268375,
    0.003963150549679995,
    0.0038287786301225424,
    0.0035502524115145206,
    0.003022158285602927,
    0.0028387748170644045,
    0.002563158981502056,
    0.0024872019421309233,
    0.002099012490361929,
    0.001989384414628148,
    0.001925144693814218,
    0.0015980118187144399
  ],
  "cumulative_variance": [
    0.36706364154815674,
    0.5191737413406372,
    0.644172191619873,
    0.7034448981285095,
    0.7451856136322021,
    0.7739062309265137,
    0.7940661311149597,
    0.8136781454086304,
    0.830220639705658,
    0.8458048105239868,
    0.8586312532424927,
    0.8708176016807556,
    0.882436215877533,
    0.8921589851379395,
    0.9016667604446411,
    0.9103378653526306,
    0.9188616275787354,
    0.9265667200088501,
    0.9331303238868713,
    0.9394263625144958,
    0.9451778531074524,
    0.9507893323898315,
    0.956295371055603,
    0.9612002372741699,
    0.9658832550048828,
    0.9701351523399353,
    0.9740983247756958,
    0.9779270887374878,
    0.9814773201942444,
    0.984499454498291,
    0.9873382449150085,
    0.9899014234542847,
    0.9923886060714722,
    0.9944876432418823,
    0.9964770078659058,
    0.9984021782875061,
    1.000000238418579
  ],
  "feature_pc_means": {
    "polarity": [
      19.231388092041016,
      -20.11093521118164,
      19.406272888183594,
      -10.725404739379883,
      -0.8750520944595337
    ],
    "tense": [
      -57.44291305541992,
      0.645060122013092,
      -2.317647933959961,
      -1.3189231157302856,
      0.9877091646194458
    ],
    "semantic": [
      24.053394317626953,
      -25.2110652923584,
      -40.32830047607422,
      9.442817687988281,
      0.25863876938819885
    ],
    "sentiment": [
      15.371261596679688,
      13.596480369567871,
      18.16423225402832,
      26.061065673828125,
      0.562550961971283
    ],
    "number": [
      24.231531143188477,
      34.162174224853516,
      -11.17573070526123,
      -11.876745223999023,
      -0.8278655409812927
    ]
  },
  "diff_labels": [
    "polarity",
    "polarity",
    "polarity",
    "polarity",
    "polarity",
    "polarity",
    "polarity",
    "polarity",
    "polarity",
    "polarity",
    "tense",
    "tense",
    "tense",
    "tense",
    "tense",
    "tense",
    "tense",
    "tense",
    "tense",
    "tense",
    "semantic",
    "semantic",
    "semantic",
    "semantic",
    "semantic",
    "sentiment",
    "sentiment",
    "sentiment",
    "sentiment",
    "sentiment",
    "sentiment",
    "number",
    "number",
    "number",
    "number",
    "number",
    "number",
    "number"
  ],
  "pca_components_shape": [
    37,
    4096
  ],
  "effective_dim_90": 15,
  "effective_dim_95": 22,
  "effective_dim_99": 33
}