{
  "L0": {
    "best_single_feature_alignment": 0.6452767759561538,
    "best_cross_feature_alignment": 0.4607795476913452,
    "best_head": 29
  },
  "L5": {
    "best_single_feature_alignment": 0.6090906858444214,
    "best_cross_feature_alignment": 0.35078293085098267,
    "best_head": 14
  },
  "L10": {
    "best_single_feature_alignment": 0.5599229335784912,
    "best_cross_feature_alignment": 0.35367071628570557,
    "best_head": 11
  },
  "L15": {
    "best_single_feature_alignment": 0.47445995211601255,
    "best_cross_feature_alignment": 0.3186400532722473,
    "best_head": 12
  },
  "L20": {
    "best_single_feature_alignment": 0.5379141747951508,
    "best_cross_feature_alignment": 0.3223060369491577,
    "best_head": 27
  },
  "L25": {
    "best_single_feature_alignment": 0.5919894218444824,
    "best_cross_feature_alignment": 0.32881391048431396,
    "best_head": 14
  },
  "L30": {
    "best_single_feature_alignment": 0.5951318681240082,
    "best_cross_feature_alignment": 0.3643737733364105,
    "best_head": 2
  },
  "L32": {
    "best_single_feature_alignment": 0.4886885404586792,
    "best_cross_feature_alignment": 0.2875737249851227,
    "best_head": 24
  },
  "L33": {
    "best_single_feature_alignment": 0.5186020463705063,
    "best_cross_feature_alignment": 0.30166494846343994,
    "best_head": 0
  },
  "L34": {
    "best_single_feature_alignment": 0.5068723052740097,
    "best_cross_feature_alignment": 0.32415953278541565,
    "best_head": 18
  },
  "L35": {
    "best_single_feature_alignment": 0.46288988292217254,
    "best_cross_feature_alignment": 0.26047733426094055,
    "best_head": 30
  },
  "L36": {
    "error": "meta_device"
  },
  "L37": {
    "error": "meta_device"
  },
  "L38": {
    "error": "meta_device"
  },
  "L39": {
    "error": "meta_device"
  }
}