{
  "model": "deepseek7b",
  "d_model": 3584,
  "vocab_size": 152064,
  "n_layers": 28,
  "timestamp": "2026-04-17T14:46:15.063105",
  "config": {
    "n_random": 30,
    "seed": 42,
    "n_func": 5,
    "labels": [
      "syntax",
      "semantic",
      "style",
      "tense",
      "polarity"
    ]
  },
  "p821": {
    "top_sv": [
      178.65357971191406,
      37.130126953125,
      24.115190505981445,
      18.0898380279541,
      14.114100456237793,
      12.39112663269043,
      12.052587509155273,
      11.559270858764648,
      11.216707229614258,
      11.045945167541504,
      10.558492660522461,
      10.421893119812012,
      10.231451034545898,
      10.211043357849121,
      9.936100959777832,
      9.675625801086426,
      9.65572452545166,
      9.417600631713867,
      9.376908302307129,
      9.26816463470459
    ],
    "energy_top1": 0.1934180110692978,
    "energy_top5": 0.20848704874515533,
    "energy_top10": 0.21260938048362732,
    "energy_top50": 0.23150362074375153,
    "energy_top100": 0.24837693572044373,
    "eff_rank_90": 200,
    "eff_rank_95": 200,
    "eff_rank_99": 200
  },
  "p822": {
    "syntax": {
      "total_energy": 38.70683288574219,
      "energy_pct": 0.023456385359168053,
      "top_sv_contributors": [
        0,
        3,
        1,
        33,
        37,
        89,
        136,
        194,
        87,
        141
      ],
      "top_sv_contributions": [
        1.8841090202331543,
        0.31597238779067993,
        0.30276092886924744,
        0.1412222683429718,
        0.1360998898744583,
        0.10542892664670944,
        0.09724772721529007,
        0.07574649155139923,
        0.06867840886116028,
        0.06658268719911575
      ],
      "top_sv_pct": [
        4.867639328164132,
        0.8163219882220577,
        0.7821898778516974,
        0.36485100385206554,
        0.35161722033990345,
        0.272378075875964,
        0.2512417575014556,
        0.19569281675665268,
        0.17743226128546993,
        0.17201791579192144
      ]
    },
    "semantic": {
      "total_energy": 37.72919464111328,
      "energy_pct": 0.02286393567919731,
      "top_sv_contributors": [
        0,
        3,
        5,
        107,
        2,
        35,
        19,
        133,
        143,
        169
      ],
      "top_sv_contributions": [
        1.0344165563583374,
        0.30827951431274414,
        0.2888999283313751,
        0.18502071499824524,
        0.11236677318811417,
        0.08812496811151505,
        0.08396537601947784,
        0.07197511941194534,
        0.06988275796175003,
        0.06367400288581848
      ],
      "top_sv_pct": [
        2.741687349008876,
        0.8170847993050288,
        0.7657198386539705,
        0.4903913713457038,
        0.29782446791395,
        0.2335723541140361,
        0.22254749092359707,
        0.19076770680261085,
        0.1852219710133945,
        0.16876586815991373
      ]
    },
    "style": {
      "total_energy": 41.72694778442383,
      "energy_pct": 0.02528657764196396,
      "top_sv_contributors": [
        0,
        16,
        7,
        132,
        26,
        103,
        150,
        1,
        152,
        56
      ],
      "top_sv_contributions": [
        5.00256872177124,
        0.27716556191444397,
        0.19916178286075592,
        0.11532526463270187,
        0.11387702077627182,
        0.10717031359672546,
        0.09627272188663483,
        0.08270057290792465,
        0.0808638334274292,
        0.08038423210382462
      ],
      "top_sv_pct": [
        11.988820144757003,
        0.6642363667392576,
        0.47729774986106377,
        0.2763807820991676,
        0.27291001816044824,
        0.2568371742654296,
        0.2307207380324431,
        0.1981946375162283,
        0.19379283106255546,
        0.19264345074822628
      ]
    },
    "tense": {
      "total_energy": 37.97087097167969,
      "energy_pct": 0.023010391741991043,
      "top_sv_contributors": [
        0,
        1,
        2,
        9,
        18,
        77,
        30,
        31,
        23,
        3
      ],
      "top_sv_contributions": [
        0.8477282524108887,
        0.6465060114860535,
        0.3310985565185547,
        0.1583923101425171,
        0.11398239433765411,
        0.09673059731721878,
        0.0898718610405922,
        0.08889898657798767,
        0.08255115896463394,
        0.06677964329719543
      ],
      "top_sv_pct": [
        2.2325752102003693,
        1.7026367711402919,
        0.8719804103664155,
        0.4171416301212919,
        0.30018377619693554,
        0.254749482542459,
        0.2366863301808971,
        0.2341241701942849,
        0.21740654573397636,
        0.175870717706219
      ]
    },
    "polarity": {
      "total_energy": 36.57960891723633,
      "energy_pct": 0.022167284041643143,
      "top_sv_contributors": [
        1,
        2,
        23,
        0,
        15,
        19,
        58,
        135,
        157,
        52
      ],
      "top_sv_contributions": [
        0.22580158710479736,
        0.22121264040470123,
        0.18499216437339783,
        0.16047212481498718,
        0.09346215426921844,
        0.09251224249601364,
        0.0880666971206665,
        0.06987792998552322,
        0.06977870315313339,
        0.06793763488531113
      ],
      "top_sv_pct": [
        0.617288138907356,
        0.6047430438778304,
        0.505724828255967,
        0.43869283889301686,
        0.2555034267334089,
        0.2529065925918684,
        0.2407535228709606,
        0.19102973501883644,
        0.19075847232542073,
        0.18572542707885234
      ]
    }
  },
  "p823": {
    "rand_wu_mean": 0.0013884473697083138,
    "rand_wu_std": 0.00015749977780221195,
    "func_wu": 0.0011678457958623767,
    "z": -1.4006468893116046
  },
  "p824": {
    "sv_0": {
      "singular_value": 178.65357971191406,
      "energy_pct": 19.341800689697266,
      "top_words": [
        {
          "token_id": 133129,
          "word": "โปรแ",
          "score": -202.6693115234375
        },
        {
          "token_id": 4028,
          "word": "﻿using",
          "score": -202.210205078125
        },
        {
          "token_id": 141310,
          "word": "Jesteś",
          "score": -196.4031219482422
        },
        {
          "token_id": 137562,
          "word": "صند",
          "score": -193.69662475585938
        },
        {
          "token_id": 123485,
          "word": "鹣",
          "score": -178.37835693359375
        },
        {
          "token_id": 151406,
          "word": "🔤",
          "score": -175.587646484375
        },
        {
          "token_id": 127724,
          "word": "ホーム",
          "score": -168.75881958007812
        },
        {
          "token_id": 54362,
          "word": ".${",
          "score": -167.43731689453125
        },
        {
          "token_id": 146876,
          "word": "◂",
          "score": -166.98976135253906
        },
        {
          "token_id": 36474,
          "word": "?,\n",
          "score": -166.5037841796875
        }
      ],
      "func_alignment": {
        "syntax": 0.007683177012950182,
        "semantic": 0.005692933686077595,
        "style": 0.012519444338977337,
        "tense": 0.0051536583341658115,
        "polarity": 0.0022422675974667072
      },
      "max_func_align": 0.012519444338977337
    },
    "sv_1": {
      "singular_value": 37.130126953125,
      "energy_pct": 0.8354612588882446,
      "top_words": [
        {
          "token_id": 43507,
          "word": ")?.",
          "score": 16.443416595458984
        },
        {
          "token_id": 62923,
          "word": "\"..",
          "score": 16.277315139770508
        },
        {
          "token_id": 54362,
          "word": ".${",
          "score": 16.16131591796875
        },
        {
          "token_id": 54109,
          "word": "?):",
          "score": 15.993721961975098
        },
        {
          "token_id": 136879,