{
  "model": "qwen3",
  "d_model": 2560,
  "vocab_size": 151936,
  "n_layers": 36,
  "timestamp": "2026-04-17T14:39:52.137880",
  "config": {
    "n_random": 30,
    "seed": 42,
    "n_func": 5,
    "labels": [
      "syntax",
      "semantic",
      "style",
      "tense",
      "polarity"
    ]
  },
  "p821": {
    "top_sv": [
      126.67117309570312,
      24.205299377441406,
      20.91155242919922,
      20.52793312072754,
      18.535900115966797,
      16.539403915405273,
      16.115116119384766,
      15.78666877746582,
      15.427595138549805,
      14.640179634094238,
      14.466133117675781,
      14.249866485595703,
      13.697281837463379,
      13.661250114440918,
      13.588638305664062,
      13.509950637817383,
      13.458847045898438,
      13.259467124938965,
      13.219072341918945,
      13.166877746582031
    ],
    "energy_top1": 0.08559755980968475,
    "energy_top5": 0.09513679146766663,
    "energy_top10": 0.10172408819198608,
    "energy_top50": 0.13641588389873505,
    "energy_top100": 0.1703893393278122,
    "eff_rank_90": 200,
    "eff_rank_95": 200,
    "eff_rank_99": 200
  },
  "p822": {
    "syntax": {
      "total_energy": 157.98390197753906,
      "energy_pct": 0.08427885174751282,
      "top_sv_contributors": [
        0,
        3,
        4,
        74,
        1,
        15,
        119,
        36,
        25,
        160
      ],
      "top_sv_contributions": [
        90.77899169921875,
        0.5455964207649231,
        0.4840109646320343,
        0.47047409415245056,
        0.44621139764785767,
        0.44522228837013245,
        0.3029897212982178,
        0.29730215668678284,
        0.2893756628036499,
        0.28006502985954285
      ],
      "top_sv_pct": [
        57.460912512545114,
        0.34534937669946386,
        0.30636726816688403,
        0.2977987556095044,
        0.28244105384312923,
        0.28181497152376367,
        0.1917851866586347,
        0.18818509542133666,
        0.18316781594924217,
        0.17727440983155382
      ]
    },
    "semantic": {
      "total_energy": 938.34423828125,
      "energy_pct": 0.5005736351013184,
      "top_sv_contributors": [
        0,
        1,
        3,
        26,
        11,
        10,
        8,
        167,
        28,
        39
      ],
      "top_sv_contributions": [
        863.8137817382812,
        1.4082260131835938,
        1.1263660192489624,
        0.8654861450195312,
        0.8646377921104431,
        0.6233397722244263,
        0.6159002184867859,
        0.5068964958190918,
        0.47193583846092224,
        0.4508059620857239
      ],
      "top_sv_pct": [
        92.0572372587394,
        0.1500756285095349,
        0.1200376123491853,
        0.0922354621801513,
        0.09214505261887537,
        0.06642975432621483,
        0.0656369158950579,
        0.054020313136633726,
        0.050294531495750375,
        0.04804270583165277
      ]
    },
    "style": {
      "total_energy": 1432.503173828125,
      "energy_pct": 0.7641900777816772,
      "top_sv_contributors": [
        0,
        3,
        1,
        5,
        25,
        28,
        14,
        12,
        13,
        64
      ],
      "top_sv_contributions": [
        1359.09228515625,
        5.101559162139893,
        1.9577592611312866,
        1.4582905769348145,
        0.9311901926994324,
        0.49108952283859253,
        0.4775245487689972,
        0.4377681016921997,
        0.4143095314502716,
        0.40279242396354675
      ],
      "top_sv_pct": [
        94.87534198785077,
        0.35612899540786563,
        0.1366670103703507,
        0.10180016376771976,
        0.06500440695087484,
        0.034281915168553376,
        0.033334973177957625,
        0.03055966015923984,
        0.02892206726098196,
        0.02811808248125213
      ]
    },
    "tense": {
      "total_energy": 84.1048583984375,
      "energy_pct": 0.044866982847452164,
      "top_sv_contributors": [
        0,
        39,
        157,
        7,
        56,
        53,
        29,
        79,
        49,
        9
      ],
      "top_sv_contributions": [
        10.833850860595703,
        0.5361194610595703,
        0.5006920695304871,
        0.4595019519329071,
        0.41887232661247253,
        0.4106213450431824,
        0.40987923741340637,
        0.408683717250824,
        0.3710957169532776,
        0.37039923667907715
      ],
      "top_sv_pct": [
        12.88136151335221,
        0.637441726041275,
        0.5953188425316805,
        0.5463441240886077,
        0.49803582645381916,
        0.48822547574827246,
        0.487343115746832,
        0.4859216518916539,
        0.44122982193876664,
        0.4404017124960268
      ]
    },
    "polarity": {
      "total_energy": 186.38116455078125,
      "energy_pct": 0.09942779690027237,
      "top_sv_contributors": [
        0,
        3,
        30,
        22,
        8,
        63,
        24,
        89,
        13,
        76
      ],
      "top_sv_contributions": [
        126.90072631835938,
        4.081408500671387,
        0.3666769862174988,
        0.36418813467025757,
        0.335380882024765,
        0.31800928711891174,
        0.30536001920700073,
        0.26137775182724,
        0.22865094244480133,
        0.21643514931201935
      ],
      "top_sv_pct": [
        68.08666885638227,
        2.1898181130633345,
        0.19673500114739023,
        0.19539964542448773,
        0.17994354892733136,
        0.17062308194359802,
        0.16383630821439715,
        0.14023828666229052,
        0.12267921117238394,
        0.11612501179165538
      ]
    }
  },
  "p823": {
    "rand_wu_mean": 0.0019558068579418547,
    "rand_wu_std": 0.00010415389531890813,
    "func_wu": 0.014933372847735882,
    "z": 124.5999100663312
  },
  "p824": {
    "sv_0": {
      "singular_value": 126.67117309570312,
      "energy_pct": 8.5597562789917,
      "top_words": [
        {
          "token_id": 220,
          "word": " ",
          "score": 101.18257141113281
        },
        {
          "token_id": 76379,
          "word": ",…\n\n",
          "score": -85.52730560302734
        },
        {
          "token_id": 11,
          "word": ",",
          "score": 81.8601303100586
        },
        {
          "token_id": 90408,
          "word": " :\n\n\n\n",
          "score": -80.24041748046875
        },
        {
          "token_id": 56761,
          "word": "…”\n\n",
          "score": -80.23096466064453
        },
        {
          "token_id": 198,
          "word": "\n",
          "score": 79.71163177490234
        },
        {
          "token_id": 81436,
          "word": " 😉\n\n",
          "score": -79.6634292602539
        },
        {
          "token_id": 82637,
          "word": " sodom",
          "score": -78.4376449584961
        },
        {
          "token_id": 16,
          "word": "1",
          "score": 78.28557586669922
        },
        {
          "token_id": 84345,
          "word": " !\");\n",
          "score": -77.16777038574219
        }
      ],
      "func_alignment": {
        "syntax": 0.07521681487560272,
        "semantic": 0.2320237159729004,
        "style": 0.29103606939315796,
        "tense": 0.025984447449445724,
        "polarity": 0.08893120288848877
      },
      "max_func_align": 0.29103606939315796
    },
    "sv_1": {
      "singular_value": 24.205299377441406,
      "energy_pct": 0.312555193901062,
      "top_words": [
        {
          "token_id": 85568,
          "word": ":';\n",
          "score": 7.955633640289307
        },
        {
          "token_id": 88349,
          "word": ",\");\n",
          "score": 7.938724040985107
        },
        {
          "token_id": 83570,
          "word": "...\");\r\n",
          "score": 7.893991947174072
        },
        {
          "token_id": 93728,
          "word": ":');\n",
          "score": 7.80875825881958
        },
        {
          "token_id": 56761,
          "word": "…”\n\n",