{
  "experiment": "exp1_delta_decomposition",
  "model": "deepseek7b",
  "timestamp": "2026-04-28T13:51:42.581452",
  "layer_results": [
    {
      "layer": 0,
      "n_pairs": 276,
      "gate_frac": 0.12863574922084808,
      "up_frac": 0.9755359888076782,
      "cross_frac": 0.18830379843711853,
      "mean_gate_norm": 3.3460795879364014,
      "mean_up_norm": 25.389772415161133,
      "mean_cross_norm": 4.93592643737793,
      "mean_total_norm": 26.058042526245117,
      "mean_gate_cos": 0.4445174562110417,
      "mean_up_cos": 0.26359397710125515,
      "mean_cross_cos": 0.00045623722763738823,
      "diff_gate_cos": 0.4436929115542659,
      "diff_up_cos": 0.26789605075976364,
      "diff_cross_cos": -0.0013740082835688049,
      "same_gate_cos": 0.4474858169754346,
      "same_up_cos": 0.24810651193062463,
      "same_cross_cos": 0.007045121067979683
    },
    {
      "layer": 4,
      "n_pairs": 276,
      "gate_frac": 0.5436817407608032,
      "up_frac": 0.5517900586128235,
      "cross_frac": 0.6223259568214417,
      "mean_gate_norm": 7.231267929077148,
      "mean_up_norm": 7.327301502227783,
      "mean_cross_norm": 8.464411735534668,
      "mean_total_norm": 13.588211059570312,
      "mean_gate_cos": 0.072015523824305,
      "mean_up_cos": 0.048977848848469716,
      "mean_cross_cos": -0.002089348318396082,
      "diff_gate_cos": 0.0725436020687219,
      "diff_up_cos": 0.04442620456123863,
      "diff_cross_cos": -0.0014174682971012469,
      "same_gate_cos": 0.07011444214440417,
      "same_up_cos": 0.06536376828250165,
      "same_cross_cos": -0.00450811639505749
    },
    {
      "layer": 8,
      "n_pairs": 276,
      "gate_frac": 0.21143564581871033,
      "up_frac": 0.9278022646903992,
      "cross_frac": 0.2639463245868683,
      "mean_gate_norm": 15.771008491516113,
      "mean_up_norm": 69.3425521850586,
      "mean_cross_norm": 20.05511474609375,
      "mean_total_norm": 74.84300994873047,
      "mean_gate_cos": 0.3670845195867013,
      "mean_up_cos": 0.4458897665574931,
      "mean_cross_cos": -0.0059689156459290125,
      "diff_gate_cos": 0.37324665390230993,
      "diff_up_cos": 0.4474936691975152,
      "diff_cross_cos": -0.015749708966285216,
      "same_gate_cos": 0.3449008360505104,
      "same_up_cos": 0.4401157170534134,
      "same_cross_cos": 0.029241940307353314
    },
    {
      "layer": 12,
      "n_pairs": 276,
      "gate_frac": 0.1944170445203781,
      "up_frac": 0.9462019205093384,
      "cross_frac": 0.2640025019645691,
      "mean_gate_norm": 15.079910278320312,
      "mean_up_norm": 73.45552062988281,
      "mean_cross_norm": 20.841167449951172,
      "mean_total_norm": 77.80277252197266,
      "mean_gate_cos": 0.31238325771646225,
      "mean_up_cos": 0.44483862007441727,
      "mean_cross_cos": -0.010066657160717548,
      "diff_gate_cos": 0.3161434794741648,
      "diff_up_cos": 0.4445670575455383,
      "diff_cross_cos": -0.01672855480919006,
      "same_gate_cos": 0.2988464593887329,
      "same_up_cos": 0.4458162451783816,
      "same_cross_cos": 0.013916174373783482
    },
    {
      "layer": 16,
      "n_pairs": 276,
      "gate_frac": 0.20595072209835052,
      "up_frac": 0.9415926933288574,
      "cross_frac": 0.20270772278308868,
      "mean_gate_norm": 12.911515235900879,
      "mean_up_norm": 59.124237060546875,
      "mean_cross_norm": 12.978289604187012,
      "mean_total_norm": 62.8630256652832,
      "mean_gate_cos": 0.20262473179162413,
      "mean_up_cos": 0.3514839708805084,
      "mean_cross_cos": 0.029446443667689313,
      "diff_gate_cos": 0.2025433071647529,
      "diff_up_cos": 0.3505787512770406,
      "diff_cross_cos": 0.036517301934913524,
      "same_gate_cos": 0.20291786044836044,
      "same_up_cos": 0.35474276145299277,
      "same_cross_cos": 0.003991353905682142
    },
    {
      "layer": 20,
      "n_pairs": 276,
      "gate_frac": 0.32000532746315,
      "up_frac": 0.8994389176368713,
      "cross_frac": 0.25731199979782104,
      "mean_gate_norm": 19.637712478637695,
      "mean_up_norm": 55.23003005981445,
      "mean_cross_norm": 16.05984115600586,
      "mean_total_norm": 61.47697830200195,
      "mean_gate_cos": 0.3248847303507121,
      "mean_up_cos": 0.22656024808900943,
      "mean_cross_cos": 0.008451252541567226,
      "diff_gate_cos": 0.32790751686250724,
      "diff_up_cos": 0.22474639124616427,
      "diff_cross_cos": 0.011345863526878896,
      "same_gate_cos": 0.31400269890824956,
      "same_up_cos": 0.233090132723252,
      "same_cross_cos": -0.001969347005554785
    },
    {
      "layer": 24,
      "n_pairs": 276,
      "gate_frac": 0.4582682251930237,
      "up_frac": 0.7808430790901184,
      "cross_frac": 0.3919316530227661,
      "mean_gate_norm": 42.561012268066406,
      "mean_up_norm": 72.42884063720703,
      "mean_cross_norm": 37.197662353515625,
      "mean_total_norm": 93.2904281616211,
      "mean_gate_cos": 0.3212498489065447,
      "mean_up_cos": 0.0297256390479732,
      "mean_cross_cos": 0.015082117987586189,
      "diff_gate_cos": 0.3274089364955823,
      "diff_up_cos": 0.02777101331038365,
      "diff_cross_cos": 0.01874876873201477,
      "same_gate_cos": 0.29907713358600935,
      "same_up_cos": 0.036762291703295584,
      "same_cross_cos": 0.0018821753076432894
    },
    {
      "layer": 27,
      "n_pairs": 276,
      "gate_frac": 0.662746787071228,
      "up_frac": 0.5187726616859436,
      "cross_frac": 0.18952658772468567,
      "mean_gate_norm": 79.4549331665039,
      "mean_up_norm": 64.3797607421875,
      "mean_cross_norm": 24.97988510131836,
      "mean_total_norm": 128.65478515625,
      "mean_gate_cos": 0.4420133837822663,
      "mean_up_cos": 0.44684004549449985,
      "mean_cross_cos": 0.10900631466706662,
      "diff_gate_cos": 0.45055784398896825,
      "diff_up_cos": 0.45801627000414386,
      "diff_cross_cos": 0.15270213890471496,
      "same_gate_cos": 0.4112533270381391,
      "same_up_cos": 0.4066056372597814,
      "same_cross_cos": -0.048298652588467425
    }
  ]
}