{
  "experiment": "exp3_gate_delta_dimensionality",
  "model": "deepseek7b",
  "timestamp": "2026-04-28T13:57:35.454389",
  "layer_results": [
    {
      "layer": 0,
      "n_inter": 18944,
      "n_pairs": 496,
      "mean_nonzero_per_pair": 18941.814516129034,
      "mean_significant_per_pair": 13095.191532258064,
      "mean_strong_per_pair": 1955.092741935484,
      "frac_nonzero": 0.9998846345085005,
      "frac_significant": 0.6912579989578792,
      "frac_strong": 0.10320379761061464,
      "n90_dg": 25,
      "n95_dg": 28,
      "top5_var_dg": 0.3134675621986389,
      "top10_var_dg": 0.5302597880363464,
      "norm_corr_wdown_dg": 0.9842560477589302,
      "mean_wdown_delta_norm": 11.601664543151855,
      "mean_delta_g_norm": 8.29003620147705,
      "col_corr_dg_wdown": 0.8709543469885657,
      "same_nonzero": 13024.223214285714,
      "diff_nonzero": 13115.890625,
      "diff_same_ratio": 1.007038224791306
    },
    {
      "layer": 4,
      "n_inter": 18944,
      "n_pairs": 496,
      "mean_nonzero_per_pair": 18934.629032258064,
      "mean_significant_per_pair": 3922.5,
      "mean_strong_per_pair": 433.8084677419355,
      "frac_nonzero": 0.9995053332061901,
      "frac_significant": 0.20705764358108109,
      "frac_strong": 0.022899517934012643,
      "n90_dg": 21,
      "n95_dg": 26,
      "top5_var_dg": 0.4889613687992096,
      "top10_var_dg": 0.6864341497421265,
      "norm_corr_wdown_dg": 0.992742664908864,
      "mean_wdown_delta_norm": 7.628403186798096,
      "mean_delta_g_norm": 5.645412921905518,
      "col_corr_dg_wdown": -0.22797942443631228,
      "same_nonzero": 3581.1875,
      "diff_nonzero": 4022.0494791666665,
      "diff_same_ratio": 1.1231049698365883
    },
    {
      "layer": 8,
      "n_inter": 18944,
      "n_pairs": 496,
      "mean_nonzero_per_pair": 18943.88306451613,
      "mean_significant_per_pair": 17747.44556451613,
      "mean_strong_per_pair": 8309.65322580645,
      "frac_nonzero": 0.9999938273076504,
      "frac_significant": 0.9368372869782585,
      "frac_strong": 0.43864301234197905,
      "n90_dg": 23,
      "n95_dg": 27,
      "top5_var_dg": 0.39544859528541565,
      "top10_var_dg": 0.6075384020805359,
      "norm_corr_wdown_dg": 0.9959241350894638,
      "mean_wdown_delta_norm": 27.50728416442871,
      "mean_delta_g_norm": 18.53551483154297,
      "col_corr_dg_wdown": 0.11664521895579867,
      "same_nonzero": 17592.758928571428,
      "diff_nonzero": 17792.5625,
      "diff_same_ratio": 1.011357148258542
    },
    {
      "layer": 12,
      "n_inter": 18944,
      "n_pairs": 496,
      "mean_nonzero_per_pair": 18943.8689516129,
      "mean_significant_per_pair": 17719.078629032258,
      "mean_strong_per_pair": 8060.508064516129,
      "frac_nonzero": 0.9999930823275391,
      "frac_significant": 0.9353398769548278,
      "frac_strong": 0.42549134631102875,
      "n90_dg": 24,
      "n95_dg": 27,
      "top5_var_dg": 0.380625456571579,
      "top10_var_dg": 0.5876163840293884,
      "norm_corr_wdown_dg": 0.9958229189254455,
      "mean_wdown_delta_norm": 26.872648239135742,
      "mean_delta_g_norm": 17.843935012817383,
      "col_corr_dg_wdown": 0.12295981649705069,
      "same_nonzero": 17571.73214285714,
      "diff_nonzero": 17762.0546875,
      "diff_same_ratio": 1.010831177205272
    },
    {
      "layer": 16,
      "n_inter": 18944,
      "n_pairs": 496,
      "mean_nonzero_per_pair": 18943.862903225807,
      "mean_significant_per_pair": 17489.127016129034,
      "mean_strong_per_pair": 6578.657258064516,
      "frac_nonzero": 0.9999927630503488,
      "frac_significant": 0.9232013838750546,
      "frac_strong": 0.3472686474907367,
      "n90_dg": 24,
      "n95_dg": 27,
      "top5_var_dg": 0.3838239312171936,
      "top10_var_dg": 0.5922690033912659,
      "norm_corr_wdown_dg": 0.9954867951949179,
      "mean_wdown_delta_norm": 22.72039222717285,
      "mean_delta_g_norm": 15.029902458190918,
      "col_corr_dg_wdown": 0.15279623808601134,
      "same_nonzero": 17321.303571428572,
      "diff_nonzero": 17538.075520833332,
      "diff_same_ratio": 1.012514759556684
    },
    {
      "layer": 20,
      "n_inter": 18944,
      "n_pairs": 496,
      "mean_nonzero_per_pair": 18943.879032258064,
      "mean_significant_per_pair": 17462.842741935485,
      "mean_strong_per_pair": 6845.824596774193,
      "frac_nonzero": 0.9999936144561901,
      "frac_significant": 0.921813911630885,
      "frac_strong": 0.3613716531236377,
      "n90_dg": 23,
      "n95_dg": 26,
      "top5_var_dg": 0.42741358280181885,
      "top10_var_dg": 0.6286401748657227,
      "norm_corr_wdown_dg": 0.9956146481507927,
      "mean_wdown_delta_norm": 24.611581802368164,
      "mean_delta_g_norm": 16.08975601196289,
      "col_corr_dg_wdown": 0.09952860065680971,
      "same_nonzero": 17243.35714285714,
      "diff_nonzero": 17526.859375,
      "diff_same_ratio": 1.0164412434187908
    },
    {
      "layer": 24,
      "n_inter": 18944,
      "n_pairs": 496,
      "mean_nonzero_per_pair": 18943.84677419355,
      "mean_significant_per_pair": 17651.22379032258,
      "mean_strong_per_pair": 8992.366935483871,
      "frac_nonzero": 0.9999919116445074,
      "frac_significant": 0.9317580125803726,
      "frac_strong": 0.47468153164505233,
      "n90_dg": 23,
      "n95_dg": 27,
      "top5_var_dg": 0.42524993419647217,
      "top10_var_dg": 0.6227906346321106,
      "norm_corr_wdown_dg": 0.9962894541874241,
      "mean_wdown_delta_norm": 36.18430709838867,
      "mean_delta_g_norm": 23.234655380249023,
      "col_corr_dg_wdown": 0.04901445697620166,
      "same_nonzero": 17457.04464285714,
      "diff_nonzero": 17707.859375,
      "diff_same_ratio": 1.0143675368468215
    },
    {
      "layer": 27,
      "n_inter": 18944,
      "n_pairs": 496,
      "mean_nonzero_per_pair": 18865.447580645163,
      "mean_significant_per_pair": 7358.9112903225805,
      "mean_strong_per_pair": 1331.4596774193549,
      "frac_nonzero": 0.995853440701286,
      "frac_significant": 0.38845604361922403,
      "frac_strong": 0.0702839779043156,
      "n90_dg": 19,
      "n95_dg": 23,
      "top5_var_dg": 0.5748234391212463,
      "top10_var_dg": 0.7461914420127869,
      "norm_corr_wdown_dg": 0.9951883643542905,
      "mean_wdown_delta_norm": 12.459834098815918,
      "mean_delta_g_norm": 9.268876075744629,
      "col_corr_dg_wdown": -0.19963628442308315,
      "same_nonzero": 6801.276785714285,
      "diff_nonzero": 7521.5546875,
      "diff_same_ratio": 1.1059033361645596
    }
  ]
}