{
  "model_id": "deepseek-ai/DeepSeek-R1-Distill-Qwen-7B",
  "probe_json": "tempdata\\deepseek7b_multidim_multiseed_v1\\seed404\\probe\\multidim_encoding_probe.json",
  "top_n": 128,
  "ablate_all_positions": true,
  "baseline_pair_delta_l2": {
    "style": [
      663.9879150390625,
      683.6097412109375,
      696.3572387695312,
      687.7081298828125,
      687.5482788085938,
      874.7390747070312,
      736.3175048828125,
      676.3599243164062,
      621.20263671875,
      905.5209350585938
    ],
    "logic": [
      567.6943359375,
      578.075927734375,
      599.140869140625,
      587.0189208984375,
      579.4111938476562,
      578.1056518554688,
      570.0670776367188,
      593.112548828125,
      578.9052124023438,
      546.1409912109375
    ],
    "syntax": [
      291.89337158203125,
      611.2396240234375,
      933.939208984375,
      279.63226318359375,
      269.4122314453125,
      865.8849487304688,
      867.5430908203125,
      288.30865478515625,
      938.41943359375,
      872.8447265625
    ]
  },
  "suppression_matrix_raw": {
    "style": {
      "style": [
        -0.050210602698207464,
        -0.013212994481736231,
        0.07239210536626103,
        0.00981121659724817,
        0.09725098317403315,
        0.009410241963197032,
        0.012779444928996821,
        -0.0024681718986839392,
        0.07149287113972944,
        0.010577744555409102
      ],
      "logic": [
        -0.0009438664485420226,
        0.007299183756729351,
        -0.0022067323776191576,
        -0.0006164664008655691,
        -0.003463578126914225,
        0.0006011603217717485,
        0.00043072901984040864,
        -0.009697397164472219,
        0.0015204354174470833,
        0.0011153362761223938
      ],
      "syntax": [
        -0.0017122224264440663,
        0.0003118462636863364,
        -0.08833642885804546,
        0.005376410975020163,
        -0.12060794508444626,
        0.04717333376378469,
        -0.026863843696975045,
        0.020953504377653802,
        0.03874826147065144,
        0.0033524261210369738
      ]
    },
    "logic": {
      "style": [
        -0.020150516905483317,
        -0.018699919698307057,
        -0.003435322821213947,
        0.0010947502576013476,
        -0.032591638850645345,
        0.0005979042997266554,
        -0.0019394344712863067,
        -0.0016979679882138498,
        0.0036788951308064704,
        0.0036476003897262447
      ],
      "logic": [
        0.036697041555497065,
        0.031646795188274006,
        0.04447815699644796,
        0.03953131085773153,
        0.049950737764262426,
        0.02916398278954226,
        0.03364750605970313,
        0.03921551879917132,
        0.03412929953168143,
        0.05308743632916233
      ],
      "syntax": [
        -0.000533834506284631,
        -0.0010816262338297776,
        -0.0004779220032336361,
        -0.0014434153043929984,
        -0.07084672806153079,
        0.006427306104982153,
        -0.0050979236695313426,
        -0.002094249593905051,
        -0.007503773642828414,
        0.009261932013340897
      ]
    },
    "syntax": {
      "style": [
        0.0,
        0.0,
        0.0,
        0.0,
        0.0,
        0.0,
        0.0,
        0.0,
        0.0,
        0.0
      ],
      "logic": [
        0.0,
        0.0,
        0.0,
        0.0,
        0.0,
        0.0,
        0.0,
        0.0,
        0.0,
        0.0
      ],
      "syntax": [
        0.0,
        0.0,
        0.0,
        0.0,
        0.0,
        0.0,
        0.0,
        0.0,
        0.0,
        0.0
      ]
    }
  },
  "suppression_matrix_mean": {
    "style": {
      "style": 0.02178228386462471,
      "logic": -0.0005961195726502207,
      "syntax": -0.012160465709407745
    },
    "logic": {
      "style": -0.0069495650657289115,
      "logic": 0.039154778587147346,
      "syntax": -0.007339023489721359
    },
    "syntax": {
      "style": 0.0,
      "logic": 0.0,
      "syntax": 0.0
    }
  },
  "diagonal_advantage": {
    "style": 0.028160576505653696,
    "logic": 0.04629907286487248,
    "syntax": 0.0
  }
}