{
  "L0": {
    "tense": {
      "avg_l2": 58.14892781575521,
      "std_l2": 14.23474412411144,
      "avg_cos_sim": 0.9988213960329692,
      "n": 150
    },
    "polarity": {
      "avg_l2": 54.73577016194661,
      "std_l2": 10.583636775480073,
      "avg_cos_sim": 0.9989730525016784,
      "n": 150
    },
    "number": {
      "avg_l2": 57.15984235127767,
      "std_l2": 11.878462945729122,
      "avg_cos_sim": 0.9988208039601644,
      "n": 150
    }
  },
  "L10": {
    "tense": {
      "avg_l2": 57.67441162109375,
      "std_l2": 13.589734672877345,
      "avg_cos_sim": 0.9988427730401357,
      "n": 150
    },
    "polarity": {
      "avg_l2": 56.72552619934082,
      "std_l2": 11.705558061172134,
      "avg_cos_sim": 0.9989074913660685,
      "n": 150
    },
    "number": {
      "avg_l2": 57.79345146179199,
      "std_l2": 14.559582212871595,
      "avg_cos_sim": 0.9987919000784556,
      "n": 150
    }
  },
  "L20": {
    "tense": {
      "avg_l2": 44.93260645548503,
      "std_l2": 7.414802982409062,
      "avg_cos_sim": 0.999313592116038,
      "n": 150
    },
    "polarity": {
      "avg_l2": 48.19585706075033,
      "std_l2": 8.419912867985499,
      "avg_cos_sim": 0.9992231249809265,
      "n": 150
    },
    "number": {
      "avg_l2": 46.912016016642255,
      "std_l2": 7.92767100042982,
      "avg_cos_sim": 0.9992214222749074,
      "n": 150
    }
  },
  "L30": {
    "tense": {
      "avg_l2": 36.985188268025716,
      "std_l2": 8.148026808781651,
      "avg_cos_sim": 0.9995203538735707,
      "n": 150
    },
    "polarity": {
      "avg_l2": 41.075045344034834,
      "std_l2": 6.734281842511342,
      "avg_cos_sim": 0.9994234188397726,
      "n": 150
    },
    "number": {
      "avg_l2": 45.83024252573649,
      "std_l2": 12.40913609491014,
      "avg_cos_sim": 0.9992117138703664,
      "n": 150
    }
  },
  "L39": {
    "tense": {
      "avg_l2": 28.29649979273478,
      "std_l2": 12.328612283176142,
      "avg_cos_sim": 0.9997236601511638,
      "n": 150
    },
    "polarity": {
      "avg_l2": 34.654860458374024,
      "std_l2": 13.785337291982035,
      "avg_cos_sim": 0.9995542585849762,
      "n": 150
    },
    "number": {
      "avg_l2": 38.25789684931437,
      "std_l2": 18.43403402616932,
      "avg_cos_sim": 0.9994853587945303,
      "n": 150
    }
  }
}