{
  "L0": {
    "tense": {
      "attn_l2": 58.14892781575521,
      "mlp_l2": 67.68269818623861,
      "attn_ratio": 0.4621169546852448,
      "mlp_ratio": 0.5378830452352841
    },
    "polarity": {
      "attn_l2": 54.73577016194661,
      "mlp_l2": 55.58977795918783,
      "attn_ratio": 0.49612960088706687,
      "mlp_ratio": 0.5038703990222924
    },
    "number": {
      "attn_l2": 57.15984235127767,
      "mlp_l2": 56.14762153625488,
      "attn_ratio": 0.5044666995897913,
      "mlp_ratio": 0.49553330032195336
    }
  },
  "L10": {
    "tense": {
      "attn_l2": 57.67441162109375,
      "mlp_l2": 65.26760503133139,
      "attn_ratio": 0.46911880239817827,
      "mlp_ratio": 0.5308811975204827
    },
    "polarity": {
      "attn_l2": 56.72552619934082,
      "mlp_l2": 71.53371520996093,
      "attn_ratio": 0.4422724286501525,
      "mlp_ratio": 0.5577275712718803
    },
    "number": {
      "attn_l2": 57.79345146179199,
      "mlp_l2": 64.98245816548665,
      "attn_ratio": 0.4707230566039649,
      "mlp_ratio": 0.529276943314586
    }
  },
  "L20": {
    "tense": {
      "attn_l2": 44.93260645548503,
      "mlp_l2": 62.32877695719401,
      "attn_ratio": 0.4189075790531396,
      "mlp_ratio": 0.5810924208536303
    },
    "polarity": {
      "attn_l2": 48.19585706075033,
      "mlp_l2": 70.95736788431803,
      "attn_ratio": 0.4044863836369059,
      "mlp_ratio": 0.5955136162791687
    },
    "number": {
      "attn_l2": 46.912016016642255,
      "mlp_l2": 64.87994745890299,
      "attn_ratio": 0.41963674806291423,
      "mlp_ratio": 0.5803632518476339
    }
  },
  "L30": {
    "tense": {
      "attn_l2": 36.985188268025716,
      "mlp_l2": 52.527356465657554,
      "attn_ratio": 0.4131844131337322,
      "mlp_ratio": 0.5868155867545517
    },
    "polarity": {
      "attn_l2": 41.075045344034834,
      "mlp_l2": 64.24833813985188,
      "attn_ratio": 0.389989800758907,
      "mlp_ratio": 0.6100101991461474
    },
    "number": {
      "attn_l2": 45.83024252573649,
      "mlp_l2": 57.27179768880208,
      "attn_ratio": 0.4445134395587719,
      "mlp_ratio": 0.5554865603442369
    }
  },
  "L39": {
    "tense": {
      "attn_l2": 28.29649979273478,
      "mlp_l2": 93.95883064270019,
      "attn_ratio": 0.23145411892992335,
      "mlp_ratio": 0.7685458809882807
    },
    "polarity": {
      "attn_l2": 34.654860458374024,
      "mlp_l2": 116.67196436564127,
      "attn_ratio": 0.2290067243291838,
      "mlp_ratio": 0.7709932756047341
    },
    "number": {
      "attn_l2": 38.25789684931437,
      "mlp_l2": 116.83956415812175,
      "attn_ratio": 0.24667003958893563,
      "mlp_ratio": 0.7533299603465887
    }
  }
}