{
  "resid": {
    "L0": {
      "tense": {
        "avg_l2": 67.44950378417968,
        "std_l2": 61.090004063351515,
        "avg_cos_sim": 0.9972807002067566,
        "n": 150
      },
      "polarity": {
        "avg_l2": 54.73577016194661,
        "std_l2": 10.583636775480073,
        "avg_cos_sim": 0.9989730525016784,
        "n": 150
      },
      "number": {
        "avg_l2": 57.15984235127767,
        "std_l2": 11.878462945729122,
        "avg_cos_sim": 0.9988208039601644,
        "n": 150
      }
    },
    "L10": {
      "tense": {
        "avg_l2": 126.15308911641439,
        "std_l2": 66.04211331658236,
        "avg_cos_sim": 0.9933440363407136,
        "n": 150
      },
      "polarity": {
        "avg_l2": 147.06276794433595,
        "std_l2": 60.687584234735255,
        "avg_cos_sim": 0.9915031135082245,
        "n": 150
      },
      "number": {
        "avg_l2": 106.72774241129558,
        "std_l2": 44.11461051851339,
        "avg_cos_sim": 0.9955258937676748,
        "n": 150
      }
    },
    "L20": {
      "tense": {
        "avg_l2": 155.3826338704427,
        "std_l2": 63.44755188099817,
        "avg_cos_sim": 0.9907836850484212,
        "n": 150
      },
      "polarity": {
        "avg_l2": 194.42345596313476,
        "std_l2": 62.31572710141812,
        "avg_cos_sim": 0.9863307750225068,
        "n": 150
      },
      "number": {
        "avg_l2": 164.02071131388345,
        "std_l2": 60.71514495231534,
        "avg_cos_sim": 0.9898718881607056,
        "n": 150
      }
    },
    "L30": {
      "tense": {
        "avg_l2": 177.55351877848307,
        "std_l2": 61.49410007241195,
        "avg_cos_sim": 0.988394387960434,
        "n": 150
      },
      "polarity": {
        "avg_l2": 233.59036092122395,
        "std_l2": 59.2573678895396,
        "avg_cos_sim": 0.9809359625975291,
        "n": 150
      },
      "number": {
        "avg_l2": 215.64547668457033,
        "std_l2": 76.22821941432703,
        "avg_cos_sim": 0.9829816381136577,
        "n": 150
      }
    },
    "L39": {
      "tense": {
        "avg_l2": 191.53096694946288,
        "std_l2": 61.68444046692736,
        "avg_cos_sim": 0.9867798050244649,
        "n": 150
      },
      "polarity": {
        "avg_l2": 251.78519053141275,
        "std_l2": 55.320466605595335,
        "avg_cos_sim": 0.978121956984202,
        "n": 150
      },
      "number": {
        "avg_l2": 247.10323364257812,
        "std_l2": 79.68552541347734,
        "avg_cos_sim": 0.9788714218139648,
        "n": 150
      }
    }
  },
  "attn": {
    "L0": {
      "tense": {
        "avg_l2": 58.14892781575521,
        "std_l2": 14.23474412411144,
        "avg_cos_sim": 0.9988213960329692,
        "n": 150
      },
      "polarity": {
        "avg_l2": 54.73577016194661,
        "std_l2": 10.583636775480073,
        "avg_cos_sim": 0.9989730525016784,
        "n": 150
      },
      "number": {
        "avg_l2": 57.15984235127767,
        "std_l2": 11.878462945729122,
        "avg_cos_sim": 0.9988208039601644,
        "n": 150
      }
    },
    "L10": {
      "tense": {
        "avg_l2": 57.67441162109375,
        "std_l2": 13.589734672877345,
        "avg_cos_sim": 0.9988427730401357,
        "n": 150
      },
      "polarity": {
        "avg_l2": 56.72552619934082,
        "std_l2": 11.705558061172134,
        "avg_cos_sim": 0.9989074913660685,
        "n": 150
      },
      "number": {
        "avg_l2": 57.79345146179199,
        "std_l2": 14.559582212871595,
        "avg_cos_sim": 0.9987919000784556,
        "n": 150
      }
    },
    "L20": {
      "tense": {
        "avg_l2": 44.93260645548503,
        "std_l2": 7.414802982409062,
        "avg_cos_sim": 0.999313592116038,
        "n": 150
      },
      "polarity": {
        "avg_l2": 48.19585706075033,
        "std_l2": 8.419912867985499,
        "avg_cos_sim": 0.9992231249809265,
        "n": 150
      },
      "number": {
        "avg_l2": 46.912016016642255,
        "std_l2": 7.92767100042982,
        "avg_cos_sim": 0.9992214222749074,
        "n": 150
      }
    },
    "L30": {
      "tense": {
        "avg_l2": 36.985188268025716,
        "std_l2": 8.148026808781651,
        "avg_cos_sim": 0.9995203538735707,
        "n": 150
      },
      "polarity": {
        "avg_l2": 41.075045344034834,
        "std_l2": 6.734281842511342,
        "avg_cos_sim": 0.9994234188397726,
        "n": 150
      },
      "number": {
        "avg_l2": 45.83024252573649,
        "std_l2": 12.40913609491014,
        "avg_cos_sim": 0.9992117138703664,
        "n": 150
      }
    },
    "L39": {
      "tense": {
        "avg_l2": 28.29649979273478,
        "std_l2": 12.328612283176142,
        "avg_cos_sim": 0.9997236601511638,
        "n": 150
      },
      "polarity": {
        "avg_l2": 34.654860458374024,
        "std_l2": 13.785337291982035,
        "avg_cos_sim": 0.9995542585849762,
        "n": 150
      },
      "number": {
        "avg_l2": 38.25789684931437,
        "std_l2": 18.43403402616932,
        "avg_cos_sim": 0.9994853587945303,
        "n": 150
      }
    }
  },
  "mlp": {
    "L0": {
      "tense": {
        "avg_l2": 67.68269818623861,
        "std_l2": 59.92196770316879,
        "avg_cos_sim": 0.9973124333222707,
        "n": 150
      },
      "polarity": {
        "avg_l2": 55.58977795918783,
        "std_l2": 12.610423375388164,
        "avg_cos_sim": 0.9989153587818146,
        "n": 150
      },
      "number": {
        "avg_l2": 56.14762153625488,
        "std_l2": 10.338171816057965,
        "avg_cos_sim": 0.9988740694522857,
        "n": 150
      }
    },
    "L10": {
      "tense": {
        "avg_l2": 65.26760503133139,
        "std_l2": 16.721505600292698,
        "avg_cos_sim": 0.9985262616475423,
        "n": 150
      },
      "polarity": {
        "avg_l2": 71.53371520996093,
        "std_l2": 17.036349792963545,
        "avg_cos_sim": 0.998221263885498,
        "n": 150
      },
      "number": {
        "avg_l2": 64.98245816548665,
        "std_l2": 20.875543705542054,
        "avg_cos_sim": 0.9984076023101807,
        "n": 150
      }
    },
    "L20": {
      "tense": {
        "avg_l2": 62.32877695719401,
        "std_l2": 15.715120867911342,
        "avg_cos_sim": 0.9986468394597371,
        "n": 150
      },
      "polarity": {
        "avg_l2": 70.95736788431803,
        "std_l2": 16.520548644458216,
        "avg_cos_sim": 0.9982564787069956,
        "n": 150
      },
      "number": {
        "avg_l2": 64.87994745890299,
        "std_l2": 17.815755542790487,
        "avg_cos_sim": 0.9984755591551463,
        "n": 150
      }
    },
    "L30": {
      "tense": {
        "avg_l2": 52.527356465657554,
        "std_l2": 15.769449664064792,
        "avg_cos_sim": 0.9990170435110728,
        "n": 150
      },
      "polarity": {
        "avg_l2": 64.24833813985188,
        "std_l2": 15.157774285802294,
        "avg_cos_sim": 0.9985529386997223,
        "n": 150
      },
      "number": {
        "avg_l2": 57.27179768880208,
        "std_l2": 19.16694576539686,
        "avg_cos_sim": 0.9987553624312083,
        "n": 150
      }
    },
    "L39": {
      "tense": {
        "avg_l2": 93.95883064270019,
        "std_l2": 33.686353668918166,
        "avg_cos_sim": 0.9972811686992645,
        "n": 150
      },
      "polarity": {
        "avg_l2": 116.67196436564127,
        "std_l2": 38.055406874766724,
        "avg_cos_sim": 0.9954399847984314,
        "n": 150
      },
      "number": {
        "avg_l2": 116.83956415812175,
        "std_l2": 43.70485973211762,
        "avg_cos_sim": 0.9952943015098572,
        "n": 150
      }
    }
  }
}