{
  "L0": {
    "tense": {
      "avg_l2": 67.68269818623861,
      "std_l2": 59.92196770316879,
      "avg_cos_sim": 0.9973124333222707,
      "n": 150
    },
    "polarity": {
      "avg_l2": 55.58977795918783,
      "std_l2": 12.610423375388164,
      "avg_cos_sim": 0.9989153587818146,
      "n": 150
    },
    "number": {
      "avg_l2": 56.14762153625488,
      "std_l2": 10.338171816057965,
      "avg_cos_sim": 0.9988740694522857,
      "n": 150
    }
  },
  "L10": {
    "tense": {
      "avg_l2": 65.26760503133139,
      "std_l2": 16.721505600292698,
      "avg_cos_sim": 0.9985262616475423,
      "n": 150
    },
    "polarity": {
      "avg_l2": 71.53371520996093,
      "std_l2": 17.036349792963545,
      "avg_cos_sim": 0.998221263885498,
      "n": 150
    },
    "number": {
      "avg_l2": 64.98245816548665,
      "std_l2": 20.875543705542054,
      "avg_cos_sim": 0.9984076023101807,
      "n": 150
    }
  },
  "L20": {
    "tense": {
      "avg_l2": 62.32877695719401,
      "std_l2": 15.715120867911342,
      "avg_cos_sim": 0.9986468394597371,
      "n": 150
    },
    "polarity": {
      "avg_l2": 70.95736788431803,
      "std_l2": 16.520548644458216,
      "avg_cos_sim": 0.9982564787069956,
      "n": 150
    },
    "number": {
      "avg_l2": 64.87994745890299,
      "std_l2": 17.815755542790487,
      "avg_cos_sim": 0.9984755591551463,
      "n": 150
    }
  },
  "L30": {
    "tense": {
      "avg_l2": 52.527356465657554,
      "std_l2": 15.769449664064792,
      "avg_cos_sim": 0.9990170435110728,
      "n": 150
    },
    "polarity": {
      "avg_l2": 64.24833813985188,
      "std_l2": 15.157774285802294,
      "avg_cos_sim": 0.9985529386997223,
      "n": 150
    },
    "number": {
      "avg_l2": 57.27179768880208,
      "std_l2": 19.16694576539686,
      "avg_cos_sim": 0.9987553624312083,
      "n": 150
    }
  },
  "L39": {
    "tense": {
      "avg_l2": 93.95883064270019,
      "std_l2": 33.686353668918166,
      "avg_cos_sim": 0.9972811686992645,
      "n": 150
    },
    "polarity": {
      "avg_l2": 116.67196436564127,
      "std_l2": 38.055406874766724,
      "avg_cos_sim": 0.9954399847984314,
      "n": 150
    },
    "number": {
      "avg_l2": 116.83956415812175,
      "std_l2": 43.70485973211762,
      "avg_cos_sim": 0.9952943015098572,
      "n": 150
    }
  }
}