{
  "L0": {
    "tense": {
      "avg_l2": 67.44950378417968,
      "std_l2": 61.090004063351515,
      "avg_cos_sim": 0.9972807002067566,
      "n": 150
    },
    "polarity": {
      "avg_l2": 54.73577016194661,
      "std_l2": 10.583636775480073,
      "avg_cos_sim": 0.9989730525016784,
      "n": 150
    },
    "number": {
      "avg_l2": 57.15984235127767,
      "std_l2": 11.878462945729122,
      "avg_cos_sim": 0.9988208039601644,
      "n": 150
    }
  },
  "L10": {
    "tense": {
      "avg_l2": 126.15308911641439,
      "std_l2": 66.04211331658236,
      "avg_cos_sim": 0.9933440363407136,
      "n": 150
    },
    "polarity": {
      "avg_l2": 147.06276794433595,
      "std_l2": 60.687584234735255,
      "avg_cos_sim": 0.9915031135082245,
      "n": 150
    },
    "number": {
      "avg_l2": 106.72774241129558,
      "std_l2": 44.11461051851339,
      "avg_cos_sim": 0.9955258937676748,
      "n": 150
    }
  },
  "L20": {
    "tense": {
      "avg_l2": 155.3826338704427,
      "std_l2": 63.44755188099817,
      "avg_cos_sim": 0.9907836850484212,
      "n": 150
    },
    "polarity": {
      "avg_l2": 194.42345596313476,
      "std_l2": 62.31572710141812,
      "avg_cos_sim": 0.9863307750225068,
      "n": 150
    },
    "number": {
      "avg_l2": 164.02071131388345,
      "std_l2": 60.71514495231534,
      "avg_cos_sim": 0.9898718881607056,
      "n": 150
    }
  },
  "L30": {
    "tense": {
      "avg_l2": 177.55351877848307,
      "std_l2": 61.49410007241195,
      "avg_cos_sim": 0.988394387960434,
      "n": 150
    },
    "polarity": {
      "avg_l2": 233.59036092122395,
      "std_l2": 59.2573678895396,
      "avg_cos_sim": 0.9809359625975291,
      "n": 150
    },
    "number": {
      "avg_l2": 215.64547668457033,
      "std_l2": 76.22821941432703,
      "avg_cos_sim": 0.9829816381136577,
      "n": 150
    }
  },
  "L39": {
    "tense": {
      "avg_l2": 191.53096694946288,
      "std_l2": 61.68444046692736,
      "avg_cos_sim": 0.9867798050244649,
      "n": 150
    },
    "polarity": {
      "avg_l2": 251.78519053141275,
      "std_l2": 55.320466605595335,
      "avg_cos_sim": 0.978121956984202,
      "n": 150
    },
    "number": {
      "avg_l2": 247.10323364257812,
      "std_l2": 79.68552541347734,
      "avg_cos_sim": 0.9788714218139648,
      "n": 150
    }
  }
}