{
  "experiment": "exp1_wdown_readout",
  "model": "qwen3",
  "timestamp": "2026-04-28T12:26:23.348136",
  "k_disc": 200,
  "layer_results": [
    {
      "layer": 0,
      "n_intermediate": 9728,
      "cat_readout": {
        "animals": {
          "cos_own": 0.0061951749958097935,
          "mean_cos_other": 0.004835284625490506,
          "own_vs_other": 0.0013598903703192873,
          "cos_rand_own": -0.009873693808913231,
          "cos_rand_other": 0.0019301104669769604,
          "rand_own_vs_other": -0.011803804275890192,
          "cos_disc_col_mean_own": 0.005137290805578232
        },
        "food": {
          "cos_own": -0.004536486230790615,
          "mean_cos_other": -0.008996598834831579,
          "own_vs_other": 0.0044601126040409635,
          "cos_rand_own": 0.036704517900943756,
          "cos_rand_other": -0.013568451628088951,
          "rand_own_vs_other": 0.05027296952903271,
          "cos_disc_col_mean_own": -0.0015118422452360392
        },
        "tools": {
          "cos_own": 0.011515705846250057,
          "mean_cos_other": -0.018936709811290104,
          "own_vs_other": 0.03045241565754016,
          "cos_rand_own": -0.01716921664774418,
          "cos_rand_other": 0.004136183920005958,
          "rand_own_vs_other": -0.021305400567750137,
          "cos_disc_col_mean_own": 0.01370732206851244
        },
        "nature": {
          "cos_own": -0.029558874666690826,
          "mean_cos_other": 0.0017289261644085248,
          "own_vs_other": -0.031287800831099354,
          "cos_rand_own": -0.013814784586429596,
          "cos_rand_other": 0.003396437813838323,
          "rand_own_vs_other": -0.017211222400267918,
          "cos_disc_col_mean_own": -0.029406055808067322
        }
      },
      "avg_cos_own": -0.004096120013855398,
      "avg_own_vs_other": 0.0012461544502002653,
      "avg_rand_own": -0.0010382942855358124,
      "avg_rand_own_vs_other": -1.1864428718885364e-05,
      "avg_disc_col_own": -0.0030183212948031723
    },
    {
      "layer": 6,
      "n_intermediate": 9728,
      "cat_readout": {
        "animals": {
          "cos_own": 0.005543269217014313,
          "mean_cos_other": 0.013102110203665992,
          "own_vs_other": -0.0075588409866516795,
          "cos_rand_own": -0.012324560433626175,
          "cos_rand_other": 0.019814919990797836,
          "rand_own_vs_other": -0.03213948042442401,
          "cos_disc_col_mean_own": 0.006136479787528515
        },
        "food": {
          "cos_own": -0.01237998902797699,
          "mean_cos_other": -0.010296924194941917,
          "own_vs_other": -0.0020830648330350723,
          "cos_rand_own": 0.03138383477926254,
          "cos_rand_other": 0.008806687158842882,
          "rand_own_vs_other": 0.02257714762041966,
          "cos_disc_col_mean_own": -0.014982451684772968
        },
        "tools": {
          "cos_own": 0.016539186239242554,
          "mean_cos_other": -0.015293526773651442,
          "own_vs_other": 0.031832713012894,
          "cos_rand_own": 0.016726868227124214,
          "cos_rand_other": 0.015107630441586176,
          "rand_own_vs_other": 0.0016192377855380382,
          "cos_disc_col_mean_own": 0.02207442745566368
        },
        "nature": {
          "cos_own": 0.03480920195579529,
          "mean_cos_other": 0.014634063156942526,
          "own_vs_other": 0.020175138798852764,
          "cos_rand_own": 0.022221393883228302,
          "cos_rand_other": 0.015148061172415813,
          "rand_own_vs_other": 0.007073332710812489,
          "cos_disc_col_mean_own": 0.038196660578250885
        }
      },
      "avg_cos_own": 0.011127917096018791,
      "avg_own_vs_other": 0.010591486498015001,
      "avg_rand_own": 0.014501884113997221,
      "avg_rand_own_vs_other": -0.00021744057691345554,
      "avg_disc_col_own": 0.012856279034167528
    },
    {
      "layer": 12,
      "n_intermediate": 9728,
      "cat_readout": {
        "animals": {
          "cos_own": 0.013954827561974525,
          "mean_cos_other": 0.005618091051777204,
          "own_vs_other": 0.008336736510197323,
          "cos_rand_own": 0.006256083492189646,
          "cos_rand_other": 0.01461111381649971,
          "rand_own_vs_other": -0.008355030324310064,
          "cos_disc_col_mean_own": 0.011017306707799435
        },
        "food": {
          "cos_own": 0.030297599732875824,
          "mean_cos_other": -0.01070334566369032,
          "own_vs_other": 0.041000945396566145,
          "cos_rand_own": 0.026925047859549522,
          "cos_rand_other": 0.005105443415232003,
          "rand_own_vs_other": 0.02181960444431752,
          "cos_disc_col_mean_own": 0.03514041006565094
        },
        "tools": {
          "cos_own": -0.003913491033017635,
          "mean_cos_other": 0.017862515679250162,
          "own_vs_other": -0.021776006712267797,
          "cos_rand_own": -0.013777156360447407,
          "cos_rand_other": 0.019530366950978834,
          "rand_own_vs_other": -0.03330752331142624,
          "cos_disc_col_mean_own": -0.002649640664458275
        },
        "nature": {
          "cos_own": 0.02209390699863434,
          "mean_cos_other": 0.001222104299813509,
          "own_vs_other": 0.02087180269882083,
          "cos_rand_own": 0.025873646140098572,
          "cos_rand_other": 0.00838532205671072,
          "rand_own_vs_other": 0.01748832408338785,
          "cos_disc_col_mean_own": 0.01985209435224533
        }
      },
      "avg_cos_own": 0.015608210815116763,
      "avg_own_vs_other": 0.012108369473329123,
      "avg_rand_own": 0.011319405282847583,
      "avg_rand_own_vs_other": -0.0005886562770077326,
      "avg_disc_col_own": 0.015840042615309358
    },
    {
      "layer": 18,
      "n_intermediate": 9728,
      "cat_readout": {
        "animals": {
          "cos_own": -0.02891523577272892,
          "mean_cos_other": 0.024914898288746674,
          "own_vs_other": -0.05383013406147559,
          "cos_rand_own": -0.000581408676225692,
          "cos_rand_other": 0.007727699043850104,
          "rand_own_vs_other": -0.008309107720075797,
          "cos_disc_col_mean_own": -0.03456633538007736
        },
        "food": {
          "cos_own": 0.0030891625210642815,
          "mean_cos_other": 0.017960198999692995,
          "own_vs_other": -0.014871036478628714,
          "cos_rand_own": 0.016704976558685303,
          "cos_rand_other": 0.0006172936409711838,
          "rand_own_vs_other": 0.01608768291771412,
          "cos_disc_col_mean_own": 0.011053868569433689
        },
        "tools": {
          "cos_own": -0.02505681850016117,
          "mean_cos_other": 0.002512322117884954,
          "own_vs_other": -0.027569140618046124,
          "cos_rand_own": -0.013514566235244274,
          "cos_rand_other": 0.01150182302808389,
          "rand_own_vs_other": -0.025016389263328165,
          "cos_disc_col_mean_own": -0.023134052753448486
        },
        "nature": {
          "cos_own": -0.005170758813619614,
          "mean_cos_other": 0.0019675223156809807,
          "own_vs_other": -0.007138281129300594,
          "cos_rand_own": 0.01514515746384859,
          "cos_rand_other": 0.0007127845116580526,
          "rand_own_vs_other": 0.014432372952190539,
          "cos_disc_col_mean_own": -0.009738852269947529
        }
      },
      "avg_cos_own": -0.014013412641361356,
      "avg_own_vs_other": -0.025852148071862754,
      "avg_rand_own": 0.004438539777765982,
      "avg_rand_own_vs_other": -0.0007013602783748261,
      "avg_disc_col_own": -0.014096342958509922
    },
    {
      "layer": 24,
      "n_intermediate": 9728,
      "cat_readout": {
        "animals": {
          "cos_own": -0.02072695456445217,
          "mean_cos_other": -0.007646467847128709,
          "own_vs_other": -0.013080486717323463,
          "cos_rand_own": -0.004540557973086834,
          "cos_rand_other": -0.0026155788800679147,
          "rand_own_vs_other": -0.0019249790930189192,