{
  "experiment": "exp3_last_layer",
  "model": "qwen3",
  "timestamp": "2026-04-28T12:32:24.034048",
  "results": [
    {
      "layer": 35,
      "label": "last",
      "n_intermediate": 9728,
      "gate_row_norm_mean": 1.254580020904541,
      "gate_row_norm_top1pct": 2.1686747741699057,
      "down_col_norm_mean": 1.1256673336029053,
      "down_col_norm_top1pct": 1.4774439585208892,
      "w_down_proj_in_WU": 0.08615631408567344,
      "random_proj_in_WU": 0.07828743705396345,
      "proj_ratio": 1.100512640697204,
      "w_down_svd_n80": 1475,
      "w_down_svd_n90": 1879,
      "w_down_svd_n95": 2152,
      "w_down_top5_sv": 0.011057650670409203,
      "w_down_top10_sv": 0.01696079410612583,
      "max_cos_wdown_wu_mean": 0.12614841759204865,
      "max_cos_above_03_frac": 0.086,
      "max_cos_above_05_frac": 0.025
    },
    {
      "layer": 34,
      "label": "last-1",
      "n_intermediate": 9728,
      "gate_row_norm_mean": 1.2014354467391968,
      "gate_row_norm_top1pct": 1.6930854463577267,
      "down_col_norm_mean": 1.192039132118225,
      "down_col_norm_top1pct": 1.4565040957927704,
      "w_down_proj_in_WU": 0.07468244487261744,
      "random_proj_in_WU": 0.0782874604837139,
      "proj_ratio": 0.953951557646369,
      "w_down_svd_n80": 1463,
      "w_down_svd_n90": 1866,
      "w_down_svd_n95": 2140,
      "w_down_top5_sv": 0.014412750490009785,
      "w_down_top10_sv": 0.02048415318131447,
      "max_cos_wdown_wu_mean": 0.11350536346435547,
      "max_cos_above_03_frac": 0.066,
      "max_cos_above_05_frac": 0.01
    },
    {
      "layer": 18,
      "label": "mid",
      "n_intermediate": 9728,
      "gate_row_norm_mean": 1.1640923023223877,
      "gate_row_norm_top1pct": 1.8533695936202994,
      "down_col_norm_mean": 1.1306806802749634,
      "down_col_norm_top1pct": 1.4699119603633877,
      "w_down_proj_in_WU": 0.08786427275770099,
      "random_proj_in_WU": 0.07828749025876351,
      "proj_ratio": 1.1223283881918216,
      "w_down_svd_n80": 1366,
      "w_down_svd_n90": 1773,
      "w_down_svd_n95": 2059,
      "w_down_top5_sv": 0.01606939733028412,
      "w_down_top10_sv": 0.025632193312048912,
      "max_cos_wdown_wu_mean": 0.07298555225133896,
      "max_cos_above_03_frac": 0.0,
      "max_cos_above_05_frac": 0.0
    }
  ]
}