{
  "L0-L2": {
    "singular_values": [
      4.450546741485596,
      3.040631055831909,
      2.5258307456970215,
      2.4796571731567383,
      1.7500101327896118,
      1.6038703918457031,
      1.5276784896850586,
      1.379370927810669,
      1.3188977241516113,
      1.2534672021865845,
      1.145967721939087,
      1.1148369312286377,
      2.029685447269003e-06
    ],
    "cumulative_variance": [
      0.3455606997013092,
      0.5068572759628296,
      0.6181600689888,
      0.7254307866096497,
      0.7788599729537964,
      0.8237382173538208,
      0.8644538521766663,
      0.8976478576660156,
      0.9279951453208923,
      0.9554060697555542,
      0.9783170223236084,
      1.0000001192092896,
      1.0000001192092896
    ],
    "dim_90": 9,
    "dim_95": 10,
    "dim_99": 12
  },
  "L2-L4": {
    "singular_values": [
      8.437912940979004,
      6.450805187225342,
      5.697978973388672,
      4.53947114944458,
      3.81911301612854,
      3.553413152694702,
      3.133957862854004,
      2.916398763656616,
      2.7987232208251953,
      2.619335412979126,
      2.4677844047546387,
      2.2340660095214844,
      2.2642411749984603e-06
    ],
    "cumulative_variance": [
      0.30016273260116577,
      0.4755970537662506,
      0.6124733686447144,
      0.6993488669395447,
      0.7608398795127869,
      0.8140724897384644,
      0.85547935962677,
      0.8913369178771973,
      0.9243592023849487,
      0.9532839059829712,
      0.9789583683013916,
      1.0,
      1.0
    ],
    "dim_90": 9,
    "dim_95": 10,
    "dim_99": 12
  },
  "L4-L6": {
    "singular_values": [
      12.470290184020996,
      9.18761157989502,
      8.330276489257812,
      6.229345798492432,
      5.286300182342529,
      4.660943984985352,
      4.339201927185059,
      4.171258926391602,
      3.7890865802764893,
      3.451220750808716,
      3.2906699180603027,
      2.6432013511657715,
      2.7032663183490513e-06
    ],
    "cumulative_variance": [
      0.3252633213996887,
      0.5018212795257568,
      0.6469658613204956,
      0.7281304597854614,
      0.7865806818008423,
      0.8320197463035583,
      0.8714020848274231,
      0.9077950119972229,
      0.9378247261047363,
      0.9627377986907959,
      0.9853869080543518,
      1.0,
      1.0
    ],
    "dim_90": 8,
    "dim_95": 10,
    "dim_99": 12
  },
  "L6-L8": {
    "singular_values": [
      15.303826332092285,
      12.166446685791016,
      10.669394493103027,
      8.000443458557129,
      7.276594638824463,
      6.836213111877441,
      6.371958255767822,
      6.303905010223389,
      5.813691139221191,
      5.033766269683838,
      4.743873596191406,
      4.406189918518066,
      3.14595558847941e-06
    ],
    "cumulative_variance": [
      0.2784358263015747,
      0.45441147685050964,
      0.5897447466850281,
      0.6658392548561096,
      0.7287871837615967,
      0.7843464016914368,
      0.8326157331466675,
      0.879859447479248,
      0.9200412034988403,
      0.9501650929450989,
      0.9769192934036255,
      1.0000001192092896,
      1.0000001192092896
    ],
    "dim_90": 9,
    "dim_95": 10,
    "dim_99": 12
  },
  "L8-L10": {
    "singular_values": [
      17.95123863220215,
      14.94755744934082,
      12.22574234008789,
      9.183539390563965,
      8.67037582397461,
      8.350310325622559,
      7.815394878387451,
      7.418036460876465,
      6.7686944007873535,
      5.873941898345947,
      5.44413948059082,
      5.335474491119385,
      3.2082350571727147e-06
    ],
    "cumulative_variance": [
      0.2733413577079773,
      0.46286219358444214,
      0.5896469950675964,
      0.6611849665641785,
      0.724951446056366,
      0.784096896648407,
      0.8359074592590332,
      0.8825835585594177,
      0.9214456081390381,
      0.9507124423980713,
      0.9758530259132385,
      1.0,
      1.0
    ],
    "dim_90": 9,
    "dim_95": 10,
    "dim_99": 12
  },
  "L10-L12": {
    "singular_values": [
      16.25379753112793,
      14.421774864196777,
      11.54078197479248,
      8.881351470947266,
      8.41870403289795,
      8.073685646057129,
      7.72413444519043,
      7.030112266540527,
      6.5209059715271,
      5.92820930480957,
      5.560425281524658,
      4.9530229568481445,
      2.8998831567150773e-06
    ],
    "cumulative_variance": [
      0.2486451417207718,
      0.44439780712127686,
      0.5697525143623352,
      0.6439908742904663,
      0.7106962203979492,
      0.7720461487770081,
      0.8281987309455872,
      0.8747138977050781,
      0.9147347807884216,
      0.9478111267089844,
      0.9769106507301331,
      1.0,
      1.0
    ],
    "dim_90": 9,
    "dim_95": 11,
    "dim_99": 12
  },
  "L12-L14": {
    "singular_values": [
      15.023477554321289,
      12.671330451965332,
      10.32475757598877,
      8.23554801940918,
      7.882122993469238,
      7.263845920562744,
      6.804841041564941,
      6.365394592285156,
      5.956310749053955,
      5.313700199127197,
      5.0268073081970215,
      4.189976692199707,
      2.752626642177347e-06
    ],
    "cumulative_variance": [
      0.25974568724632263,
      0.4445243775844574,
      0.5672025084495544,
      0.645255982875824,
      0.7167540192604065,
      0.7774752974510193,
      0.8307649493217468,
      0.8773941993713379,
      0.9182226061820984,
      0.950716495513916,
      0.979796290397644,
      1.0,
      1.0
    ],
    "dim_90": 9,
    "dim_95": 10,
    "dim_99": 12
  },
  "L14-L16": {
    "singular_values": [
      13.40614128112793,
      10.478178024291992,
      9.080501556396484,
      7.144752025604248,
      6.608154296875,
      5.965710639953613,
      5.440119743347168,
      5.183404922485352,
      4.994883060455322,
      4.387302875518799,
      4.312685012817383,
      3.259938955307007,
      2.7178789423487615e-06
    ],
    "cumulative_variance": [
      0.28430086374282837,
      0.4579777717590332,
      0.5884116291999817,
      0.6691620349884033,
      0.7382386326789856,
      0.7945368885993958,
      0.8413521647453308,
      0.8838533163070679,
      0.9233191013336182,
      0.9537675976753235,
      0.9831891655921936,
      1.0,
      1.0
    ],
    "dim_90": 9,
    "dim_95": 10,
    "dim_99": 12
  },
  "L16-L18": {
    "singular_values": [
      12.639236450195312,
      10.655362129211426,
      8.0329008102417,
      6.875609874725342,
      6.07952356338501,
      5.356746196746826,
      4.911238670349121,
      4.600695610046387,
      4.523210048675537,
      3.851290702819824,
      3.794391632080078,
      2.964365005493164,
      2.6937514121527784e-06
    ],
    "cumulative_variance": [
      0.2880941331386566,
      0.49284660816192627,
      0.6092156767845154,
      0.6944697499275208,
      0.7611246109008789,
      0.8128727674484253,
      0.8563713431358337,
      0.8945428729057312,
      0.9314394593238831,
      0.9581883549690247,
      0.984152615070343,
      1.0,
      1.0
    ],
    "dim_90": 9,
    "dim_95": 10,
    "dim_99": 12
  },
  "L18-L20": {
    "singular_values": [
      12.1165132522583,
      10.881705284118652,
      8.326566696166992,
      6.342369079589844,
      5.559614181518555,
      4.865787982940674,
      4.498613357543945,
      4.1150898933410645,
      4.031313419342041,
      3.6527698040008545,
      3.300882339477539,
      2.634889841079712,
      2.817964059431688e-06
    ],
    "cumulative_variance": [
      0.28564009070396423,
      0.5160269737243652,
      0.6509219408035278,
      0.7291868329048157,
      0.7893253564834595,
      0.8353903293609619,
      0.8747653365135193,
      0.9077128767967224,
      0.9393324851989746,
      0.9652926921844482,
      0.9864920973777771,
      1.0,
      1.0
    ],
    "dim_90": 8,
    "dim_95": 10,
    "dim_99": 12
  },