{
  "experiment": "exp1_quantitative_theory",
  "model": "qwen3",
  "timestamp": "2026-04-28T13:06:51.466035",
  "layer_results": [
    {
      "layer": 0,
      "n_intermediate": 9728,
      "n_pairs": 496,
      "alpha_omc": 22312.67818549552,
      "beta_omc": 1088.3481897899517,
      "r2_omc": 0.8045387707290361,
      "predicted_alpha_omc": 4864.0,
      "alpha_ratio_omc": 4.587310482215361,
      "alpha_arc": 5167.688699943196,
      "beta_arc": 509.6153397237965,
      "r2_arc": -1406168968.174282,
      "predicted_alpha_arc": 3096.5185727959156,
      "alpha_ratio_arc": 1.6688705649445452,
      "residual_std": 98.34091015605021,
      "mean_hamming": 1598.9012096774193,
      "mean_omc": 0.02288174533074902,
      "mean_arccos": 0.21078782666718993
    },
    {
      "layer": 6,
      "n_intermediate": 9728,
      "n_pairs": 496,
      "alpha_omc": 4794.405749121587,
      "beta_omc": 616.3687812001538,
      "r2_omc": 0.874148339885189,
      "predicted_alpha_omc": 4864.0,
      "alpha_ratio_omc": 0.9856919714476947,
      "alpha_arc": 2479.1767238662037,
      "beta_arc": -20.3917290295615,
      "r2_arc": -170120790.60503012,
      "predicted_alpha_arc": 3096.5185727959156,
      "alpha_ratio_arc": 0.8006335714071625,
      "residual_std": 85.82617193507662,
      "mean_hamming": 1250.1310483870968,
      "mean_omc": 0.13218786651569028,
      "mean_arccos": 0.5124776968038466
    },
    {
      "layer": 12,
      "n_intermediate": 9728,
      "n_pairs": 496,
      "alpha_omc": 5364.692265433728,
      "beta_omc": 795.2276327626363,
      "r2_omc": 0.8865182896259899,
      "predicted_alpha_omc": 4864.0,
      "alpha_ratio_omc": 1.1029383769395,
      "alpha_arc": 3037.8718978284646,
      "beta_arc": -65.72953333569635,
      "r2_arc": -256382600.7362407,
      "predicted_alpha_arc": 3096.5185727959156,
      "alpha_ratio_arc": 0.9810604478582224,
      "residual_std": 114.13190436707582,
      "mean_hamming": 1753.929435483871,
      "mean_omc": 0.17870583349177915,
      "mean_arccos": 0.5989913432887998
    },
    {
      "layer": 18,
      "n_intermediate": 9728,
      "n_pairs": 496,
      "alpha_omc": 5873.971637075478,
      "beta_omc": 1050.379370666359,
      "r2_omc": 0.9079489052970184,
      "predicted_alpha_omc": 4864.0,
      "alpha_ratio_omc": 1.2076421951224254,
      "alpha_arc": 3249.410260259608,
      "beta_arc": 164.06792626449388,
      "r2_arc": -260755966.50805923,
      "predicted_alpha_arc": 3096.5185727959156,
      "alpha_ratio_arc": 1.0493753497256253,
      "residual_std": 122.72601822225167,
      "mean_hamming": 1969.641129032258,
      "mean_omc": 0.1564974799271553,
      "mean_arccos": 0.5556618149606967
    },
    {
      "layer": 24,
      "n_intermediate": 9728,
      "n_pairs": 496,
      "alpha_omc": 3744.127668878388,
      "beta_omc": 815.8860059130542,
      "r2_omc": 0.8810227725592418,
      "predicted_alpha_omc": 4864.0,
      "alpha_ratio_omc": 0.7697630898187475,
      "alpha_arc": 2358.308016651352,
      "beta_arc": 104.45284234604236,
      "r2_arc": -84450359.57043265,
      "predicted_alpha_arc": 3096.5185727959156,
      "alpha_ratio_arc": 0.7615998293599715,
      "residual_std": 128.95754393754635,
      "mean_hamming": 1408.657258064516,
      "mean_omc": 0.15832025629858817,
      "mean_arccos": 0.5530254769562978
    },
    {
      "layer": 30,
      "n_intermediate": 9728,
      "n_pairs": 496,
      "alpha_omc": 2157.9968533967412,
      "beta_omc": 1061.8285899762143,
      "r2_omc": 0.7188603268627658,
      "predicted_alpha_omc": 4864.0,
      "alpha_ratio_omc": 0.44366711624110633,
      "alpha_arc": 1604.1853632584146,
      "beta_arc": 485.8327840243758,
      "r2_arc": -54609827.82268787,
      "predicted_alpha_arc": 3096.5185727959156,
      "alpha_ratio_arc": 0.518060953146475,
      "residual_std": 181.18516615192664,
      "mean_hamming": 1537.3024193548388,
      "mean_omc": 0.2203311041117676,
      "mean_arccos": 0.6554539515275972
    },
    {
      "layer": 35,
      "n_intermediate": 9728,
      "n_pairs": 496,
      "alpha_omc": 4137.09043368668,
      "beta_omc": 350.18671749213865,
      "r2_omc": 0.8241022134644935,
      "predicted_alpha_omc": 4864.0,
      "alpha_ratio_omc": 0.8505531319257154,
      "alpha_arc": 2173.2231775501555,
      "beta_arc": -197.85534814689782,
      "r2_arc": -46338184.68551618,
      "predicted_alpha_arc": 3096.5185727959156,
      "alpha_ratio_arc": 0.7018279162420472,
      "residual_std": 115.18679307684121,
      "mean_hamming": 815.766129032258,
      "mean_omc": 0.11253788598602818,
      "mean_arccos": 0.4664138905060812
    }
  ]
}