{
  "model": "qwen3",
  "bottleneck_layer": 6,
  "n_pairs": 120,
  "pca_with_formality": [
    0.9963825941085815,
    0.00016888728714548051,
    0.00015006975445430726,
    0.00010601046233205125,
    8.233129483414814e-05
  ],
  "pca_no_formality": [
    0.0631936565041542,
    0.045001301914453506,
    0.03055412694811821,
    0.025076663121581078,
    0.0217305738478899
  ],
  "pca_normalized": [
    0.0734548270702362,
    0.0414695106446743,
    0.02867141179740429,
    0.024891618639230728,
    0.021407324820756912
  ],
  "pca_norm_no_formality": [
    0.0861438438296318,
    0.04745908081531525,
    0.03253187984228134,
    0.023594370111823082,
    0.02137383259832859
  ],
  "feat_norms": {
    "tense": 9.19841480255127,
    "polarity": 14.284393310546875,
    "number": 13.783116340637207,
    "voice": 20.455848693847656,
    "semantic_valence": 31.275371551513672,
    "semantic_topic": 18.347253799438477,
    "formality": 151.91473388671875
  },
  "feat_pc1_var": {
    "tense": 0.1950245350599289,
    "polarity": 0.2734035849571228,
    "number": 0.09483713656663895,
    "voice": 0.12774823606014252,
    "semantic_valence": 0.07509132474660873,
    "semantic_topic": 0.08497986197471619,
    "formality": 0.9989892840385437
  },
  "per_feat_results": {
    "tense": {
      "feat_pc1_ratio": 0.10497824847698212,
      "global_pc1_ratio": 0.016922371461987495,
      "no_form_pc1_ratio": 0.1345967948436737,
      "random_ratio": 0.018805550104992953
    },
    "polarity": {
      "feat_pc1_ratio": 0.24728287756443024,
      "global_pc1_ratio": 0.016375510022044182,
      "no_form_pc1_ratio": 0.10169694572687149,
      "random_ratio": 0.019362162872911048
    },
    "number": {
      "feat_pc1_ratio": 0.15963135659694672,
      "global_pc1_ratio": 0.014908134005963802,
      "no_form_pc1_ratio": 0.0596468411386013,
      "random_ratio": 0.022808311642071245
    },
    "voice": {
      "feat_pc1_ratio": 0.066940538585186,
      "global_pc1_ratio": 0.014873627573251724,
      "no_form_pc1_ratio": 0.5594550967216492,
      "random_ratio": 0.013211009664351271
    },
    "semantic_valence": {
      "feat_pc1_ratio": 0.06736956536769867,
      "global_pc1_ratio": 0.00883630383759737,
      "no_form_pc1_ratio": 0.05432265251874924,
      "random_ratio": 0.01789452654548843
    },
    "semantic_topic": {
      "feat_pc1_ratio": 0.08167955279350281,
      "global_pc1_ratio": 0.021493282169103622,
      "no_form_pc1_ratio": 0.14494483172893524,
      "random_ratio": 0.019951599184725898
    },
    "formality": {
      "feat_pc1_ratio": 0.018711745738983154,
      "global_pc1_ratio": 0.01850835047662258,
      "no_form_pc1_ratio": 0.03961215540766716,
      "random_ratio": 0.018165539784557816
    }
  }
}