{
  "experiment": "exp1_dg_pca_semantics",
  "model": "qwen3",
  "timestamp": "2026-04-28T22:06:39.684285",
  "layer_results": [
    {
      "layer": 0,
      "n_pairs": 496,
      "top5_var": 0.4225405752658844,
      "top10_var": 0.6408934593200684,
      "n90": 22,
      "var_ratio_top5": [
        2.122180700302124,
        1.4062258005142212,
        1.6144167184829712,
        1.0264760255813599,
        1.2178932428359985
      ],
      "diff_mean_abs_top5": [
        0.0370982401072979,
        0.036343418061733246,
        0.03990957885980606,
        0.035520270466804504,
        0.03568338230252266
      ],
      "same_mean_abs_top5": [
        0.025006592273712158,
        0.023334773257374763,
        0.028975648805499077,
        0.03386605903506279,
        0.03381163999438286
      ],
      "classification_acc": {
        "3": 0.7742020202020201,
        "5": 0.7742020202020201,
        "10": 0.7742020202020201,
        "20": 0.7742020202020201
      },
      "gate_pca_sep_ratio": 1.472472107034811,
      "pc1_cat_corr": {
        "food": {
          "mean_as_first": 0.008103319443762302,
          "mean_as_second": 0.01241848524659872,
          "contrast": -0.004315165802836418
        },
        "tools": {
          "mean_as_first": -0.05656801164150238,
          "mean_as_second": 0.042596571147441864,
          "contrast": -0.09916458278894424
        }
      }
    },
    {
      "layer": 6,
      "n_pairs": 496,
      "top5_var": 0.5056575536727905,
      "top10_var": 0.7029752135276794,
      "n90": 20,
      "var_ratio_top5": [
        14.011336326599121,
        1.3739264011383057,
        4.49916410446167,
        0.9822887778282166,
        1.2098532915115356
      ],
      "diff_mean_abs_top5": [
        0.04464518651366234,
        0.034706637263298035,
        0.03843133524060249,
        0.031055500730872154,
        0.03388103470206261
      ],
      "same_mean_abs_top5": [
        0.012093915604054928,
        0.027491282671689987,
        0.029433799907565117,
        0.027352502569556236,
        0.0409872904419899
      ],
      "classification_acc": {
        "3": 0.7742020202020201,
        "5": 0.7742020202020201,
        "10": 0.7742020202020201,
        "20": 0.7742020202020201
      },
      "gate_pca_sep_ratio": 1.850588052299505,
      "pc1_cat_corr": {
        "food": {
          "mean_as_first": 0.0025098291225731373,
          "mean_as_second": 0.022267568856477737,
          "contrast": -0.0197577397339046
        },
        "tools": {
          "mean_as_first": -0.07752285152673721,
          "mean_as_second": 0.052405036985874176,
          "contrast": -0.1299278885126114
        }
      }
    },
    {
      "layer": 12,
      "n_pairs": 496,
      "top5_var": 0.4660624563694,
      "top10_var": 0.6719782948493958,
      "n90": 21,
      "var_ratio_top5": [
        5.461792945861816,
        2.095503807067871,
        3.157421112060547,
        1.3259180784225464,
        0.9935591220855713
      ],
      "diff_mean_abs_top5": [
        0.04109703376889229,
        0.03915288671851158,
        0.03470872715115547,
        0.03345581889152527,
        0.02681862562894821
      ],
      "same_mean_abs_top5": [
        0.018390407785773277,
        0.023512914776802063,
        0.023105889558792114,
        0.04612008109688759,
        0.030679071322083473
      ],
      "classification_acc": {
        "3": 0.7742020202020201,
        "5": 0.7742020202020201,
        "10": 0.7742020202020201,
        "20": 0.7742020202020201
      },
      "gate_pca_sep_ratio": 1.9744566309971474,
      "pc1_cat_corr": {
        "food": {
          "mean_as_first": -0.011541035957634449,
          "mean_as_second": 0.04119047522544861,
          "contrast": -0.05273151118308306
        },
        "tools": {
          "mean_as_first": -0.06294422596693039,
          "mean_as_second": 0.040526315569877625,
          "contrast": -0.10347054153680801
        }
      }
    },
    {
      "layer": 18,
      "n_pairs": 496,
      "top5_var": 0.4775848388671875,
      "top10_var": 0.6978533267974854,
      "n90": 20,
      "var_ratio_top5": [
        1.365754246711731,
        1.3701192140579224,
        3.5796518325805664,
        1.6440871953964233,
        1.4564602375030518
      ],
      "diff_mean_abs_top5": [
        0.03295179456472397,
        0.03409816697239876,
        0.04081408306956291,
        0.03818291425704956,
        0.03512062504887581
      ],
      "same_mean_abs_top5": [
        0.02952726185321808,
        0.03214054927229881,
        0.024401281028985977,
        0.032012976706027985,
        0.029947062954306602
      ],
      "classification_acc": {
        "3": 0.7742020202020201,
        "5": 0.7742020202020201,
        "10": 0.7742020202020201,
        "20": 0.7742020202020201
      },
      "gate_pca_sep_ratio": 1.6267494818229022,
      "pc1_cat_corr": {
        "food": {
          "mean_as_first": 0.010022435337305069,
          "mean_as_second": -0.028318077325820923,
          "contrast": 0.03834051266312599
        },
        "tools": {
          "mean_as_first": 0.02992786094546318,
          "mean_as_second": -0.019100530073046684,
          "contrast": 0.049028391018509865
        }
      }
    },
    {
      "layer": 24,
      "n_pairs": 496,
      "top5_var": 0.5484415292739868,
      "top10_var": 0.7337194681167603,
      "n90": 19,
      "var_ratio_top5": [
        3.0297906398773193,
        2.305018901824951,
        1.9249266386032104,
        1.1585910320281982,
        1.5742921829223633
      ],
      "diff_mean_abs_top5": [
        0.03851158171892166,
        0.039496827870607376,
        0.03666238114237785,
        0.0320172943174839,
        0.03687990829348564
      ],
      "same_mean_abs_top5": [
        0.017549024894833565,
        0.019592663273215294,
        0.02243167534470558,
        0.04072894528508186,
        0.03460432216525078
      ],
      "classification_acc": {
        "3": 0.7742020202020201,
        "5": 0.7742020202020201,
        "10": 0.7742020202020201,
        "20": 0.7742020202020201
      },
      "gate_pca_sep_ratio": 1.8332480234999657,
      "pc1_cat_corr": {
        "food": {
          "mean_as_first": 0.02041153609752655,
          "mean_as_second": -0.049313370138406754,
          "contrast": 0.0697249062359333
        },
        "tools": {
          "mean_as_first": 0.04788244143128395,
          "mean_as_second": -0.028186367824673653,
          "contrast": 0.0760688092559576
        }
      }
    },
    {
      "layer": 30,
      "n_pairs": 496,
      "top5_var": 0.5265584588050842,
      "top10_var": 0.7214750051498413,
      "n90": 20,
      "var_ratio_top5": [
        6.6731743812561035,
        5.616501331329346,
        1.519970417022705,
        0.9779641628265381,
        1.1307777166366577
      ],
      "diff_mean_abs_top5": [
        0.0428968220949173,
        0.04283536598086357,
        0.035772427916526794,
        0.033856626600027084,
        0.03306908532977104
      ],
      "same_mean_abs_top5": [
        0.013938589952886105,
        0.014847633428871632,
        0.03203168511390686,
        0.03428875282406807,
        0.04253970831632614
      ],
      "classification_acc": {
        "3": 0.7742020202020201,
        "5": 0.7742020202020201,
        "10": 0.7742020202020201,
        "20": 0.7742020202020201
      },
      "gate_pca_sep_ratio": 2.0504535642012174,
      "pc1_cat_corr": {
        "food": {
          "mean_as_first": 0.020940156653523445,
          "mean_as_second": -0.05184509977698326,
          "contrast": 0.0727852564305067
        },
        "tools": {
          "mean_as_first": 0.060456063598394394,
          "mean_as_second": -0.03521042317152023,
          "contrast": 0.09566648676991463
        }
      }
    },
    {
      "layer": 35,
      "n_pairs": 496,
      "top5_var": 0.576725423336029,
      "top10_var": 0.7429069876670837,
      "n90": 19,