{
  "model": "deepseek7b",
  "d_model": 3584,
  "n_layers": 28,
  "n_samples": 70,
  "n_classes": 5,
  "timestamp": "2026-04-17T17:42:28.253385",
  "p851_mlp_classification": {
    "layer_0": {
      "mlp_64_acc": 0.6428571428571429,
      "mlp_64_std": 0.16288220358559113,
      "mlp_128_acc": 0.6714285714285715,
      "mlp_128_std": 0.10690449676496974,
      "random_acc": 0.1857142857142857,
      "random_std": 0.034992710611188256
    },
    "layer_7": {
      "mlp_64_acc": 0.7571428571428571,
      "mlp_64_std": 0.10690449676496974,
      "mlp_128_acc": 0.6571428571428571,
      "mlp_128_std": 0.1590789817951435,
      "random_acc": 0.14285714285714285,
      "random_std": 0.04517539514526256
    },
    "layer_14": {
      "mlp_64_acc": 0.7428571428571429,
      "mlp_64_std": 0.13997084244475302,
      "mlp_128_acc": 0.7285714285714285,
      "mlp_128_std": 0.11428571428571427,
      "random_acc": 0.2,
      "random_std": 0.06998542122237651
    },
    "layer_21": {
      "mlp_64_acc": 0.7428571428571429,
      "mlp_64_std": 0.09689042833036098,
      "mlp_128_acc": 0.8,
      "mlp_128_std": 0.12289036095775178,
      "random_acc": 0.15714285714285714,
      "random_std": 0.05345224838248488
    },
    "layer_27": {
      "mlp_64_acc": 0.7285714285714286,
      "mlp_64_std": 0.13850513878332368,
      "mlp_128_acc": 0.7714285714285715,
      "mlp_128_std": 0.10497813183356473,
      "random_acc": 0.1571428571428571,
      "random_std": 0.09476070829586856
    }
  },
  "p852_linear_vs_mlp": {
    "layer_0": {
      "linear_acc": 0.8142857142857143,
      "linear_std": 0.07284313590846836,
      "mlp_acc": 0.6428571428571429,
      "mlp_std": 0.16288220358559113,
      "nonlinear_gain": 0.7894736842105263
    },
    "layer_7": {
      "linear_acc": 0.8857142857142858,
      "linear_std": 0.1324802642213672,
      "mlp_acc": 0.7571428571428571,
      "mlp_std": 0.10690449676496974,
      "nonlinear_gain": 0.8548387096774193
    },
    "layer_14": {
      "linear_acc": 0.8714285714285713,
      "linear_std": 0.1228903609577518,
      "mlp_acc": 0.7428571428571429,
      "mlp_std": 0.13997084244475302,
      "nonlinear_gain": 0.8524590163934428
    },
    "layer_21": {
      "linear_acc": 0.8857142857142858,
      "linear_std": 0.1324802642213672,
      "mlp_acc": 0.7428571428571429,
      "mlp_std": 0.09689042833036098,
      "nonlinear_gain": 0.8387096774193548
    },
    "layer_27": {
      "linear_acc": 0.8714285714285713,
      "linear_std": 0.1590789817951435,
      "mlp_acc": 0.7285714285714286,
      "mlp_std": 0.13850513878332368,
      "nonlinear_gain": 0.836065573770492
    }
  },
  "p853_layer_decodability": {
    "0": 0.572463768115942,
    "2": 0.6871980676328503,
    "4": 0.6002415458937197,
    "6": 0.5851449275362319,
    "8": 0.6419082125603864,
    "10": 0.6582125603864735,
    "12": 0.6008454106280192,
    "14": 0.629830917874396,
    "16": 0.6026570048309179,
    "18": 0.6159420289855072,
    "20": 0.658816425120773,
    "22": 0.628623188405797,
    "24": 0.6594202898550724,
    "26": 0.6859903381642513
  },
  "p854_kernel_pca": {
    "pca_acc": 0.6419082125603865,
    "kpca_acc": 0.3134057971014493,
    "kernel_gain": 0.4882408278457196
  }
}