{
  "model": "glm4",
  "d_model": 4096,
  "n_layers": 40,
  "n_samples": 70,
  "n_classes": 5,
  "timestamp": "2026-04-17T17:38:59.911764",
  "p851_mlp_classification": {
    "layer_0": {
      "mlp_64_acc": 0.6714285714285714,
      "mlp_64_std": 0.1324802642213672,
      "mlp_128_acc": 0.7000000000000001,
      "mlp_128_std": 0.06998542122237653,
      "random_acc": 0.21428571428571427,
      "random_std": 0.09035079029052513
    },
    "layer_10": {
      "mlp_64_acc": 0.8142857142857143,
      "mlp_64_std": 0.1324802642213672,
      "mlp_128_acc": 0.7428571428571429,
      "mlp_128_std": 0.09689042833036098,
      "random_acc": 0.19999999999999998,
      "random_std": 0.10497813183356478
    },
    "layer_20": {
      "mlp_64_acc": 0.7,
      "mlp_64_std": 0.09476070829586856,
      "mlp_128_acc": 0.7571428571428572,
      "mlp_128_std": 0.1245399698154478,
      "random_acc": 0.21428571428571427,
      "random_std": 0.06388765649999399
    },
    "layer_30": {
      "mlp_64_acc": 0.7571428571428571,
      "mlp_64_std": 0.09689042833036098,
      "mlp_128_acc": 0.7714285714285716,
      "mlp_128_std": 0.08329931278350429,
      "random_acc": 0.17142857142857143,
      "random_std": 0.07284313590846835
    },
    "layer_39": {
      "mlp_64_acc": 0.7857142857142857,
      "mlp_64_std": 0.10101525445522107,
      "mlp_128_acc": 0.7714285714285715,
      "mlp_128_std": 0.10497813183356476,
      "random_acc": 0.2,
      "random_std": 0.05345224838248487
    }
  },
  "p852_linear_vs_mlp": {
    "layer_0": {
      "linear_acc": 0.7857142857142857,
      "linear_std": 0.10101525445522107,
      "mlp_acc": 0.6714285714285714,
      "mlp_std": 0.1324802642213672,
      "nonlinear_gain": 0.8545454545454545
    },
    "layer_10": {
      "linear_acc": 0.8857142857142858,
      "linear_std": 0.10690449676496976,
      "mlp_acc": 0.8142857142857143,
      "mlp_std": 0.1324802642213672,
      "nonlinear_gain": 0.9193548387096774
    },
    "layer_20": {
      "linear_acc": 0.8857142857142858,
      "linear_std": 0.1324802642213672,
      "mlp_acc": 0.7,
      "mlp_std": 0.09476070829586856,
      "nonlinear_gain": 0.7903225806451611
    },
    "layer_30": {
      "linear_acc": 0.8714285714285713,
      "linear_std": 0.13093073414159542,
      "mlp_acc": 0.7571428571428571,
      "mlp_std": 0.09689042833036098,
      "nonlinear_gain": 0.8688524590163935
    },
    "layer_39": {
      "linear_acc": 0.8857142857142858,
      "linear_std": 0.1324802642213672,
      "mlp_acc": 0.7857142857142857,
      "mlp_std": 0.10101525445522107,
      "nonlinear_gain": 0.8870967741935483
    }
  },
  "p853_layer_decodability": {
    "0": 0.6727053140096618,
    "4": 0.6727053140096618,
    "8": 0.6141304347826088,
    "12": 0.6865942028985508,
    "16": 0.5887681159420289,
    "20": 0.6153381642512077,
    "24": 0.6714975845410628,
    "28": 0.7137681159420289,
    "32": 0.6998792270531401,
    "36": 0.6714975845410628
  },
  "p854_kernel_pca": {
    "pca_acc": 0.69987922705314,
    "kpca_acc": 0.3134057971014493,
    "kernel_gain": 0.4477998274374462
  }
}