{
  "model": "qwen3",
  "d_model": 2560,
  "n_layers": 36,
  "n_samples": 70,
  "n_classes": 5,
  "timestamp": "2026-04-17T17:40:11.604673",
  "p851_mlp_classification": {
    "layer_0": {
      "mlp_64_acc": 0.6714285714285714,
      "mlp_64_std": 0.17261494247992243,
      "mlp_128_acc": 0.6714285714285714,
      "mlp_128_std": 0.17261494247992246,
      "random_acc": 0.15714285714285714,
      "random_std": 0.05345224838248488
    },
    "layer_9": {
      "mlp_64_acc": 0.6571428571428571,
      "mlp_64_std": 0.10497813183356476,
      "mlp_128_acc": 0.7142857142857144,
      "mlp_128_std": 0.11952286093343939,
      "random_acc": 0.22857142857142856,
      "random_std": 0.05345224838248488
    },
    "layer_18": {
      "mlp_64_acc": 0.5857142857142856,
      "mlp_64_std": 0.19378085666072195,
      "mlp_128_acc": 0.7285714285714285,
      "mlp_128_std": 0.11428571428571427,
      "random_acc": 0.24285714285714283,
      "random_std": 0.1324802642213672
    },
    "layer_27": {
      "mlp_64_acc": 0.7428571428571429,
      "mlp_64_std": 0.12453996981544782,
      "mlp_128_acc": 0.7714285714285715,
      "mlp_128_std": 0.08329931278350426,
      "random_acc": 0.24285714285714283,
      "random_std": 0.07284313590846836
    },
    "layer_35": {
      "mlp_64_acc": 0.6428571428571429,
      "mlp_64_std": 0.06388765649999402,
      "mlp_128_acc": 0.6571428571428571,
      "mlp_128_std": 0.10497813183356476,
      "random_acc": 0.24285714285714288,
      "random_std": 0.05714285714285714
    }
  },
  "p852_linear_vs_mlp": {
    "layer_0": {
      "linear_acc": 0.7857142857142857,
      "linear_std": 0.11952286093343938,
      "mlp_acc": 0.6714285714285714,
      "mlp_std": 0.17261494247992243,
      "nonlinear_gain": 0.8545454545454545
    },
    "layer_9": {
      "linear_acc": 0.8571428571428571,
      "linear_std": 0.13552618543578768,
      "mlp_acc": 0.6571428571428571,
      "mlp_std": 0.10497813183356476,
      "nonlinear_gain": 0.7666666666666667
    },
    "layer_18": {
      "linear_acc": 0.9,
      "linear_std": 0.07284313590846837,
      "mlp_acc": 0.5857142857142856,
      "mlp_std": 0.19378085666072195,
      "nonlinear_gain": 0.6507936507936507
    },
    "layer_27": {
      "linear_acc": 0.8857142857142858,
      "linear_std": 0.1324802642213672,
      "mlp_acc": 0.7428571428571429,
      "mlp_std": 0.12453996981544782,
      "nonlinear_gain": 0.8387096774193548
    },
    "layer_35": {
      "linear_acc": 0.8857142857142858,
      "linear_std": 0.1324802642213672,
      "mlp_acc": 0.6428571428571429,
      "mlp_std": 0.06388765649999402,
      "nonlinear_gain": 0.7258064516129032
    }
  },
  "p853_layer_decodability": {
    "0": 0.5875603864734299,
    "3": 0.628623188405797,
    "6": 0.6304347826086957,
    "9": 0.6002415458937199,
    "12": 0.5573671497584541,
    "15": 0.5277777777777778,
    "18": 0.48611111111111116,
    "21": 0.5718599033816425,
    "24": 0.7288647342995169,
    "27": 0.5996376811594203,
    "30": 0.7004830917874396,
    "33": 0.7155797101449276
  },
  "p854_kernel_pca": {
    "pca_acc": 0.6153381642512077,
    "kpca_acc": 0.3134057971014493,
    "kernel_gain": 0.5093228655544652
  }
}