{
  "model": "deepseek7b",
  "timestamp": "2026-04-16 08:37:27",
  "p719": {
    "n_words": 80
  },
  "p720": {
    "n_words": 80
  },
  "p721": {
    "optimality_results": [
      {
        "word": "hand",
        "freq_rank": 200,
        "log_freq": 5.298317366548036,
        "actual_A_logit": 506.4351591643489,
        "optimal_A_logit": 402.0463486685653,
        "shuffled_A_logit": 41.448137364126055,
        "best_band": 1,
        "dominant_band": 1,
        "concentration": 0.7090112833689003,
        "band_efficiencies": [
          0.06814078294145694,
          0.008808736470815023,
          0.01711570639006425,
          0.0038644097091961533,
          0.025478225917424747
        ],
        "band_energies": [
          15613144.66120032,
          9069469.397623751,
          4115274.0583696724,
          2921168.3226209404,
          3093667.472763224
        ]
      },
      {
        "word": "head",
        "freq_rank": 250,
        "log_freq": 5.521460917862246,
        "actual_A_logit": 268.0535840825765,
        "optimal_A_logit": 581.1083030178099,
        "shuffled_A_logit": -89.69230567770748,
        "best_band": 1,
        "dominant_band": 2,
        "concentration": 0.6588227706806077,
        "band_efficiencies": [
          0.119016907739619,
          0.011172706856291428,
          0.019891147539008586,
          0.01010594442734161,
          0.009405524170339814
        ],
        "band_energies": [
          7668585.87002193,
          8037408.519379314,
          2921288.9923615525,
          2326829.973129103,
          2885369.8693687124
        ]
      },
      {
        "word": "water",
        "freq_rank": 250,
        "log_freq": 5.521460917862246,
        "actual_A_logit": -641.466536712303,
        "optimal_A_logit": -587.4406581203541,
        "shuffled_A_logit": -62.028941575336106,
        "best_band": 1,
        "dominant_band": 1,
        "concentration": 0.8948398923426047,
        "band_efficiencies": [
          0.05706194807349474,
          0.034799201490899476,
          0.012812364187965646,
          0.009139590786570412,
          0.0035646482172770303
        ],
        "band_energies": [
          81813506.97507387,
          13024005.005418122,
          4690451.005637034,
          3310320.520455662,
          3144376.399442189
        ]
      },
      {
        "word": "house",
        "freq_rank": 300,
        "log_freq": 5.703782474656201,
        "actual_A_logit": 201.08454265330036,
        "optimal_A_logit": 334.64883293592436,
        "shuffled_A_logit": 76.08267289736803,
        "best_band": 1,
        "dominant_band": 1,
        "concentration": 0.6811744998835422,
        "band_efficiencies": [
          0.05730931144969039,
          0.005853623672880312,
          0.029831145573834438,
          0.046553312012089426,
          0.002084046113721927
        ],
        "band_energies": [
          13515099.1919668,
          9711553.709627526,
          4422989.417131941,
          3204897.222982266,
          3243408.7895418294
        ]
      },
      {
        "word": "knife",
        "freq_rank": 900,
        "log_freq": 6.802394763324311,
        "actual_A_logit": 521.7448729649132,
        "optimal_A_logit": 207.48649863085336,
        "shuffled_A_logit": 45.000647504618655,
        "best_band": 1,
        "dominant_band": 1,
        "concentration": 0.7472672537501223,
        "band_efficiencies": [
          0.03298280974456037,
          0.013580325948602796,
          0.017566727591637063,
          0.005084369013004983,
          0.01416785280710514
        ],
        "band_energies": [
          19279632.146811243,
          10292343.234228782,
          3615387.3444482135,
          2824847.5127817974,
          3561282.6889719763
        ]
      },
      {
        "word": "hammer",
        "freq_rank": 1200,
        "log_freq": 7.090076835776092,
        "actual_A_logit": -348.29147187293654,
        "optimal_A_logit": -279.0040549981342,
        "shuffled_A_logit": 219.99725240774012,
        "best_band": 2,
        "dominant_band": 1,
        "concentration": 0.7772201200301341,
        "band_efficiencies": [
          0.02492751177247844,
          0.041708020698574336,
          0.00961677775542901,
          0.03552261584694751,
          0.011898680944283648
        ],
        "band_energies": [
          24816912.888142005,
          9962792.951448763,
          3955591.29905274,
          2676801.8696252704,
          3336750.0542623135
        ]
      },
      {
        "word": "pliers",
        "freq_rank": 2500,
        "log_freq": 7.824046010856292,
        "actual_A_logit": 445.22043588217133,
        "optimal_A_logit": 360.5317186877361,
        "shuffled_A_logit": 37.44730560120617,
        "best_band": 2,
        "dominant_band": 1,
        "concentration": 0.734897079967356,
        "band_efficiencies": [
          0.03594668225692691,
          0.060754930885714535,
          0.04775718740530891,
          0.013732641201487306,
          0.039119737385890044
        ],
        "band_energies": [
          15970317.975157388,
          9908856.420351457,
          3718394.418804898,
          2254082.523950049,
          3363040.760741954
        ]
      },
      {
        "word": "melon",
        "freq_rank": 1600,
        "log_freq": 7.3777589082278725,
        "actual_A_logit": -16.075397949126057,
        "optimal_A_logit": 494.867880532953,
        "shuffled_A_logit": 193.22660609295383,
        "best_band": 1,
        "dominant_band": 1,
        "concentration": 0.6969330728413935,
        "band_efficiencies": [
          0.08632425236159581,
          0.019103074113550392,
          0.019442848395083406,
          0.007348868589084505,
          0.04744677101430094
        ],
        "band_energies": [
          13451896.656007167,
          9451714.219415117,
          3436698.8911341457,
          3102665.4402293493,
          3420454.2499974226
        ]
      }
    ],
    "optimality_ratio": 0.907992011689755,
    "randomness_ratio": 0.2594394020797034
  }
}