{
  "model": "glm4",
  "timestamp": "2026-04-16 08:41:48",
  "p719": {
    "n_words": 81
  },
  "p720": {
    "n_words": 81
  },
  "p721": {
    "optimality_results": [
      {
        "word": "hand",
        "freq_rank": 200,
        "log_freq": 5.298317366548036,
        "actual_A_logit": -20.23513173371683,
        "optimal_A_logit": -16.833414104369645,
        "shuffled_A_logit": 4.997494862073814,
        "best_band": 1,
        "dominant_band": 1,
        "concentration": 0.9158076310219332,
        "band_efficiencies": [
          0.03907621973519431,
          0.009680444954414608,
          0.02893646221907102,
          0.029824406526562645,
          0.023492232829726584
        ],
        "band_energies": [
          153116.69287118927,
          16834.253129689354,
          7565.805064474425,
          5511.140237487856,
          2547.048503276917
        ]
      },
      {
        "word": "head",
        "freq_rank": 250,
        "log_freq": 5.521460917862246,
        "actual_A_logit": -9.582250997046932,
        "optimal_A_logit": -6.9728198674354225,
        "shuffled_A_logit": 0.2710084900572669,
        "best_band": 1,
        "dominant_band": 1,
        "concentration": 0.7998414715512975,
        "band_efficiencies": [
          0.031893414701048325,
          0.010393961434637469,
          0.009287939499933383,
          0.01641279689612588,
          0.004045585402071569
        ],
        "band_energies": [
          32797.33749070204,
          4757.1618639014005,
          5433.936518178338,
          3256.1106423602237,
          1554.0177862696046
        ]
      },
      {
        "word": "water",
        "freq_rank": 250,
        "log_freq": 5.521460917862246,
        "actual_A_logit": -19.05705886656836,
        "optimal_A_logit": -19.721257287634366,
        "shuffled_A_logit": -1.4329709578354604,
        "best_band": 1,
        "dominant_band": 1,
        "concentration": 0.8913673475026139,
        "band_efficiencies": [
          0.049943784841492304,
          0.003685241832122776,
          0.010214721264993374,
          0.0009691630360424561,
          0.006826244875245178
        ],
        "band_energies": [
          123751.36494451785,
          15232.062359846796,
          9004.176390789122,
          5638.764684686439,
          2295.2364374790664
        ]
      },
      {
        "word": "house",
        "freq_rank": 300,
        "log_freq": 5.703782474656201,
        "actual_A_logit": -27.318756323858278,
        "optimal_A_logit": -18.74463024381944,
        "shuffled_A_logit": 2.1032113169741664,
        "best_band": 1,
        "dominant_band": 1,
        "concentration": 0.9053538630081681,
        "band_efficiencies": [
          0.041457350332203186,
          0.01803252105741628,
          0.01979276299013185,
          0.029466453468648686,
          0.005733642812217136
        ],
        "band_energies": [
          166492.16309601557,
          18591.902970042636,
          10383.693091460947,
          6365.958842025155,
          2599.1271325124962
        ]
      },
      {
        "word": "knife",
        "freq_rank": 900,
        "log_freq": 6.802394763324311,
        "actual_A_logit": -23.102064583901264,
        "optimal_A_logit": -41.413238362287416,
        "shuffled_A_logit": 5.631846764478288,
        "best_band": 1,
        "dominant_band": 1,
        "concentration": 0.8707065676574022,
        "band_efficiencies": [
          0.11875977685252724,
          0.0127501131427755,
          0.02623972029640784,
          0.015432113596721893,
          0.006363152911477994
        ],
        "band_energies": [
          95876.31144425759,
          10003.085403795612,
          8042.819766419386,
          4202.456580161396,
          3477.0245310614537
        ]
      },
      {
        "word": "hammer",
        "freq_rank": 1200,
        "log_freq": 7.090076835776092,
        "actual_A_logit": -22.565369086414016,
        "optimal_A_logit": -23.33784070691656,
        "shuffled_A_logit": -0.5411624802539405,
        "best_band": 1,
        "dominant_band": 1,
        "concentration": 0.760779095581017,
        "band_efficiencies": [
          0.12195917628300562,
          0.0017998449382696437,
          0.004823812403444672,
          0.0008437075616944622,
          0.004391367031409878
        ],
        "band_energies": [
          23441.671339531527,
          4416.393715845503,
          3568.377163966247,
          3508.5789405215446,
          1682.7897358216087
        ]
      },
      {
        "word": "pliers",
        "freq_rank": 2500,
        "log_freq": 7.824046010856292,
        "actual_A_logit": -26.114617120774994,
        "optimal_A_logit": -30.038812812393793,
        "shuffled_A_logit": 4.955114006883756,
        "best_band": 1,
        "dominant_band": 1,
        "concentration": 0.9250928888064035,
        "band_efficiencies": [
          0.052443015687689415,
          0.017086746704687565,
          0.007300297458309671,
          0.017467736626344085,
          0.025996829494895412
        ],
        "band_energies": [
          276648.5367070935,
          26863.246851222557,
          13130.98209061245,
          7043.64021088314,
          4401.494534624006
        ]
      },
      {
        "word": "melon",
        "freq_rank": 1600,
        "log_freq": 7.3777589082278725,
        "actual_A_logit": -23.62538914604099,
        "optimal_A_logit": -23.236178271260602,
        "shuffled_A_logit": -1.7402519196751312,
        "best_band": 1,
        "dominant_band": 1,
        "concentration": 0.8116840420384965,
        "band_efficiencies": [
          0.09229273524995323,
          0.02073037711328289,
          0.003399567350392333,
          0.005540635912571223,
          0.02242349004008274
        ],
        "band_energies": [
          43963.63541862286,
          7485.889966846989,
          5737.340464414281,
          4323.331507460445,
          1875.9513419170216
        ]
      }
    ],
    "optimality_ratio": 0.9517601717582147,
    "randomness_ratio": 0.12629941863109925
  }
}