{
  "model": "qwen3",
  "timestamp": "2026-04-16 08:33:06",
  "p719": {
    "n_words": 80
  },
  "p720": {
    "n_words": 80
  },
  "p721": {
    "optimality_results": [
      {
        "word": "hand",
        "freq_rank": 200,
        "log_freq": 5.298317366548036,
        "actual_A_logit": 34.27608027631374,
        "optimal_A_logit": -31.691339769895773,
        "shuffled_A_logit": -7.704389043692238,
        "best_band": 1,
        "dominant_band": 1,
        "concentration": 0.7134280843671938,
        "band_efficiencies": [
          0.04777334084482364,
          0.005642032781067131,
          0.013322665503261725,
          0.04079367816161371,
          0.008892391842241646
        ],
        "band_energies": [
          164654.11469674067,
          149295.6592212821,
          52444.4689983254,
          41117.42604654021,
          32546.38425559992
        ]
      },
      {
        "word": "head",
        "freq_rank": 250,
        "log_freq": 5.521460917862246,
        "actual_A_logit": 48.69183750830739,
        "optimal_A_logit": 22.323014077988105,
        "shuffled_A_logit": -39.72412441010778,
        "best_band": 1,
        "dominant_band": 1,
        "concentration": 0.7436835674986251,
        "band_efficiencies": [
          0.030871646544197315,
          0.023448616855120324,
          0.018135306637216027,
          0.021330183165322442,
          0.018396023631862955
        ],
        "band_energies": [
          247483.73624233785,
          141359.24585311866,
          42485.31864242677,
          53624.827742881316,
          37907.6675474809
        ]
      },
      {
        "word": "water",
        "freq_rank": 250,
        "log_freq": 5.521460917862246,
        "actual_A_logit": 15.141545992293116,
        "optimal_A_logit": -43.652404366912606,
        "shuffled_A_logit": -62.95528691862561,
        "best_band": 3,
        "dominant_band": 1,
        "concentration": 0.783232634417286,
        "band_efficiencies": [
          0.023643524197741995,
          0.014436394903577343,
          0.052969181073819586,
          0.0006345277718435028,
          0.005862772879201773
        ],
        "band_energies": [
          405870.34527333174,
          126067.14085654193,
          51364.53392783636,
          44973.02857116139,
          50881.389388586416
        ]
      },
      {
        "word": "house",
        "freq_rank": 300,
        "log_freq": 5.703782474656201,
        "actual_A_logit": -72.30608843443828,
        "optimal_A_logit": -36.96318962967359,
        "shuffled_A_logit": -36.862922634187115,
        "best_band": 2,
        "dominant_band": 1,
        "concentration": 0.6969656097276755,
        "band_efficiencies": [
          0.026802496384893224,
          0.03157990014977031,
          0.006649565300925123,
          0.017018638069394163,
          0.01135528017446945
        ],
        "band_energies": [
          757294.4423569567,
          197541.42610379518,
          159763.1424659486,
          132179.80407815697,
          123211.11725856332
        ]
      },
      {
        "word": "knife",
        "freq_rank": 900,
        "log_freq": 6.802394763324311,
        "actual_A_logit": -53.54964744108251,
        "optimal_A_logit": -168.55308640361406,
        "shuffled_A_logit": 37.70064660699462,
        "best_band": 1,
        "dominant_band": 1,
        "concentration": 0.7118520904701731,
        "band_efficiencies": [
          0.21940915609035821,
          0.03654076998799496,
          0.006500862880566736,
          0.010307550621465695,
          0.04505555713639325
        ],
        "band_energies": [
          266394.5278009882,
          153706.44717811953,
          76201.63971200616,
          43542.23753217014,
          50307.204086102
        ]
      },
      {
        "word": "hammer",
        "freq_rank": 1200,
        "log_freq": 7.090076835776092,
        "actual_A_logit": -51.780104688843615,
        "optimal_A_logit": -121.36973703172714,
        "shuffled_A_logit": 12.432396318857535,
        "best_band": 1,
        "dominant_band": 1,
        "concentration": 0.7337185337727281,
        "band_efficiencies": [
          0.15808953018118801,
          0.02217661333094269,
          0.00197569682854835,
          0.005690207901450576,
          0.017577353420272616
        ],
        "band_energies": [
          279285.0949845125,
          153173.0627101126,
          64581.91520805165,
          48191.907409767555,
          44174.089983962454
        ]
      },
      {
        "word": "pliers",
        "freq_rank": 2500,
        "log_freq": 7.824046010856292,
        "actual_A_logit": 65.85972966350056,
        "optimal_A_logit": 25.185318107914213,
        "shuffled_A_logit": 34.933838194843105,
        "best_band": 5,
        "dominant_band": 1,
        "concentration": 0.6406682596517044,
        "band_efficiencies": [
          0.031236567685037516,
          0.00014903494885568655,
          0.028349761344854767,
          0.0042738595126883844,
          0.033643331628824706
        ],
        "band_energies": [
          250922.5718377482,
          108106.8971381533,
          67488.96662963076,
          65395.11241308491,
          68484.85406717651
        ]
      },
      {
        "word": "melon",
        "freq_rank": 1600,
        "log_freq": 7.3777589082278725,
        "actual_A_logit": -95.11030935027692,
        "optimal_A_logit": -120.71403219428446,
        "shuffled_A_logit": -25.63016734258106,
        "best_band": 1,
        "dominant_band": 1,
        "concentration": 0.6898880527687727,
        "band_efficiencies": [
          0.15102754216294267,
          0.03340972386568009,
          0.016310926711836583,
          0.015606378683953254,
          0.05844290460704143
        ],
        "band_energies": [
          293423.84416817804,
          147315.50736533798,
          91390.87767631367,
          50392.730001762204,
          56333.37373209081
        ]
      }
    ],
    "optimality_ratio": 0.7655600300756749,
    "randomness_ratio": 0.5906450858544187
  }
}