{
  "L0": {
    "singular_values_top10": [
      8.711645126342773,
      5.005492210388184,
      4.681987285614014,
      4.288218975067139,
      4.09881591796875,
      3.701937675476074,
      3.577423572540283,
      3.519340753555298,
      3.468620777130127,
      3.3992795944213867
    ],
    "eff_rank_90": 1434,
    "eff_rank_99": 2196,
    "condition_number": 39.64921188354492,
    "top1_ratio": 0.01536144781857729,
    "top5_ratio": 0.03199247270822525,
    "mean_head_corr": 0.0015466956309475271
  },
  "L7": {
    "singular_values_top10": [
      5.33183479309082,
      5.304480075836182,
      4.56706428527832,
      4.392166614532471,
      4.3016133308410645,
      4.269327640533447,
      4.157979488372803,
      4.035003662109375,
      4.011058807373047,
      3.9940128326416016
    ],
    "eff_rank_90": 1321,
    "eff_rank_99": 2160,
    "condition_number": 26.711322784423828,
    "top1_ratio": 0.005233037751168013,
    "top5_ratio": 0.021209225058555603,
    "mean_head_corr": 0.0006453093582032514
  },
  "L14": {
    "singular_values_top10": [
      4.374835014343262,
      4.1320109367370605,
      3.8667843341827393,
      3.671649217605591,
      3.6032819747924805,
      3.5711965560913086,
      3.5369248390197754,
      3.513746738433838,
      3.4997270107269287,
      3.459683895111084
    ],
    "eff_rank_90": 1342,
    "eff_rank_99": 2147,
    "condition_number": 34.906211853027344,
    "top1_ratio": 0.0036958828568458557,
    "top5_ratio": 0.014990665018558502,
    "mean_head_corr": -0.001189858463476412
  },
  "L21": {
    "singular_values_top10": [
      4.759490489959717,
      4.364981651306152,
      4.304534435272217,
      4.237354755401611,
      4.219681739807129,
      4.209659576416016,
      4.173430442810059,
      4.138551235198975,
      4.086192607879639,
      4.035287380218506
    ],
    "eff_rank_90": 1288,
    "eff_rank_99": 2125,
    "condition_number": 33.356727600097656,
    "top1_ratio": 0.004816981963813305,
    "top5_ratio": 0.020412961021065712,
    "mean_head_corr": 0.000533816846395244
  },
  "L28": {
    "singular_values_top10": [
      3.6208910942077637,
      3.515260934829712,
      3.460801124572754,
      3.4341928958892822,
      3.3516910076141357,
      3.308959484100342,
      3.256718873977661,
      3.2362611293792725,
      3.221405267715454,
      3.191229820251465
    ],
    "eff_rank_90": 1413,
    "eff_rank_99": 2207,
    "condition_number": 17.339946746826172,
    "top1_ratio": 0.0024971964303404093,
    "top5_ratio": 0.01151808351278305,
    "mean_head_corr": 0.0008838732641639321
  },
  "L31": {
    "singular_values_top10": [
      4.294419765472412,
      4.140893459320068,
      3.1867735385894775,
      3.1341702938079834,
      3.130417823791504,
      3.117856025695801,
      3.087895393371582,
      3.0525994300842285,
      3.047074317932129,
      3.0287489891052246
    ],
    "eff_rank_90": 1445,
    "eff_rank_99": 2208,
    "condition_number": 26.381132125854492,
    "top1_ratio": 0.0031227008439600468,
    "top5_ratio": 0.011068293824791908,
    "mean_head_corr": 0.0005859566372237168
  },
  "L32": {
    "singular_values_top10": [
      4.873752117156982,
      4.288242340087891,
      3.6103100776672363,
      3.5805535316467285,
      3.5080137252807617,
      3.4206368923187256,
      3.373626708984375,
      3.34897518157959,
      3.3401827812194824,
      3.2878246307373047
    ],
    "eff_rank_90": 1413,
    "eff_rank_99": 2200,
    "condition_number": 23.059154510498047,
    "top1_ratio": 0.004036883823573589,
    "top5_ratio": 0.013647496700286865,
    "mean_head_corr": 0.00020185143096439009
  },
  "L33": {
    "singular_values_top10": [
      5.286548137664795,
      3.7323567867279053,
      3.454972982406616,
      3.350856304168701,
      3.2785484790802,
      3.261185646057129,
      3.225689649581909,
      3.1817495822906494,
      3.1579527854919434,
      3.138798236846924
    ],
    "eff_rank_90": 1433,
    "eff_rank_99": 2193,
    "condition_number": 30.184574127197266,
    "top1_ratio": 0.004370770882815123,
    "top5_ratio": 0.011853245086967945,
    "mean_head_corr": -0.00041153955472899336
  },
  "L34": {
    "singular_values_top10": [
      5.497445583343506,
      5.365599155426025,
      4.873016834259033,
      4.736687183380127,
      4.551518440246582,
      4.455621242523193,
      4.320769786834717,
      4.251129150390625,
      4.096463680267334,
      3.960744619369507
    ],
    "eff_rank_90": 1391,
    "eff_rank_99": 2185,
    "condition_number": 30.91024398803711,
    "top1_ratio": 0.004956559743732214,
    "top5_ratio": 0.020649997517466545,
    "mean_head_corr": -0.0003033178821039785
  },
  "L35": {
    "singular_values_top10": [
      7.8102006912231445,
      4.756236553192139,
      4.005490303039551,
      3.8086464405059814,
      3.7158985137939453,
      3.6018900871276855,
      3.5304462909698486,
      3.439807176589966,
      3.40283465385437,
      3.336501359939575
    ],
    "eff_rank_90": 1433,
    "eff_rank_99": 2221,
    "condition_number": 41.2950439453125,
    "top1_ratio": 0.010713119059801102,
    "top5_ratio": 0.022476522251963615,
    "mean_head_corr": 3.181185872693147e-05
  }
}