{
  "model": "deepseek7b",
  "model_name": "DeepSeek-R1-Distill-Qwen-7B",
  "timestamp": "2026-04-24T11:24:18.147365",
  "n_pairs": 40,
  "key_layers": [
    0,
    1,
    7,
    14,
    21,
    28
  ],
  "summary": {
    "erank_A_mean": 29.1666202545166,
    "erank_int_mean": 30.9462890625,
    "rank_ratio_mean": 1.0624780654907227,
    "cumvar_int_k1_mean": 0.13435550034046173,
    "cumvar_int_k3_mean": 0.2716546952724457,
    "interaction_ratio_mean": 0.8343015511830648,
    "cos_int_A_mean": -0.6459453999996185,
    "cross_pair_overlap_mean": 0.1301705280939738,
    "cross_pair_angle_mean": 71.74922231038411
  },
  "per_pair_last_layer": {
    "tense_x_question": {
      "erank_A": 