{
  "L0": {
    "attn_ratio": 0.4535866975784302,
    "mlp_ratio": 0.22879178822040558,
    "attn_avg_cos": 0.9990108013153076,
    "mlp_avg_cos": 0.9914619326591492,
    "total_avg_cos": 0.9975606203079224,
    "attn_mlp_align": 0.49305835366249084,
    "is_fracture": false
  },
  "L1": {
    "attn_ratio": 0.22280529141426086,
    "mlp_ratio": 0.7469165921211243,
    "attn_avg_cos": 0.9637757539749146,
    "mlp_avg_cos": 0.9796022176742554,
    "total_avg_cos": 0.9776368737220764,
    "attn_mlp_align": 0.03706459701061249,
    "is_fracture": false
  },
  "L2": {
    "attn_ratio": 0.177170529961586,
    "mlp_ratio": 0.7094496488571167,
    "attn_avg_cos": 0.901027262210846,
    "mlp_avg_cos": 0.9640941023826599,
    "total_avg_cos": 0.9589888453483582,
    "attn_mlp_align": 0.16040417551994324,
    "is_fracture": true
  },
  "L3": {
    "attn_ratio": 0.27331751585006714,
    "mlp_ratio": 0.6330502033233643,
    "attn_avg_cos": 0.709062933921814,
    "mlp_avg_cos": 0.87982577085495,
    "total_avg_cos": 0.8548858761787415,
    "attn_mlp_align": 0.11422879993915558,
    "is_fracture": false
  },
  "L4": {
    "attn_ratio": 0.24728861451148987,
    "mlp_ratio": 0.613682210445404,
    "attn_avg_cos": 0.8317652940750122,
    "mlp_avg_cos": 0.8513811826705933,
    "total_avg_cos": 0.8698568344116211,
    "attn_mlp_align": 0.17939478158950806,
    "is_fracture": false
  },
  "L5": {
    "attn_ratio": 0.3042600452899933,
    "mlp_ratio": 0.8406244516372681,
    "attn_avg_cos": 0.8867400884628296,
    "mlp_avg_cos": 0.8063441514968872,
    "total_avg_cos": 0.8170322775840759,
    "attn_mlp_align": -0.14340642094612122,
    "is_fracture": false
  },
  "L6": {
    "attn_ratio": 0.3062130808830261,
    "mlp_ratio": 0.8043864965438843,
    "attn_avg_cos": 0.7882165908813477,
    "mlp_avg_cos": 0.7312676906585693,
    "total_avg_cos": 0.7317203879356384,
    "attn_mlp_align": -0.11112502217292786,
    "is_fracture": false
  },
  "L7": {
    "attn_ratio": 0.3274046778678894,
    "mlp_ratio": 0.8478975296020508,
    "attn_avg_cos": 0.8823933601379395,
    "mlp_avg_cos": 0.7458730340003967,
    "total_avg_cos": 0.7606785893440247,
    "attn_mlp_align": -0.166950523853302,
    "is_fracture": false
  },
  "L8": {
    "attn_ratio": 0.29921671748161316,
    "mlp_ratio": 0.9090167880058289,
    "attn_avg_cos": 0.7020525932312012,
    "mlp_avg_cos": 0.6761317849159241,
    "total_avg_cos": 0.6469910740852356,
    "attn_mlp_align": -0.20316527783870697,
    "is_fracture": false
  },
  "L9": {
    "attn_ratio": 0.19620470702648163,
    "mlp_ratio": 1.0034986734390259,
    "attn_avg_cos": 0.8196044564247131,
    "mlp_avg_cos": 0.699334979057312,
    "total_avg_cos": 0.6706530451774597,
    "attn_mlp_align": -0.22973746061325073,
    "is_fracture": false
  },
  "L10": {
    "attn_ratio": 0.48764315247535706,
    "mlp_ratio": 1.0910989046096802,
    "attn_avg_cos": 0.893626868724823,
    "mlp_avg_cos": 0.7073606848716736,
    "total_avg_cos": 0.65518718957901,
    "attn_mlp_align": -0.3987963795661926,
    "is_fracture": false
  },
  "L11": {
    "attn_ratio": 0.1942640244960785,
    "mlp_ratio": 1.2536380290985107,
    "attn_avg_cos": 0.8621756434440613,
    "mlp_avg_cos": 0.7748929858207703,
    "total_avg_cos": 0.7007916569709778,
    "attn_mlp_align": -0.4541213810443878,
    "is_fracture": false
  },
  "L12": {
    "attn_ratio": 0.7213762998580933,
    "mlp_ratio": 1.1219632625579834,
    "attn_avg_cos": 0.9600313901901245,
    "mlp_avg_cos": 0.7106850743293762,
    "total_avg_cos": 0.6589803099632263,
    "attn_mlp_align": -0.4692687690258026,
    "is_fracture": false
  },
  "L13": {
    "attn_ratio": 0.18377991020679474,
    "mlp_ratio": 1.2020068168640137,
    "attn_avg_cos": 0.9175602793693542,
    "mlp_avg_cos": 0.8038302659988403,
    "total_avg_cos": 0.7544005513191223,
    "attn_mlp_align": -0.4132094383239746,
    "is_fracture": false
  },
  "L14": {
    "attn_ratio": 0.29484403133392334,
    "mlp_ratio": 1.2668553590774536,
    "attn_avg_cos": 0.9416003823280334,
    "mlp_avg_cos": 0.8136209845542908,
    "total_avg_cos": 0.7521899342536926,
    "attn_mlp_align": -0.46017229557037354,
    "is_fracture": false
  },
  "L15": {
    "attn_ratio": 0.23825304210186005,
    "mlp_ratio": 1.1374449729919434,
    "attn_avg_cos": 0.9198422431945801,
    "mlp_avg_cos": 0.7876261472702026,
    "total_avg_cos": 0.7473338842391968,
    "attn_mlp_align": -0.3611588478088379,
    "is_fracture": false
  }
}