{
  "per_layer_analysis": {
    "L0_L1": {
      "dim_90": 9,
      "sc_recon_rate": 0.9863377753645182,
      "avg_speed": 7.537363529205322,
      "avg_cos": 0.9670697404788091
    },
    "L1_L2": {
      "dim_90": 9,
      "sc_recon_rate": 0.977738443762064,
      "avg_speed": 7.7112202644348145,
      "avg_cos": 0.9411018934005346
    },
    "L2_L3": {
      "dim_90": 9,
      "sc_recon_rate": 0.9306593164801598,
      "avg_speed": 6.726059436798096,
      "avg_cos": 0.8287432369513389
    },
    "L3_L4": {
      "dim_90": 9,
      "sc_recon_rate": 0.9318216070532799,
      "avg_speed": 7.9693827629089355,
      "avg_cos": 0.8229132768435355
    },
    "L4_L5": {
      "dim_90": 9,
      "sc_recon_rate": 0.9298598766326904,
      "avg_speed": 9.115344047546387,
      "avg_cos": 0.8066639709166992
    },
    "L5_L6": {
      "dim_90": 8,
      "sc_recon_rate": 0.9201782047748566,
      "avg_speed": 10.488224983215332,
      "avg_cos": 0.7652392929945236
    },
    "L6_L7": {
      "dim_90": 9,
      "sc_recon_rate": 0.9120939746499062,
      "avg_speed": 11.925354957580566,
      "avg_cos": 0.7610218830597706
    },
    "L7_L8": {
      "dim_90": 9,
      "sc_recon_rate": 0.8750158920884132,
      "avg_speed": 12.287816047668457,
      "avg_cos": 0.6846727293271285
    },
    "L8_L9": {
      "dim_90": 9,
      "sc_recon_rate": 0.8616077154874802,
      "avg_speed": 12.550922393798828,
      "avg_cos": 0.6430521607398987
    },
    "L9_L10": {
      "dim_90": 9,
      "sc_recon_rate": 0.8645128607749939,
      "avg_speed": 13.439095497131348,
      "avg_cos": 0.6462488621473312
    },
    "L10_L11": {
      "dim_90": 9,
      "sc_recon_rate": 0.8549861907958984,
      "avg_speed": 12.713727951049805,
      "avg_cos": 0.6417543689409891
    }
  },
  "decomposition": {}
}