{
  "model": "deepseek7b",
  "n_texts": 210,
  "mean_dir_contrib": [
    -0.0392540926002853,
    0.1266219399736396,
    1.3484812198018301,
    0.27591696008152905,
    -0.10986107465439654,
    0.016305209625334965,
    0.1258587383672074,
    -0.18471952451038218,
    0.09296187474648746,
    -0.07733890697549907,
    -0.015612091598034438,
    -0.06042151663762828,
    -0.0068465668342209286,
    -0.2705186813559738,
    -0.0694279109987422,
    -0.07355778974597342,
    -0.047752065049419236,
    -0.10999949896109423,
    0.22751084627095788,
    -0.0002328501739178873,
    -0.05519921194021923,
    -0.015195886702055022,
    0.08318833075858752,
    -0.009782788300279727,
    -0.06785203262531597,
    -0.008003134944512914,
    0.09669234254619195,
    -0.005003521764142317,
    0.20395974293351174,
    0.006290332347686801,
    -0.0005185014907835596,
    0.015579271786572505,
    -0.016409392588164855,
    -0.02450161622365981,
    0.05286381583664479,
    0.029932465487807,
    0.006574788316391364,
    -0.013888484701750432,
    -0.0005395654678414714,
    -0.005467155732358584,
    -0.000683929256947955,
    -0.0012010035482706459,
    -0.010683130276101153,
    -0.0027800956944009246,
    0.01073915714402704,
    -0.02979598535261868,
    -0.02528743561647605,
    -0.0037806895893958254,
    -0.010957300057634711,
    0.0037936287960638722
  ],
  "mean_dir_contrib_pct": [
    0.9582713676347996,
    3.0910962794801486,
    32.919139308290895,
    6.73568805635929,
    2.681929839288458,
    0.39804296806311285,
    3.072464992938283,
    4.509375192642392,
    2.269386373500429,
    1.8879983015644437,
    0.3811225626746367,
    1.4750107707874525,
    0.16713846962760426,
    6.6039052129781615,
    1.6948749752607524,
    1.7956936235370955,
    1.1657239704468498,
    2.6853090550824343,
    5.553997439906098,
    0.00568434116886638,
    1.3475238074394462,
    0.3709621638864707,
    2.0307945033662134,
    0.23881754239614333,
    1.6564046139787731,
    0.1953726238621169,
    2.3604545970546384,
    0.12214603182243208,
    4.979067629802197,
    0.1535596668371705,
    0.012657664456883481,
    0.38032136505340025,
    0.40058628377013594,
    0.5981337417983987,
    1.2905120904465284,
    0.7307116975485451,
    0.16050380927189903,
    0.3390458509649679,
    0.013171878511164449,
    0.13346426967672712,
    0.01669608901916652,
    0.02931891266612018,
    0.2607967012393959,
    0.06786772860493608,
    0.2621644297944369,
    0.7273799428921927,
    0.6173171740059871,
    0.09229423847149776,
    0.2674897371526089,
    0.09261011053600214
  ],
  "top10_gap_dirs": [
    2,
    3,
    13,
    18,
    28,
    7,
    1,
    6,
    17,
    4
  ],
  "top10_gap_pct": 72.83197300676835,
  "pos_contrib_mean": 6.011596215034487,
  "neg_contrib_mean": -4.661398982182514,
  "layer_gap_stats": {
    "0": {
      "mean": 0.010728418827056885,
      "std": 0.011367149651050568
    },
    "7": {
      "mean": 0.41236570477485657,
      "std": 0.4303913712501526
    },
    "14": {
      "mean": 1.1340842247009277,
      "std": 0.7290678024291992
    },
    "21": {
      "mean": 3.896345853805542,
      "std": 1.9927529096603394
    },
    "26": {
      "mean": 14.914013862609863,
      "std": 4.075387477874756
    },
    "27": {
      "mean": 22.25774574279785,
      "std": 4.558033466339111
    }
  },
  "layer_gap_corr_to_final": {
    "0": {
      "r": -0.38611329624300844,
      "p": 0.035076396075070744
    },
    "7": {
      "r": -0.2912124582869855,
      "p": 0.118448379085129
    },
    "14": {
      "r": 0.3192436040044494,
      "p": 0.08550619299825837
    },
    "21": {
      "r": 0.45317018909899887,
      "p": 0.011906953669514473
    },
    "26": {
      "r": 0.8994438264738599,
      "p": 1.4178988892286538e-11
    }
  },
  "text_type_stats": {
    "short": {
      "n": 40,
      "mean_gap": 1.1127766370773315,
      "mean_prob": 0.45770732685923576
    },
    "medium": {
      "n": 162,
      "mean_gap": 1.14802885055542,
      "mean_prob": 0.5759138115394262
    },
    "long": {
      "n": 8,
      "mean_gap": 1.9757189750671387,
      "mean_prob": 0.7184131927788258
    }
  }
}