{
  "model": "deepseek7b",
  "n_texts": 210,
  "n_layers": 28,
  "gap_correlations": {
    "ratio_10": {
      "r": 0.23478876086517078,
      "p": 0.0006031817744303749
    },
    "ratio_50": {
      "r": 0.17662996998958183,
      "p": 0.010331592043393208
    },
    "spectral_skew": {
      "r": 0.009928317084169115,
      "p": 0.8862745800932819
    },
    "spectral_kurtosis": {
      "r": -0.0321445786879383,
      "p": 0.643250714727834
    },
    "q25_q75_ratio": {
      "r": -0.01103880621770252,
      "p": 0.8736550558791762
    },
    "q10_q50_ratio": {
      "r": -0.1557768759102901,
      "p": 0.02396137339856654
    },
    "delta_ratio_10": {
      "r": -0.15488667050219507,
      "p": 0.024788207453044376
    },
    "delta_top1": {
      "r": -0.1089562179616758,
      "p": 0.11544317804963411
    },
    "spectral_entropy": {
      "r": 0.13793648572302303,
      "p": 0.04587817580229522
    },
    "alpha": {
      "r": 0.060396614368718675,
      "p": 0.38386263498269485
    },
    "beta": {
      "r": -0.007146263210544594,
      "p": 0.918008696088397
    }
  },
  "var_correlations": {
    "ratio_10": {
      "r": -0.4769311108001223,
      "p": 2.516270573769442e-13
    },
    "ratio_50": {
      "r": -0.5273035198747751,
      "p": 1.994867556506456e-16
    },
    "spectral_skew": {
      "r": 0.16278967309895143,
      "p": 0.01823875797377719
    },
    "spectral_kurtosis": {
      "r": 0.171124172640243,
      "p": 0.013014622362704113
    },
    "q25_q75_ratio": {
      "r": -0.020583570462284834,
      "p": 0.7668213031095724
    },
    "q10_q50_ratio": {
      "r": 0.15347944623262996,
      "p": 0.02614528225568703
    },
    "delta_ratio_10": {
      "r": 0.2560992676214022,
      "p": 0.00017553970598971995
    },
    "delta_top1": {
      "r": 0.4239373253927529,
      "p": 1.4388314657197838e-10
    },
    "spectral_entropy": {
      "r": -0.497560033794115,
      "p": 1.55661600375936e-14
    },
    "alpha": {
      "r": 0.13492637340423877,
      "p": 0.05087458236602688
    },
    "beta": {
      "r": -0.19470878491497048,
      "p": 0.004627068533630656
    }
  },
  "multi_regression": {
    "ratio50_delta_ratio10": 0.028597077426257,
    "kurtosis_delta_top1": -0.09273184585353217,
    "q10q50_beta": -0.09433138931213214,
    "all": -0.05810832262036908,
    "ratio50_logit_var": 0.07223393522229009
  },
  "path_analysis": {
    "best_spectral_var": "ratio_50",
    "r_spectral_var": -0.5273035198747751,
    "r_var_gap": -0.11378691048187713,
    "r_gap_prob": 0.825200976504797,
    "r_spectral_prob_direct": 0.3612679012921584,
    "mediation_product": 0.04478243372576438
  },
  "layer_causal": {
    "0": {
      "ratio50_to_gap": NaN,
      "var_to_gap": 0.013357079252003565
    },
    "7": {
      "ratio50_to_gap": NaN,
      "var_to_gap": -0.4251390433815351
    },
    "14": {
      "ratio50_to_gap": NaN,
      "var_to_gap": 0.4593993325917686
    },
    "21": {
      "ratio50_to_gap": NaN,
      "var_to_gap": 0.49543937708565067
    },
    "26": {
      "ratio50_to_gap": NaN,
      "var_to_gap": 0.1510567296996663
    },
    "27": {
      "ratio50_to_gap": NaN,
      "var_to_gap": 0.26273637374860953
    }
  },
  "equation_verification": {
    "linear_error": 0.1359824538230896,
    "nonlinear_error": 0.12233033776283264,
    "improvement_pct": 10.039615631103516
  }
}