{
  "model": "deepseek7b",
  "n_texts": 210,
  "param_stats": {
    "alpha": {
      "mean": 0.04735132306814194,
      "std": 0.011740895919501781
    },
    "beta": {
      "mean": 0.9709137082099915,
      "std": 0.011659524403512478
    },
    "ratio_10": {
      "mean": 0.4838767647743225,
      "std": 0.11519674211740494
    },
    "ratio_50": {
      "mean": 0.7815569639205933,
      "std": 0.1286460906267166
    },
    "ratio_100": {
      "mean": 0.856126606464386,
      "std": 0.09133737534284592
    },
    "gini": {
      "mean": -0.7359910011291504,
      "std": 0.02432538941502571
    },
    "top1_concentration": {
      "mean": 0.14858713746070862,
      "std": 0.02857121080160141
    },
    "top5_concentration": {
      "mean": 0.44483888149261475,
      "std": 0.0871087983250618
    },
    "spectral_entropy": {
      "mean": 2.444591760635376,
      "std": 0.2936716079711914
    },
    "logit_var": {
      "mean": 3.968497011775062,
      "std": 0.5809899133027044
    },
    "logit_kurtosis": {
      "mean": 4.900581651642209,
      "std": 0.4680974687243803
    },
    "logit_gap": {
      "mean": 1.1728808879852295,
      "std": 0.9148741364479065
    },
    "top1_prob": {
      "mean": 0.5588863943304334,
      "std": 0.1943395075211936
    },
    "gap_contrib_10": {
      "mean": 0.6059451530791783,
      "std": 0.11197689105378379
    },
    "gap_contrib_20": {
      "mean": 0.7803771194576559,
      "std": 0.08089267897984229
    },
    "gap_contrib_50": {
      "mean": 0.9999999999873039,
      "std": 7.364696841726408e-12
    },
    "var_ratio_10": {
      "mean": 0.8755783464230414,
      "std": 0.04970909778457073
    },
    "var_ratio_50": {
      "mean": 1.0,
      "std": 2.5340153623225157e-16
    },
    "noise_var_ratio": {
      "mean": 0.761070562030506,
      "std": 0.18346683864642507
    }
  },
  "path_analysis": {
    "spectral_to_logit_var": {
      "ratio_10": {
        "r": -0.4770049706374752,
        "p": 2.4921443089693876e-13
      },
      "ratio_50": {
        "r": -0.5275600856255798,
        "p": 1.917673159296441e-16
      },
      "gini": {
        "r": -0.07199908776621936,
        "p": 0.2990435090483367
      },
      "top5_concentration": {
        "r": -0.4358209844868426,
        "p": 3.805872355534787e-11
      }
    },
    "spectral_to_logit_gap": {
      "ratio_10": {
        "r": 0.23416419171422204,
        "p": 0.0006243901300196641
      },
      "ratio_50": {
        "r": 0.17619717725842649,
        "p": 0.010523221399250512
      },
      "gini": {
        "r": -0.06712693007417084,
        "p": 0.33302047785192457
      },
      "top5_concentration": {
        "r": 0.20200147201360058,
        "p": 0.0032802423032001573
      }
    },
    "logit_var_to_logit_gap": {
      "r": -0.11363271187407027,
      "p": 0.10055082033865528
    },
    "logit_gap_to_prob": {
      "r": 0.8253085267942757,
      "p": 1.5850324534654494e-53
    }
  },
  "mediation": {
    "r_direct": 0.17619717725842649,
    "r1_spectral_to_var": -0.5275600856255798,
    "r2_var_to_gap": -0.11363271187407027,
    "mediation_product": 0.059948083206151345
  },
  "top5_gap_dirs": [
    2,
    3,
    13,
    18,
    28
  ],
  "top5_var_dirs": [
    0,
    2,
    3,
    1,
    4
  ],
  "mean_gap_contrib_pct": [
    0.9604688050882931,
    3.0905032110657573,
    32.918296346429834,
    6.738469791176015,
    2.6814307841811504,
    0.3977855999943007,
    3.071294399106816,
    4.5090913439442755,
    2.269169906748601,
    1.8871701677014623,
    0.3811576585471298,
    1.4744097117965025,
    0.16679453653179954,
    6.603888746507333,
    1.6946336284412056,
    1.7956953606088126,
    1.1656272238629326,
    2.6849371238647572,
    5.5556663156681365,
    0.005656975457869755,
    1.3478110278462891,
    0.3710327489664998,
    2.0304349320256923,
    0.23879149854548284,
    1.6560739169876295,
    0.19549513751159264,
    2.360317543985847,
    0.12217866884050978,
    4.978765239792686,
    0.1537201797415838,
    0.012619001706463394,
    0.380264085047118,
    0.4007243115224176,
    0.5978620349749612,
    1.2907879569945786,
    0.7306452509138502,
    0.16057794501419195,
    0.33892656204543575,
    0.013256571591632873,
    0.13337126505500885,
    0.016703741732819917,
    0.02940580527200974,
    0.2609142879706762,
    0.0678559541820083,
    0.2624491793299263,
    0.7273179186598359,
    0.617248375480407,
    0.09230137065515773,
    0.2672905050316103,
    0.0927093434124478
  ],
  "mean_var_contrib_pct": [
    26.621251534081807,
    10.790520751838452,
    22.314307401183644,
    14.95653484132865,
    9.682365158678092,
    3.333360374212676,
    0.7401076340287276,
    1.4687162156202165,
    0.30810933309974187,
    0.32013389450949964,
    0.5093733188728503,
    0.3513137355091595,
    0.08692518264499113,
    1.697041544979991,
    0.2671549709590121,
    0.6230983257335118,
    0.16596358470735945,
    0.6491182364843797,
    0.7597942418312098,
    0.09921191207377139,
    0.22054337694304293,
    0.055011075489915816,
    0.10423447462008448,
    0.03270211955213277,
    0.5156267083548671,
    0.05197375372796697,
    0.5014557255162659,
    0.025490521755554392,
    0.7538002296173177,
    0.2118025291834677,
    0.014250183408733968,
    0.03962706325784361,
    0.3388859137604246,
    0.36463459690680117,
    0.14772967528339773,
    0.20653959841546096,
    0.07436543617547148,
    0.03580198446664492,
    0.006349189587344647,
    0.019576010078568944,
    0.008785708669003118,
    0.0326063738946899,
    0.026747572950831463,
    0.052833377632786775,
    0.020001529257260155,
    0.2080158773081097,
    0.11763914552610195,
    0.018077822232670064,
    0.022719918326719518,
    0.027770315722776343
  ]
}