{
  "model": "glm4",
  "n_texts": 210,
  "n_layers": 40,
  "gap_correlations": {
    "ratio_10": {
      "r": -0.04513613534232091,
      "p": 0.515361349493022
    },
    "ratio_50": {
      "r": -0.2171129355786724,
      "p": 0.0015490754577018463
    },
    "spectral_skew": {
      "r": 0.37971990276417206,
      "p": 1.3146185335807512e-08
    },
    "spectral_kurtosis": {
      "r": 0.3845920604562205,
      "p": 8.25320240813328e-09
    },
    "q25_q75_ratio": {
      "r": 0.16345441163512722,
      "p": 0.01776373772378521
    },
    "q10_q50_ratio": {
      "r": 0.10600959918728264,
      "p": 0.1256769832405033
    },
    "delta_ratio_10": {
      "r": 0.029650189444003876,
      "p": 0.6692326343496368
    },
    "delta_top1": {
      "r": 0.11845692546117044,
      "p": 0.08682441154891155
    },
    "spectral_entropy": {
      "r": -0.3055076114506072,
      "p": 6.511105729440873e-06
    },
    "alpha": {
      "r": -0.08636547402466141,
      "p": 0.21261220363144215
    },
    "beta": {
      "r": 0.07494311496737208,
      "p": 0.279666991683537
    }
  },
  "var_correlations": {
    "ratio_10": {
      "r": -0.20800225985186566,
      "p": 0.0024499802480763178
    },
    "ratio_50": {
      "r": -0.32525021639636553,
      "p": 1.4587656190836553e-06
    },
    "spectral_skew": {
      "r": -0.03463248899877159,
      "p": 0.6177606192320744
    },
    "spectral_kurtosis": {
      "r": -0.029321059642466556,
      "p": 0.6726913058982936
    },
    "q25_q75_ratio": {
      "r": -0.018659327331249708,
      "p": 0.7880768187235473
    },
    "q10_q50_ratio": {
      "r": -0.02651309003643752,
      "p": 0.7024724303557235
    },
    "delta_ratio_10": {
      "r": 0.24232116848854265,
      "p": 0.000394751358316985
    },
    "delta_top1": {
      "r": 0.3870657171142314,
      "p": 6.496838352790101e-09
    },
    "spectral_entropy": {
      "r": -0.22337417652760286,
      "p": 0.0011182332492129746
    },
    "alpha": {
      "r": 0.8436477948303296,
      "p": 4.292560252357397e-58
    },
    "beta": {
      "r": 0.078117792186925,
      "p": 0.25974221585273216
    }
  },
  "multi_regression": {
    "ratio50_delta_ratio10": -0.13579354639480345,
    "kurtosis_delta_top1": 0.30984964627066325,
    "q10q50_beta": 0.13541217858323235,
    "all": 0.16761017323308133,
    "ratio50_logit_var": -0.23375715467892597
  },
  "path_analysis": {
    "best_spectral_var": "alpha",
    "r_spectral_var": 0.8436477948303296,
    "r_var_gap": -0.04722105601426402,
    "r_gap_prob": 0.9163790020369764,
    "r_spectral_prob_direct": 0.4723569840307257,
    "mediation_product": 0.001268792157574286
  },
  "layer_causal": {
    "0": {
      "ratio50_to_gap": 0.16093009997889063,
      "var_to_gap": 0.15850400712377563
    },
    "10": {
      "ratio50_to_gap": NaN,
      "var_to_gap": -0.010011123470522802
    },
    "20": {
      "ratio50_to_gap": NaN,
      "var_to_gap": 0.23470522803114574
    },
    "30": {
      "ratio50_to_gap": NaN,
      "var_to_gap": 0.004226918798665183
    },
    "38": {
      "ratio50_to_gap": NaN,
      "var_to_gap": 0.05183537263626252
    },
    "39": {
      "ratio50_to_gap": NaN,
      "var_to_gap": -0.16885428253615126
    }
  },
  "equation_verification": {
    "linear_error": 0.15185382962226868,
    "nonlinear_error": 0.1368444859981537,
    "improvement_pct": 9.884071350097656
  }
}