{
  "model": "glm4",
  "n_texts": 210,
  "mean_dir_contrib": [
    1.0276165391983731,
    0.005387461838870964,
    -0.07332049346601013,
    0.012369609931054237,
    -0.001733258091900054,
    -0.06919961578047756,
    -0.07917593252024657,
    0.011289542437242787,
    -0.051612042765122,
    0.09893357305429942,
    -0.05521663669974909,
    -0.01815308079835848,
    0.04116981323916532,
    -0.009565435190424545,
    0.008234676082420699,
    -0.02985348770695661,
    -0.0005380353238814721,
    -0.0445729795519063,
    -0.03418260332639745,
    0.04010412706106546,
    0.001053605973166192,
    -0.0028738872327916656,
    0.04699688489158039,
    0.02893396659416058,
    0.01542596800870905,
    -0.004166213692917067,
    0.14870835545007138,
    0.0008058114488492373,
    -0.002208478629507313,
    -0.007001592597953276,
    -0.01013819523345557,
    0.017738023215982442,
    0.0073844391054687245,
    -0.02157378238965369,
    0.01965657631448093,
    0.0009771579788191178,
    -0.0016575696971509993,
    -0.012468765223664897,
    0.0033297489153656422,
    -0.006190228733751047,
    0.022124684262061715,
    -0.006012147639384715,
    -0.0010269468240516116,
    -0.0038656408727027677,
    -0.012464237861180057,
    0.0042923173536283206,
    0.0007726127193780571,
    0.00278636231203217,
    0.009091582417853974,
    0.01181352925362132
  ],
  "mean_dir_contrib_pct": [
    47.89037846200505,
    0.25107379705508404,
    3.4169809916132117,
    0.5764653238139527,
    0.08077564230153228,
    3.2249342655944417,
    3.689864097005169,
    0.5261305548898466,
    2.405294355370176,
    4.6106364343501465,
    2.5732805264236327,
    0.8459944702358686,
    1.918651424948586,
    0.4457813726709412,
    0.38376353343513087,
    1.39127268797391,
    0.025074251244254355,
    2.0772503930164303,
    1.5930240003676637,
    1.8689868735871,
    0.049101573281526985,
    0.1339327871687248,
    2.1902125142407742,
    1.3484199190510218,
    0.7189018645575226,
    0.19415953606880396,
    6.930308292353694,
    0.03755351707798563,
    0.1029225137567958,
    0.32629770596561686,
    0.47247391233176406,
    0.826651394345888,
    0.34413963769637146,
    1.005410641116597,
    0.9160624056344171,
    0.04553884025584156,
    0.07724830916563173,
    0.581086293123516,
    0.1551774710289364,
    0.2884854277033859,
    1.031084516690484,
    0.2801862512296553,
    0.047859167489218285,
    0.18015183420105868,
    0.5808753028420607,
    0.20003638974577692,
    0.03600634490024626,
    0.12985383220824992,
    0.42369824365534803,
    0.5505500985506021
  ],
  "top10_gap_dirs": [
    0,
    26,
    9,
    6,
    2,
    5,
    10,
    8,
    22,
    17
  ],
  "top10_gap_pct": 79.00914033197274,
  "pos_contrib_mean": 3.2520467424001125,
  "neg_contrib_mean": -2.223821061191986,
  "layer_gap_stats": {
    "0": {
      "mean": 0.0003714477934408933,
      "std": 0.00035258784191682935
    },
    "10": {
      "mean": 0.016644036397337914,
      "std": 0.017591567710042
    },
    "20": {
      "mean": 0.05146966502070427,
      "std": 0.0427384115755558
    },
    "30": {
      "mean": 0.2434741109609604,
      "std": 0.21571332216262817
    },
    "38": {
      "mean": 0.6357482075691223,
      "std": 0.5561537742614746
    },
    "39": {
      "mean": 1.333945393562317,
      "std": 1.0805615186691284
    }
  },
  "layer_gap_corr_to_final": {
    "0": {
      "r": 0.05229776634991757,
      "p": 0.7837289610859474
    },
    "10": {
      "r": 0.006006674082313682,
      "p": 0.9748690768685238
    },
    "20": {
      "r": -0.055394883203559515,
      "p": 0.7712493167085641
    },
    "30": {
      "r": 0.060289210233592884,
      "p": 0.7516426426954622
    },
    "38": {
      "r": 0.3130144605116796,
      "p": 0.09213825599957672
    }
  },
  "text_type_stats": {
    "short": {
      "n": 40,
      "mean_gap": 0.6559104919433594,
      "mean_prob": 0.29505876153707505
    },
    "medium": {
      "n": 162,
      "mean_gap": 1.7319144010543823,
      "mean_prob": 0.6768270019027922
    },
    "long": {
      "n": 8,
      "mean_gap": 1.0125234127044678,
      "mean_prob": 0.5936861038208008
    }
  }
}