{
  "model": "qwen3",
  "n_texts": 210,
  "n_layers": 36,
  "gap_correlations": {
    "ratio_10": {
      "r": -0.03731476730263874,
      "p": 0.5907827193502256
    },
    "ratio_50": {
      "r": -0.04656538798442983,
      "p": 0.5021357621666315
    },
    "spectral_skew": {
      "r": -0.02883773123312238,
      "p": 0.6777828461316925
    },
    "spectral_kurtosis": {
      "r": -0.022386009651018744,
      "p": 0.7470676989086775
    },
    "q25_q75_ratio": {
      "r": 0.040301555462258914,
      "p": 0.5613920044795522
    },
    "q10_q50_ratio": {
      "r": 0.05278127640165239,
      "p": 0.4467535007093126
    },
    "delta_ratio_10": {
      "r": 0.005955435306557198,
      "p": 0.9316348671675592
    },
    "delta_top1": {
      "r": -0.030988737022697,
      "p": 0.6552387548837908
    },
    "spectral_entropy": {
      "r": -0.03828401569456753,
      "p": 0.5811682934123987
    },
    "alpha": {
      "r": 0.022371755998196265,
      "p": 0.7472232839038982
    },
    "beta": {
      "r": -0.013360855841146926,
      "p": 0.8473739596701373
    }
  },
  "var_correlations": {
    "ratio_10": {
      "r": -0.5733363395582922,
      "p": 9.510480232436801e-20
    },
    "ratio_50": {
      "r": -0.6145967771195182,
      "p": 3.344359092638121e-23
    },
    "spectral_skew": {
      "r": 0.18884275888520885,
      "p": 0.006051095027542788
    },
    "spectral_kurtosis": {
      "r": 0.20705244825924024,
      "p": 0.002567168894122321
    },
    "q25_q75_ratio": {
      "r": -0.11636423006950598,
      "p": 0.09258213143385201
    },
    "q10_q50_ratio": {
      "r": -0.24175620552212426,
      "p": 0.00040769472574001323
    },
    "delta_ratio_10": {
      "r": -0.15348722095235134,
      "p": 0.02613761290342928
    },
    "delta_top1": {
      "r": -0.048265460030165915,
      "p": 0.48663939909805565
    },
    "spectral_entropy": {
      "r": -0.5659982999279543,
      "p": 3.488919094806102e-19
    },
    "alpha": {
      "r": 0.8827624097484618,
      "p": 3.611175034045937e-70
    },
    "beta": {
      "r": -0.8201862822845236,
      "p": 2.4048820504184512e-52
    }
  },
  "multi_regression": {
    "ratio50_delta_ratio10": -0.029018682230343647,
    "kurtosis_delta_top1": -0.030075100305140087,
    "q10q50_beta": 0.02632662496766527,
    "all": -0.048307660715552266,
    "ratio50_logit_var": -0.08145108635347288
  },
  "path_analysis": {
    "best_spectral_var": "alpha",
    "r_spectral_var": 0.8827624097484618,
    "r_var_gap": -0.03875568202432969,
    "r_gap_prob": 0.8356100304250698,
    "r_spectral_prob_direct": 0.20320137042392952,
    "mediation_product": 0.01832964927947441
  },
  "layer_causal": {
    "0": {
      "ratio50_to_gap": NaN,
      "var_to_gap": 0.6883348174532503
    },
    "9": {
      "ratio50_to_gap": NaN,
      "var_to_gap": -0.2649610678531702
    },
    "18": {
      "ratio50_to_gap": NaN,
      "var_to_gap": 0.20934371523915463
    },
    "27": {
      "ratio50_to_gap": NaN,
      "var_to_gap": 0.15239154616240266
    },
    "34": {
      "ratio50_to_gap": NaN,
      "var_to_gap": 0.20667408231368187
    },
    "35": {
      "ratio50_to_gap": NaN,
      "var_to_gap": 0.3103448275862069
    }
  },
  "equation_verification": {
    "linear_error": 0.2401830404996872,
    "nonlinear_error": 0.2281268835067749,
    "improvement_pct": 5.019569396972656
  }
}