{
  "model": "qwen3",
  "n_texts": 210,
  "mean_dir_contrib": [
    -0.05800289310115789,
    0.09606557981765253,
    -0.029184350531016076,
    -0.15261107055426,
    -0.004802203512406864,
    0.007238452873813609,
    0.11766082735820896,
    0.11176014416185873,
    -0.029006857018837418,
    0.0004352194910076096,
    0.11562124398492632,
    0.012913076313478607,
    -0.0029183946513859113,
    -0.0009167953294568829,
    0.021654407705535138,
    0.010360205648439227,
    -0.004032235160801585,
    -0.004827490884798906,
    -0.004459597870414828,
    0.0027882837909384674,
    -0.0066157393817168975,
    0.0073821429071748365,
    -2.243854548959505e-05,
    -0.0006308659170393921,
    -0.0040747411795088,
    -0.007481161013891411,
    0.0058087621100379955,
    0.003417578509279771,
    0.0039228569372512755,
    -0.0025626949891158716,
    0.0014584967474331192,
    -0.0014056912073664577,
    -0.008141055240828012,
    0.0036169988344010476,
    -0.00025440466629279835,
    -0.009944261016789824,
    -0.001112191203858293,
    -0.0024577358179331417,
    -0.0013363295162673152,
    0.006674277110176349,
    0.00132191995622374,
    -0.006199797098824568,
    -0.0052618443025580965,
    -0.0005723094634179558,
    0.002783506858386751,
    0.0007293431290290322,
    -0.0014425944450998768,
    0.014156217579563547,
    0.0009448948800603657,
    -0.0077024777099723
  ],
  "mean_dir_contrib_pct": [
    6.3971804157797445,
    10.595141259044278,
    3.218762818238462,
    16.831583729422693,
    0.5296384476646843,
    0.7983341259227749,
    12.976896500104926,
    12.32610594526864,
    3.1991869322898596,
    0.0480006678215837,
    12.751949396360315,
    1.4241923890931845,
    0.3218718258898299,
    0.1011140102382726,
    2.3882800578165297,
    1.1426344641474973,
    0.44471808944963565,
    0.5324274099868012,
    0.4918522272521141,
    0.3075218063678205,
    0.7296546111038257,
    0.8141818021026176,
    0.00247476317283482,
    0.06957865157568777,
    0.449406108544689,
    0.8251025796574567,
    0.6406525127195196,
    0.37692716931938425,
    0.432654687226086,
    0.2826414566493696,
    0.1608586456693718,
    0.15503468502365056,
    0.8978827842186782,
    0.3989213790935307,
    0.028058471946441274,
    1.0967596343007227,
    0.12266436047450775,
    0.27106543486066975,
    0.14738473468184699,
    0.736110778892421,
    0.1457954940356951,
    0.6837800403031424,
    0.5803325579726113,
    0.06312041857563265,
    0.30699495507241964,
    0.0804397734656257,
    0.15910476941229254,
    1.5612993252519856,
    0.10421312969942279,
    0.8495117557891465
  ],
  "top10_gap_dirs": [
    3,
    6,
    10,
    7,
    1,
    0,
    2,
    8,
    14,
    47
  ],
  "top10_gap_pct": 82.24638637957743,
  "pos_contrib_mean": 2.551198263741649,
  "neg_contrib_mean": -2.3604640483672785,
  "layer_gap_stats": {
    "0": {
      "mean": 0.25859326124191284,
      "std": 0.11798352003097534
    },
    "9": {
      "mean": 0.27503272891044617,
      "std": 0.2651716470718384
    },
    "18": {
      "mean": 0.28932616114616394,
      "std": 0.3015429973602295
    },
    "27": {
      "mean": 1.0899986028671265,
      "std": 1.1474103927612305
    },
    "34": {
      "mean": 2.691080331802368,
      "std": 3.0327489376068115
    },
    "35": {
      "mean": 2.885439395904541,
      "std": 2.529120922088623
    }
  },
  "layer_gap_corr_to_final": {
    "0": {
      "r": -0.2038500169213808,
      "p": 0.27992620276031854
    },
    "9": {
      "r": -0.38731924360400444,
      "p": 0.034462053066332286
    },
    "18": {
      "r": 0.059844271412680755,
      "p": 0.7534190208543122
    },
    "27": {
      "r": 0.3592880978865406,
      "p": 0.051181763657512994
    },
    "34": {
      "r": 0.41490545050055616,
      "p": 0.02261785034095311
    }
  },
  "text_type_stats": {
    "short": {
      "n": 40,
      "mean_gap": 0.9992815256118774,
      "mean_prob": 0.5040294818580151
    },
    "medium": {
      "n": 162,
      "mean_gap": 1.0211385488510132,
      "mean_prob": 0.6196055429769151
    },
    "long": {
      "n": 8,
      "mean_gap": 2.308335304260254,
      "mean_prob": 0.8193275332450867
    }
  }
}