{
  "model": "qwen3",
  "n_texts": 210,
  "param_stats": {
    "alpha": {
      "mean": 0.07576358318328857,
      "std": 0.019249970093369484
    },
    "beta": {
      "mean": 0.9470533132553101,
      "std": 0.016883885487914085
    },
    "ratio_10": {
      "mean": 0.28988248109817505,
      "std": 0.0615214966237545
    },
    "ratio_50": {
      "mean": 0.5621203184127808,
      "std": 0.08500703424215317
    },
    "ratio_100": {
      "mean": 0.6860403418540955,
      "std": 0.0650717243552208
    },
    "gini": {
      "mean": -0.7465531826019287,
      "std": 0.027735823765397072
    },
    "top1_concentration": {
      "mean": 0.11794117838144302,
      "std": 0.022575777024030685
    },
    "top5_concentration": {
      "mean": 0.3286709785461426,
      "std": 0.05747276917099953
    },
    "spectral_entropy": {
      "mean": 1.9178565740585327,
      "std": 0.21867194771766663
    },
    "logit_var": {
      "mean": 5.093206259182521,
      "std": 1.1144418160256457
    },
    "logit_kurtosis": {
      "mean": 4.86706710656484,
      "std": 0.3560908554427752
    },
    "logit_gap": {
      "mean": 1.0660786628723145,
      "std": 0.8042179942131042
    },
    "top1_prob": {
      "mean": 0.6050617746654011,
      "std": 0.1617854401508154
    },
    "gap_contrib_10": {
      "mean": 0.629468326141,
      "std": 0.09637706337680672
    },
    "gap_contrib_20": {
      "mean": 0.8273482214113266,
      "std": 0.07276363426249302
    },
    "gap_contrib_50": {
      "mean": 0.9999999999779372,
      "std": 6.064892835181737e-12
    },
    "var_ratio_10": {
      "mean": 0.6919037294567483,
      "std": 0.05712046669677467
    },
    "var_ratio_50": {
      "mean": 0.9999999999999999,
      "std": 1.5569533786646923e-16
    },
    "noise_var_ratio": {
      "mean": 0.8002490249619173,
      "std": 0.054590780614081784
    }
  },
  "path_analysis": {
    "spectral_to_logit_var": {
      "ratio_10": {
        "r": -0.572886701601074,
        "p": 1.0308548431817126e-19
      },
      "ratio_50": {
        "r": -0.6141911959073875,
        "p": 3.637071638985596e-23
      },
      "gini": {
        "r": 0.21418834517682303,
        "p": 0.0017983063831015441
      },
      "top5_concentration": {
        "r": -0.5268590650640378,
        "p": 2.1358507638525376e-16
      }
    },
    "spectral_to_logit_gap": {
      "ratio_10": {
        "r": -0.036801635801029374,
        "p": 0.5959019431917455
      },
      "ratio_50": {
        "r": -0.04615073626595761,
        "p": 0.5059542947164695
      },
      "gini": {
        "r": -0.01398283341885525,
        "p": 0.8403616519733272
      },
      "top5_concentration": {
        "r": -0.060961577335137074,
        "p": 0.3794218152758351
      }
    },
    "logit_var_to_logit_gap": {
      "r": -0.03886582388704887,
      "p": 0.5754321986178292
    },
    "logit_gap_to_prob": {
      "r": 0.8362242332830567,
      "p": 3.543363713627119e-56
    }
  },
  "mediation": {
    "r_direct": -0.04615073626595761,
    "r1_spectral_to_var": -0.6141911959073875,
    "r2_var_to_gap": -0.03886582388704887,
    "mediation_product": 0.023871046853112452
  },
  "top5_gap_dirs": [
    3,
    6,
    10,
    7,
    1
  ],
  "top5_var_dirs": [
    6,
    1,
    0,
    10,
    3
  ],
  "mean_gap_contrib_pct": [
    6.400670256327058,
    10.595332650408894,
    3.2200004997648857,
    16.829152486678147,
    0.5295677698081702,
    0.7976443434536795,
    12.976999110051008,
    12.324720599095865,
    3.1989054579445493,
    0.048205960457951884,
    12.750362960946463,
    1.4246723233034044,
    0.3218391540011756,
    0.10151236728305699,
    2.3880656269715703,
    1.1426277514759853,
    0.44475603169185274,
    0.5327207862155436,
    0.4918325571810783,
    0.3074917851074552,
    0.7296901043328476,
    0.8142545259474726,
    0.0024247256656231156,
    0.06974237007708964,
    0.449273880544342,
    0.8250705391912477,
    0.6406688622012009,
    0.3769698855106566,
    0.4326893771147468,
    0.2825899268279684,
    0.16089027729030672,
    0.1550197966859444,
    0.898030800169701,
    0.39908240633715325,
    0.028069254024620068,
    1.0969024502874627,
    0.1226524995799657,
    0.27109512382328305,
    0.14778786159952875,
    0.735376371101739,
    0.14580025840403796,
    0.6839299098545885,
    0.5804254575888302,
    0.06331332649487849,
    0.3070601323319737,
    0.08036390036498378,
    0.15902132347168244,
    1.561436906945616,
    0.10424026219184475,
    0.8490469948408035
  ],
  "mean_var_contrib_pct": [
    15.377669325960811,
    16.188883166300343,
    3.758430195954432,
    6.6065785141777535,
    1.5636370020168513,
    2.4819985199495913,
    17.528397960569748,
    5.896114001821894,
    0.7132101385820683,
    0.2693817104252924,
    11.05468270353333,
    3.1392396515660863,
    0.3171759796964771,
    1.4737694180612455,
    0.7074809450468125,
    0.4144098548087496,
    0.2278157002126894,
    0.2679467029112673,
    0.182250429444767,
    0.20237958784593643,
    0.44498917174567815,
    1.184959804071273,
    0.8609257323293971,
    0.1729151128991796,
    0.18187787254457177,
    0.08765733114561984,
    1.021310444353222,
    0.19084844422716973,
    1.1844922428316234,
    0.0954478896232052,
    0.40999637144516654,
    0.6746676273227208,
    0.31178593413095923,
    0.13363662482855249,
    0.07911332917559129,
    0.6855540967372399,
    0.11868581878440307,
    0.1230105429493079,
    0.21347188902388187,
    0.12362993254786646,
    0.19110889282185498,
    0.16483490431661244,
    0.12891281942243482,
    1.0794801527115971,
    0.181364645139041,
    0.11424008257150263,
    0.23267302153668507,
    0.7364655802089283,
    0.07772663302183788,
    0.42276554664673427
  ]
}