{
  "experiment": "exp1_gate_geometry",
  "model": "qwen3",
  "timestamp": "2026-04-28T11:58:26.336626",
  "layer_results": [
    {
      "layer": 0,
      "n_intermediate": 9728,
      "d_model": 2560,
      "norm_mean": 1.191900372505188,
      "norm_std": 0.0923464298248291,
      "norm_cv": 0.07747831274750873,
      "n_pcs_50": 451,
      "n_pcs_80": 1042,
      "n_pcs_90": 1447,
      "n_pcs_95": 1794,
      "top5_var": 0.02267022430896759,
      "top10_var": 0.03756524994969368,
      "top20_var": 0.06137501075863838,
      "best_k": 2,
      "best_silhouette": 0.14232754707336426,
      "silhouette_scores": {
        "2": 0.14232754707336426,
        "3": 0.13910570740699768,
        "4": 0.1328832358121872,
        "5": 0.10584914684295654,
        "6": 0.12530949711799622,
        "8": 0.0760456845164299,
        "10": 0.07543658465147018
      },
      "pairwise_cos_mean": 0.004250603727996349,
      "pairwise_cos_std": 0.02769891731441021,
      "pairwise_cos_frac_positive": 0.5581162324649298
    },
    {
      "layer": 4,
      "n_intermediate": 9728,
      "d_model": 2560,
      "norm_mean": 1.5646942853927612,
      "norm_std": 0.22723044455051422,
      "norm_cv": 0.14522354089986086,
      "n_pcs_50": 529,
      "n_pcs_80": 1301,
      "n_pcs_90": 1736,
      "n_pcs_95": 2043,
      "top5_var": 0.019848601892590523,
      "top10_var": 0.034185994416475296,
      "top20_var": 0.058491818606853485,
      "best_k": 2,
      "best_silhouette": 0.029785888269543648,
      "silhouette_scores": {
        "2": 0.029785888269543648,
        "3": 0.026560328900814056,
        "4": 0.0215455275028944,
        "5": 0.024970313534140587,
        "6": 0.0054743108339607716,
        "8": 0.013327364809811115,
        "10": 0.005951652303338051
      },
      "pairwise_cos_mean": 0.021031750366091728,
      "pairwise_cos_std": 0.028486574068665504,
      "pairwise_cos_frac_positive": 0.7852985971943888
    },
    {
      "layer": 8,
      "n_intermediate": 9728,
      "d_model": 2560,
      "norm_mean": 1.281221866607666,
      "norm_std": 0.13934111595153809,
      "norm_cv": 0.10875642976690385,
      "n_pcs_50": 642,
      "n_pcs_80": 1418,
      "n_pcs_90": 1830,
      "n_pcs_95": 2112,
      "top5_var": 0.014492538757622242,
      "top10_var": 0.026077592745423317,
      "top20_var": 0.045257166028022766,
      "best_k": 2,
      "best_silhouette": 0.027753017842769623,
      "silhouette_scores": {
        "2": 0.027753017842769623,
        "3": 0.011505994945764542,
        "4": 0.0077510192058980465,
        "5": 0.004899752326309681,
        "6": 0.0014583711745217443,
        "8": -0.004634215030819178,
        "10": -0.004725837614387274
      },
      "pairwise_cos_mean": 0.010085045360028744,
      "pairwise_cos_std": 0.02338508330285549,
      "pairwise_cos_frac_positive": 0.6668376753507014
    },
    {
      "layer": 12,
      "n_intermediate": 9728,
      "d_model": 2560,
      "norm_mean": 1.2725120782852173,
      "norm_std": 0.1768418401479721,
      "norm_cv": 0.13897065746226675,
      "n_pcs_50": 623,
      "n_pcs_80": 1380,
      "n_pcs_90": 1792,
      "n_pcs_95": 2080,
      "top5_var": 0.013902269303798676,
      "top10_var": 0.024843823164701462,
      "top20_var": 0.04342866316437721,
      "best_k": 2,
      "best_silhouette": 0.038530174642801285,
      "silhouette_scores": {
        "2": 0.038530174642801285,
        "3": 0.021870113909244537,
        "4": 0.01460200734436512,
        "5": 0.01190140750259161,
        "6": 0.011107206344604492,
        "8": 0.0056342510506510735,
        "10": 0.0012548072263598442
      },
      "pairwise_cos_mean": 0.008753728121519089,
      "pairwise_cos_std": 0.02356558106839657,
      "pairwise_cos_frac_positive": 0.6457875751503006
    },
    {
      "layer": 16,
      "n_intermediate": 9728,
      "d_model": 2560,
      "norm_mean": 1.1917638778686523,
      "norm_std": 0.2251918762922287,
      "norm_cv": 0.1889567895739224,
      "n_pcs_50": 577,
      "n_pcs_80": 1332,
      "n_pcs_90": 1754,
      "n_pcs_95": 2054,
      "top5_var": 0.018487894907593727,
      "top10_var": 0.030448749661445618,
      "top20_var": 0.050572678446769714,
      "best_k": 2,
      "best_silhouette": 0.07745318859815598,
      "silhouette_scores": {
        "2": 0.07745318859815598,
        "3": 0.0708594024181366,
        "4": 0.038330696523189545,
        "5": 0.0030010519549250603,
        "6": 0.011021007783710957,
        "8": -0.012465471401810646,
        "10": -0.003919003996998072
      },
      "pairwise_cos_mean": 0.004867974203079939,
      "pairwise_cos_std": 0.024494465440511703,
      "pairwise_cos_frac_positive": 0.576376753507014
    },
    {
      "layer": 20,
      "n_intermediate": 9728,
      "d_model": 2560,
      "norm_mean": 1.1447111368179321,
      "norm_std": 0.20869484543800354,
      "norm_cv": 0.18231223469890706,
      "n_pcs_50": 583,
      "n_pcs_80": 1326,
      "n_pcs_90": 1743,
      "n_pcs_95": 2041,
      "top5_var": 0.013769212178885937,
      "top10_var": 0.024711858481168747,
      "top20_var": 0.04349363595247269,
      "best_k": 2,
      "best_silhouette": 0.04188760742545128,
      "silhouette_scores": {
        "2": 0.04188760742545128,
        "3": 0.0207423847168684,
        "4": 0.009896776638925076,
        "5": -0.009259549900889397,
        "6": -0.012887069955468178,
        "8": 0.004535428714007139,
        "10": -0.012175878509879112
      },
      "pairwise_cos_mean": 0.0034121880307793617,
      "pairwise_cos_std": 0.02436874620616436,
      "pairwise_cos_frac_positive": 0.5493707414829659
    },
    {
      "layer": 24,
      "n_intermediate": 9728,
      "d_model": 2560,
      "norm_mean": 1.2319058179855347,
      "norm_std": 0.20393408834934235,
      "norm_cv": 0.16554357108469878,
      "n_pcs_50": 640,
      "n_pcs_80": 1380,
      "n_pcs_90": 1781,
      "n_pcs_95": 2063,
      "top5_var": 0.012285715900361538,
      "top10_var": 0.020408473908901215,
      "top20_var": 0.034496549516916275,
      "best_k": 2,
      "best_silhouette": 0.046763695776462555,
      "silhouette_scores": {
        "2": 0.046763695776462555,
        "3": 0.019839664921164513,
        "4": 0.022241748869419098,
        "5": 0.02694106101989746,
        "6": 0.025351153686642647,
        "8": 0.018704719841480255,
        "10": 0.017786076292395592
      },
      "pairwise_cos_mean": 0.00515090674161911,
      "pairwise_cos_std": 0.022565944120287895,
      "pairwise_cos_frac_positive": 0.5878236472945891
    },
    {
      "layer": 28,
      "n_intermediate": 9728,
      "d_model": 2560,
      "norm_mean": 1.236069679260254,
      "norm_std": 0.15821897983551025,
      "norm_cv": 0.12800166729289808,
      "n_pcs_50": 677,
      "n_pcs_80": 1422,
      "n_pcs_90": 1818,
      "n_pcs_95": 2091,
      "top5_var": 0.010482381097972393,
      "top10_var": 0.017646297812461853,
      "top20_var": 0.03028489463031292,
      "best_k": 2,
      "best_silhouette": 0.06063419207930565,
      "silhouette_scores": {
        "2": 0.06063419207930565,
        "3": 0.006301522254943848,
        "4": 0.003992337733507156,
        "5": -0.003829801920801401,
        "6": -0.0006074266275390983,
        "8": -0.0050267926417291164,
        "10": -0.006493027787655592
      },
      "pairwise_cos_mean": 0.006650048308074474,
      "pairwise_cos_std": 0.02186979539692402,
      "pairwise_cos_frac_positive": 0.6217715430861723
    },
    {
      "layer": 32,
      "n_intermediate": 9728,
      "d_model": 2560,
      "norm_mean": 1.2017128467559814,
      "norm_std": 0.12479706853628159,
      "norm_cv": 0.10384932546337565,
      "n_pcs_50": 675,
      "n_pcs_80": 1431,
      "n_pcs_90": 1832,
      "n_pcs_95": 2108,
      "top5_var": 0.01303001306951046,
      "top10_var": 0.020532775670289993,
      "top20_var": 0.033461473882198334,
      "best_k": 2,
      "best_silhouette": 0.09728014469146729,
      "silhouette_scores": {
        "2": 0.09728014469146729,