{
  "experiment": "exp2_concept_gate_mapping",
  "model": "qwen3",
  "timestamp": "2026-04-28T11:59:27.736557",
  "k_ablate": 50,
  "layer_results": [
    {
      "layer": 0,
      "n_intermediate": 9728,
      "disc_counts": {
        "animals": 200,
        "food": 200,
        "tools": 200,
        "nature": 200
      },
      "max_overlap": 0,
      "abl_results": {
        "animals": {
          "n_disc_neurons": 200,
          "selective_disc": 0.040410906076431274,
          "random_disc": 0.0011948347091674805,
          "selective_random_ratio": 33.82133483886719,
          "sel_mass_target": 0.5053406357765198,
          "sel_mass_other": 0.4649297297000885,
          "rnd_mass_target": 0.48812901973724365,
          "rnd_mass_other": 0.48693418502807617
        },
        "food": {
          "n_disc_neurons": 200,
          "selective_disc": 0.04013815522193909,
          "random_disc": 0.002217024564743042,
          "selective_random_ratio": 18.104515075683594,
          "sel_mass_target": 0.5241584777832031,
          "sel_mass_other": 0.48402032256126404,
          "rnd_mass_target": 0.48889562487602234,
          "rnd_mass_other": 0.4866786003112793
        },
        "tools": {
          "n_disc_neurons": 200,
          "selective_disc": 0.046654731035232544,
          "random_disc": -0.0018541216850280762,
          "selective_random_ratio": 25.16271209716797,
          "sel_mass_target": 0.49516767263412476,
          "sel_mass_other": 0.4485129415988922,
          "rnd_mass_target": 0.4858422875404358,
          "rnd_mass_other": 0.48769640922546387
        },
        "nature": {
          "n_disc_neurons": 200,
          "selective_disc": 0.06486618518829346,
          "random_disc": -0.0015577375888824463,
          "selective_random_ratio": 41.64127731323242,
          "sel_mass_target": 0.5650142431259155,
          "sel_mass_other": 0.5001480579376221,
          "rnd_mass_target": 0.486064612865448,
          "rnd_mass_other": 0.48762235045433044
        }
      },
      "avg_selective_disc": 0.04801749438047409,
      "avg_random_disc": 0.0,
      "avg_selective_random_ratio": 29.682459831237793
    },
    {
      "layer": 6,
      "n_intermediate": 9728,
      "disc_counts": {
        "animals": 200,
        "food": 200,
        "tools": 200,
        "nature": 200
      },
      "max_overlap": 0,
      "abl_results": {
        "animals": {
          "n_disc_neurons": 200,
          "selective_disc": 0.16368982195854187,
          "random_disc": -0.000945359468460083,
          "selective_random_ratio": 173.15087890625,
          "sel_mass_target": 0.6289764642715454,
          "sel_mass_other": 0.46528664231300354,
          "rnd_mass_target": 0.31741172075271606,
          "rnd_mass_other": 0.31835708022117615
        },
        "food": {
          "n_disc_neurons": 200,
          "selective_disc": 0.16692706942558289,
          "random_disc": -0.006768673658370972,
          "selective_random_ratio": 24.661710739135742,
          "sel_mass_target": 0.6557552218437195,
          "sel_mass_other": 0.4888281524181366,
          "rnd_mass_target": 0.3130442500114441,
          "rnd_mass_other": 0.31981292366981506
        },
        "tools": {
          "n_disc_neurons": 200,
          "selective_disc": 0.16850781440734863,
          "random_disc": 0.0008956193923950195,
          "selective_random_ratio": 188.1466827392578,
          "sel_mass_target": 0.586416482925415,
          "sel_mass_other": 0.4179086685180664,
          "rnd_mass_target": 0.318792462348938,
          "rnd_mass_other": 0.31789684295654297
        },
        "nature": {
          "n_disc_neurons": 200,
          "selective_disc": 0.22349083423614502,
          "random_disc": 0.006818413734436035,
          "selective_random_ratio": 32.77754211425781,
          "sel_mass_target": 0.6373227834701538,
          "sel_mass_other": 0.4138319492340088,
          "rnd_mass_target": 0.32323455810546875,
          "rnd_mass_other": 0.3164161443710327
        }
      },
      "avg_selective_disc": 0.1806538850069046,
      "avg_random_disc": 0.0,
      "avg_selective_random_ratio": 104.68420362472534
    },
    {
      "layer": 12,
      "n_intermediate": 9728,
      "disc_counts": {
        "animals": 200,
        "food": 200,
        "tools": 200,
        "nature": 200
      },
      "max_overlap": 0,
      "abl_results": {
        "animals": {
          "n_disc_neurons": 200,
          "selective_disc": 0.2107696533203125,
          "random_disc": 0.007226139307022095,
          "selective_random_ratio": 29.16767120361328,
          "sel_mass_target": 0.619809627532959,
          "sel_mass_other": 0.4090399742126465,
          "rnd_mass_target": 0.40458065271377563,
          "rnd_mass_other": 0.39735451340675354
        },
        "food": {
          "n_disc_neurons": 200,
          "selective_disc": 0.1609058380126953,
          "random_disc": -0.01086452603340149,
          "selective_random_ratio": 14.810203552246094,
          "sel_mass_target": 0.5177679061889648,
          "sel_mass_other": 0.35686206817626953,
          "rnd_mass_target": 0.39101266860961914,
          "rnd_mass_other": 0.40187719464302063
        },
        "tools": {
          "n_disc_neurons": 200,
          "selective_disc": 0.19296136498451233,
          "random_disc": 0.008103728294372559,
          "selective_random_ratio": 23.811429977416992,
          "sel_mass_target": 0.5554924607276917,
          "sel_mass_other": 0.3625310957431793,
          "rnd_mass_target": 0.4052388668060303,
          "rnd_mass_other": 0.3971351385116577
        },
        "nature": {
          "n_disc_neurons": 200,
          "selective_disc": 0.23373785614967346,
          "random_disc": -0.004465311765670776,
          "selective_random_ratio": 52.34524917602539,
          "sel_mass_target": 0.6018117070198059,
          "sel_mass_other": 0.36807385087013245,
          "rnd_mass_target": 0.39581209421157837,
          "rnd_mass_other": 0.40027740597724915
        }
      },
      "avg_selective_disc": 0.1995936781167984,
      "avg_random_disc": 7.450580596923828e-09,
      "avg_selective_random_ratio": 30.03363847732544
    },
    {
      "layer": 18,
      "n_intermediate": 9728,
      "disc_counts": {
        "animals": 200,
        "food": 200,
        "tools": 200,
        "nature": 200
      },
      "max_overlap": 0,
      "abl_results": {
        "animals": {
          "n_disc_neurons": 200,
          "selective_disc": 0.14967212080955505,
          "random_disc": 0.011190295219421387,
          "selective_random_ratio": 13.375171661376953,
          "sel_mass_target": 0.5846084356307983,
          "sel_mass_other": 0.4349363148212433,
          "rnd_mass_target": 0.47275224328041077,
          "rnd_mass_other": 0.4615619480609894
        },
        "food": {
          "n_disc_neurons": 200,
          "selective_disc": 0.11663892865180969,
          "random_disc": -0.013589620590209961,
          "selective_random_ratio": 8.582942008972168,
          "sel_mass_target": 0.5042864680290222,
          "sel_mass_other": 0.3876475393772125,
          "rnd_mass_target": 0.45416727662086487,
          "rnd_mass_other": 0.46775689721107483
        },
        "tools": {
          "n_disc_neurons": 200,
          "selective_disc": 0.117950439453125,
          "random_disc": 0.0033659040927886963,
          "selective_random_ratio": 35.042720794677734,
          "sel_mass_target": 0.5023903846740723,
          "sel_mass_other": 0.38443994522094727,
          "rnd_mass_target": 0.46688395738601685,
          "rnd_mass_other": 0.46351805329322815
        },
        "nature": {
          "n_disc_neurons": 200,
          "selective_disc": 0.163363516330719,
          "random_disc": -0.0009664595127105713,
          "selective_random_ratio": 169.032958984375,
          "sel_mass_target": 0.5557854771614075,
          "sel_mass_other": 0.3924219608306885,
          "rnd_mass_target": 0.4636346697807312,