{
  "model": "deepseek7b",
  "d_model": 3584,
  "n_layers": 28,
  "n_samples": 70,
  "timestamp": "2026-04-17T17:46:32.297803",
  "p861_dimension_curse": {
    "dim_5": {
      "accuracy": 0.4,
      "std": 0.09689042833036096,
      "random_acc": 0.24285714285714283,
      "real_vs_random": 1.6470588235294121
    },
    "dim_10": {
      "accuracy": 0.6857142857142857,
      "std": 0.1324802642213672,
      "random_acc": 0.2,
      "real_vs_random": 3.4285714285714284
    },
    "dim_20": {
      "accuracy": 0.7571428571428571,
      "std": 0.1324802642213672,
      "random_acc": 0.18571428571428572,
      "real_vs_random": 4.076923076923077
    },
    "dim_50": {
      "accuracy": 0.7571428571428571,
      "std": 0.1324802642213672,
      "random_acc": 0.2,
      "real_vs_random": 3.7857142857142856
    },
    "dim_69": {
      "accuracy": 0.7571428571428571,
      "std": 0.1324802642213672,
      "random_acc": 0.2,
      "real_vs_random": 3.7857142857142856
    }
  },
  "p862_pair_validation": {
    "pair_consistency": 0.8857142857142857,
    "random_consistency": 0.04031428571428571,
    "ratio": 21.970233876683203
  },
  "p863_propagation": {
    "syntax": {
      "norms": [
        1.8412128686904907,
        31.066408157348633,
        36.5692024230957,
        42.913970947265625,
        55.71959686279297,
        69.14289855957031,
        70.24958801269531,
        76.00553894042969,
        83.7190170288086,
        87.79082489013672,
        84.19976806640625,
        90.02173614501953,
        97.20370483398438,
        102.93033599853516,
        105.29559326171875,
        107.97578430175781,
        117.04296875,
        120.99028015136719,
        127.23564910888672,
        131.90821838378906,
        142.94371032714844,
        158.3182830810547,
        178.0192108154297,
        205.05763244628906,
        232.13145446777344,
        262.8406982421875,
        299.6448669433594,
        347.74755859375
      ],
      "cos_with_layer0": [
        1.0,
        0.13776014745235443,
        0.1233287826180458,
        0.10469727218151093,
        0.08402137458324432,
        0.08630149066448212,
        0.08389545977115631,
        0.08446765691041946,
        0.07554403692483902,
        0.05606965348124504,
        0.038079939782619476,
        0.047400835901498795,
        0.047749344259500504,
        0.05054750666022301,
        0.037176381796598434,
        0.037738025188446045,
        0.03362415358424187,
        0.03151112422347069,
        0.019278669729828835,
        0.015635676681995392,
        0.013880942016839981,
        0.025262905284762383,
        0.02711530774831772,
        0.017639385536313057,
        0.012148534879088402,
        0.012707540765404701,
        0.02705627866089344,
        0.013678817078471184
      ],
      "norm_ratio_last_first": 188.86874389648438
    },
    "semantic": {
      "norms": [
        0.0,
        16.77240753173828,
        19.770475387573242,
        23.272687911987305,
        31.63949203491211,
        44.98704147338867,
        44.242401123046875,
        49.304927825927734,
        62.48411178588867,
        69.77218627929688,
        72.9493179321289,
        71.15620422363281,
        74.18412017822266,
        78.499267578125,
        85.73690032958984,
        96.41952514648438,
        105.63203430175781,
        111.64894104003906,
        121.88382720947266,
        124.11915588378906,
        129.87799072265625,
        142.57289123535156,
        154.45199584960938,
        173.5909881591797,
        196.62127685546875,
        220.53111267089844,
        257.4715270996094,
        308.2043151855469
      ],
      "cos_with_layer0": [
        1.0,
        0.0,
        0.0,
        0.0,
        0.0,
        0.0,
        0.0,
        0.0,
        0.0,
        0.0,
        0.0,
        0.0,
        0.0,
        0.0,
        0.0,
        0.0,
        0.0,
        0.0,
        0.0,
        0.0,
        0.0,
        0.0,
        0.0,
        0.0,
        0.0,
        0.0,
        0.0,
        0.0
      ],
      "norm_ratio_last_first": 3082042998784.0
    },
    "polarity": {
      "norms": [
        0.0,
        8.710663795471191,
        11.887602806091309,
        16.035173416137695,
        25.876815795898438,
        43.71483612060547,
        46.980567932128906,
        56.97482681274414,
        72.65489196777344,
        79.83787536621094,
        84.66595458984375,
        81.58926391601562,
        86.77993774414062,
        95.14515686035156,
        102.78520202636719,
        106.69537353515625,
        120.57441711425781,
        129.9859619140625,
        146.14498901367188,
        151.85826110839844,
        162.8075408935547,
        177.09031677246094,
        191.951904296875,
        212.2025146484375,
        228.4428253173828,
        246.18130493164062,
        275.40087890625,
        313.43182373046875
      ],
      "cos_with_layer0": [
        1.0,
        0.0,
        0.0,
        0.0,
        0.0,
        0.0,
        0.0,
        0.0,
        0.0,
        0.0,
        0.0,
        0.0,
        0.0,
        0.0,
        0.0,
        0.0,
        0.0,
        0.0,
        0.0,
        0.0,
        0.0,
        0.0,
        0.0,
        0.0,
        0.0,
        0.0,
        0.0,
        0.0
      ],
      "norm_ratio_last_first": 3134318182400.0
    }
  },
  "p864_residual_contribution": {
    "residual_retention": [
      {
        "layer": 1,
        "diff_norm": 8.710663795471191,
        "change_norm": 8.710663795471191,
        "change_ratio": 1.0
      },
      {
        "layer": 2,
        "diff_norm": 11.887602806091309,
        "change_norm": 7.560046672821045,
        "change_ratio": 0.635960578918457
      },
      {
        "layer": 3,
        "diff_norm": 16.035173416137695,
        "change_norm": 9.421700477600098,
        "change_ratio": 0.5875645875930786
      },
      {
        "layer": 4,
        "diff_norm": 25.876815795898438,
        "change_norm": 18.9959716796875,
        "change_ratio": 0.7340922951698303
      },
      {
        "layer": 5,
        "diff_norm": 43.71483612060547,
        "change_norm": 35.12881851196289,
        "change_ratio": 0.8035902976989746
      },
      {
        "layer": 6,
        "diff_norm": 46.980567932128906,
        "change_norm": 21.908315658569336,
        "change_ratio": 0.4663271903991699
      },
      {
        "layer": 7,
        "diff_norm": 56.97482681274414,
        "change_norm": 36.94279861450195,
        "change_ratio": 0.6484056115150452
      },
      {
        "layer": 8,
        "diff_norm": 72.65489196777344,
        "change_norm": 51.20137405395508,
        "change_ratio": 0.7047202587127686
      },
      {
        "layer": 9,
        "diff_norm": 79.83787536621094,
        "change_norm": 43.97015380859375,
        "change_ratio": 0.550743043422699
      },
      {
        "layer": 10,
        "diff_norm": 84.66595458984375,
        "change_norm": 54.473876953125,
        "change_ratio": 0.6433976292610168
      },
      {
        "layer": 11,
        "diff_norm": 81.58926391601562,
        "change_norm": 43.848331451416016,
        "change_ratio": 0.5374277234077454
      },
      {
        "layer": 12,
        "diff_norm": 86.77993774414062,
        "change_norm": 40.71485900878906,
        "change_ratio": 0.4691736400127411
      },
      {
        "layer": 13,
        "diff_norm": 95.14515686035156,
        "change_norm": 42.71006774902344,
        "change_ratio": 0.4488937556743622
      },
      {
        "layer": 14,
        "diff_norm": 102.78520202636719,
        "change_norm": 42.677207946777344,
        "change_ratio": 0.41520771384239197
      },
      {
        "layer": 15,
        "diff_norm": 106.69537353515625,
        "change_norm": 48.67668151855469,
        "change_ratio": 0.4562211036682129
      },
      {
        "layer": 16,
        "diff_norm": 120.57441711425781,
        "change_norm": 53.20817184448242,