{
  "model": "glm4",
  "d_model": 4096,
  "n_layers": 40,
  "n_samples": 70,
  "timestamp": "2026-04-17T17:45:23.500915",
  "p861_dimension_curse": {
    "dim_5": {
      "accuracy": 0.34285714285714286,
      "std": 0.06998542122237651,
      "random_acc": 0.22857142857142856,
      "real_vs_random": 1.5
    },
    "dim_10": {
      "accuracy": 0.7,
      "std": 0.15907898179514346,
      "random_acc": 0.1714285714285714,
      "real_vs_random": 4.083333333333334
    },
    "dim_20": {
      "accuracy": 0.7714285714285715,
      "std": 0.16536909861128896,
      "random_acc": 0.1857142857142857,
      "real_vs_random": 4.153846153846154
    },
    "dim_50": {
      "accuracy": 0.7714285714285715,
      "std": 0.12289036095775183,
      "random_acc": 0.24285714285714283,
      "real_vs_random": 3.176470588235295
    },
    "dim_69": {
      "accuracy": 0.7714285714285715,
      "std": 0.12289036095775183,
      "random_acc": 0.24285714285714283,
      "real_vs_random": 3.176470588235295
    }
  },
  "p862_pair_validation": {
    "pair_consistency": 0.8857142857142857,
    "random_consistency": 0.04031428571428571,
    "ratio": 21.970233876683203
  },
  "p863_propagation": {
    "syntax": {
      "norms": [
        0.11989133059978485,
        0.3822380602359772,
        0.5487443208694458,
        0.6547913551330566,
        0.8563321828842163,
        1.1015431880950928,
        1.2407793998718262,
        1.3594998121261597,
        1.5130037069320679,
        1.7365062236785889,
        1.9959453344345093,
        2.1362478733062744,
        2.2467358112335205,
        2.4146196842193604,
        2.5931501388549805,
        2.8931567668914795,
        3.214262008666992,
        3.6352851390838623,
        4.150984287261963,
        4.469910621643066,
        5.115570068359375,
        6.045361518859863,
        6.838608741760254,
        7.979511260986328,
        9.525825500488281,
        11.97065544128418,
        15.125433921813965,
        17.51679229736328,
        20.667335510253906,
        23.439983367919922,
        26.311159133911133,
        28.429309844970703,
        30.45762825012207,
        32.58021926879883,
        35.342987060546875,
        38.03648376464844,
        41.11903381347656,
        44.461891174316406,
        49.77640914916992,
        82.90442657470703
      ],
      "cos_with_layer0": [
        1.0,
        0.406494677066803,
        0.26478493213653564,
        0.1962215155363083,
        0.13549382984638214,
        0.09799927473068237,
        0.085041843354702,
        0.06734583526849747,
        0.05237483233213425,
        0.03950546681880951,
        0.03284924849867821,
        0.03857913240790367,
        0.03474759683012962,
        0.020644819363951683,
        0.01441365946084261,
        0.022789297625422478,
        0.011083538644015789,
        0.024135835468769073,
        0.018792377784848213,
        0.02347559854388237,
        0.02255636639893055,
        0.022502053529024124,
        0.017898356541991234,
        0.011696004308760166,
        0.010431763716042042,
        0.012902013026177883,
        0.020021751523017883,
        0.02376296930015087,
        0.02656382881104946,
        0.016913680359721184,
        0.015480371192097664,
        0.023044142872095108,
        0.023359252139925957,
        0.018584251403808594,
        0.0196171086281538,
        0.01535961963236332,
        0.016409840434789658,
        0.017039572820067406,
        0.023555494844913483,
        0.016244087368249893
      ],
      "norm_ratio_last_first": 691.4963989257812
    },
    "semantic": {
      "norms": [
        0.0,
        0.09591091424226761,
        0.21589119732379913,
        0.2898152768611908,
        0.3860553205013275,
        0.6488121151924133,
        0.8662496209144592,
        0.9961549639701843,
        1.127449870109558,
        1.37679123878479,
        1.6589607000350952,
        1.7781424522399902,
        1.9476057291030884,
        2.4153504371643066,
        2.59149432182312,
        2.8504202365875244,
        3.0127627849578857,
        3.2222020626068115,
        3.6091582775115967,
        3.9188392162323,
        4.255664348602295,
        4.687302589416504,
        5.244320869445801,
        5.864266872406006,
        6.618222713470459,
        7.411739349365234,
        8.284111976623535,
        9.662115097045898,
        10.656367301940918,
        11.74302864074707,
        12.525429725646973,
        13.492924690246582,
        14.522397994995117,
        15.227250099182129,
        16.079639434814453,
        16.97431182861328,
        18.217552185058594,
        20.406919479370117,
        24.57052230834961,
        48.14122772216797
      ],
      "cos_with_layer0": [
        1.0,
        0.0,
        0.0,
        0.0,
        0.0,
        0.0,
        0.0,
        0.0,
        0.0,
        0.0,
        0.0,
        0.0,
        0.0,
        0.0,
        0.0,
        0.0,
        0.0,
        0.0,
        0.0,
        0.0,
        0.0,
        0.0,
        0.0,
        0.0,
        0.0,
        0.0,
        0.0,
        0.0,
        0.0,
        0.0,
        0.0,
        0.0,
        0.0,
        0.0,
        0.0,
        0.0,
        0.0,
        0.0,
        0.0,
        0.0
      ],
      "norm_ratio_last_first": 481412284416.0
    },
    "polarity": {
      "norms": [
        0.0,
        0.0861658826470375,
        0.22698496282100677,
        0.4592097997665405,
        0.5584969520568848,
        0.8013360500335693,
        1.094446063041687,
        1.279278039932251,
        1.520715594291687,
        1.6674706935882568,
        2.030984878540039,
        2.117750644683838,
        2.2856292724609375,
        2.473207950592041,
        2.802889108657837,
        3.127840280532837,
        3.3103175163269043,
        3.625122308731079,
        4.03067684173584,
        4.289504051208496,
        4.711061477661133,
        5.2015485763549805,
        5.925590515136719,
        6.72996711730957,
        7.687214374542236,
        8.617316246032715,
        9.94797134399414,
        11.117680549621582,
        12.183773040771484,
        13.138521194458008,
        13.967915534973145,
        15.102105140686035,
        15.931641578674316,
        16.565732955932617,
        17.37805938720703,
        18.070308685302734,
        19.26329231262207,
        20.668489456176758,
        23.63576889038086,
        45.23281478881836
      ],
      "cos_with_layer0": [
        1.0,
        0.0,
        0.0,
        0.0,
        0.0,
        0.0,
        0.0,
        0.0,
        0.0,
        0.0,
        0.0,
        0.0,
        0.0,
        0.0,
        0.0,
        0.0,
        0.0,
        0.0,
        0.0,
        0.0,
        0.0,
        0.0,
        0.0,
        0.0,
        0.0,
        0.0,
        0.0,
        0.0,
        0.0,
        0.0,
        0.0,
        0.0,
        0.0,
        0.0,
        0.0,
        0.0,
        0.0,
        0.0,
        0.0,
        0.0
      ],
      "norm_ratio_last_first": 452328128512.0
    }
  },
  "p864_residual_contribution": {
    "residual_retention": [
      {
        "layer": 1,
        "diff_norm": 0.0861658826470375,
        "change_norm": 0.0861658826470375,
        "change_ratio": 1.0
      },
      {
        "layer": 2,
        "diff_norm": 0.22698496282100677,
        "change_norm": 0.21049471199512482,
        "change_ratio": 0.9273509383201599
      },
      {
        "layer": 3,
        "diff_norm": 0.4592097997665405,
        "change_norm": 0.38822993636131287,
        "change_ratio": 0.8454304337501526
      },
      {
        "layer": 4,
        "diff_norm": 0.5584969520568848,
        "change_norm": 0.35780102014541626,
        "change_ratio": 0.6406499147415161
      },
      {
        "layer": 5,
        "diff_norm": 0.8013360500335693,
        "change_norm": 0.6082859039306641,
        "change_ratio": 0.7590896487236023
      },
      {
        "layer": 6,