{
  "model": "qwen3",
  "d_model": 2560,
  "n_layers": 36,
  "n_samples": 70,
  "timestamp": "2026-04-17T17:46:03.408749",
  "p861_dimension_curse": {
    "dim_5": {
      "accuracy": 0.45714285714285713,
      "std": 0.07284313590846835,
      "random_acc": 0.21428571428571427,
      "real_vs_random": 2.1333333333333333
    },
    "dim_10": {
      "accuracy": 0.7142857142857142,
      "std": 0.09035079029052512,
      "random_acc": 0.21428571428571425,
      "real_vs_random": 3.3333333333333335
    },
    "dim_20": {
      "accuracy": 0.7857142857142858,
      "std": 0.14982983545287878,
      "random_acc": 0.2,
      "real_vs_random": 3.928571428571429
    },
    "dim_50": {
      "accuracy": 0.7714285714285715,
      "std": 0.12289036095775183,
      "random_acc": 0.22857142857142856,
      "real_vs_random": 3.3750000000000004
    },
    "dim_69": {
      "accuracy": 0.7714285714285715,
      "std": 0.12289036095775183,
      "random_acc": 0.21428571428571427,
      "real_vs_random": 3.6000000000000005
    }
  },
  "p862_pair_validation": {
    "pair_consistency": 0.8857142857142857,
    "random_consistency": 0.04031428571428571,
    "ratio": 21.970233876683203
  },
  "p863_propagation": {
    "syntax": {
      "norms": [
        0.952471137046814,
        5.332380771636963,
        6.645313262939453,
        7.344576835632324,
        8.50351333618164,
        10.586094856262207,
        13.2756929397583,
        18.195405960083008,
        22.657068252563477,
        26.720531463623047,
        26.96430206298828,
        26.89004898071289,
        26.05645751953125,
        26.519590377807617,
        27.319746017456055,
        27.680038452148438,
        28.22831916809082,
        27.96066665649414,
        27.107358932495117,
        28.372018814086914,
        31.19236183166504,
        33.15412902832031,
        35.42250442504883,
        37.90877151489258,
        46.675621032714844,
        54.214691162109375,
        60.63980484008789,
        70.37364196777344,
        79.03740692138672,
        91.5210952758789,
        103.26020812988281,
        124.10601043701172,
        137.4066925048828,
        159.38905334472656,
        181.4380645751953,
        201.83749389648438
      ],
      "cos_with_layer0": [
        1.0,
        0.18763208389282227,
        0.16933195292949677,
        0.15817543864250183,
        0.14217066764831543,
        0.10905995965003967,
        0.06821499764919281,
        0.036199893802404404,
        0.04604412615299225,
        0.025428837165236473,
        0.02606872282922268,
        0.0271452683955431,
        0.04801114276051521,
        0.038378965109586716,
        0.03413791209459305,
        0.04654768854379654,
        0.04394536092877388,
        0.04710591956973076,
        0.053681135177612305,
        0.042128536850214005,
        0.059410981833934784,
        0.0497884638607502,
        0.060794271528720856,
        0.04616368189454079,
        0.06797008216381073,
        0.07114528864622116,
        0.06279315799474716,
        0.051130298525094986,
        0.05191386863589287,
        0.051415715366601944,
        0.056246306747198105,
        0.052189476788043976,
        0.035309240221977234,
        0.052311766892671585,
        0.050228092819452286,
        0.0550808310508728
      ],
      "norm_ratio_last_first": 211.9093017578125
    },
    "semantic": {
      "norms": [
        0.0,
        1.862471580505371,
        2.529366970062256,
        2.746499538421631,
        3.181232452392578,
        3.627591848373413,
        4.58721923828125,
        9.237716674804688,
        10.31335735321045,
        17.213232040405273,
        16.56654930114746,
        15.3931245803833,
        16.616348266601562,
        18.926769256591797,
        18.82159423828125,
        19.987560272216797,
        20.787002563476562,
        20.925622940063477,
        22.392515182495117,
        22.48790740966797,
        23.927114486694336,
        24.564170837402344,
        25.509653091430664,
        27.86622428894043,
        32.13330841064453,
        35.468040466308594,
        38.758304595947266,
        43.216880798339844,
        46.986122131347656,
        50.832359313964844,
        54.16209030151367,
        64.78270721435547,
        73.05521392822266,
        81.71510314941406,
        89.10979461669922,
        105.05267333984375
      ],
      "cos_with_layer0": [
        1.0,
        0.0,
        0.0,
        0.0,
        0.0,
        0.0,
        0.0,
        0.0,
        0.0,
        0.0,
        0.0,
        0.0,
        0.0,
        0.0,
        0.0,
        0.0,
        0.0,
        0.0,
        0.0,
        0.0,
        0.0,
        0.0,
        0.0,
        0.0,
        0.0,
        0.0,
        0.0,
        0.0,
        0.0,
        0.0,
        0.0,
        0.0,
        0.0,
        0.0,
        0.0,
        0.0
      ],
      "norm_ratio_last_first": 1050526744576.0
    },
    "polarity": {
      "norms": [
        0.0,
        1.4303526878356934,
        2.1993088722229004,
        2.949695587158203,
        3.20167875289917,
        3.877098321914673,
        9.780939102172852,
        12.89319896697998,
        16.247711181640625,
        22.676464080810547,
        22.010358810424805,
        19.172101974487305,
        19.694164276123047,
        20.93519401550293,
        21.621143341064453,
        23.636945724487305,
        26.352462768554688,
        26.30608367919922,
        27.31864356994629,
        28.171226501464844,
        30.28717613220215,
        30.783199310302734,
        32.04789352416992,
        35.0307502746582,
        39.8504638671875,
        44.605995178222656,
        48.5279541015625,
        53.24728012084961,
        58.25669479370117,
        63.696712493896484,
        69.03990173339844,
        80.8952865600586,
        93.56098937988281,
        104.28849029541016,
        111.82801055908203,
        124.36743927001953
      ],
      "cos_with_layer0": [
        1.0,
        0.0,
        0.0,
        0.0,
        0.0,
        0.0,
        0.0,
        0.0,
        0.0,
        0.0,
        0.0,
        0.0,
        0.0,
        0.0,
        0.0,
        0.0,
        0.0,
        0.0,
        0.0,
        0.0,
        0.0,
        0.0,
        0.0,
        0.0,
        0.0,
        0.0,
        0.0,
        0.0,
        0.0,
        0.0,
        0.0,
        0.0,
        0.0,
        0.0,
        0.0,
        0.0
      ],
      "norm_ratio_last_first": 1243674312704.0
    }
  },
  "p864_residual_contribution": {
    "residual_retention": [
      {
        "layer": 1,
        "diff_norm": 1.4303526878356934,
        "change_norm": 1.4303526878356934,
        "change_ratio": 1.0
      },
      {
        "layer": 2,
        "diff_norm": 2.1993088722229004,
        "change_norm": 1.6624549627304077,
        "change_ratio": 0.7558988332748413
      },
      {
        "layer": 3,
        "diff_norm": 2.949695587158203,
        "change_norm": 1.8753018379211426,
        "change_ratio": 0.6357611417770386
      },
      {
        "layer": 4,
        "diff_norm": 3.20167875289917,
        "change_norm": 1.520372986793518,
        "change_ratio": 0.47486743330955505
      },
      {
        "layer": 5,
        "diff_norm": 3.877098321914673,
        "change_norm": 2.2137017250061035,
        "change_ratio": 0.5709686875343323
      },
      {
        "layer": 6,
        "diff_norm": 9.780939102172852,
        "change_norm": 9.09416675567627,
        "change_ratio": 0.9297845959663391
      },
      {
        "layer": 7,
        "diff_norm": 12.89319896697998,
        "change_norm": 10.236491203308105,
        "change_ratio": 0.7939450144767761
      },
      {
        "layer": 8,
        "diff_norm": 16.247711181640625,
        "change_norm": 12.478663444519043,
        "change_ratio": 0.7680259346961975
      },
      {
        "layer": 9,
        "diff_norm": 22.676464080810547,
        "change_norm": 17.857637405395508,