{
  "model_id": "deepseek-ai/DeepSeek-R1-Distill-Qwen-7B",
  "probe_json": "tempdata/deepseek7b_multidim_encoding_probe_v2_specific/multidim_encoding_probe.json",
  "top_n": 64,
  "baseline_pair_delta_l2": {
    "style": [
      771.1541137695312,
      1086.840576171875,
      1401.038818359375
    ],
    "logic": [
      575.972900390625,
      408.70916748046875,
      483.2996520996094
    ],
    "syntax": [
      291.89337158203125,
      270.28643798828125,
      271.5718688964844
    ]
  },
  "suppression_matrix_raw": {
    "style": {
      "style": [
        2.374434182227851e-07,
        -0.00022148846990778127,
        6.674037731837861e-05
      ],
      "logic": [
        -2.4372823665799843e-06,
        0.0,
        0.00010305136220072246
      ],
      "syntax": [
        0.00020512794777329535,
        -5.00183701779412e-05,
        -1.258587188683683e-05
      ]
    },
    "logic": {
      "style": [
        0.00019604911564594622,
        -0.002517915070178824,
        -0.0006903185502526289
      ],
      "logic": [
        0.015860879922515614,
        0.00814712204114188,
        0.034688275628043434
      ],
      "syntax": [
        -0.0006474808259735057,
        0.0005587831016041332,
        -0.001856078981740035
      ]
    },
    "syntax": {
      "style": [
        0.0013163863106271205,
        -0.0016962063248211526,
        -0.008322856139635506
      ],
      "logic": [
        -0.0012899581847120934,
        2.1355105385951716e-05,
        -0.0013872153040365635
      ],
      "syntax": [
        0.01946864961198198,
        0.00699907166808216,
        -0.0018548428693225779
      ]
    }
  },
  "suppression_matrix_mean": {
    "style": {
      "style": -5.150354972372663e-05,
      "logic": 3.353802661138083e-05,
      "syntax": 4.7507901902839106e-05
    },
    "logic": {
      "style": -0.001004061501595169,
      "logic": 0.01956542586390031,
      "syntax": -0.0006482589020364691
    },
    "syntax": {
      "style": -0.002900892051276513,
      "logic": -0.000885272794454235,
      "syntax": 0.00820429280358052
    }
  },
  "diagonal_advantage": {
    "style": -9.202651398083659e-05,
    "logic": 0.02039158606571613,
    "syntax": 0.010097375226445894
  }
}