{
  "tense": {
    "5": {
      "feat_eff": 19.354166666666668,
      "sigma1": 77.97280883789062,
      "SA": 0.24821687143405274,
      "verdict": "NOT>1"
    },
    "15": {
      "feat_eff": 26.583333333333332,
      "sigma1": 111.07967122395833,
      "SA": 0.23931771709817304,
      "verdict": "NOT>1"
    },
    "24": {
      "feat_eff": 47.75,
      "sigma1": 180.34889221191406,
      "SA": 0.2647645872085128,
      "verdict": "NOT>1"
    },
    "34": {
      "feat_eff": 63.5,
      "sigma1": 380.3331298828125,
      "SA": 0.1669588973739035,
      "verdict": "NOT>1"
    }
  },
  "question": {
    "5": {
      "feat_eff": 20.104166666666668,
      "sigma1": 89.45933787027995,
      "SA": 0.22472966093062985,
      "verdict": "NOT>1"
    },
    "15": {
      "feat_eff": 26.083333333333332,
      "sigma1": 116.21007283528645,
      "SA": 0.22444984928546824,
      "verdict": "NOT>1"
    },
    "24": {
      "feat_eff": 49.75,
      "sigma1": 183.24373372395834,
      "SA": 0.2714963234428758,
      "verdict": "NOT>1"
    },
    "34": {
      "feat_eff": 85.33333333333333,
      "sigma1": 363.50429280598956,
      "SA": 0.23475192734210062,
      "verdict": "NOT>1"
    }
  }
}