{
  "n3": {
    "model": "deepseek7b",
    "target_layer": 14,
    "cross_regular_irregular": {
      "mean": 0.19214750675397227,
      "max": 0.9996286034584045,
      "min": -0.99921053647995
    },
    "direction_consistency": {
      "regular": {
        "mean_cos": 0.18204834367405917,
        "min_cos": -0.9992828369140625,
        "n": 20
      },
      "irregular": {
        "mean_cos": 0.17562613431731924,
        "min_cos": -0.9985008835792542,
        "n": 20
      },
      "polarity": {
        "mean_cos": 0.8854558855295181,
        "min_cos": 0.13902871310710907,
        "n": 15
      },
      "semantic": {
        "mean_cos": 0.05514611665987306,
        "min_cos": -0.07972411811351776,
        "n": 10
      }
    },
    "effective_dim": {
      "regular": {
        "dim_90": 12,
        "top5_var": [
          0.4422026722727771,
          0.06609455527353444,
          0.05844131082490261,
          0.049796590824599606,
          0.04713446929961002
        ]
      },
      "irregular": {
        "dim_90": 12,
        "top5_var": [
          0.36872567335863327,
          0.10283113270915122,
          0.05812057278751532,
          0.05425292654228128,
          0.052044975590236735
        ]
      },
      "polarity": {
        "dim_90": 1,
        "top5_var": [
          0.9975977438055295,
          0.0009013828076626796,
          0.0003091578731788459,
          0.0002682690614269336,
          0.0001469715154190538
        ]
      },
      "semantic": {
        "dim_90": 7,
        "top5_var": [
          0.22060728863398657,
          0.15790826073274306,
          0.13746572449743824,
          0.11913751515635684,
          0.1062734847830139
        ]
      }
    }
  }
}