{
  "model": "glm4",
  "target_layer": 20,
  "cross_regular_irregular": {
    "mean": 0.300489545785822,
    "max": 0.9845043420791626,
    "min": -0.9602225422859192
  },
  "direction_consistency": {
    "regular": {
      "mean_cos": 0.28689206206288775,
      "min_cos": -0.9578688144683838,
      "n": 20
    },
    "irregular": {
      "mean_cos": 0.31617835917461073,
      "min_cos": -0.06734095513820648,
      "n": 20
    },
    "polarity": {
      "mean_cos": 0.8602046607860497,
      "min_cos": 0.018344853073358536,
      "n": 15
    },
    "semantic": {
      "mean_cos": 0.06593325946273075,
      "min_cos": -0.09839425981044769,
      "n": 10
    }
  },
  "effective_dim": {
    "regular": {
      "dim_90": 16,
      "top5_var": [
        0.14873971998798163,
        0.1020432874449939,
        0.07127240793513324,
        0.0654088368001442,
        0.06064582611923164
      ]
    },
    "irregular": {
      "dim_90": 16,
      "top5_var": [
        0.1343679481524487,
        0.09032449467386355,
        0.07513235285539788,
        0.06927876695507681,
        0.06577155654071172
      ]
    },
    "polarity": {
      "dim_90": 1,
      "top5_var": [
        0.9150086171130768,
        0.01858915083501399,
        0.011980584211030054,
        0.007703748062772391,
        0.0068064595802090075
      ]
    },
    "semantic": {
      "dim_90": 7,
      "top5_var": [
        0.23310373625685255,
        0.1655272452973189,
        0.13378924169599393,
        0.11594952401020354,
        0.10475457270000511
      ]
    }
  }
}