{
  "n3": {
    "model": "qwen3",
    "target_layer": 18,
    "cross_regular_irregular": {
      "mean": 0.33004657733952625,
      "max": 0.9952414631843567,
      "min": -0.9936736226081848
    },
    "direction_consistency": {
      "regular": {
        "mean_cos": 0.2960892432712411,
        "min_cos": -0.9959617257118225,
        "n": 20
      },
      "irregular": {
        "mean_cos": 0.35712856233218,
        "min_cos": -0.3156581223011017,
        "n": 20
      },
      "polarity": {
        "mean_cos": 0.8667077450702588,
        "min_cos": 0.0032714814879000187,
        "n": 15
      },
      "semantic": {
        "mean_cos": 0.03203222750582629,
        "min_cos": -0.5134270787239075,
        "n": 10
      }
    },
    "effective_dim": {
      "regular": {
        "dim_90": 15,
        "top5_var": [
          0.23377787061417601,
          0.1008987134624955,
          0.07445511118831948,
          0.06270619784436747,
          0.055931565579556496
        ]
      },
      "irregular": {
        "dim_90": 15,
        "top5_var": [
          0.18034002099278212,
          0.11021746106584346,
          0.08707885204581256,
          0.06632283561827339,
          0.05819655262061071
        ]
      },
      "polarity": {
        "dim_90": 1,
        "top5_var": [
          0.9879642707859384,
          0.00657657696119122,
          0.0012863688548348069,
          0.0008103723398111666,
          0.0005754327452194911
        ]
      },
      "semantic": {
        "dim_90": 8,
        "top5_var": [
          0.24774193056501162,
          0.14576760474186642,
          0.12101776840783186,
          0.11466627686622576,
          0.10608202793185352
        ]
      }
    }
  }
}