{
  "model": "DeepSeek-R1-Distill-Qwen-7B",
  "results": {
    "3": {
      "layer": 3,
      "activation_norm": 63.12150955200195,
      "curv_mean": 0.2611950682152464,
      "curv_std": 0.06287085744777719,
      "curv_cv": 0.24070461151240394,
      "curv_skew": 0.12161543553773686,
      "curv_kurtosis": -0.7206464400187649,
      "curv_max": 0.4139875578455016,
      "curv_min": 0.15762757031803493,
      "curv_range_ratio": 2.6263651513982564,
      "curv_p90_p10": 2.0379798557194997,
      "jac_norm_mean": 1.06818425655365,
      "jac_proj_std": 0.014928399124257832,
      "jac_proj_mean": 0.9608603787050206
    },
    "7": {
      "layer": 7,
      "activation_norm": 104.64279174804688,
      "curv_mean": 0.2099969466607747,
      "curv_std": 0.04058434086157205,
      "curv_cv": 0.19326157588283943,
      "curv_skew": -0.643632594489476,
      "curv_kurtosis": -1.1352024115600836,
      "curv_max": 0.269689778647067,
      "curv_min": 0.13780342944971638,
      "curv_range_ratio": 1.957061442725335,
      "curv_p90_p10": 1.758188919989297,
      "jac_norm_mean": 1.1093451976776123,
      "jac_proj_std": 0.02858831836948117,
      "jac_proj_mean": 0.8516152235754364
    },
    "14": {
      "layer": 14,
      "activation_norm": 190.5980682373047,
      "curv_mean": 0.07103161548723243,
      "curv_std": 0.011694378473441364,
      "curv_cv": 0.16463624509680125,
      "curv_skew": -0.4290859417274804,
      "curv_kurtosis": -0.8994465765973381,
      "curv_max": 0.08890721356917078,
      "curv_min": 0.04992290291819869,
      "curv_range_ratio": 1.7808902967193416,
      "curv_p90_p10": 1.6867666090516733,
      "jac_norm_mean": 1.0258772373199463,
      "jac_proj_std": 0.023371014704387048,
      "jac_proj_mean": 0.8691037330112871
    },
    "21": {
      "layer": 21,
      "activation_norm": 349.171630859375,
      "curv_mean": 0.02801742039038152,
      "curv_std": 0.0030922756737815043,
      "curv_cv": 0.11036974923666129,
      "curv_skew": 0.10846159446317712,
      "curv_kurtosis": -1.2503986543699013,
      "curv_max": 0.03363821636747683,
      "curv_min": 0.023419578519543727,
      "curv_range_ratio": 1.436328847497094,
      "curv_p90_p10": 1.3637504291209144,
      "jac_norm_mean": 1.0874940156936646,
      "jac_proj_std": 0.013553307731615562,
      "jac_proj_mean": 0.9514508644533972
    },
    "26": {
      "layer": 26,
      "activation_norm": 830.8673706054688,
      "curv_mean": 0.006335016096988594,
      "curv_std": 0.0004703248719314039,
      "curv_cv": 0.07424209462242212,
      "curv_skew": 0.944784806441358,
      "curv_kurtosis": 0.2994347105059183,
      "curv_max": 0.007622879735125875,
      "curv_min": 0.00557414075692439,
      "curv_range_ratio": 1.367543435084973,
      "curv_p90_p10": 1.2359865098507463,
      "jac_norm_mean": 1.1194409132003784,
      "jac_proj_std": 0.01149264910748505,
      "jac_proj_mean": 1.0151259705962477
    }
  },
  "n_dirs": 25,
  "eps_rel": 0.05
}