{
  "experiment": "exp1_wdown_readout",
  "model": "glm4",
  "timestamp": "2026-04-28T12:38:41.036517",
  "k_disc": 200,
  "layer_results": [
    {
      "layer": 0,
      "n_intermediate": 13696,
      "cat_readout": {
        "animals": {
          "cos_own": -0.012044447474181652,
          "mean_cos_other": 0.00877453968860209,
          "own_vs_other": -0.020818987162783742,
          "cos_rand_own": 0.02246745675802231,
          "cos_rand_other": -0.012522525154054165,
          "rand_own_vs_other": 0.03498998191207647,
          "cos_disc_col_mean_own": -0.012710916809737682
        },
        "food": {
          "cos_own": -0.012592285871505737,
          "mean_cos_other": 0.005898183832565944,
          "own_vs_other": -0.018490469704071682,
          "cos_rand_own": -0.018952740356326103,
          "cos_rand_other": 0.0014403673509756725,
          "rand_own_vs_other": -0.020393107707301777,
          "cos_disc_col_mean_own": -0.012223969213664532
        },
        "tools": {
          "cos_own": 0.0319211371243,
          "mean_cos_other": 0.01651748360018246,
          "own_vs_other": 0.015403653524117544,
          "cos_rand_own": -0.009319288656115532,
          "cos_rand_other": -0.0017933823789159458,
          "rand_own_vs_other": -0.007525906277199586,
          "cos_disc_col_mean_own": 0.03430555388331413
        },
        "nature": {
          "cos_own": 0.011585872620344162,
          "mean_cos_other": -0.015946585374573868,
          "own_vs_other": 0.02753245799491803,
          "cos_rand_own": -0.009834060445427895,
          "cos_rand_other": -0.0025533915807803473,
          "rand_own_vs_other": -0.007280668864647547,
          "cos_disc_col_mean_own": 0.01190582662820816
        }
      },
      "avg_cos_own": 0.004717569099739194,
      "avg_own_vs_other": 0.0009066636630450367,
      "avg_rand_own": -0.003909658174961805,
      "avg_rand_own_vs_other": -5.2425234268109076e-05,
      "avg_disc_col_own": 0.00531912362203002
    },
    {
      "layer": 6,
      "n_intermediate": 13696,
      "cat_readout": {
        "animals": {
          "cos_own": 0.015374534763395786,
          "mean_cos_other": 0.01786024821922183,
          "own_vs_other": -0.002485713455826044,
          "cos_rand_own": -0.007798877079039812,
          "cos_rand_other": 0.01982743199914694,
          "rand_own_vs_other": -0.02762630907818675,
          "cos_disc_col_mean_own": 0.01419028639793396
        },
        "food": {
          "cos_own": -0.006991494446992874,
          "mean_cos_other": -0.006884902560462554,
          "own_vs_other": -0.00010659188653032014,
          "cos_rand_own": 0.015015725046396255,
          "cos_rand_other": 0.01288585551083088,
          "rand_own_vs_other": 0.0021298695355653763,
          "cos_disc_col_mean_own": -0.008163755759596825
        },
        "tools": {
          "cos_own": 0.01481061615049839,
          "mean_cos_other": -0.0021325648995116353,
          "own_vs_other": 0.016943181050010026,
          "cos_rand_own": 0.013835329562425613,
          "cos_rand_other": 0.012819684421022734,
          "rand_own_vs_other": 0.0010156451414028798,
          "cos_disc_col_mean_own": 0.015482177026569843
        },
        "nature": {
          "cos_own": -0.005445609334856272,
          "mean_cos_other": -0.001737949807041635,
          "own_vs_other": -0.003707659527814637,
          "cos_rand_own": 0.03154474496841431,
          "cos_rand_other": 0.005311702378094196,
          "rand_own_vs_other": 0.02623304259032011,
          "cos_disc_col_mean_own": -0.002387658227235079
        }
      },
      "avg_cos_own": 0.004437011783011258,
      "avg_own_vs_other": 0.0026608040449597557,
      "avg_rand_own": 0.01314923062454909,
      "avg_rand_own_vs_other": 0.00043806204727540356,
      "avg_disc_col_own": 0.004780262359417975
    },
    {
      "layer": 12,
      "n_intermediate": 13696,
      "cat_readout": {
        "animals": {
          "cos_own": 0.003101728158071637,
          "mean_cos_other": 0.020104229760666687,
          "own_vs_other": -0.01700250160259505,
          "cos_rand_own": -0.00039428213494829834,
          "cos_rand_other": 0.0037098623191316924,
          "rand_own_vs_other": -0.004104144454079991,
          "cos_disc_col_mean_own": 0.0021433851215988398
        },
        "food": {
          "cos_own": 0.010191804729402065,
          "mean_cos_other": 0.017237778287380934,
          "own_vs_other": -0.0070459735579788685,
          "cos_rand_own": 0.01251052413135767,
          "cos_rand_other": -0.00043065335679178435,
          "rand_own_vs_other": 0.012941177488149455,
          "cos_disc_col_mean_own": 0.01346351858228445
        },
        "tools": {
          "cos_own": 0.0012076238635927439,
          "mean_cos_other": 0.004226990121727188,
          "own_vs_other": -0.0030193662581344443,
          "cos_rand_own": 0.015600687824189663,
          "cos_rand_other": 0.00024203550613795718,
          "rand_own_vs_other": 0.015358652318051705,
          "cos_disc_col_mean_own": 8.151824295055121e-05
        },
        "nature": {
          "cos_own": -0.0009421381982974708,
          "mean_cos_other": -0.009941911305456111,
          "own_vs_other": 0.00899977310715864,
          "cos_rand_own": -0.016383694484829903,
          "cos_rand_other": 0.008962333823243776,
          "rand_own_vs_other": -0.025346028308073677,
          "cos_disc_col_mean_own": 0.0031720963306725025
        }
      },
      "avg_cos_own": 0.003389754638192244,
      "avg_own_vs_other": -0.004517017077887431,
      "avg_rand_own": 0.002833308833942283,
      "avg_rand_own_vs_other": -0.00028758573898812756,
      "avg_disc_col_own": 0.004715129569376586
    },
    {
      "layer": 18,
      "n_intermediate": 13696,
      "cat_readout": {
        "animals": {
          "cos_own": -0.02051589824259281,
          "mean_cos_other": -0.004832947005828221,
          "own_vs_other": -0.01568295123676459,
          "cos_rand_own": -0.017700962722301483,
          "cos_rand_other": -0.007100539184951534,
          "rand_own_vs_other": -0.01060042353734995,
          "cos_disc_col_mean_own": -0.017253447324037552
        },
        "food": {
          "cos_own": -0.013568500056862831,
          "mean_cos_other": 0.005118160198132197,
          "own_vs_other": -0.01868666025499503,
          "cos_rand_own": -0.03051559068262577,
          "cos_rand_other": -0.002884292606419573,
          "rand_own_vs_other": -0.027631298076206196,
          "cos_disc_col_mean_own": -0.010898183099925518
        },
        "tools": {
          "cos_own": -0.01816307194530964,
          "mean_cos_other": -0.010010959599943211,
          "own_vs_other": -0.008152112345366428,
          "cos_rand_own": -0.0037321005947887897,
          "cos_rand_other": -0.014080644274751345,
          "rand_own_vs_other": 0.010348543679962555,
          "cos_disc_col_mean_own": -0.025222305208444595
        },
        "nature": {
          "cos_own": 0.011754469946026802,
          "mean_cos_other": 0.016467512895663578,
          "own_vs_other": -0.004713042949636776,
          "cos_rand_own": 0.007743676658719778,
          "cos_rand_other": -0.018374361175422866,
          "rand_own_vs_other": 0.026118037834142644,
          "cos_disc_col_mean_own": 0.012088345363736153
        }
      },
      "avg_cos_own": -0.01012325007468462,
      "avg_own_vs_other": -0.011808691696690705,
      "avg_rand_own": -0.011051244335249066,
      "avg_rand_own_vs_other": -0.00044128502486273733,
      "avg_disc_col_own": -0.010321397567167878
    },
    {
      "layer": 24,
      "n_intermediate": 13696,
      "cat_readout": {
        "animals": {
          "cos_own": 0.025150423869490623,
          "mean_cos_other": -0.003098196854504446,
          "own_vs_other": 0.02824862072399507,
          "cos_rand_own": 0.010952185839414597,
          "cos_rand_other": -0.0007343217730522156,
          "rand_own_vs_other": 0.011686507612466812,