{
  "experiment": "exp3_last_layer",
  "model": "glm4",
  "timestamp": "2026-04-28T12:52:04.617606",
  "results": [
    {
      "layer": 39,
      "label": "last",
      "n_intermediate": 13696,
      "gate_row_norm_mean": 0.8993393182754517,
      "gate_row_norm_top1pct": 1.397062343358993,
      "down_col_norm_mean": 0.7062199711799622,
      "down_col_norm_top1pct": 0.8527532428503034,
      "w_down_proj_in_WU": 0.05162416331525976,
      "random_proj_in_WU": 0.04873029115668336,
      "proj_ratio": 1.0593854887768202,
      "w_down_svd_n80": 2251,
      "w_down_svd_n90": 2913,
      "w_down_svd_n95": 3373,
      "w_down_top5_sv": 0.020098352804780006,
      "w_down_top10_sv": 0.02750011906027794,
      "max_cos_wdown_wu_mean": 0.08403565734624863,
      "max_cos_above_03_frac": 0.033,
      "max_cos_above_05_frac": 0.007
    },
    {
      "layer": 38,
      "label": "last-1",
      "n_intermediate": 13696,
      "gate_row_norm_mean": 0.902155339717865,
      "gate_row_norm_top1pct": 1.2997960448265073,
      "down_col_norm_mean": 0.7928509712219238,
      "down_col_norm_top1pct": 1.0705964505672454,
      "w_down_proj_in_WU": 0.04747705256732937,
      "random_proj_in_WU": 0.0487302846988493,
      "proj_ratio": 0.974282273554016,
      "w_down_svd_n80": 2401,
      "w_down_svd_n90": 3048,
      "w_down_svd_n95": 3475,
      "w_down_top5_sv": 0.011063141748309135,
      "w_down_top10_sv": 0.0171989593654871,
      "max_cos_wdown_wu_mean": 0.0796135812997818,
      "max_cos_above_03_frac": 0.03,
      "max_cos_above_05_frac": 0.007
    },
    {
      "layer": 20,
      "label": "mid",
      "n_intermediate": 13696,
      "gate_row_norm_mean": 0.9019935727119446,
      "gate_row_norm_top1pct": 1.4460143446922298,
      "down_col_norm_mean": 0.895616352558136,
      "down_col_norm_top1pct": 1.0754204213619232,
      "w_down_proj_in_WU": 0.05139110267178612,
      "random_proj_in_WU": 0.04873028025572361,
      "proj_ratio": 1.0546030599885579,
      "w_down_svd_n80": 2133,
      "w_down_svd_n90": 2805,
      "w_down_svd_n95": 3282,
      "w_down_top5_sv": 0.011699829250574112,
      "w_down_top10_sv": 0.02114792726933956,
      "max_cos_wdown_wu_mean": 0.060850974172353745,
      "max_cos_above_03_frac": 0.001,
      "max_cos_above_05_frac": 0.0
    }
  ]
}