{
  "model": "Qwen3-4B",
  "n_layers": 36,
  "d_model": 2560,
  "grid": [
    [
      6,
      8
    ],
    [
      6,
      15
    ],
    [
      6,
      24
    ],
    [
      6,
      34
    ],
    [
      12,
      14
    ],
    [
      12,
      19
    ],
    [
      12,
      26
    ],
    [
      12,
      34
    ],
    [
      18,
      20
    ],
    [
      18,
      23
    ],
    [
      18,
      28
    ],
    [
      18,
      34
    ],
    [
      24,
      26
    ],
    [
      24,
      27
    ],
    [
      24,
      30
    ],
    [
      24,
      34
    ]
  ],
  "pairs": {
    "tense_x_question": {
      "pair": "tense_x_question",
      "feature_A": "tense",
      "feature_B": "question",
      "n_samples": 15,
      "panorama_data": {
        "L6_L8": {
          "l1": 6,
          "l2": 8,
          "distance": 2,
          "curvature_norm_mean": 10.588790893554688,
          "curvature_norm_std": 3.7043685913085938,
          "mean_single_effect": 6.191484880447388,
          "mean_A_effect": 4.7534613609313965,
          "mean_B_effect": 7.629508972167969,
          "relative_curvature": 1.710218323688862,
          "n_valid": 15
        },
        "L6_L15": {
          "l1": 6,
          "l2": 15,
          "distance": 9,
          "curvature_norm_mean": 24.125131607055664,
          "curvature_norm_std": 5.273567199707031,
          "mean_single_effect": 10.681942431131999,
          "mean_A_effect": 4.7534613609313965,
          "mean_B_effect": 16.610424041748047,
          "relative_curvature": 2.258496688441074,
          "n_valid": 15
        },
        "L6_L24": {
          "l1": 6,
          "l2": 24,
          "distance": 18,
          "curvature_norm_mean": 42.95557403564453,
          "curvature_norm_std": 10.257402420043945,
          "mean_single_effect": 17.57756233215332,
          "mean_A_effect": 4.7534613609313965,
          "mean_B_effect": 30.401662826538086,
          "relative_curvature": 2.4437731025322402,
          "n_valid": 15
        },
        "L6_L34": {
          "l1": 6,
          "l2": 34,
          "distance": 28,
          "curvature_norm_mean": 53.67841339111328,
          "curvature_norm_std": 5.266727447509766,
          "mean_single_effect": 21.041965866088866,
          "mean_A_effect": 4.7534613609313965,
          "mean_B_effect": 37.330467224121094,
          "relative_curvature": 2.5510170357878046,
          "n_valid": 15
        },
        "L12_L14": {
          "l1": 12,
          "l2": 14,
          "distance": 2,
          "curvature_norm_mean": 18.376415252685547,
          "curvature_norm_std": 5.098880290985107,
          "mean_single_effect": 15.450868797302245,
          "mean_A_effect": 10.398524284362793,
          "mean_B_effect": 20.50321388244629,
          "relative_curvature": 1.1893451102099304,
          "n_valid": 15
        },
        "L12_L19": {
          "l1": 12,
          "l2": 19,
          "distance": 7,
          "curvature_norm_mean": 25.06464385986328,
          "curvature_norm_std": 4.902021408081055,
          "mean_single_effect": 16.312288284301758,
          "mean_A_effect": 10.398524284362793,
          "mean_B_effect": 22.226051330566406,
          "relative_curvature": 1.5365498342639494,
          "n_valid": 15
        },
        "L12_L26": {
          "l1": 12,
          "l2": 26,
          "distance": 14,
          "curvature_norm_mean": 61.78163528442383,
          "curvature_norm_std": 10.325907707214355,
          "mean_single_effect": 23.018316396077473,
          "mean_A_effect": 10.398524284362793,
          "mean_B_effect": 35.63811111450195,
          "relative_curvature": 2.6840205956454564,
          "n_valid": 15
        },
        "L12_L34": {
          "l1": 12,
          "l2": 34,
          "distance": 22,
          "curvature_norm_mean": 51.61079025268555,
          "curvature_norm_std": 6.400437355041504,
          "mean_single_effect": 23.864497502644856,
          "mean_A_effect": 10.398524284362793,
          "mean_B_effect": 37.330467224121094,
          "relative_curvature": 2.1626598358817053,
          "n_valid": 15
        },
        "L18_L20": {
          "l1": 18,
          "l2": 20,
          "distance": 2,
          "curvature_norm_mean": 18.70842742919922,
          "curvature_norm_std": 3.611393690109253,
          "mean_single_effect": 18.368782552083335,
          "mean_A_effect": 10.82325267791748,
          "mean_B_effect": 25.9143123626709,
          "relative_curvature": 1.0184903314115128,
          "n_valid": 15
        },
        "L18_L23": {
          "l1": 18,
          "l2": 23,
          "distance": 5,
          "curvature_norm_mean": 41.61928176879883,
          "curvature_norm_std": 8.910273551940918,
          "mean_single_effect": 18.060589408874513,
          "mean_A_effect": 10.82325267791748,
          "mean_B_effect": 25.297929763793945,
          "relative_curvature": 2.3044254440620713,
          "n_valid": 15
        },
        "L18_L28": {
          "l1": 18,
          "l2": 28,
          "distance": 10,
          "curvature_norm_mean": 68.72598266601562,
          "curvature_norm_std": 10.375078201293945,
          "mean_single_effect": 23.796373494466145,
          "mean_A_effect": 10.82325267791748,
          "mean_B_effect": 36.76949691772461,
          "relative_curvature": 2.8880864002957876,
          "n_valid": 15
        },
        "L18_L34": {
          "l1": 18,
          "l2": 34,
          "distance": 16,
          "curvature_norm_mean": 51.29938507080078,
          "curvature_norm_std": 6.296825885772705,
          "mean_single_effect": 24.076861063639324,
          "mean_A_effect": 10.82325267791748,
          "mean_B_effect": 37.330467224121094,
          "relative_curvature": 2.130650874090046,
          "n_valid": 15
        },
        "L24_L26": {
          "l1": 24,
          "l2": 26,
          "distance": 2,
          "curvature_norm_mean": 26.832813262939453,
          "curvature_norm_std": 4.485919952392578,
          "mean_single_effect": 26.635343297322592,
          "mean_A_effect": 17.63257598876953,
          "mean_B_effect": 35.63811111450195,
          "relative_curvature": 1.0074138321895019,
          "n_valid": 15
        },
        "L24_L27": {
          "l1": 24,
          "l2": 27,
          "distance": 3,
          "curvature_norm_mean": 30.597089767456055,
          "curvature_norm_std": 5.228687763214111,
          "mean_single_effect": 27.265637969970705,
          "mean_A_effect": 17.63257598876953,
          "mean_B_effect": 36.89870071411133,
          "relative_curvature": 1.122184993472086,
          "n_valid": 15
        },
        "L24_L30": {
          "l1": 24,
          "l2": 30,
          "distance": 6,
          "curvature_norm_mean": 40.91292953491211,
          "curvature_norm_std": 7.231456279754639,
          "mean_single_effect": 27.388722864786782,
          "mean_A_effect": 17.63257598876953,
          "mean_B_effect": 37.14487075805664,
          "relative_curvature": 1.4937874152344575,
          "n_valid": 15
        },
        "L24_L34": {
          "l1": 24,
          "l2": 34,
          "distance": 10,
          "curvature_norm_mean": 78.2207260131836,
          "curvature_norm_std": 9.067474365234375,
          "mean_single_effect": 27.481523768107095,
          "mean_A_effect": 17.63257598876953,
          "mean_B_effect": 37.330467224121094,
          "relative_curvature": 2.846302362013704,
          "n_valid": 15
        }
      }
    }
  },
  "timestamp": "2026-04-25T01:03:38.714301"
}