{
  "model": "deepseek7b",
  "results": [
    {
      "layer": 0,
      "within_mean": 52.03457771028791,
      "within_median": 52.69381904602051,
      "within_std": 7.557220128474558,
      "within_p10": 41.74564170837402,
      "within_p25": 46.970930099487305,
      "within_p75": 56.91289043426514,
      "within_p90": 61.15527153015137,
      "within_n": 896,
      "between_mean": 56.791851118807834,
      "between_median": 56.55203437805176,
      "between_std": 6.523573342697593,
      "between_p10": 48.68321571350098,
      "between_p25": 52.50949573516846,
      "between_p75": 60.84662055969238,
      "between_p90": 65.02575912475587,
      "between_n": 31744,
      "overlap_90_10": 0.31026785714285715,
      "wasserstein": 4.7597540199310275,
      "within_between_ratio": 0.9317758348667179
    },
    {
      "layer": 2,
      "within_mean": 119.83853059155601,
      "within_median": 116.79404830932617,
      "within_std": 23.273107593998493,
      "within_p10": 93.48034286499023,
      "within_p25": 104.96496963500977,
      "within_p75": 130.2495880126953,
      "within_p90": 149.6771011352539,
      "within_n": 896,
      "between_mean": 136.17142986049575,
      "between_median": 132.0634307861328,
      "between_std": 25.33325205637857,
      "between_p10": 109.02239761352538,
      "between_p25": 119.33285331726074,
      "between_p75": 147.54349899291992,
      "between_p90": 168.4196807861328,
      "between_n": 31744,
      "overlap_90_10": 0.33816964285714285,
      "wasserstein": 16.332899268939748,
      "within_between_ratio": 0.8843784203854714
    },
    {
      "layer": 4,
      "within_mean": 204.7349683557238,
      "within_median": 203.07971954345703,
      "within_std": 28.190432303283384,
      "within_p10": 170.1024398803711,
      "within_p25": 185.8569679260254,
      "within_p75": 222.60243606567383,
      "within_p90": 240.91790008544922,
      "within_n": 896,
      "between_mean": 241.8676007399636,
      "between_median": 239.99212646484375,
      "between_std": 28.556796807811708,
      "between_p10": 206.18000030517578,
      "between_p25": 221.22462844848633,
      "between_p75": 261.01708984375,
      "between_p90": 280.93352661132815,
      "between_n": 31744,
      "overlap_90_10": 0.5424107142857143,
      "wasserstein": 37.1326323842398,
      "within_between_ratio": 0.8461932586492833
    },
    {
      "layer": 6,
      "within_mean": 122.87760732855115,
      "within_median": 120.13681411743164,
      "within_std": 20.932692741993048,
      "within_p10": 98.61302947998047,
      "within_p25": 108.33425331115723,
      "within_p75": 135.38291549682617,
      "within_p90": 151.73973083496094,
      "within_n": 896,
      "between_mean": 141.51436910297602,
      "between_median": 139.31607818603516,
      "between_std": 21.063320167237613,
      "between_p10": 115.44824905395508,
      "between_p25": 126.0870590209961,
      "between_p75": 155.90486907958984,
      "between_p90": 170.95261840820314,
      "between_n": 31744,
      "overlap_90_10": 0.4095982142857143,
      "wasserstein": 18.636761774424855,
      "within_between_ratio": 0.8623327305912778
    },
    {
      "layer": 8,
      "within_mean": 160.75564214161463,
      "within_median": 159.00000762939453,
      "within_std": 27.427598133311054,
      "within_p10": 125.80617904663086,
      "within_p25": 140.61956024169922,
      "within_p75": 179.1829071044922,
      "within_p90": 199.83959197998047,
      "within_n": 896,
      "between_mean": 193.67160879219733,
      "between_median": 194.04019927978516,
      "between_std": 24.176822975325102,
      "between_p10": 161.35961456298827,
      "between_p25": 176.09613800048828,
      "between_p75": 212.2029266357422,
      "between_p90": 225.34168853759766,
      "between_n": 31744,
      "overlap_90_10": 0.5323660714285714,
      "wasserstein": 32.91596665058268,
      "within_between_ratio": 0.819417874335068
    },
    {
      "layer": 10,
      "within_mean": 180.67291060515814,
      "within_median": 179.85069274902344,
      "within_std": 35.05871862694804,
      "within_p10": 135.0740737915039,
      "within_p25": 153.68817520141602,
      "within_p75": 205.51652908325195,
      "within_p90": 228.34906005859375,
      "within_n": 896,
      "between_mean": 214.28439289740015,
      "between_median": 216.6582489013672,
      "between_std": 27.469961660534597,
      "between_p10": 176.0130142211914,
      "between_p25": 196.3734893798828,
      "between_p75": 233.89013671875,
      "between_p90": 247.99620819091797,
      "between_n": 31744,
      "overlap_90_10": 0.45982142857142855,
      "wasserstein": 33.611482292242044,
      "within_between_ratio": 0.8301123712621704
    },
    {
      "layer": 12,
      "within_mean": 166.96086594036646,
      "within_median": 164.9954833984375,
      "within_std": 29.503731111929905,
      "within_p10": 130.81556701660156,
      "within_p25": 145.57760620117188,
      "within_p75": 188.0132179260254,
      "within_p90": 204.84292602539062,
      "within_n": 896,
      "between_mean": 196.47809931731993,
      "between_median": 197.82562255859375,
      "between_std": 22.07888362664942,
      "between_p10": 166.83468322753907,
      "between_p25": 181.2065887451172,
      "between_p75": 212.37101364135742,
      "between_p90": 224.0394775390625,
      "between_n": 31744,
      "overlap_90_10": 0.5245535714285714,
      "wasserstein": 29.522975145397094,
      "within_between_ratio": 0.8340450608189931
    },
    {
      "layer": 14,
      "within_mean": 154.05984139442444,
      "within_median": 151.3706817626953,
      "within_std": 27.779844023979496,
      "within_p10": 121.24328231811523,
      "within_p25": 132.90056610107422,
      "within_p75": 172.28859329223633,
      "within_p90": 190.87399291992188,
      "within_n": 896,
      "between_mean": 180.79368933025867,
      "between_median": 179.9642105102539,
      "between_std": 22.973985360481343,
      "between_p10": 151.51350860595704,
      "between_p25": 164.6391944885254,
      "between_p75": 196.06943893432617,
      "between_p90": 211.44614868164064,
      "between_n": 31744,
      "overlap_90_10": 0.5022321428571429,
      "wasserstein": 26.73384793583424,
      "within_between_ratio": 0.8411154714235284
    },
    {
      "layer": 16,
      "within_mean": 138.0206970657621,
      "within_median": 134.72406768798828,
      "within_std": 26.196514408009026,
      "within_p10": 107.75502395629883,
      "within_p25": 118.44294929504395,
      "within_p75": 153.89743423461914,
      "within_p90": 174.03541564941406,
      "within_n": 896,
      "between_mean": 162.1897818287534,
      "between_median": 161.01151275634766,
      "between_std": 22.345345250769796,
      "between_p10": 134.0465103149414,
      "between_p25": 146.36310195922852,
      "between_p75": 177.14016723632812,
      "between_p90": 192.22259521484375,
      "between_n": 31744,
      "overlap_90_10": 0.48995535714285715,
      "wasserstein": 24.169084762991297,
      "within_between_ratio": 0.8367356183520919
    },
    {
      "layer": 18,
      "within_mean": 132.24083163057054,
      "within_median": 129.28009796142578,
      "within_std": 25.01407669180724,
      "within_p10": 102.66495513916016,
      "within_p25": 114.31138801574707,
      "within_p75": 147.9493522644043,
      "within_p90": 168.61865997314453,
      "within_n": 896,
      "between_mean": 157.09054235320897,
      "between_median": 155.69452667236328,
      "between_std": 23.043783410827423,
      "between_p10": 128.0832748413086,
      "between_p25": 140.3154182434082,
      "between_p75": 172.92439651489258,
      "between_p90": 189.15626373291016,
      "between_n": 31744,
      "overlap_90_10": 0.48214285714285715,
      "wasserstein": 24.849710722638438,
      "within_between_ratio": 0.8303445260698029
    },
    {
      "layer": 20,
      "within_mean": 134.45626334633147,
      "within_median": 130.0696029663086,