{
  "model": "deepseek7b",
  "bottleneck_layer": 4,
  "n_pairs": 150,
  "no_form_pc1_var": 0.8997321724891663,
  "avg_pc1_effect_pct": 5.5862314939498905,
  "avg_pc2_effect_pct": 0.10159908682107925,
  "avg_random_effect_pct": 0.00939848214130267,
  "avg_pc1_vs_random": 594.3759226184596,
  "per_feat_results": {
    "tense": {
      "pc1_effect_pct": 8.028225898742676,
      "pc2_effect_pct": 0.13952848315238953,
      "random_effect_pct": 0.014369519271149845,
      "pc1_vs_random": 558.698293746069,
      "pc2_vs_random": 9.710031387934142,
      "n_pairs": 150.0
    },
    "polarity": {
      "pc1_effect_pct": 13.746588706970215,
      "pc2_effect_pct": 0.13943590223789215,
      "random_effect_pct": 0.010412989047249042,
      "pc1_vs_random": 1320.138592732109,
      "pc2_vs_random": 13.390574176655747,
      "n_pairs": 150.0
    },
    "voice": {
      "pc1_effect_pct": 1.390596866607666,
      "pc2_effect_pct": 0.05571097880601883,
      "random_effect_pct": 0.004477465897732495,
      "pc1_vs_random": 310.5767633678462,
      "pc2_vs_random": 12.442524427541104,
      "n_pairs": 143.0
    },
    "semantic_valence": {
      "pc1_effect_pct": 1.5464571714401245,
      "pc2_effect_pct": 0.09693498909473419,
      "random_effect_pct": 0.011026440256739595,
      "pc1_vs_random": 140.2499025462816,
      "pc2_vs_random": 8.791140824935361,
      "n_pairs": 150.0
    },
    "semantic_topic": {
      "pc1_effect_pct": 3.2192888259887695,
      "pc2_effect_pct": 0.07638508081436157,
      "random_effect_pct": 0.006705996233642378,
      "pc1_vs_random": 480.0612338310553,
      "pc2_vs_random": 11.390564228347746,
      "n_pairs": 150.0
    }
  }
}