{
  "model": "deepseek7b",
  "timestamp": "2026-04-18T13:38:54.669201",
  "b3_prediction": {
    "syntax": {
      "n_train": 65,
      "n_test": 65,
      "prediction_cosine": {
        "mean": 0.8842776555281419,
        "ci95": 0.00010475136683101907,
        "min": 0.8833162784576416,
        "max": 0.8850817084312439
      },
      "random_cosine": {
        "mean": -0.0009184117125678523
      },
      "cohens_d": 1.9995060473871893,
      "success_rate": 1.0
    },
    "semantic": {
      "n_train": 75,
      "n_test": 75,
      "prediction_cosine": {
        "mean": 0.03713222011302908,
        "ci95": 0.010893589005623382,
        "min": -0.08322253078222275,
        "max": 0.12521129846572876
      },
      "random_cosine": {
        "mean": 0.0005271160607188983
      },
      "cohens_d": 0.8992442147027703,
      "success_rate": 0.7333333333333333
    },
    "style": {
      "n_train": 50,
      "n_test": 50,
      "prediction_cosine": {
        "mean": 0.7193304932117462,
        "ci95": 0.19054696054409478,
        "min": -0.9991496801376343,
        "max": 0.9998437762260437
      },
      "random_cosine": {
        "mean": 0.0024450369242508345
      },
      "cohens_d": 1.1867247640902983,
      "success_rate": 0.86
    },
    "tense": {
      "n_train": 100,
      "n_test": 100,
      "prediction_cosine": {
        "mean": 0.9950064837932586,
        "ci95": 9.830704334586025e-05,
        "min": 0.9928064346313477,
        "max": 0.9956211447715759
      },
      "random_cosine": {
        "mean": -0.0014917819565386042
      },
      "cohens_d": 1.9995166793821553,
      "success_rate": 1.0
    },
    "polarity": {
      "n_train": 16,
      "n_test": 16,
      "prediction_cosine": {
        "mean": 0.9938534460961819,
        "ci95": 1.8705452560000032e-05,
        "min": 0.9937834143638611,
        "max": 0.9939000606536865
      },
      "random_cosine": {
        "mean": 0.0011175781000904595
      },
      "cohens_d": 1.9997147800702217,
      "success_rate": 1.0
    },
    "logic": {
      "n_train": 22,
      "n_test": 23,
      "prediction_cosine": {
        "mean": 0.9970469785773236,
        "ci95": 0.0009546067332131136,
        "min": 0.9900549054145813,
        "max": 0.9994980692863464
      },
      "random_cosine": {
        "mean": -0.006907274952282361
      },
      "cohens_d": 1.9995583197906315,
      "success_rate": 1.0
    }
  }
}