{
  "model": "glm4",
  "timestamp": "2026-04-18T13:34:48.170787",
  "b3_prediction": {
    "syntax": {
      "n_train": 65,
      "n_test": 65,
      "prediction_cosine": {
        "mean": 0.8744664604847248,
        "ci95": 0.0007664240492240205,
        "min": 0.865588366985321,
        "max": 0.8801984190940857
      },
      "random_cosine": {
        "mean": 0.0009749608024981978
      },
      "cohens_d": 1.9994715701435997,
      "success_rate": 1.0
    },
    "semantic": {
      "n_train": 75,
      "n_test": 75,
      "prediction_cosine": {
        "mean": 0.039049437443415325,
        "ci95": 0.013881014586925712,
        "min": -0.10124880820512772,
        "max": 0.1717744767665863
      },
      "random_cosine": {
        "mean": 0.001874981923290189
      },
      "cohens_d": 0.7640346779680196,
      "success_rate": 0.7333333333333333
    },
    "style": {
      "n_train": 50,
      "n_test": 50,
      "prediction_cosine": {
        "mean": 0.8141622587293387,
        "ci95": 0.11208637820980308,
        "min": -0.9442129135131836,
        "max": 0.9920156002044678
      },
      "random_cosine": {
        "mean": -0.00016441211476096124
      },
      "cohens_d": 1.6362056396864448,
      "success_rate": 0.92
    },
    "tense": {
      "n_train": 100,
      "n_test": 100,
      "prediction_cosine": {
        "mean": 0.9806625938415527,
        "ci95": 0.0007693140399580497,
        "min": 0.9690062999725342,
        "max": 0.9900311231613159
      },
      "random_cosine": {
        "mean": 0.0007949389163746483
      },
      "cohens_d": 1.9995249505745738,
      "success_rate": 1.0
    },
    "polarity": {
      "n_train": 16,
      "n_test": 16,
      "prediction_cosine": {
        "mean": 0.9874169565737247,
        "ci95": 0.0006811779306203742,
        "min": 0.9850413799285889,
        "max": 0.9899718761444092
      },
      "random_cosine": {
        "mean": 0.0043535014265071535
      },
      "cohens_d": 1.9994429940278913,
      "success_rate": 1.0
    },
    "logic": {
      "n_train": 22,
      "n_test": 23,
      "prediction_cosine": {
        "mean": 0.962866933449455,
        "ci95": 0.010059946662386262,
        "min": 0.9038110971450806,
        "max": 0.983893871307373
      },
      "random_cosine": {
        "mean": -0.0008425523314990034
      },
      "cohens_d": 1.9983071817159528,
      "success_rate": 1.0
    }
  }
}