{
  "model": "qwen3",
  "timestamp": "2026-04-18T13:27:06.481443",
  "b3_prediction": {
    "syntax": {
      "n_train": 65,
      "n_test": 65,
      "prediction_cosine": {
        "mean": 0.8794156890649062,
        "ci95": 0.00031741531196265995,
        "min": 0.8756701946258545,
        "max": 0.8835083246231079
      },
      "random_cosine": {
        "mean": -0.009971144911608146
      },
      "cohens_d": 1.998682519797376,
      "success_rate": 1.0
    },
    "semantic": {
      "n_train": 75,
      "n_test": 75,
      "prediction_cosine": {
        "mean": 0.023877930256227652,
        "ci95": 0.011969240941096665,
        "min": -0.05488844960927963,
        "max": 0.17095178365707397
      },
      "random_cosine": {
        "mean": -0.0005837858079647348
      },
      "cohens_d": 0.5864706774210415,
      "success_rate": 0.5866666666666667
    },
    "style": {
      "n_train": 50,
      "n_test": 50,
      "prediction_cosine": {
        "mean": 0.7537181961536408,
        "ci95": 0.17900621746888704,
        "min": -0.999036431312561,
        "max": 0.9996733069419861
      },
      "random_cosine": {
        "mean": -0.0005592169850834842
      },
      "cohens_d": 1.2733052353524008,
      "success_rate": 0.88
    },
    "tense": {
      "n_train": 100,
      "n_test": 100,
      "prediction_cosine": {
        "mean": 0.9938653635978699,
        "ci95": 0.00013312572488922967,
        "min": 0.991686224937439,
        "max": 0.995432436466217
      },
      "random_cosine": {
        "mean": 0.0048554469035372695
      },
      "cohens_d": 1.9991874190293588,
      "success_rate": 1.0
    },
    "polarity": {
      "n_train": 16,
      "n_test": 16,
      "prediction_cosine": {
        "mean": 0.9937362298369408,
        "ci95": 0.00011608616208702524,
        "min": 0.9932790398597717,
        "max": 0.9940503835678101
      },
      "random_cosine": {
        "mean": 0.011852901244790883
      },
      "cohens_d": 1.9990968756230145,
      "success_rate": 1.0
    },
    "logic": {
      "n_train": 22,
      "n_test": 23,
      "prediction_cosine": {
        "mean": 0.3084737684415734,
        "ci95": 0.3839976536785148,
        "min": -0.979875922203064,
        "max": 0.995615541934967
      },
      "random_cosine": {
        "mean": 0.0063644639917823246
      },
      "cohens_d": 0.443311926212227,
      "success_rate": 0.6521739130434783
    }
  }
}