{
  "model": "glm4",
  "experiment": "p555",
  "wd_vs_last_corr": 0.9847869277000427,
  "wd_vs_last_cos": 0.7029821276664734,
  "wo_vs_last_corr": 0.9808764457702637,
  "combined_vs_last_corr": 0.9791452288627625,
  "combined_coeffs": [
    -6.869828701019287,
    7.789632797241211
  ],
  "avg_layer_pred_corr": 0.8924940228462219,
  "alpha": 1.0182673931121826,
  "c_mean": -0.04040101170539856,
  "fixed_point_corr": 0.9847869873046875,
  "fixed_point_cos": 0.7029821276664734
}