{
  "model": "deepseek7b",
  "experiment": "p555",
  "wd_vs_last_corr": 0.99947190284729,
  "wd_vs_last_cos": 0.6428506970405579,
  "wo_vs_last_corr": 0.9998080730438232,
  "combined_vs_last_corr": 0.9993403553962708,
  "combined_coeffs": [
    -25.46482276916504,
    26.21902847290039
  ],
  "avg_layer_pred_corr": 0.9246589541435242,
  "alpha": 0.9597145915031433,
  "c_mean": 0.04903964698314667,
  "fixed_point_corr": 0.9994718432426453,
  "fixed_point_cos": 0.6428506374359131
}