{
  "model": "qwen3",
  "experiment": "p555",
  "wd_vs_last_corr": 0.5827597379684448,
  "wd_vs_last_cos": 0.5324721932411194,
  "wo_vs_last_corr": 0.18096140027046204,
  "combined_vs_last_corr": 0.316098690032959,
  "combined_coeffs": [
    27.631284713745117,
    -24.518360137939453
  ],
  "avg_layer_pred_corr": 0.3325507342815399,
  "alpha": 0.9057692885398865,
  "c_mean": 0.19397905468940735,
  "fixed_point_corr": 0.5827596783638,
  "fixed_point_cos": 0.5324721932411194
}