{
  "model": "glm4",
  "experiment": "p557",
  "n_layers": 40,
  "d_model": 4096,
  "beta_trend_slope": 0.013269694820586644,
  "ratio_trend_slope": 0.004484300754307362,
  "mid_last_corr": 0.9779406189918518,
  "mid_ratio50": 0.829433798789978,
  "last_ratio50": 0.9439381957054138
}