{
  "model": "qwen3",
  "experiment": "p557",
  "n_layers": 36,
  "d_model": 2560,
  "beta_trend_slope": 0.0016016131354269518,
  "ratio_trend_slope": -0.001328626927108215,
  "mid_last_corr": 0.7752169370651245,
  "mid_ratio50": 0.569628894329071,
  "last_ratio50": 0.5350426435470581
}