{
  "model": "qwen3",
  "experiment": "p558",
  "alpha": 0.9057691097259521,
  "beta": 0.8170773386955261,
  "model_A_corr": 0.025108646601438522,
  "model_B_corr": 0.5827635526657104,
  "model_C_corr": 0.31610003113746643,
  "model_D_corr": 0.32150888442993164,
  "model_C_coeffs": [
    27.63120460510254,
    -24.51828956604004
  ],
  "model_D_coeffs": [
    27.238922119140625,
    -23.992233276367188,
    -0.12475133687257767
  ],
  "per_layer_wd_wo_corr": 0.3080213665962219,
  "per_layer_alpha_corr": 0.0,
  "cross_input_corr": 0.41074180603027344
}