{
  "model": "deepseek7b",
  "experiment": "p558",
  "alpha": 0.9597139954566956,
  "beta": 1.7408546209335327,
  "model_A_corr": -0.10168285667896271,
  "model_B_corr": 0.9994718432426453,
  "model_C_corr": 0.999340295791626,
  "model_D_corr": 0.999340832233429,
  "model_C_coeffs": [
    -25.464820861816406,
    26.219026565551758
  ],
  "model_D_coeffs": [
    -25.50717544555664,
    26.238759994506836,
    0.02251363731920719
  ],
  "per_layer_wd_wo_corr": 0.9074078798294067,
  "per_layer_alpha_corr": 0.9993584752082825,
  "cross_input_corr": 0.997582197189331
}