{
  "model": "glm4",
  "experiment": "p558",
  "alpha": 1.0182690620422363,
  "beta": 0.7997590899467468,
  "model_A_corr": 0.004034121986478567,
  "model_B_corr": 0.9847867488861084,
  "model_C_corr": 0.9791451096534729,
  "model_D_corr": 0.9792752265930176,
  "model_C_coeffs": [
    -6.869829177856445,
    7.789634704589844
  ],
  "model_D_coeffs": [
    -6.606577396392822,
    7.715970516204834,
    -0.20762741565704346
  ],
  "per_layer_wd_wo_corr": 0.7182412147521973,
  "per_layer_alpha_corr": 0.0,
  "cross_input_corr": 0.9831686019897461
}