{
  "tense": {
    "s1_1_principal": {
      "n_samples": 300,
      "n_components_90": 1,
      "n_components_95": 1,
      "n_components_99": 1,
      "top5_singular_values": [
        17.317838668823242,
        0.1284625381231308,
        0.10212692618370056,
        0.07541438937187195,
        0.06387528032064438
      ],
      "top5_variance_explained": [
        0.9996917843818665,
        5.5008746130624786e-05,
        3.47663662978448e-05,
        1.895776586025022e-05,
        1.3600171769212466e-05
      ],
      "effective_dimension": 1.004025184708611,
      "cumvar_at_10": 0.9998582601547241,
      "cumvar_at_20": 0.9999043941497803
    },
    "s1_2_clustering": {
      "best_k": 8,
      "best_silhouette": 0.3169921934604645,
      "cluster_results": {
        "2": {
          "silhouette": 0.20429754257202148,
          "cluster_sizes": [
            152,
            148
          ]
        },
        "3": {
          "silhouette": 0.2437635362148285,
          "cluster_sizes": [
            31,
            119,
            150
          ]
        },
        "4": {
          "silhouette": 0.26222026348114014,
          "cluster_sizes": [
            31,
            115,
            105,
            49
          ]
        },
        "5": {
          "silhouette": 0.2871711850166321,
          "cluster_sizes": [
            34,
            31,
            100,
            101,
            34
          ]
        },
        "6": {
          "silhouette": 0.3098757863044739,
          "cluster_sizes": [
            34,
            100,
            31,
            84,
            34,
            17
          ]
        },
        "7": {
          "silhouette": 0.31392475962638855,
          "cluster_sizes": [
            34,
            98,
            31,
            80,
            34,
            6,
            17
          ]
        },
        "8": {
          "silhouette": 0.3169921934604645,
          "cluster_sizes": [
            30,
            42,
            6,
            84,
            30,
            16,
            31,
            61
          ]
        }
      },
      "n_clusters": 8,
      "center_cosine_matrix": [
        [
          1.0,
          0.9998870491981506,
          0.9995644092559814,
          0.9998440742492676,
          0.9998602271080017,
          0.9998318552970886,
          0.9996679425239563,
          0.999903678894043
        ],
        [
          0.9998870491981506,
          1.0000001192092896,
          0.9996601939201355,
          0.9999312162399292,
          0.9999087452888489,
          0.9998937249183655,
          0.9998075366020203,
          0.999946117401123
        ],
        [
          0.9995644092559814,
          0.9996601939201355,
          0.9999998211860657,
          0.9997116923332214,
          0.9995953440666199,
          0.9995657205581665,
          0.999262809753418,
          0.9996269345283508
        ],
        [
          0.9998440742492676,
          0.9999312162399292,
          0.9997116923332214,
          1.0000001192092896,
          0.9998648166656494,
          0.9998397827148438,
          0.9997843503952026,
          0.999888002872467
        ],
        [
          0.9998602271080017,
          0.9999087452888489,
          0.9995953440666199,
          0.9998648166656494,
          1.0000001192092896,
          0.9998541474342346,
          0.9996944665908813,
          0.9999176263809204
        ],
        [
          0.9998318552970886,
          0.9998937249183655,
          0.9995657205581665,
          0.9998397827148438,
          0.9998541474342346,
          1.0000001192092896,
          0.9996712803840637,
          0.9999002814292908
        ],
        [
          0.9996679425239563,
          0.9998075366020203,
          0.999262809753418,
          0.9997843503952026,
          0.9996944665908813,
          0.9996712803840637,
          0.9999999403953552,
          0.9997100234031677
        ],
        [
          0.999903678894043,
          0.999946117401123,
          0.9996269345283508,
          0.999888002872467,
          0.9999176263809204,
          0.9999002814292908,
          0.9997100234031677,
          0.9999998211860657
        ]
      ]
    },
    "s1_3_sparsity": {
      "l0_sparsity": 0.025066666666666668,
      "gini_coefficient": 0.9500575945702445,
      "sample_l0_mean": 0.025066666666666664,
      "sample_l0_std": 0.00984863216673034,
      "sample_l1_mean": 0.02136836014688015,
      "sample_l1_std": 0.00025218407972715795,
      "n_top_components": 50
    },
    "s1_4_compositionality": {
      "reconstruction_errors": {
        "1": 0.017228661105036736,
        "2": 0.015645969659090042,
        "3": 0.014482243917882442,
        "5": 0.013394764624536037,
        "10": 0.01174051035195589,
        "20": 0.009598691947758198
      },
      "additivity_test": {
        "mean_alignment_to_mean_dir": 0.9998309940099717,
        "std_alignment": 2.930636477391959e-05,
        "min_alignment": 0.9997791051864624,
        "max_alignment": 0.9998964667320251
      }
    },
    "s1_5_layer_depth": {
      "0": {
        "avg_cosine_to_mean": 0.9784681797027588,
        "n_samples": 20,
        "mean_diff_norm": 0.0
      },
      "7": {
        "avg_cosine_to_mean": 0.9999642908573151,
        "n_samples": 20,
        "mean_diff_norm": 0.0
      },
      "14": {
        "avg_cosine_to_mean": 0.9998958110809326,
        "n_samples": 20,
        "mean_diff_norm": 0.0
      },
      "21": {
        "avg_cosine_to_mean": 0.9997471749782563,
        "n_samples": 20,
        "mean_diff_norm": 0.0
      },
      "27": {
        "avg_cosine_to_mean": 0.9949730694293976,
        "n_samples": 20,
        "mean_diff_norm": 0.0
      }
    }
  },
  "polarity": {
    "s1_1_principal": {
      "n_samples": 200,
      "n_components_90": 1,
      "n_components_95": 1,
      "n_components_99": 1,
      "top5_singular_values": [
        14.127443313598633,
        0.5919492840766907,
        0.1268625408411026,
        0.10967762023210526,
        0.10522723942995071
      ],
      "top5_variance_explained": [
        0.9979231953620911,
        0.0017520197434350848,
        8.047051233006641e-05,
        6.0145895986352116e-05,
        5.5363852879963815e-05
      ],
      "effective_dimension": 1.0167664852498364,
      "cumvar_at_10": 0.9999534487724304,
      "cumvar_at_20": 0.9999687671661377
    },
    "s1_2_clustering": {
      "best_k": 2,
      "best_silhouette": 0.9903029799461365,
      "cluster_results": {
        "2": {
          "silhouette": 0.9903029799461365,
          "cluster_sizes": [
            196,
            4
          ]
        },
        "3": {
          "silhouette": 0.5169833898544312,
          "cluster_sizes": [
            98,
            4,
            98
          ]
        },
        "4": {
          "silhouette": 0.500160276889801,
          "cluster_sizes": [
            98,
            3,
            98,
            1
          ]
        },
        "5": {
          "silhouette": 0.49866726994514465,
          "cluster_sizes": [
            98,
            2,
            98,
            1,
            1
          ]
        },
        "6": {
          "silhouette": 0.4985921382904053,
          "cluster_sizes": [
            98,
            1,
            1,
            1,
            1,
            98
          ]
        },
        "7": {
          "silhouette": 0.506503701210022,
          "cluster_sizes": [
            68,
            1,
            1,
            98,
            1,
            1,
            30
          ]
        },
        "8": {
          "silhouette": 0.5406210422515869,
          "cluster_sizes": [
            98,
            1,
            1,
            1,
            30,
            1,
            30,
            38
          ]
        }
      },
      "n_clusters": 2,