{
  "model": "glm4",
  "n_layers": 40,
  "d_model": 4096,
  "sample_layers": [
    0,
    2,
    4,
    6,
    8,
    10,
    12,
    14,
    16,
    18,
    20,
    22,
    24,
    26,
    28,
    30,
    32,
    34,
    36,
    38,
    39
  ],
  "functional_signals": {
    "syntax": {
      "0": {
        "delta_norm": 0.1373649537563324,
        "mean_norm": 0.47865042090415955,
        "functional_signal": 0.2869838774204254,
        "cos_pair_mean": -0.00047913504143555957,
        "cos_pair_std": 0.043611746552098214
      },
      "2": {
        "delta_norm": 0.40657874941825867,
        "mean_norm": 1.1162331104278564,
        "functional_signal": 0.3642417788505554,
        "cos_pair_mean": 0.12730271741747856,
        "cos_pair_std": 0.1186310175236969
      },
      "4": {
        "delta_norm": 0.8954421281814575,
        "mean_norm": 1.8707646131515503,
        "functional_signal": 0.4786503314971924,
        "cos_pair_mean": 0.11722863093018532,
        "cos_pair_std": 0.10169668652216542
      },
      "6": {
        "delta_norm": 1.3084391355514526,
        "mean_norm": 2.4027915000915527,
        "functional_signal": 0.5445495843887329,
        "cos_pair_mean": 0.13540357848008475,
        "cos_pair_std": 0.09694726417104234
      },
      "8": {
        "delta_norm": 1.843922734260559,
        "mean_norm": 3.2934515476226807,
        "functional_signal": 0.55987548828125,
        "cos_pair_mean": 0.11528564182420571,
        "cos_pair_std": 0.09906203685906041
      },
      "10": {
        "delta_norm": 2.1326074600219727,
        "mean_norm": 3.8805975914001465,
        "functional_signal": 0.5495564341545105,
        "cos_pair_mean": 0.10063884407281876,
        "cos_pair_std": 0.04426484599909519
      },
      "12": {
        "delta_norm": 2.4128096103668213,
        "mean_norm": 4.567441463470459,
        "functional_signal": 0.5282628536224365,
        "cos_pair_mean": 0.1040797270834446,
        "cos_pair_std": 0.04886308729145421
      },
      "14": {
        "delta_norm": 2.8088395595550537,
        "mean_norm": 5.666233539581299,
        "functional_signal": 0.495715469121933,
        "cos_pair_mean": 0.11324929942687352,
        "cos_pair_std": 0.049091741782380696
      },
      "16": {
        "delta_norm": 3.860901355743408,
        "mean_norm": 6.902050971984863,
        "functional_signal": 0.5593846440315247,
        "cos_pair_mean": 0.1458060915271441,
        "cos_pair_std": 0.04602949767914027
      },
      "18": {
        "delta_norm": 4.682660102844238,
        "mean_norm": 9.155778884887695,
        "functional_signal": 0.5114431381225586,
        "cos_pair_mean": 0.1653857703010241,
        "cos_pair_std": 0.07708037322358618
      },
      "20": {
        "delta_norm": 5.772092819213867,
        "mean_norm": 11.72042465209961,
        "functional_signal": 0.492481529712677,
        "cos_pair_mean": 0.18342224756876627,
        "cos_pair_std": 0.07992334193459508
      },
      "22": {
        "delta_norm": 7.304056167602539,
        "mean_norm": 16.95779037475586,
        "functional_signal": 0.430719792842865,
        "cos_pair_mean": 0.20106645176808038,
        "cos_pair_std": 0.08364375239492272
      },
      "24": {
        "delta_norm": 9.420784950256348,
        "mean_norm": 26.747955322265625,
        "functional_signal": 0.3522058129310608,
        "cos_pair_mean": 0.14441591128706932,
        "cos_pair_std": 0.0735454321756821
      },
      "26": {
        "delta_norm": 11.67055606842041,
        "mean_norm": 39.007110595703125,
        "functional_signal": 0.299190491437912,
        "cos_pair_mean": 0.08785495193054278,
        "cos_pair_std": 0.07022831570806004
      },
      "28": {
        "delta_norm": 14.316341400146484,
        "mean_norm": 53.976539611816406,
        "functional_signal": 0.265232652425766,
        "cos_pair_mean": 0.06446399601797263,
        "cos_pair_std": 0.05379446380800526
      },
      "30": {
        "delta_norm": 17.219587326049805,
        "mean_norm": 68.89566040039062,
        "functional_signal": 0.24993717670440674,
        "cos_pair_mean": 0.06328681018203497,
        "cos_pair_std": 0.056147783129302097
      },
      "32": {
        "delta_norm": 19.301191329956055,
        "mean_norm": 83.03053283691406,
        "functional_signal": 0.2324589639902115,
        "cos_pair_mean": 0.04545815599461397,
        "cos_pair_std": 0.050881572998627896
      },
      "34": {
        "delta_norm": 22.414424896240234,
        "mean_norm": 98.85606384277344,
        "functional_signal": 0.22673799097537994,
        "cos_pair_mean": 0.035881622383991875,
        "cos_pair_std": 0.05220770205367927
      },
      "36": {
        "delta_norm": 26.274887084960938,
        "mean_norm": 128.09889221191406,
        "functional_signal": 0.20511408150196075,
        "cos_pair_mean": 0.02631526564558347,
        "cos_pair_std": 0.04353632204225558
      },
      "38": {
        "delta_norm": 50.815731048583984,
        "mean_norm": 296.94287109375,
        "functional_signal": 0.17112965881824493,
        "cos_pair_mean": 0.007009921905895074,
        "cos_pair_std": 0.031613199172153966
      },
      "39": {
        "delta_norm": 66.99285125732422,
        "mean_norm": 265.7598876953125,
        "functional_signal": 0.25208038091659546,
        "cos_pair_mean": 0.05016061974068483,
        "cos_pair_std": 0.018506335312582316
      }
    },
    "semantic": {
      "0": {
        "delta_norm": 0.20492994785308838,
        "mean_norm": 0.4822695553302765,
        "functional_signal": 0.424928218126297,
        "cos_pair_mean": -0.022703939427932102,
        "cos_pair_std": 0.008847688836671936
      },
      "2": {
        "delta_norm": 0.32746952772140503,
        "mean_norm": 1.0963609218597412,
        "functional_signal": 0.2986876964569092,
        "cos_pair_mean": 0.01248966141914328,
        "cos_pair_std": 0.013184333045405141
      },
      "4": {
        "delta_norm": 0.9030869603157043,
        "mean_norm": 1.9615230560302734,
        "functional_signal": 0.46040087938308716,
        "cos_pair_mean": 0.03199280325012902,
        "cos_pair_std": 0.021038391846977967
      },
      "6": {
        "delta_norm": 1.1278537511825562,
        "mean_norm": 2.544766902923584,
        "functional_signal": 0.4432051181793213,
        "cos_pair_mean": 0.022613288834691048,
        "cos_pair_std": 0.011451068737100238
      },
      "8": {
        "delta_norm": 1.5080028772354126,
        "mean_norm": 3.522719383239746,
        "functional_signal": 0.42807918787002563,
        "cos_pair_mean": 0.007551788352429867,
        "cos_pair_std": 0.03281920050262788
      },
      "10": {
        "delta_norm": 1.8864043951034546,
        "mean_norm": 4.3734049797058105,
        "functional_signal": 0.4313353896141052,
        "cos_pair_mean": 0.032307963663091264,
        "cos_pair_std": 0.05946281645207701
      },
      "12": {
        "delta_norm": 2.0523204803466797,
        "mean_norm": 4.892398834228516,
        "functional_signal": 0.41949164867401123,
        "cos_pair_mean": 0.03622597952683767,
        "cos_pair_std": 0.04872701112629648
      },
      "14": {
        "delta_norm": 2.439702033996582,
        "mean_norm": 6.206972599029541,
        "functional_signal": 0.39305830001831055,
        "cos_pair_mean": 0.04759037805100282,
        "cos_pair_std": 0.05786401131285012
      },
      "16": {
        "delta_norm": 2.7413785457611084,
        "mean_norm": 7.548486709594727,
        "functional_signal": 0.36316928267478943,
        "cos_pair_mean": 0.04298011586070061,
        "cos_pair_std": 0.036858917361407915
      },
      "18": {
        "delta_norm": 3.159982919692993,
        "mean_norm": 9.735977172851562,
        "functional_signal": 0.32456761598587036,
        "cos_pair_mean": 0.045301441103219986,
        "cos_pair_std": 0.04521507547325113
      },
      "20": {
        "delta_norm": 3.7260520458221436,
        "mean_norm": 12.122745513916016,