{
  "model_id": "deepseek-ai/DeepSeek-R1-Distill-Qwen-7B",
  "device": "cpu",
  "runtime_sec": 87.79979753494263,
  "config": {
    "device_map": "auto",
    "batch_size": 16,
    "candidate_k": 4,
    "max_subset": 3,
    "target_ratio": 0.8,
    "route_penalty": 0.5,
    "n_chains": 4,
    "n_queries": 24
  },
  "base_metrics": {
    "hop1_valid": 1.5256918999284608e-06,
    "hop1_invalid": 1.5256918999284608e-06,
    "hop1_selectivity": 0.0,
    "hop2_valid": 0.03588399328711375,
    "hop2_invalid": 0.034301414866187374,
    "hop2_selectivity": 0.0015825784209263782,
    "hop3_valid": 0.017006247078025893,
    "hop3_invalid": 0.017006247078025893,
    "hop3_selectivity": 0.0,
    "route_index": 0.0
  },
  "candidates_layer_distribution": {
    "25": 1,
    "26": 2,
    "27": 1
  },
  "ranked_single": [
    {
      "flat_idx": 500710,
      "score": 9.3770751953125,
      "drop_h3_selectivity": 0.0,
      "drop_h1_selectivity": 0.0,
      "utility": 0.0
    },
    {
      "flat_idx": 483053,
      "score": 7.5859375,
      "drop_h3_selectivity": 0.0,
      "drop_h1_selectivity": 0.0,
      "utility": 0.0
    },
    {
      "flat_idx": 509451,
      "score": 7.254150390625,
      "drop_h3_selectivity": 0.0,
      "drop_h1_selectivity": 0.0,
      "utility": 0.0
    },
    {
      "flat_idx": 528137,
      "score": 7.179443359375,
      "drop_h3_selectivity": 0.0,
      "drop_h1_selectivity": 0.0,
      "utility": 0.0
    }
  ],
  "minimal_subset": {
    "size": 0,
    "layer_distribution": {},
    "neurons": [],
    "metrics_after_ablation": {
      "hop1_valid": 1.5256918999284608e-06,
      "hop1_invalid": 1.5256918999284608e-06,
      "hop1_selectivity": 0.0,
      "hop2_valid": 0.03588399328711375,
      "hop2_invalid": 0.034301414866187374,
      "hop2_selectivity": 0.0015825784209263782,
      "hop3_valid": 0.017006247078025893,
      "hop3_invalid": 0.017006247078025893,
      "hop3_selectivity": 0.0,
      "route_index": 0.0
    },
    "progress": {
      "best_drop": 0.0,
      "goal": 0.0,
      "achieved": 0.0
    }
  }
}