{
  "resid": {
    "L0": {
      "tense": {
        "mean_l2": 65.61400215148926,
        "median_l2": 54.59076499938965,
        "std_l2": 53.46727877228635,
        "n": 200
      },
      "polarity": {
        "mean_l2": 55.00706205368042,
        "median_l2": 53.5506534576416,
        "std_l2": 10.292492978491405,
        "n": 200
      },
      "number": {
        "mean_l2": 56.04593563079834,
        "median_l2": 56.011695861816406,
        "std_l2": 10.714574677488658,
        "n": 20
      },
      "sentiment": {
        "mean_l2": 377.4491471862793,
        "median_l2": 433.5383605957031,
        "std_l2": 175.55720087177548,
        "n": 25
      },
      "semantic_topic": {
        "mean_l2": 472.4606906890869,
        "median_l2": 501.2198181152344,
        "std_l2": 178.16950212922026,
        "n": 20
      }
    },
    "L5": {
      "tense": {
        "mean_l2": 108.77377229690552,
        "median_l2": 83.99193572998047,
        "std_l2": 70.20190177771299,
        "n": 200
      },
      "polarity": {
        "mean_l2": 94.91186029434203,
        "median_l2": 79.69013595581055,
        "std_l2": 42.38455678448647,
        "n": 200
      },
      "number": {
        "mean_l2": 70.76604270935059,
        "median_l2": 70.7988395690918,
        "std_l2": 15.070203495780268,
        "n": 20
      },
      "sentiment": {
        "mean_l2": 385.41131774902345,
        "median_l2": 404.99432373046875,
        "std_l2": 131.96905415694442,
        "n": 25
      },
      "semantic_topic": {
        "mean_l2": 478.9325317382812,
        "median_l2": 494.0542297363281,
        "std_l2": 139.01342782330457,
        "n": 20
      }
    },
    "L11": {
      "tense": {
        "mean_l2": 127.3865478515625,
        "median_l2": 109.98170471191406,
        "std_l2": 65.18519871797206,
        "n": 200
      },
      "polarity": {
        "mean_l2": 147.72630699157716,
        "median_l2": 134.3108139038086,
        "std_l2": 59.17503787410948,
        "n": 200
      },
      "number": {
        "mean_l2": 105.49003353118897,
        "median_l2": 100.80653381347656,
        "std_l2": 28.113989767360074,
        "n": 20
      },
      "sentiment": {
        "mean_l2": 367.6175854492187,
        "median_l2": 361.2114562988281,
        "std_l2": 91.57681033599087,
        "n": 25
      },
      "semantic_topic": {
        "mean_l2": 497.0072265625,
        "median_l2": 481.55625915527344,
        "std_l2": 100.59830719419514,
        "n": 20
      }
    },
    "L16": {
      "tense": {
        "mean_l2": 139.9337245941162,
        "median_l2": 123.49532318115234,
        "std_l2": 63.04354034401207,
        "n": 200
      },
      "polarity": {
        "mean_l2": 176.7490269470215,
        "median_l2": 160.0537567138672,
        "std_l2": 59.184376248933354,
        "n": 200
      },
      "number": {
        "mean_l2": 133.4451816558838,
        "median_l2": 131.55260467529297,
        "std_l2": 37.321255310118644,
        "n": 20
      },
      "sentiment": {
        "mean_l2": 353.6303271484375,
        "median_l2": 336.9181213378906,
        "std_l2": 82.14728217881084,
        "n": 25
      },
      "semantic_topic": {
        "mean_l2": 497.9686981201172,
        "median_l2": 478.88352966308594,
        "std_l2": 89.67051885126749,
        "n": 20
      }
    },
    "L22": {
      "tense": {
        "mean_l2": 163.2331737136841,
        "median_l2": 147.05128479003906,
        "std_l2": 63.248646468309246,
        "n": 200
      },
      "polarity": {
        "mean_l2": 209.9071728134155,
        "median_l2": 196.09770965576172,
        "std_l2": 59.75580936952458,
        "n": 200
      },
      "number": {
        "mean_l2": 201.49777488708497,
        "median_l2": 191.88552856445312,
        "std_l2": 70.93792094389532,
        "n": 20
      },
      "sentiment": {
        "mean_l2": 375.45618103027346,
        "median_l2": 356.99169921875,
        "std_l2": 71.91654119452389,
        "n": 25
      },
      "semantic_topic": {
        "mean_l2": 529.6779373168945,
        "median_l2": 510.96766662597656,
        "std_l2": 108.84610570344871,
        "n": 20
      }
    },
    "L27": {
      "tense": {
        "mean_l2": 173.78371887207032,
        "median_l2": 155.73831176757812,
        "std_l2": 62.13052738020267,
        "n": 200
      },
      "polarity": {
        "mean_l2": 227.4563966369629,
        "median_l2": 218.59100341796875,
        "std_l2": 59.81279295669432,
        "n": 200
      },
      "number": {
        "mean_l2": 224.03682556152344,
        "median_l2": 219.2564468383789,
        "std_l2": 77.1975771756971,
        "n": 20
      },
      "sentiment": {
        "mean_l2": 391.1151025390625,
        "median_l2": 377.6841735839844,
        "std_l2": 69.12716022814747,
        "n": 25
      },
      "semantic_topic": {
        "mean_l2": 549.3084228515625,
        "median_l2": 525.8447570800781,
        "std_l2": 107.90887246173924,
        "n": 20
      }
    },
    "L33": {
      "tense": {
        "mean_l2": 180.03035655975341,
        "median_l2": 160.6904296875,
        "std_l2": 62.20469668966462,
        "n": 200
      },
      "polarity": {
        "mean_l2": 232.99401161193848,
        "median_l2": 222.28479766845703,
        "std_l2": 59.63509649042133,
        "n": 200
      },
      "number": {
        "mean_l2": 237.9584125518799,
        "median_l2": 233.4986343383789,
        "std_l2": 77.0754625971426,
        "n": 20
      },
      "sentiment": {
        "mean_l2": 398.5343005371094,
        "median_l2": 392.5289306640625,
        "std_l2": 69.20775623068812,
        "n": 25
      },
      "semantic_topic": {
        "mean_l2": 558.9085525512695,
        "median_l2": 540.5304565429688,
        "std_l2": 107.08492312819142,
        "n": 20
      }
    },
    "L39": {
      "tense": {
        "mean_l2": 191.38168506622316,
        "median_l2": 173.50173950195312,
        "std_l2": 61.507888170690755,
        "n": 200
      },
      "polarity": {
        "mean_l2": 250.85944862365722,
        "median_l2": 240.4825439453125,
        "std_l2": 57.27258914536093,
        "n": 200
      },
      "number": {
        "mean_l2": 268.42404251098634,
        "median_l2": 268.3849182128906,
        "std_l2": 87.26488648986509,
        "n": 20
      },
      "sentiment": {
        "mean_l2": 413.9648425292969,
        "median_l2": 408.6405944824219,
        "std_l2": 68.6084107488779,
        "n": 25
      },
      "semantic_topic": {
        "mean_l2": 577.0802398681641,
        "median_l2": 562.2212829589844,
        "std_l2": 115.79603474204956,
        "n": 20
      }
    }
  },
  "components": {
    "attn": {
      "L0": {
        "tense": {
          "mean_l2": 58.14892781575521,
          "median_l2": 54.31546401977539,
          "n": 150
        },
        "polarity": {
          "mean_l2": 54.73577016194661,
          "median_l2": 53.182586669921875,
          "n": 150
        },
        "number": {
          "mean_l2": 56.04593563079834,
          "median_l2": 56.011695861816406,
          "n": 20
        }
      },
      "L10": {
        "tense": {
          "mean_l2": 57.67441162109375,
          "median_l2": 54.57149314880371,
          "n": 150
        },
        "polarity": {
          "mean_l2": 56.72552619934082,
          "median_l2": 55.08444404602051,
          "n": 150
        },
        "number": {
          "mean_l2": 56.504069328308105,
          "median_l2": 54.093467712402344,
          "n": 20
        }
      },
      "L20": {
        "tense": {
          "mean_l2": 44.93260645548503,
          "median_l2": 44.23364448547363,
          "n": 150
        },
        "polarity": {
          "mean_l2": 48.19585706075033,
          "median_l2": 47.31606674194336,
          "n": 150
        },
        "number": {
          "mean_l2": 47.57497787475586,
          "median_l2": 49.51687431335449,
          "n": 20
        }
      },
      "L30": {
        "tense": {
          "mean_l2": 36.985188268025716,