{
  "dims_50": 200,
  "dims_90": 200,
  "dims_95": 200,
  "dims_99": 200,
  "correlation_dimension": 43.1122828810502,
  "corr_dim_r2": 0.9926152495260212,
  "h_proj_dims_50": 5,
  "h_proj_dims_90": 21,
  "h_proj_dims_95": 27,
  "gap_as_dist_r": 0.06722775846719742,
  "isomap_error": 0.2437744289636612
}