{
  "dims_50": 200,
  "dims_90": 200,
  "dims_95": 200,
  "dims_99": 200,
  "correlation_dimension": 12.438587333941085,
  "corr_dim_r2": 0.9972762273483969,
  "h_proj_dims_50": 1,
  "h_proj_dims_90": 13,
  "h_proj_dims_95": 19,
  "gap_as_dist_r": 0.40621474385261536,
  "isomap_error": 0.15903900563716888
}