{
  "dims_50": 200,
  "dims_90": 200,
  "dims_95": 200,
  "dims_99": 200,
  "correlation_dimension": 60.91193736557303,
  "corr_dim_r2": 0.9851008612162211,
  "h_proj_dims_50": 4,
  "h_proj_dims_90": 23,
  "h_proj_dims_95": 29,
  "gap_as_dist_r": 0.38392892479896545,
  "isomap_error": 0.5343472957611084
}