{
  "gap_sum_r": 1.0,
  "mean_linearity": 0.9995860457420349,
  "residual_h_ratio": 0.6079118847846985,
  "layer_gap_pred": [
    [
      31,
      0.9993849396705627
    ],
    [
      32,
      0.997613787651062
    ],
    [
      33,
      0.9990726709365845
    ],
    [
      34,
      0.9997662901878357
    ],
    [
      35,
      0.9999059438705444
    ]
  ]
}