{
  "gap_sum_r": 1.0,
  "mean_linearity": 0.9989354610443115,
  "residual_h_ratio": 1.5415186882019043,
  "layer_gap_pred": [
    [
      23,
      0.9998409748077393
    ],
    [
      24,
      0.9997864365577698
    ],
    [
      25,
      0.9996793866157532
    ],
    [
      26,
      0.9995330572128296
    ],
    [
      27,
      0.9998959302902222
    ]
  ]
}