{
  "gap_sum_r": 0.9999999403953552,
  "mean_linearity": 0.9905933737754822,
  "residual_h_ratio": 0.5895355939865112,
  "layer_gap_pred": [
    [
      35,
      0.9912654161453247
    ],
    [
      36,
      0.9832624197006226
    ],
    [
      37,
      0.9806170463562012
    ],
    [
      38,
      0.9840666651725769
    ],
    [
      39,
      0.9985030889511108
    ]
  ]
}