{
  "pc_r_values": [
    [
      5,
      0.18629838526248932
    ],
    [
      10,
      0.2537047564983368
    ],
    [
      20,
      0.3498532474040985
    ],
    [
      50,
      0.3653445541858673
    ],
    [
      100,
      0.3845013678073883
    ],
    [
      200,
      0.4021972417831421
    ]
  ],
  "dw_norm_ratio": 0.3486836552619934,
  "best_n_pc": 15,
  "best_test_r": 0.5401656627655029,
  "top10_pc_indices": [
    12,
    6,
    35,
    42,
    9,
    29,
    7,
    22,
    48,
    21
  ],
  "top10_pc_corrs": [
    -0.4516197144985199,
    0.4086587131023407,
    0.40591591596603394,
    -0.36838629841804504,
    -0.32685405015945435,
    0.30495867133140564,
    0.3048931956291199,
    -0.3037540316581726,
    0.30022960901260376,
    -0.293195903301239
  ]
}