{
  "pc_r_values": [
    [
      5,
      0.15443624556064606
    ],
    [
      10,
      0.14977265894412994
    ],
    [
      20,
      0.15985319018363953
    ],
    [
      50,
      0.09304656088352203
    ],
    [
      100,
      0.09217724949121475
    ],
    [
      200,
      0.04832267016172409
    ]
  ],
  "dw_norm_ratio": 0.3826616704463959,
  "best_n_pc": 3,
  "best_test_r": 0.18458685278892517,
  "top10_pc_indices": [
    38,
    31,
    47,
    14,
    24,
    41,
    45,
    18,
    44,
    46
  ],
  "top10_pc_corrs": [
    -0.34889858961105347,
    0.3011183440685272,
    0.26408207416534424,
    0.24106089770793915,
    -0.23104530572891235,
    -0.2236991971731186,
    0.20435884594917297,
    -0.1812790334224701,
    0.17884832620620728,
    -0.1670864373445511
  ]
}