{
  "pc_r_values": [
    [
      5,
      0.5004459619522095
    ],
    [
      10,
      0.46860969066619873
    ],
    [
      20,
      0.4752947986125946
    ],
    [
      50,
      0.4433611035346985
    ],
    [
      100,
      0.450043648481369
    ],
    [
      200,
      0.4108615815639496
    ]
  ],
  "dw_norm_ratio": 0.2692682147026062,
  "best_n_pc": 15,
  "best_test_r": 0.2593977451324463,
  "top10_pc_indices": [
    18,
    20,
    8,
    40,
    31,
    36,
    38,
    25,
    3,
    30
  ],
  "top10_pc_corrs": [
    -0.6256592869758606,
    -0.5957507491111755,
    -0.5817818641662598,
    0.5668187737464905,
    0.5641342401504517,
    -0.5556039810180664,
    -0.534736692905426,
    0.5281500220298767,
    0.5186359882354736,
    0.490408718585968
  ]
}