{
  "eucl_full_r": 0.9916290044784546,
  "eucl_pc50_r": 0.35918310284614563,
  "sq_diff_r": 0.9977877140045166,
  "corrected_r": 0.9926390051841736,
  "angular_r": 0.48254767060279846,
  "norm_corr_r": -0.07237355411052704,
  "top1_percentile": 1.0
}