{
  "eucl_full_r": 0.9693974256515503,
  "eucl_pc50_r": 0.42993685603141785,
  "sq_diff_r": 0.9693565964698792,
  "corrected_r": 0.8900261521339417,
  "angular_r": -0.4144737124443054,
  "norm_corr_r": 0.5216394066810608,
  "top1_percentile": 1.0
}