{
  "eucl_full_r": 0.946679413318634,
  "eucl_pc50_r": 0.07632316648960114,
  "sq_diff_r": 0.9502919316291809,
  "corrected_r": 0.8462837338447571,
  "angular_r": 0.21457725763320923,
  "norm_corr_r": -0.05689385160803795,
  "top1_percentile": 1.0
}