{
  "top10_var": 0.025710057467222214,
  "top50_var": 0.04839012771844864,
  "variance_entropy": 0.9235416018064561,
  "top5_gap_predictive_pcs": [
    [
      12,
      -0.45186346769332886
    ],
    [
      6,
      0.4085932970046997
    ],
    [
      35,
      0.40005767345428467
    ],
    [
      42,
      -0.34041863679885864
    ],
    [
      9,
      -0.32705605030059814
    ]
  ],
  "h_norm_gap_r": -0.06642960011959076
}