{
  "pipeline_h_gap_r": 0.9908401370048523,
  "pipeline_gap_prob_r": 0.9873403906822205,
  "pipeline_oracle_r": 1.0,
  "pipeline_efficiency": 98.73403930664062,
  "layer_gap_r": [
    [
      0,
      0.999157726764679
    ],
    [
      1,
      0.9979864358901978
    ],
    [
      2,
      0.9989057183265686
    ],
    [
      3,
      0.9995731115341187
    ],
    [
      4,
      0.9998632669448853
    ]
  ],
  "max_info_gain_layer": 0,
  "pca_reconstruction_error": 0.0003359380643814802
}