{
  "pipeline_h_gap_r": 0.9793878197669983,
  "pipeline_gap_prob_r": 0.9759464859962463,
  "pipeline_oracle_r": 1.0,
  "pipeline_efficiency": 97.59465026855469,
  "layer_gap_r": [
    [
      0,
      0.999808669090271
    ],
    [
      1,
      0.9998037219047546
    ],
    [
      2,
      0.9996817708015442
    ],
    [
      3,
      0.9996220469474792
    ],
    [
      4,
      0.9999485611915588
    ]
  ],
  "max_info_gain_layer": 0,
  "pca_reconstruction_error": 0.0002081985294353217
}