{
  "pipeline_h_gap_r": 0.9979919195175171,
  "pipeline_gap_prob_r": 0.9981507658958435,
  "pipeline_oracle_r": 1.0,
  "pipeline_efficiency": 99.81507873535156,
  "layer_gap_r": [
    [
      0,
      0.9931142926216125
    ],
    [
      1,
      0.9866563081741333
    ],
    [
      2,
      0.9895263910293579
    ],
    [
      3,
      0.9884954690933228
    ],
    [
      4,
      0.997006356716156
    ]
  ],
  "max_info_gain_layer": 0,
  "pca_reconstruction_error": 0.00022513135627377778
}