{
  "model_id": "deepseek-ai/DeepSeek-R1-Distill-Qwen-7B",
  "probe_json": "tempdata\\deepseek7b_multidim_multiseed_v1\\seed505\\probe\\multidim_encoding_probe.json",
  "top_n": 128,
  "ablate_all_positions": true,
  "baseline_pair_delta_l2": {
    "style": [
      800.388916015625,
      925.1204223632812,
      663.9879150390625,
      862.6180419921875,
      826.9005737304688,
      727.608154296875,
      645.5509643554688,
      653.7793579101562,
      668.4407958984375,
      922.0596923828125
    ],
    "logic": [
      567.6943359375,
      599.140869140625,
      604.7685546875,
      579.4111938476562,
      578.1056518554688,
      570.0670776367188,
      610.1489868164062,
      546.502197265625,
      620.1018676757812,
      546.1409912109375
    ],
    "syntax": [
      817.1424560546875,
      776.6570434570312,
      558.4429931640625,
      865.8849487304688,
      595.7857055664062,
      313.8777770996094,
      999.60302734375,
      881.3878173828125,
      887.19921875,
      749.0336303710938
    ]
  },
  "suppression_matrix_raw": {
    "style": {
      "style": [
        0.05959665299431764,
        0.01862748416211915,
        -0.08681278356815444,
        0.1394404100321981,
        0.14210050694795717,
        0.004240788542564582,
        -0.043153507041463854,
        -0.03841751325512035,
        -3.944580830761594e-05,
        0.06317199692381545
      ],
      "logic": [
        -0.0013362929819943955,
        0.0005189315267099986,
        0.001665534981583541,
        0.00028557665152264183,
        0.0017910227781060663,
        0.0008076035288730307,
        -0.00285834868592886,
        0.004421987667485827,
        0.0002346514662911456,
        0.002242630566427663
      ],
      "syntax": [
        -0.15670811802335544,
        -0.11836728567298263,
        0.004045344405668925,
        -0.13455860185262788,
        -0.11339165789824424,
        0.008901282597127684,
        0.2598715945343537,
        0.03161054018452622,
        -0.049384653359633324,
        0.03601393299162242
      ]
    },
    "logic": {
      "style": [
        0.04101658953029731,
        -0.0066939923427673485,
        -0.02473880798008747,
        -0.02450051064399446,
        -0.005759547633038501,
        0.0014981798708377694,
        -0.0035476070198408637,
        -0.006578337474201843,
        -0.002585344019494995,
        -0.005446472389734419
      ],
      "logic": [
        0.036978836060751495,
        0.04324592383055001,
        0.02527852774902589,
        0.04887121377872055,
        0.0317417717632653,
        0.0342384067458824,
        0.03411292207883797,
        0.05515512137068439,
        0.05012072640770948,
        0.052691145503999004
      ],
      "syntax": [
        0.013799383361086914,
        -0.04105094725247626,
        -0.0016765888521049716,
        0.0006979092117460495,
        0.0014500039082696835,
        0.0006315903895199554,
        0.025632062434941216,
        0.012113229189417823,
        -0.0010823568066642305,
        0.01355685593261565
      ]
    },
    "syntax": {
      "style": [
        0.0005171741154888996,
        0.00020868007510371493,
        -0.0005064907106294475,
        -0.0003788968533093934,
        0.0012288215941922975,
        -0.00010846285403097625,
        -3.772440703897726e-05,
        -0.0008467518291753337,
        -5.022035779904808e-05,
        0.00015271040110740526
      ],
      "logic": [
        -9.558005157237249e-05,
        0.00010716842679601854,
        -4.7837579910961546e-05,
        -7.373797715449992e-06,
        -2.2276927975735674e-05,
        -0.00011648848461008317,
        -3.9213014799611994e-05,
        -5.50598555354476e-05,
        0.00015974804101951732,
        4.850259958287764e-05
      ],
      "syntax": [
        0.02664620166832212,
        0.0016311520172225008,
        -9.661698469757463e-05,
        0.0006743659659402541,
        0.00011258685143340273,
        -0.0002193454308431372,
        0.011010230135302735,
        -0.0021986532746638,
        -0.0010546322917538073,
        0.0001088642291129187
      ]
    }
  },
  "suppression_matrix_mean": {
    "style": {
      "style": 0.025875458992992584,
      "logic": 0.0007773297499076659,
      "syntax": -0.023196762209354453
    },
    "logic": {
      "style": -0.0037335850102024823,
      "logic": 0.04124345952894265,
      "syntax": 0.002407114151635183
    },
    "syntax": {
      "style": 1.7883917390914114e-05,
      "logic": -6.841064472124897e-06,
      "syntax": 0.003661415288537561
    }
  },
  "diagonal_advantage": {
    "style": 0.037085175222715976,
    "logic": 0.0419066949582263,
    "syntax": 0.003655893862078166
  }
}