{
  "model": "GLM4-9B-Chat",
  "n_layers": 40,
  "d_model": 4096,
  "L1_fixed": 10,
  "l2_values": [
    12,
    16,
    20,
    24,
    28,
    32,
    36,
    38
  ],
  "pairs": {
    "tense_x_question": {
      "pair": "tense_x_question",
      "feature_A": "tense",
      "feature_B": "question",
      "n_samples": 25,
      "L1_fixed": 10,
      "propagation_data": {
        "L12": {
          "l2": 12,
          "distance": 2,
          "curvature_norm_mean": 25.58837890625,
          "curvature_norm_std": 4.641183853149414,
          "mean_single_effect": 22.581881637573243,
          "mean_A_effect": 20.935775756835938,
          "mean_B_effect": 24.227985382080078,
          "relative_curvature": 1.1331375886569626,
          "n_valid": 25
        },
        "L16": {
          "l2": 16,
          "distance": 6,
          "curvature_norm_mean": 52.323219299316406,
          "curvature_norm_std": 8.629847526550293,
          "mean_single_effect": 27.661105346679687,
          "mean_A_effect": 20.935775756835938,
          "mean_B_effect": 34.38643264770508,
          "relative_curvature": 1.8915809272028203,
          "n_valid": 25
        },
        "L20": {
          "l2": 20,
          "distance": 10,
          "curvature_norm_mean": 66.70093536376953,
          "curvature_norm_std": 9.563432693481445,
          "mean_single_effect": 35.26433654785156,
          "mean_A_effect": 20.935775756835938,
          "mean_B_effect": 49.5928955078125,
          "relative_curvature": 1.891455841599948,
          "n_valid": 25
        },
        "L24": {
          "l2": 24,
          "distance": 14,
          "curvature_norm_mean": 65.8547592163086,
          "curvature_norm_std": 8.087482452392578,
          "mean_single_effect": 39.16556709289551,
          "mean_A_effect": 20.935775756835938,
          "mean_B_effect": 57.395355224609375,
          "relative_curvature": 1.6814453129184044,
          "n_valid": 25
        },
        "L28": {
          "l2": 28,
          "distance": 18,
          "curvature_norm_mean": 71.85539245605469,
          "curvature_norm_std": 7.67051887512207,
          "mean_single_effect": 42.32184051513672,
          "mean_A_effect": 20.935775756835938,
          "mean_B_effect": 63.70790481567383,
          "relative_curvature": 1.6978324094904447,
          "n_valid": 25
        },
        "L32": {
          "l2": 32,
          "distance": 22,
          "curvature_norm_mean": 80.09522247314453,
          "curvature_norm_std": 9.15243148803711,
          "mean_single_effect": 47.03720672607422,
          "mean_A_effect": 20.935775756835938,
          "mean_B_effect": 73.13864135742188,
          "relative_curvature": 1.7028056733771761,
          "n_valid": 25
        },
        "L36": {
          "l2": 36,
          "distance": 26,
          "curvature_norm_mean": 82.18557739257812,
          "curvature_norm_std": 10.356480598449707,
          "mean_single_effect": 54.741479034423826,
          "mean_A_effect": 20.935775756835938,
          "mean_B_effect": 88.54718017578125,
          "relative_curvature": 1.501340096067666,
          "n_valid": 25
        },
        "L38": {
          "l2": 38,
          "distance": 28,
          "curvature_norm_mean": 49.387027740478516,
          "curvature_norm_std": 4.1249470710754395,
          "mean_single_effect": 35.99310485839844,
          "mean_A_effect": 20.935775756835938,
          "mean_B_effect": 51.05043029785156,
          "relative_curvature": 1.3721246870653783,
          "n_valid": 25
        }
      }
    },
    "voice_x_question": {
      "pair": "voice_x_question",
      "feature_A": "voice",
      "feature_B": "question",
      "n_samples": 25,
      "L1_fixed": 10,
      "propagation_data": {
        "L12": {
          "l2": 12,
          "distance": 2,
          "curvature_norm_mean": 60.159629821777344,
          "curvature_norm_std": 15.108657836914062,
          "mean_single_effect": 72.84766235351563,
          "mean_A_effect": 113.90544891357422,
          "mean_B_effect": 31.789867401123047,
          "relative_curvature": 0.8258278698052341,
          "n_valid": 25
        },
        "L16": {
          "l2": 16,
          "distance": 6,
          "curvature_norm_mean": 79.4292984008789,
          "curvature_norm_std": 16.1104679107666,
          "mean_single_effect": 76.60161880493165,
          "mean_A_effect": 113.90544891357422,
          "mean_B_effect": 39.29777908325195,
          "relative_curvature": 1.0369140971164634,
          "n_valid": 25
        },
        "L20": {
          "l2": 20,
          "distance": 10,
          "curvature_norm_mean": 103.2025375366211,
          "curvature_norm_std": 16.486398696899414,
          "mean_single_effect": 83.51203445434571,
          "mean_A_effect": 113.90544891357422,
          "mean_B_effect": 53.11860656738281,
          "relative_curvature": 1.2357804262679792,
          "n_valid": 25
        },
        "L24": {
          "l2": 24,
          "distance": 14,
          "curvature_norm_mean": 105.2302017211914,
          "curvature_norm_std": 17.03430938720703,
          "mean_single_effect": 83.26200927734375,
          "mean_A_effect": 113.90544891357422,
          "mean_B_effect": 52.618560791015625,
          "relative_curvature": 1.2638441305271142,
          "n_valid": 25
        },
        "L28": {
          "l2": 28,
          "distance": 18,
          "curvature_norm_mean": 148.6676483154297,
          "curvature_norm_std": 14.28051471710205,
          "mean_single_effect": 89.41131103515625,
          "mean_A_effect": 113.90544891357422,
          "mean_B_effect": 64.91716003417969,
          "relative_curvature": 1.6627387138614684,
          "n_valid": 25
        },
        "L32": {
          "l2": 32,
          "distance": 22,
          "curvature_norm_mean": 177.7237091064453,
          "curvature_norm_std": 15.8270845413208,
          "mean_single_effect": 94.61535736083984,
          "mean_A_effect": 113.90544891357422,
          "mean_B_effect": 75.32525634765625,
          "relative_curvature": 1.878381206429974,
          "n_valid": 25
        },
        "L36": {
          "l2": 36,
          "distance": 26,
          "curvature_norm_mean": 176.6815185546875,
          "curvature_norm_std": 16.7326602935791,
          "mean_single_effect": 97.52979370117187,
          "mean_A_effect": 113.90544891357422,
          "mean_B_effect": 81.15412902832031,
          "relative_curvature": 1.811564567601289,
          "n_valid": 25
        },
        "L38": {
          "l2": 38,
          "distance": 28,
          "curvature_norm_mean": 149.73902893066406,
          "curvature_norm_std": 23.989749908447266,
          "mean_single_effect": 80.87228271484375,
          "mean_A_effect": 113.90544891357422,
          "mean_B_effect": 47.839111328125,
          "relative_curvature": 1.8515494295920865,
          "n_valid": 25
        }
      }
    }
  },
  "timestamp": "2026-04-25T00:20:23.151437"
}