{
  "tense": {
    "L0": {
      "avg_l2": 656.1672073364258,
      "std_l2": 67.63134339641783,
      "avg_cos_sim": 0.8359502366185189,
      "n": 200
    },
    "L1": {
      "avg_l2": 459.8639784240723,
      "std_l2": 49.76352429064271,
      "avg_cos_sim": 0.9276741725206376,
      "n": 200
    },
    "L10": {
      "avg_l2": 419.5689224243164,
      "std_l2": 45.82419987090525,
      "avg_cos_sim": 0.9424956968426704,
      "n": 200
    },
    "L20": {
      "avg_l2": 425.24775970458984,
      "std_l2": 46.89468251769628,
      "avg_cos_sim": 0.940761137008667,
      "n": 200
    },
    "L30": {
      "avg_l2": 436.67633056640625,
      "std_l2": 50.037643212570046,
      "avg_cos_sim": 0.9360896906256676,
      "n": 200
    },
    "L38": {
      "avg_l2": 440.6307891845703,
      "std_l2": 50.03141399685721,
      "avg_cos_sim": 0.9340510591864586,
      "n": 200
    },
    "L39": {
      "avg_l2": 441.66337661743165,
      "std_l2": 50.51893575668932,
      "avg_cos_sim": 0.9339122819900513,
      "n": 200
    }
  },
  "polarity": {
    "L0": {
      "avg_l2": 77.6909370803833,
      "std_l2": 43.52946910123945,
      "avg_cos_sim": 0.9969372913241387,
      "n": 200
    },
    "L1": {
      "avg_l2": 81.46010313034057,
      "std_l2": 39.80420398257973,
      "avg_cos_sim": 0.9968282443284988,
      "n": 200
    },
    "L10": {
      "avg_l2": 238.94375629425048,
      "std_l2": 72.7342660187881,
      "avg_cos_sim": 0.9764885330200195,
      "n": 200
    },
    "L20": {
      "avg_l2": 269.274471282959,
      "std_l2": 68.94340215016253,
      "avg_cos_sim": 0.9710483106970788,
      "n": 200
    },
    "L30": {
      "avg_l2": 306.8723201751709,
      "std_l2": 64.45617174291151,
      "avg_cos_sim": 0.9630351433157921,
      "n": 200
    },
    "L38": {
      "avg_l2": 312.99041648864744,
      "std_l2": 64.50918493787192,
      "avg_cos_sim": 0.961489106118679,
      "n": 200
    },
    "L39": {
      "avg_l2": 313.33914237976074,
      "std_l2": 64.44859173172172,
      "avg_cos_sim": 0.9614064988493919,
      "n": 200
    }
  },
  "number": {
    "L0": {
      "avg_l2": 67.77428326924642,
      "std_l2": 18.361007437762932,
      "avg_cos_sim": 0.9979623178641002,
      "n": 150
    },
    "L1": {
      "avg_l2": 81.73779782613119,
      "std_l2": 32.121281223255444,
      "avg_cos_sim": 0.9968986423810323,
      "n": 150
    },
    "L10": {
      "avg_l2": 174.47475056966147,
      "std_l2": 84.39164117214041,
      "avg_cos_sim": 0.9849631460507711,
      "n": 150
    },
    "L20": {
      "avg_l2": 219.45627670288087,
      "std_l2": 92.88744374759784,
      "avg_cos_sim": 0.9769352535406749,
      "n": 150
    },
    "L30": {
      "avg_l2": 286.96898956298827,
      "std_l2": 99.40352453244334,
      "avg_cos_sim": 0.9619144527117411,
      "n": 150
    },
    "L38": {
      "avg_l2": 299.73620930989586,
      "std_l2": 98.30450621305205,
      "avg_cos_sim": 0.9589732515811921,
      "n": 150
    },
    "L39": {
      "avg_l2": 301.62316446940105,
      "std_l2": 98.2996681013177,
      "avg_cos_sim": 0.9585373814900716,
      "n": 150
    }
  }
}