{
  "experiment_layers": [
    6,
    20,
    31,
    35
  ],
  "gender_parallelism": [
    0.9880831837654114,
    0.9883336424827576,
    0.9882363677024841,
    0.640396922826767
  ],
  "capital_parallelism": [
    -0.997672975063324,
    -0.9974620938301086,
    -0.9967150092124939,
    -0.5716032981872559
  ],
  "orthogonality_isolation": [
    0.1472732126712799,
    0.1491570621728897,
    0.1489669755101204,
    0.1477382406592369
  ]
}