{
  "model": "qwen3",
  "model_name": "Qwen3-4B",
  "timestamp": "2026-04-24T11:27:27.765029",
  "n_pairs": 40,
  "key_layers": [
    0,
    1,
    9,
    18,
    27,
    36
  ],
  "summary": {
    "erank_A_mean": 34.2366943359375,
    "erank_int_mean": 36.263954162597656,
    "rank_ratio_mean": 1.060362696647644,
    "cumvar_int_k1_mean": 0.07857678085565567,
    "cumvar_int_k3_mean": 0.17328153550624847,
    "interaction_ratio_mean": 0.6630940188964208,
    "cos_int_A_mean": -0.5229105800390244,
    "cross_pair_overlap_mean": 0.1413979098200798,
    "cross_pair_angle_mean": 71.38458557128907
  },
  "per_pair_last_layer": {
    "tense_x_question": {
      "erank_A": 