{
  "key_layers": [
    0,
    9,
    18,
    27,
    35
  ],
  "feature_pairs": [
    "polarity",
    "tense",
    "semantic"
  ],
  "subspace_overlap": {
    "('polarity', 'tense', 0)": {
      "jaccard_top50": 0.041666666666666664,
      "expected_jaccard_top50": 0.0003814697265625,
      "jaccard_top100": 0.03626943005181347,
      "expected_jaccard_top100": 0.00152587890625,
      "jaccard_top200": 0.05263157894736842,
      "expected_jaccard_top200": 0.006103515625,
      "cos_diff": 0.04818271845579147,
      "cos_probe": 0.04966170097891599,
      "min_angle_deg": 0.0,
      "mean_angle_deg": 0.0,
      "max_angle_deg": 0.0
    },
    "('polarity', 'semantic', 0)": {
      "jaccard_top50": 0.041666666666666664,
      "expected_jaccard_top50": 0.0003814697265625,
      "jaccard_top100": 0.0582010582010582,
      "expected_jaccard_top100": 0.00152587890625,
      "jaccard_top200": 0.05263157894736842,
      "expected_jaccard_top200": 0.006103515625,
      "cos_diff": -0.022390030324459076,
      "cos_probe": -0.047946896365189534,
      "min_angle_deg": 0.0,
      "mean_angle_deg": 0.0,
      "max_angle_deg": 0.0
    },
    "('tense', 'semantic', 0)": {
      "jaccard_top50": 0.041666666666666664,
      "expected_jaccard_top50": 0.0003814697265625,
      "jaccard_top100": 0.030927835051546393,
      "expected_jaccard_top100": 0.00152587890625,
      "jaccard_top200": 0.03626943005181347,
      "expected_jaccard_top200": 0.006103515625,
      "cos_diff": -0.06954523921012878,
      "cos_probe": -0.014247916034005633,
      "min_angle_deg": 0.0,
      "mean_angle_deg": 0.0,
      "max_angle_deg": 0.0
    },
    "('polarity', 'tense', 9)": {
      "jaccard_top50": 0.05263157894736842,
      "expected_jaccard_top50": 0.0003814697265625,
      "jaccard_top100": 0.04712041884816754,
      "expected_jaccard_top100": 0.00152587890625,
      "jaccard_top200": 0.06666666666666667,
      "expected_jaccard_top200": 0.006103515625,
      "cos_diff": 0.05631067976355553,
      "cos_probe": 0.07399235746946206,
      "min_angle_deg": 0.0,
      "mean_angle_deg": 0.0,
      "max_angle_deg": 0.0
    },
    "('polarity', 'semantic', 9)": {
      "jaccard_top50": 0.0,
      "expected_jaccard_top50": 0.0003814697265625,
      "jaccard_top100": 0.010101010101010102,
      "expected_jaccard_top100": 0.00152587890625,
      "jaccard_top200": 0.03896103896103896,
      "expected_jaccard_top200": 0.006103515625,
      "cos_diff": 0.02018992230296135,
      "cos_probe": 0.03067633887248287,
      "min_angle_deg": 0.0,
      "mean_angle_deg": 0.0,
      "max_angle_deg": 0.0
    },
    "('tense', 'semantic', 9)": {
      "jaccard_top50": 0.02040816326530612,
      "expected_jaccard_top50": 0.0003814697265625,
      "jaccard_top100": 0.030927835051546393,
      "expected_jaccard_top100": 0.00152587890625,
      "jaccard_top200": 0.05263157894736842,
      "expected_jaccard_top200": 0.006103515625,
      "cos_diff": 0.03339450806379318,
      "cos_probe": 0.06922661028208045,
      "min_angle_deg": 0.0,
      "mean_angle_deg": 0.0,
      "max_angle_deg": 0.0
    },
    "('polarity', 'tense', 18)": {
      "jaccard_top50": 0.030927835051546393,
      "expected_jaccard_top50": 0.0003814697265625,
      "jaccard_top100": 0.03626943005181347,
      "expected_jaccard_top100": 0.00152587890625,
      "jaccard_top200": 0.06382978723404255,
      "expected_jaccard_top200": 0.006103515625,
      "cos_diff": 0.05400840565562248,
      "cos_probe": 0.012290162005700815,
      "min_angle_deg": 0.0,
      "mean_angle_deg": 0.0,
      "max_angle_deg": 0.0
    },
    "('polarity', 'semantic', 18)": {
      "jaccard_top50": 0.0,
      "expected_jaccard_top50": 0.0003814697265625,
      "jaccard_top100": 0.02564102564102564,
      "expected_jaccard_top100": 0.00152587890625,
      "jaccard_top200": 0.049868766404199474,
      "expected_jaccard_top200": 0.006103515625,
      "cos_diff": -0.0657719299197197,
      "cos_probe": -0.010130758489067908,
      "min_angle_deg": 0.0,
      "mean_angle_deg": 0.0,
      "max_angle_deg": 0.0
    },
    "('tense', 'semantic', 18)": {
      "jaccard_top50": 0.010101010101010102,
      "expected_jaccard_top50": 0.0003814697265625,
      "jaccard_top100": 0.02040816326530612,
      "expected_jaccard_top100": 0.00152587890625,
      "jaccard_top200": 0.044386422976501305,
      "expected_jaccard_top200": 0.006103515625,
      "cos_diff": -0.19093814492225647,
      "cos_probe": -0.041327461575874844,
      "min_angle_deg": 0.0,
      "mean_angle_deg": 0.0,
      "max_angle_deg": 0.0
    },
    "('polarity', 'tense', 27)": {
      "jaccard_top50": 0.010101010101010102,
      "expected_jaccard_top50": 0.0003814697265625,
      "jaccard_top100": 0.030927835051546393,
      "expected_jaccard_top100": 0.00152587890625,
      "jaccard_top200": 0.06382978723404255,
      "expected_jaccard_top200": 0.006103515625,
      "cos_diff": 0.014647201634943485,
      "cos_probe": 0.0002523820253313158,
      "min_angle_deg": 0.0,
      "mean_angle_deg": 0.0,
      "max_angle_deg": 0.0
    },
    "('polarity', 'semantic', 27)": {
      "jaccard_top50": 0.010101010101010102,
      "expected_jaccard_top50": 0.0003814697265625,
      "jaccard_top100": 0.02040816326530612,
      "expected_jaccard_top100": 0.00152587890625,
      "jaccard_top200": 0.049868766404199474,
      "expected_jaccard_top200": 0.006103515625,
      "cos_diff": -0.07939767837524414,
      "cos_probe": -0.04093139695718781,
      "min_angle_deg": 0.0,
      "mean_angle_deg": 0.0,
      "max_angle_deg": 0.0
    },
    "('tense', 'semantic', 27)": {
      "jaccard_top50": 0.010101010101010102,
      "expected_jaccard_top50": 0.0003814697265625,
      "jaccard_top100": 0.02564102564102564,
      "expected_jaccard_top100": 0.00152587890625,
      "jaccard_top200": 0.049868766404199474,
      "expected_jaccard_top200": 0.006103515625,
      "cos_diff": -0.1701662689447403,
      "cos_probe": -0.07564522337337326,
      "min_angle_deg": 0.0,
      "mean_angle_deg": 0.0,
      "max_angle_deg": 0.0
    },
    "('polarity', 'tense', 35)": {
      "jaccard_top50": 0.02040816326530612,
      "expected_jaccard_top50": 0.0003814697265625,
      "jaccard_top100": 0.04712041884816754,
      "expected_jaccard_top100": 0.00152587890625,
      "jaccard_top200": 0.07816711590296496,
      "expected_jaccard_top200": 0.006103515625,
      "cos_diff": 0.04227747768163681,
      "cos_probe": -0.01641745123362334,
      "min_angle_deg": 0.0,
      "mean_angle_deg": 0.0,
      "max_angle_deg": 0.0
    },
    "('polarity', 'semantic', 35)": {
      "jaccard_top50": 0.0,
      "expected_jaccard_top50": 0.0003814697265625,
      "jaccard_top100": 0.02564102564102564,
      "expected_jaccard_top100": 0.00152587890625,
      "jaccard_top200": 0.041666666666666664,
      "expected_jaccard_top200": 0.006103515625,
      "cos_diff": -0.17810845375061035,
      "cos_probe": 0.00042075038239492314,
      "min_angle_deg": 0.0,
      "mean_angle_deg": 0.0,
      "max_angle_deg": 0.0
    },
    "('tense', 'semantic', 35)": {
      "jaccard_top50": 0.030927835051546393,
      "expected_jaccard_top50": 0.0003814697265625,
      "jaccard_top100": 0.02040816326530612,
      "expected_jaccard_top100": 0.00152587890625,
      "jaccard_top200": 0.044386422976501305,
      "expected_jaccard_top200": 0.006103515625,
      "cos_diff": -0.5185732841491699,
      "cos_probe": -0.1075022991887657,
      "min_angle_deg": 0.0,
      "mean_angle_deg": 0.0,
      "max_angle_deg": 0.0
    }
  },
  "subspace_dim": {
    "('polarity', 0)": {
      "dim_50": 577,
      "dim_90": 1639,
      "dim_95": 1904,
      "accuracy": 1.0
    },
    "('tense', 0)": {
      "dim_50": 594,
      "dim_90": 1639,
      "dim_95": 1902,
      "accuracy": 1.0
    },
    "('semantic', 0)": {
      "dim_50": 585,
      "dim_90": 1626,
      "dim_95": 1901,
      "accuracy": 1.0
    },
    "('polarity', 9)": {
      "dim_50": 611,
      "dim_90": 1657,
      "dim_95": 1920,