{
  "model": "GLM4-9B-Chat",
  "n_features": 10,
  "mean_cos_10feat": 0.22618535161018372,
  "max_cos_10feat": 0.6417766809463501,
  "random_expected_cos": 0.015625,
  "syn_syn_mean_cos": 0.2450941652059555,
  "sem_sem_mean_cos": 0.02826228179037571,
  "syn_sem_mean_cos": 0.2054651528596878
}