{
  "model_id": "deepseek-ai/DeepSeek-R1-Distill-Qwen-7B",
  "device": "cpu",
  "runtime_sec": 4233.33811545372,
  "config": {
    "device_map": "auto",
    "batch_size": 32,
    "max_chains": 120,
    "candidate_k": 12,
    "max_subset": 6,
    "target_ratio": 0.8,
    "route_penalty": 0.5,
    "discovery_max_items": 240,
    "bootstrap": 200,
    "n_chains": 120,
    "n_queries": 720
  },
  "base_metrics": {
    "hop1_valid": 0.00540858658677554,
    "hop1_invalid": 2.89094485367213e-05,
    "hop1_selectivity": 0.005379677138238819,
    "hop2_valid": 0.03938724489423413,
    "hop2_invalid": 6.993150700294441e-05,
    "hop2_selectivity": 0.03931731338723119,
    "hop3_valid": 0.04318822900033396,
    "hop3_invalid": 7.820401525522429e-07,
    "hop3_selectivity": 0.043187446960181404,
    "route_index": 0.03780776982194259
  },
  "bootstrap_ci": {
    "hop1_selectivity": {
      "mean": 0.005172654208622964,
      "std": 0.002988652208225061,
      "ci95_low": 0.0007524705478685498,
      "ci95_high": 0.012140136066390307
    },
    "hop2_selectivity": {
      "mean": 0.039005286143767734,
      "std": 0.00752396634093342,
      "ci95_low": 0.02576983178459397,
      "ci95_high": 0.056249883357349116
    },
    "hop3_selectivity": {
      "mean": 0.04379134000012026,
      "std": 0.013881396817795351,
      "ci95_low": 0.02410566532112205,
      "ci95_high": 0.07470749266116175
    },
    "route_index": {
      "mean": 0.0386186857914973,
      "std": 0.014310159608439522,
      "ci95_low": 0.01602952486453608,
      "ci95_high": 0.07143221785641342
    }
  },
  "domain_base_metrics": {
    "animal_bird": {
      "hop1_valid": 9.682524270478628e-05,
      "hop1_invalid": 2.0237448726589946e-05,
      "hop1_selectivity": 7.658779397819633e-05,
      "hop2_valid": 0.01763066039142243,
      "hop2_invalid": 0.0003495579209661125,
      "hop2_selectivity": 0.017281102470456316,
      "hop3_valid": 0.027409063658391613,
      "hop3_invalid": 1.3775033321413352e-07,
      "hop3_selectivity": 0.0274089259080584,
      "route_index": 0.027332338114080205
    },
    "animal_fish": {
      "hop1_valid": 3.397864720763469e-05,
      "hop1_invalid": 1.1508454567734004e-06,
      "hop1_selectivity": 3.2827801750861294e-05,
      "hop2_valid": 0.0035578079829457626,
      "hop2_invalid": 1.7761204362225125e-05,
      "hop2_selectivity": 0.0035400467785835373,
      "hop3_valid": 0.0001734867778246623,
      "hop3_invalid": 2.0861367790051385e-06,
      "hop3_selectivity": 0.00017140064104565717,
      "route_index": 0.00013857283929479588
    },
    "animal_insect": {
      "hop1_valid": 2.5784977854609933e-06,
      "hop1_invalid": 1.181079969430559e-06,
      "hop1_selectivity": 1.3974178160304343e-06,
      "hop2_valid": 0.06601397179755744,
      "hop2_invalid": 4.347311107668401e-06,
      "hop2_selectivity": 0.06600962448644977,
      "hop3_valid": 0.04391656170486791,
      "hop3_invalid": 2.0063319963428387e-07,
      "hop3_selectivity": 0.04391636107166827,
      "route_index": 0.04391496365385224
    },
    "animal_mammal": {
      "hop1_valid": 1.1454211363189544e-07,
      "hop1_invalid": 1.4018822595058328e-06,
      "hop1_selectivity": -1.2873401458739374e-06,
      "hop2_valid": 5.455394754487012e-05,
      "hop2_invalid": 4.877804455658305e-07,
      "hop2_selectivity": 5.406616709930429e-05,
      "hop3_valid": 0.16225076880719927,
      "hop3_invalid": 1.365450003731894e-06,
      "hop3_selectivity": 0.16224940335719554,
      "route_index": 0.1622506906973414
    },
    "artifact_instrument": {
      "hop1_valid": 5.721976280200399e-06,
      "hop1_invalid": 2.1147117077902067e-05,
      "hop1_selectivity": -1.542514079770167e-05,
      "hop2_valid": 0.062184549317212595,
      "hop2_invalid": 3.426330381874947e-05,
      "hop2_selectivity": 0.06215028601339385,
      "hop3_valid": 0.013893698585055366,
      "hop3_invalid": 2.265184252392416e-06,
      "hop3_selectivity": 0.013891433400802974,
      "route_index": 0.013906858541600675
    },
    "artifact_tool": {
      "hop1_valid": 0.00527629593758121,
      "hop1_invalid": 3.131164906129413e-05,
      "hop1_selectivity": 0.005244984288519916,
      "hop2_valid": 0.09717419085211967,
      "hop2_invalid": 5.266697219853735e-05,
      "hop2_selectivity": 0.09712152387992114,
      "hop3_valid": 0.005850644465090227,
      "hop3_invalid": 9.800576996177313e-07,
      "hop3_selectivity": 0.005849664407390609,
      "route_index": 0.0006046801188706935
    },
    "artifact_vehicle": {
      "hop1_valid": 1.1399895847510132e-07,
      "hop1_invalid": 1.4970201220876334e-06,
      "hop1_selectivity": -1.383021163612532e-06,
      "hop2_valid": 0.030921082266352394,
      "hop2_invalid": 3.4284975134307224e-05,
      "hop2_selectivity": 0.03088679729121809,
      "hop3_valid": 0.06932740926177675,
      "hop3_invalid": 5.722596167439581e-07,
      "hop3_selectivity": 0.06932683700216,
      "route_index": 0.0693282200233236
    },
    "cosmos_body": {
      "hop1_valid": 0.01325728761200177,
      "hop1_invalid": 9.884077357469323e-06,
      "hop1_selectivity": 0.0132474035346443,
      "hop2_valid": 6.988485181204872e-06,
      "hop2_invalid": 4.709079329079977e-06,
      "hop2_selectivity": 2.279405852124895e-06,
      "hop3_valid": 4.0325199416694585e-07,
      "hop3_invalid": 1.8718594694020237e-07,
      "hop3_selectivity": 2.1606604722674348e-07,
      "route_index": -0.013247187468597073
    },
    "food_fruit": {
      "hop1_valid": 3.787432601617032e-07,
      "hop1_invalid": 2.4171574829602428e-06,
      "hop1_selectivity": -2.0384142227985394e-06,
      "hop2_valid": 0.08061070075549598,
      "hop2_invalid": 1.9390979537576352e-05,
      "hop2_selectivity": 0.08059130977595841,
      "hop3_valid": 0.008208977104029853,
      "hop3_invalid": 1.2151465777302899e-06,
      "hop3_selectivity": 0.008207761957452124,
      "route_index": 0.008209800371674921
    },
    "food_vegetable": {
      "hop1_valid": 1.105743109519608e-06,
      "hop1_invalid": 1.4334019944328702e-06,
      "hop1_selectivity": -3.2765888491326223e-07,
      "hop2_valid": 0.0867631733417511,
      "hop2_invalid": 1.4440423055361861e-05,
      "hop2_selectivity": 0.08674873291869574,
      "hop3_valid": 0.000431241840186658,
      "hop3_invalid": 2.3523948395887117e-07,
      "hop3_selectivity": 0.0004310066007026991,
      "route_index": 0.0004313342595876124
    },
    "geo_city": {
      "hop1_valid": 0.011565319812885637,
      "hop1_invalid": 0.00022353269294676665,
      "hop1_selectivity": 0.01134178711993887,
      "hop2_valid": 0.010324329112698026,
      "hop2_invalid": 4.120573656664224e-05,
      "hop2_selectivity": 0.010283123376131385,
      "hop3_valid": 0.010919537007298046,
      "hop3_invalid": 1.541344042702261e-07,
      "hop3_selectivity": 0.010919382872893776,
      "route_index": -0.00042240424704509394
    },
    "geo_country": {
      "hop1_valid": 0.0316568136328318,
      "hop1_invalid": 2.520726237843395e-06,
      "hop1_selectivity": 0.03165429290659395,
      "hop2_valid": 0.011866646631234257,
      "hop2_invalid": 0.00017270087067008691,
      "hop2_selectivity": 0.01169394576056417,
      "hop3_valid": 0.16461947780441155,
      "hop3_invalid": 3.225089278820456e-07,
      "hop3_selectivity": 0.16461915529548368,
      "route_index": 0.13296486238888972
    }
  },
  "domain_drop_after_subset": {
    "animal_bird": {
      "hop3_selectivity_drop": 0.004432383762230874,
      "route_index_drop": 0.004431797299193928
    },
    "animal_fish": {
      "hop3_selectivity_drop": 6.810185551562956e-05,
      "route_index_drop": 6.775783760889658e-05
    },
    "animal_insect": {
      "hop3_selectivity_drop": 0.003967042436152368,
      "route_index_drop": 0.003967379359599135
    },
    "animal_mammal": {
      "hop3_selectivity_drop": 0.028562517893034406,
      "route_index_drop": 0.028562538532624276
    },
    "artifact_instrument": {
      "hop3_selectivity_drop": -0.0015448815805859297,