{
  "record_type": "stage3_summary",
  "created_at_utc": "2026-03-17T11:56:33Z",
  "runtime_sec": 103.412850856781,
  "model_id": "Qwen/Qwen3-4B",
  "model_ref": "D:\\develop\\model\\hub\\models--Qwen--Qwen3-4B\\snapshots\\1cfa9a7208912126459214e8b04321603b3df60c",
  "family_count": 10,
  "term_count": 40,
  "intervention_record_count": 200,
  "selected_categories": [
    "fruit",
    "human",
    "abstract",
    "food",
    "celestial",
    "vehicle",
    "tech",
    "nature",
    "animal",
    "object"
  ],
  "mean_shared_margin_drop": 0.021725429239829317,
  "mean_shared_random_margin_drop": 0.001949787427897126,
  "mean_specific_margin_drop": 0.001191272815276187,
  "mean_specific_random_margin_drop": 0.002335444497176839,
  "mean_shared_category_margin_drop": 2.4413867658878984e-05,
  "mean_shared_random_category_margin_drop": -3.3225387117141736e-06,
  "mean_specific_category_margin_drop": 2.277367989655943e-05,
  "mean_specific_random_category_margin_drop": 2.860033520235561e-06
}