{
  "tense": {
    "6": {
      "feat_eff": 51.739583333333336,
      "sigma1": 61.072916666666664,
      "SA": 0.8471772130308717,
      "verdict": "NOT>1"
    },
    "16": {
      "feat_eff": 49.364583333333336,
      "sigma1": 50.083333333333336,
      "SA": 0.985648918469218,
      "verdict": "NOT>1"
    },
    "27": {
      "feat_eff": 51.958333333333336,
      "sigma1": 31.354166666666668,
      "SA": 1.6571428571428573,
      "verdict": "GENUINE"
    },
    "38": {
      "feat_eff": 60.958333333333336,
      "sigma1": 15.776041666666666,
      "SA": 3.8639815120501817,
      "verdict": "GENUINE"
    }
  },
  "question": {
    "6": {
      "feat_eff": 50.010416666666664,
      "sigma1": 60.635416666666664,
      "SA": 0.824772375880433,
      "verdict": "NOT>1"
    },
    "16": {
      "feat_eff": 47.583333333333336,
      "sigma1": 49.958333333333336,
      "SA": 0.9524603836530442,
      "verdict": "NOT>1"
    },
    "27": {
      "feat_eff": 55.46875,
      "sigma1": 31.583333333333332,
      "SA": 1.7562664907651715,
      "verdict": "GENUINE"
    },
    "38": {
      "feat_eff": 72.02083333333333,
      "sigma1": 15.270833333333334,
      "SA": 4.716234652114597,
      "verdict": "GENUINE"
    }
  }
}