{
  "6": {
    "cum_var_top10": 0.5868968367576599,
    "cum_var_top50": 0.9999995827674866,
    "features": {
      "tense": {
        "er_pca": {
          "10": 1.0210074443277093
        },
        "residual_ratio": 0.9807336599291459
      },
      "question": {
        "er_pca": {
          "10": 1.0120415164933334
        },
        "residual_ratio": 0.9512439710863774
      }
    }
  },
  "16": {
    "cum_var_top10": 0.568617582321167,
    "cum_var_top50": 0.9999997615814209,
    "features": {
      "tense": {
        "er_pca": {
          "10": 1.0376036856203097
        },
        "residual_ratio": 0.9509515459039236
      },
      "question": {
        "er_pca": {
          "10": 0.946666662793255
        },
        "residual_ratio": 1.0430300205020382
      }
    }
  },
  "27": {
    "cum_var_top10": 0.5709177851676941,
    "cum_var_top50": 1.0000001192092896,
    "features": {
      "tense": {
        "er_pca": {
          "10": 1.0087499260275092
        },
        "residual_ratio": 1.076116495110766
      },
      "question": {
        "er_pca": {
          "10": 0.9933236300412136
        },
        "residual_ratio": 1.090351598924908
      }
    }
  },
  "38": {
    "cum_var_top10": 0.6070681214332581,
    "cum_var_top50": 1.0,
    "features": {
      "tense": {
        "er_pca": {
          "10": 0.9821096847293822
        },
        "residual_ratio": 0.9992987482468706
      },
      "question": {
        "er_pca": {
          "10": 1.024182452767159
        },
        "residual_ratio": 1.0955607326710948
      }
    }
  }
}