{
  "tense": {
    "6": {
      "per_eps": {
        "0.01": {
          "er": 1.009192446076075,
          "sa": 0.900838215412348,
          "feat_eff": 48.609375,
          "mean_rand": 48.439375,
          "norm_feat": 4860.9375,
          "norm_rand": 4843.9375
        },
        "0.03": {
          "er": 1.0161650119536467,
          "sa": 0.899485965329234,
          "feat_eff": 48.671875,
          "mean_rand": 47.981875,
          "norm_feat": 1622.3958333333335,
          "norm_rand": 1599.3958333333335
        },
        "0.05": {
          "er": 0.9971441892994521,
          "sa": 0.8857680862205749,
          "feat_eff": 49.5625,
          "mean_rand": 49.715625,
          "norm_feat": 991.25,
          "norm_rand": 994.3125
        },
        "0.1": {
          "er": 0.9759041633319095,
          "sa": 0.873241709430358,
          "feat_eff": 49.921875,
          "mean_rand": 50.925625,
          "norm_feat": 499.21875,
          "norm_rand": 509.25624999999997
        }
      },
      "norm_feat_cv": 0.8541673074611587,
      "norm_rand_cv": 0.8527684792186929,
      "er_cv": 0.015286294502214323
    },
    "16": {
      "per_eps": {
        "0.01": {
          "er": 1.037534458567975,
          "sa": 0.9414400582916593,
          "feat_eff": 43.625,
          "mean_rand": 42.281875,
          "norm_feat": 4362.5,
          "norm_rand": 4228.1875
        },
        "0.03": {
          "er": 0.9770478819270536,
          "sa": 0.8630755475721686,
          "feat_eff": 42.453125,
          "mean_rand": 43.486875,
          "norm_feat": 1415.1041666666667,
          "norm_rand": 1449.5625
        },
        "0.05": {
          "er": 1.0105786670603019,
          "sa": 0.8751029098302838,
          "feat_eff": 46.171875,
          "mean_rand": 45.841875,
          "norm_feat": 923.4375,
          "norm_rand": 916.8375
        },
        "0.1": {
          "er": 1.0698555899009878,
          "sa": 0.9334811745281493,
          "feat_eff": 54.953125,
          "mean_rand": 51.636250000000004,
          "norm_feat": 549.53125,
          "norm_rand": 516.3625
        }
      },
      "norm_feat_cv": 0.8296303973286785,
      "norm_rand_cv": 0.8173205519555347,
      "er_cv": 0.03337698576903343
    },
    "27": {
      "per_eps": {
        "0.01": {
          "er": 1.0554874745213652,
          "sa": 0.9836357638431541,
          "feat_eff": 28.203125,
          "mean_rand": 26.778750000000002,
          "norm_feat": 2820.3125,
          "norm_rand": 2677.875
        },
        "0.03": {
          "er": 1.1230103657805994,
          "sa": 1.0154078532604431,
          "feat_eff": 37.5625,
          "mean_rand": 33.588125,
          "norm_feat": 1252.0833333333335,
          "norm_rand": 1119.6041666666667
        },
        "0.05": {
          "er": 1.2100725486646144,
          "sa": 1.0528271681006975,
          "feat_eff": 50.578125,
          "mean_rand": 42.0025,
          "norm_feat": 1011.5625,
          "norm_rand": 840.05
        },
        "0.1": {
          "er": 1.3291307656447438,
          "sa": 1.1741387238256933,
          "feat_eff": 85.4375,
          "mean_rand": 64.694375,
          "norm_feat": 854.375,
          "norm_rand": 646.9437499999999
        }
      },
      "norm_feat_cv": 0.5281497063562388,
      "norm_rand_cv": 0.6064144850280353,
      "er_cv": 0.08677139307075955
    },
    "38": {
      "per_eps": {
        "0.01": {
          "er": 0.9446598989197137,
          "sa": 0.8529943776574241,
          "feat_eff": 12.47265625,
          "mean_rand": 13.18140625,
          "norm_feat": 1247.265625,
          "norm_rand": 1318.140625
        },
        "0.03": {
          "er": 0.9508493930487146,
          "sa": 0.9037695369449155,
          "feat_eff": 35.578125,
          "mean_rand": 37.364374999999995,
          "norm_feat": 1185.9375,
          "norm_rand": 1245.4791666666665
        },
        "0.05": {
          "er": 0.9593179185460114,
          "sa": 0.8933794958565,
          "feat_eff": 59.515625,
          "mean_rand": 61.986875,
          "norm_feat": 1190.3125,
          "norm_rand": 1239.7375
        },
        "0.1": {
          "er": 0.9656531391651899,
          "sa": 0.9012524654832348,
          "feat_eff": 119.125,
          "mean_rand": 123.305,
          "norm_feat": 1191.25,
          "norm_rand": 1233.0499999999997
        }
      },
      "norm_feat_cv": 0.020966636725163048,
      "norm_rand_cv": 0.0272962073973869,
      "er_cv": 0.008379530261892674
    }
  },
  "question": {
    "6": {
      "per_eps": {
        "0.01": {
          "er": 0.9877528749373586,
          "sa": 0.8808578456147445,
          "feat_eff": 47.1875,
          "mean_rand": 48.0325,
          "norm_feat": 4718.75,
          "norm_rand": 4803.25
        },
        "0.03": {
          "er": 1.053833715159679,
          "sa": 0.9410276145162795,
          "feat_eff": 52.3125,
          "mean_rand": 49.272499999999994,
          "norm_feat": 1743.75,
          "norm_rand": 1642.4166666666665
        },
        "0.05": {
          "er": 0.9583336859746321,
          "sa": 0.8576886844017465,
          "feat_eff": 47.40625,
          "mean_rand": 49.445625,
          "norm_feat": 948.125,
          "norm_rand": 988.9124999999999
        },
        "0.1": {
          "er": 1.0323837004557879,
          "sa": 0.8776083190613988,
          "feat_eff": 52.59375,
          "mean_rand": 50.933125,
          "norm_feat": 525.9375,
          "norm_rand": 509.33124999999995
        }
      },
      "norm_feat_cv": 0.8256764984197645,
      "norm_rand_cv": 0.8436831398795603,
      "er_cv": 0.03702377748733245
    },
    "16": {
      "per_eps": {
        "0.01": {
          "er": 0.9912631541927864,
          "sa": 0.8793820328194673,
          "feat_eff": 42.09375,
          "mean_rand": 42.3725,
          "norm_feat": 4209.375,
          "norm_rand": 4237.25
        },
        "0.03": {
          "er": 1.0156436919869931,
          "sa": 0.9162045437663813,
          "feat_eff": 44.28125,
          "mean_rand": 43.410624999999996,
          "norm_feat": 1476.0416666666667,
          "norm_rand": 1447.0208333333335
        },
        "0.05": {
          "er": 1.0357829713520776,
          "sa": 0.8722985057942394,
          "feat_eff": 46.4375,
          "mean_rand": 44.72625,
          "norm_feat": 928.75,
          "norm_rand": 894.525
        },
        "0.1": {
          "er": 1.1310283823286218,
          "sa": 0.9990206222349081,
          "feat_eff": 57.4375,
          "mean_rand": 50.751875,
          "norm_feat": 574.375,
          "norm_rand": 507.51874999999995
        }
      },
      "norm_feat_cv": 0.7953038998204884,
      "norm_rand_cv": 0.8253572671075776,
      "er_cv": 0.05077010061455917
    },
    "27": {
      "per_eps": {
        "0.01": {
          "er": 0.9887243176402423,
          "sa": 0.9094130169605594,
          "feat_eff": 26.4296875,
          "mean_rand": 26.651249999999997,
          "norm_feat": 2642.96875,
          "norm_rand": 2665.125
        },
        "0.03": {
          "er": 1.1509562746032689,
          "sa": 1.0724665208549173,
          "feat_eff": 38.34375,
          "mean_rand": 33.31,
          "norm_feat": 1278.125,
          "norm_rand": 1110.3333333333333
        },
        "0.05": {
          "er": 1.259894979128907,
          "sa": 1.1713694008695408,
          "feat_eff": 52.21875,
          "mean_rand": 41.501875,
          "norm_feat": 1044.375,
          "norm_rand": 830.0374999999999
        },
        "0.1": {
          "er": 1.4582360405179926,
          "sa": 1.2968295520651543,
          "feat_eff": 94.25,
          "mean_rand": 64.67375,
          "norm_feat": 942.5,
          "norm_rand": 646.7375
        }
      },
      "norm_feat_cv": 0.46316086464481593,
      "norm_rand_cv": 0.6076529780195317,
      "er_cv": 0.1405127664689984
    },
    "38": {
      "per_eps": {
        "0.01": {
          "er": 1.036910104592797,
          "sa": 0.9201218058720327,