{
  "experiment": "exp1_wdown_readout",
  "model": "deepseek7b",
  "timestamp": "2026-04-28T12:41:27.872658",
  "k_disc": 200,
  "layer_results": [
    {
      "layer": 0,
      "n_intermediate": 18944,
      "cat_readout": {
        "animals": {
          "cos_own": 0.022042766213417053,
          "mean_cos_other": -0.007429603060397009,
          "own_vs_other": 0.029472369273814063,
          "cos_rand_own": 0.027717920020222664,
          "cos_rand_other": 0.020224425320823986,
          "rand_own_vs_other": 0.007493494699398678,
          "cos_disc_col_mean_own": 0.019313523545861244
        },
        "food": {
          "cos_own": 0.020600423216819763,
          "mean_cos_other": 0.005156108721469839,
          "own_vs_other": 0.015444314495349925,
          "cos_rand_own": 0.014711553230881691,
          "cos_rand_other": 0.02387061482295394,
          "rand_own_vs_other": -0.009159061592072248,
          "cos_disc_col_mean_own": 0.01869789883494377
        },
        "tools": {
          "cos_own": 0.01649436354637146,
          "mean_cos_other": -0.01616966196646293,
          "own_vs_other": 0.032664025512834385,
          "cos_rand_own": 0.03708764165639877,
          "cos_rand_other": 0.01671290040637056,
          "rand_own_vs_other": 0.02037474125002821,
          "cos_disc_col_mean_own": 0.016601409763097763
        },
        "nature": {
          "cos_own": -0.007860053330659866,
          "mean_cos_other": 0.002928011119365692,
          "own_vs_other": -0.010788064450025558,
          "cos_rand_own": 0.007291159592568874,
          "cos_rand_other": 0.02516214145968358,
          "rand_own_vs_other": -0.017870981867114704,
          "cos_disc_col_mean_own": -0.005064086522907019
        }
      },
      "avg_cos_own": 0.012819374911487103,
      "avg_own_vs_other": 0.016698161207993202,
      "avg_rand_own": 0.021702068625018,
      "avg_rand_own_vs_other": 0.00020954812255998424,
      "avg_disc_col_own": 0.01238718640524894
    },
    {
      "layer": 4,
      "n_intermediate": 18944,
      "cat_readout": {
        "animals": {
          "cos_own": -0.0027706343680620193,
          "mean_cos_other": -0.010612375607403616,
          "own_vs_other": 0.007841741239341596,
          "cos_rand_own": -0.006835388019680977,
          "cos_rand_other": -0.004097441405368348,
          "rand_own_vs_other": -0.002737946614312629,
          "cos_disc_col_mean_own": -0.009736409410834312
        },
        "food": {
          "cos_own": -0.01752385124564171,
          "mean_cos_other": 0.0009415068586046497,
          "own_vs_other": -0.01846535810424636,
          "cos_rand_own": 0.005455914884805679,
          "cos_rand_other": -0.004337165815134843,
          "rand_own_vs_other": 0.009793080699940521,
          "cos_disc_col_mean_own": -0.020457560196518898
        },
        "tools": {
          "cos_own": 0.03422202169895172,
          "mean_cos_other": 0.01358180089543263,
          "own_vs_other": 0.020640220803519092,
          "cos_rand_own": -0.0041429223492741585,
          "cos_rand_other": 2.792974313100179e-05,
          "rand_own_vs_other": -0.00417085209240516,
          "cos_disc_col_mean_own": 0.0271283145993948
        },
        "nature": {
          "cos_own": -0.02861965447664261,
          "mean_cos_other": -0.0037569371052086353,
          "own_vs_other": -0.024862717371433973,
          "cos_rand_own": -0.006104537285864353,
          "cos_rand_other": -0.0037977565079927444,
          "rand_own_vs_other": -0.0023067807778716087,
          "cos_disc_col_mean_own": -0.01611805148422718
        }
      },
      "avg_cos_own": -0.003673029597848654,
      "avg_own_vs_other": -0.003711528358204911,
      "avg_rand_own": -0.0029067331925034523,
      "avg_rand_own_vs_other": 0.00014437530383778086,
      "avg_disc_col_own": -0.004795926623046398
    },
    {
      "layer": 8,
      "n_intermediate": 18944,
      "cat_readout": {
        "animals": {
          "cos_own": -0.013329985551536083,
          "mean_cos_other": 0.00021190367018183073,
          "own_vs_other": -0.013541889221717915,
          "cos_rand_own": -0.006670503411442041,
          "cos_rand_other": -0.0015369824444254239,
          "rand_own_vs_other": -0.005133520967016618,
          "cos_disc_col_mean_own": -0.01116978470236063
        },
        "food": {
          "cos_own": 0.009811170399188995,
          "mean_cos_other": 0.021747336567689974,
          "own_vs_other": -0.011936166168500979,
          "cos_rand_own": -0.02078912779688835,
          "cos_rand_other": -0.00011259185460706551,
          "rand_own_vs_other": -0.020676535942281287,
          "cos_disc_col_mean_own": 0.011555111035704613
        },
        "tools": {
          "cos_own": -0.011939325369894505,
          "mean_cos_other": 0.0034136120423985026,
          "own_vs_other": -0.015352937412293008,
          "cos_rand_own": 0.00512733357027173,
          "cos_rand_other": -0.0013668153745432694,
          "rand_own_vs_other": 0.006494148944815,
          "cos_disc_col_mean_own": -0.017260096967220306
        },
        "nature": {
          "cos_own": 0.020161783322691917,
          "mean_cos_other": -0.0028908982252081237,
          "own_vs_other": 0.02305268154790004,
          "cos_rand_own": 0.014197628945112228,
          "cos_rand_other": -0.0032767169177532196,
          "rand_own_vs_other": 0.017474345862865448,
          "cos_disc_col_mean_own": 0.017878705635666847
        }
      },
      "avg_cos_own": 0.0011759107001125813,
      "avg_own_vs_other": -0.004444577813652965,
      "avg_rand_own": -0.0020336671732366085,
      "avg_rand_own_vs_other": -0.00046039052540436474,
      "avg_disc_col_own": 0.0002509837504476309
    },
    {
      "layer": 12,
      "n_intermediate": 18944,
      "cat_readout": {
        "animals": {
          "cos_own": -0.00029072276083752513,
          "mean_cos_other": -0.002453204244375229,
          "own_vs_other": 0.0021624814835377038,
          "cos_rand_own": -0.010678093880414963,
          "cos_rand_other": 0.0006192561704665422,
          "rand_own_vs_other": -0.011297350050881505,
          "cos_disc_col_mean_own": 0.00019760624854825437
        },
        "food": {
          "cos_own": 0.023999888449907303,
          "mean_cos_other": 0.0067618095805907314,
          "own_vs_other": 0.01723807886931657,
          "cos_rand_own": -0.00291279423981905,
          "cos_rand_other": -0.00014329329133033752,
          "rand_own_vs_other": -0.0027695009484887123,
          "cos_disc_col_mean_own": 0.02537132427096367
        },
        "tools": {
          "cos_own": 0.0013773180544376373,
          "mean_cos_other": -0.004295045665154855,
          "own_vs_other": 0.005672363719592492,
          "cos_rand_own": -0.007562010083347559,
          "cos_rand_other": -0.004244158742949367,
          "rand_own_vs_other": -0.0033178513403981924,
          "cos_disc_col_mean_own": 0.0043305824510753155
        },
        "nature": {
          "cos_own": 0.03822151571512222,
          "mean_cos_other": 0.029188751553495724,
          "own_vs_other": 0.009032764161626499,
          "cos_rand_own": 0.00553597928956151,
          "cos_rand_other": -0.00857053929939866,
          "rand_own_vs_other": 0.01410651858896017,
          "cos_disc_col_mean_own": 0.04048893600702286
        }
      },
      "avg_cos_own": 0.01582699986465741,
      "avg_own_vs_other": 0.008526422058518317,
      "avg_rand_own": -0.0039042297285050154,
      "avg_rand_own_vs_other": -0.0008195459377020597,
      "avg_disc_col_own": 0.017597112244402524
    },
    {
      "layer": 16,
      "n_intermediate": 18944,
      "cat_readout": {
        "animals": {
          "cos_own": 0.01531701534986496,
          "mean_cos_other": 0.001271265869339307,
          "own_vs_other": 0.014045749480525652,
          "cos_rand_own": -0.0342668741941452,
          "cos_rand_other": -0.017829297549421124,
          "rand_own_vs_other": -0.01643757664472408,