{
  "experiment": "exp3_last_layer",
  "model": "deepseek7b",
  "timestamp": "2026-04-28T13:00:47.068248",
  "results": [
    {
      "layer": 27,
      "label": "last",
      "n_intermediate": 18944,
      "gate_row_norm_mean": 1.504634141921997,
      "gate_row_norm_top1pct": 1.7653634965419769,
      "down_col_norm_mean": 1.4708653688430786,
      "down_col_norm_top1pct": 1.7093687582015988,
      "w_down_proj_in_WU": 0.05801097346637412,
      "random_proj_in_WU": 0.05586276238104825,
      "proj_ratio": 1.0384551531961954,
      "w_down_svd_n80": 2182,
      "w_down_svd_n90": 2739,
      "w_down_svd_n95": 3097,
      "w_down_top5_sv": 0.012210057117044926,
      "w_down_top10_sv": 0.01720726117491722,
      "max_cos_wdown_wu_mean": 0.08315479010343552,
      "max_cos_above_03_frac": 0.024,
      "max_cos_above_05_frac": 0.004
    },
    {
      "layer": 26,
      "label": "last-1",
      "n_intermediate": 18944,
      "gate_row_norm_mean": 1.4709440469741821,
      "gate_row_norm_top1pct": 1.6852802705764771,
      "down_col_norm_mean": 1.5555753707885742,
      "down_col_norm_top1pct": 1.734022454023361,
      "w_down_proj_in_WU": 0.05901516785808479,
      "random_proj_in_WU": 0.05586276055222596,
      "proj_ratio": 1.056431284002008,
      "w_down_svd_n80": 2151,
      "w_down_svd_n90": 2696,
      "w_down_svd_n95": 3050,
      "w_down_top5_sv": 0.007682237774133682,
      "w_down_top10_sv": 0.013745552860200405,
      "max_cos_wdown_wu_mean": 0.08013220876455307,
      "max_cos_above_03_frac": 0.018,
      "max_cos_above_05_frac": 0.001
    },
    {
      "layer": 14,
      "label": "mid",
      "n_intermediate": 18944,
      "gate_row_norm_mean": 1.4888899326324463,
      "gate_row_norm_top1pct": 1.8221041119098658,
      "down_col_norm_mean": 1.5031782388687134,
      "down_col_norm_top1pct": 1.7101901960372923,
      "w_down_proj_in_WU": 0.05735212564613839,
      "random_proj_in_WU": 0.05586275058135265,
      "proj_ratio": 1.0266613270790663,
      "w_down_svd_n80": 2122,
      "w_down_svd_n90": 2693,
      "w_down_svd_n95": 3065,
      "w_down_top5_sv": 0.00936106313019991,
      "w_down_top10_sv": 0.015144181437790394,
      "max_cos_wdown_wu_mean": 0.058781418949365616,
      "max_cos_above_03_frac": 0.0,
      "max_cos_above_05_frac": 0.0
    }
  ]
}