{
  "sample_layers": [
    0,
    4,
    8,
    12,
    16,
    20,
    24,
    28,
    32,
    35
  ],
  "n_train": 48,
  "n_test": 16,
  "probe_accuracy": {
    "('last', 0)": 0.875,
    "('last', 4)": 1.0,
    "('last', 8)": 1.0,
    "('last', 12)": 1.0,
    "('last', 16)": 1.0,
    "('last', 20)": 1.0,
    "('last', 24)": 1.0,
    "('last', 28)": 1.0,
    "('last', 32)": 1.0,
    "('last', 35)": 1.0,
    "('mean', 0)": 1.0,
    "('mean', 4)": 1.0,
    "('mean', 8)": 1.0,
    "('mean', 12)": 1.0,
    "('mean', 16)": 0.9375,
    "('mean', 20)": 1.0,
    "('mean', 24)": 1.0,
    "('mean', 28)": 1.0,
    "('mean', 32)": 1.0,
    "('mean', 35)": 1.0,
    "('not_pos', 0)": 0.9375,
    "('not_pos', 4)": 0.9375,
    "('not_pos', 8)": 0.9375,
    "('not_pos', 12)": 0.9375,
    "('not_pos', 16)": 0.9375,
    "('not_pos', 20)": 0.9375,
    "('not_pos', 24)": 1.0,
    "('not_pos', 28)": 1.0,
    "('not_pos', 32)": 1.0,
    "('not_pos', 35)": 0.9375
  },
  "probe_cross_val": {
    "('last', 0)": 0.9177777777777777,
    "('last', 4)": 1.0,
    "('last', 8)": 1.0,
    "('last', 12)": 1.0,
    "('last', 16)": 0.9800000000000001,
    "('last', 20)": 1.0,
    "('last', 24)": 1.0,
    "('last', 28)": 1.0,
    "('last', 32)": 1.0,
    "('last', 35)": 1.0,
    "('mean', 0)": 1.0,
    "('mean', 4)": 1.0,
    "('mean', 8)": 0.9777777777777779,
    "('mean', 12)": 0.9777777777777779,
    "('mean', 16)": 0.9777777777777779,
    "('mean', 20)": 0.9777777777777779,
    "('mean', 24)": 0.9777777777777779,
    "('mean', 28)": 1.0,
    "('mean', 32)": 1.0,
    "('mean', 35)": 0.9555555555555555,
    "('not_pos', 0)": 0.9777777777777779,
    "('not_pos', 4)": 0.9777777777777779,
    "('not_pos', 8)": 0.9777777777777779,
    "('not_pos', 12)": 0.9777777777777779,
    "('not_pos', 16)": 0.9777777777777779,
    "('not_pos', 20)": 0.9777777777777779,
    "('not_pos', 24)": 0.9777777777777779,
    "('not_pos', 28)": 0.9777777777777779,
    "('not_pos', 32)": 0.9777777777777779,
    "('not_pos', 35)": 0.9777777777777779
  }
}