{
  "key_layers": [
    0,
    9,
    18,
    27,
    35
  ],
  "dim_importance": {
    "last_L0": {
      "dim_50": 573,
      "dim_90": 1635,
      "dim_95": 1907,
      "cos_probe_polarity": 0.7264028509327938,
      "top10_dims": [
        3,
        70,
        373,
        290,
        68,
        12,
        1902,
        1253,
        19,
        690
      ],
      "top10_importance": [
        0.199913,
        0.15458,
        0.153499,
        0.140104,
        0.121189,
        0.113705,
        0.110116,
        0.10803,
        0.103804,
        0.102695
      ],
      "total_importance": 59.84484953117581
    },
    "last_L9": {
      "dim_50": 606,
      "dim_90": 1654,
      "dim_95": 1915,
      "cos_probe_polarity": 0.8792642012496059,
      "top10_dims": [
        49,
        3,
        679,
        224,
        140,
        939,
        46,
        701,
        544,
        565
      ],
      "top10_importance": [
        0.078049,
        0.072888,
        0.070947,
        0.069281,
        0.067792,
        0.067268,
        0.063705,
        0.062302,
        0.061906,
        0.059801
      ],
      "total_importance": 37.29785274054686
    },
    "last_L18": {
      "dim_50": 595,
      "dim_90": 1635,
      "dim_95": 1899,
      "cos_probe_polarity": 0.8302203558756773,
      "top10_dims": [
        1645,
        2083,
        660,
        244,
        970,
        2532,
        1858,
        49,
        2161,
        3
      ],
      "top10_importance": [
        0.052542,
        0.049581,
        0.048988,
        0.046991,
        0.045248,
        0.04511,
        0.044427,
        0.044363,
        0.044128,
        0.04392
      ],
      "total_importance": 30.71144065957249
    },
    "last_L27": {
      "dim_50": 598,
      "dim_90": 1648,
      "dim_95": 1914,
      "cos_probe_polarity": 0.8878969179003604,
      "top10_dims": [
        1850,
        330,
        348,
        613,
        481,
        651,
        501,
        561,
        49,
        2553
      ],
      "top10_importance": [
        0.055391,
        0.05377,
        0.052507,
        0.052242,
        0.051864,
        0.051575,
        0.049562,
        0.04925,
        0.048951,
        0.048469
      ],
      "total_importance": 32.1506308759502
    },
    "last_L35": {
      "dim_50": 602,
      "dim_90": 1633,
      "dim_95": 1897,
      "cos_probe_polarity": 0.8877782667798083,
      "top10_dims": [
        1855,
        868,
        349,
        613,
        615,
        993,
        2437,
        679,
        713,
        709
      ],
      "top10_importance": [
        0.061226,
        0.054637,
        0.053745,
        0.050059,
        0.048219,
        0.048035,
        0.047855,
        0.046117,
        0.045988,
        0.044686
      ],
      "total_importance": 32.61079687148478
    },
    "not_pos_L0": {
      "dim_50": 647,
      "dim_90": 1688,
      "dim_95": 1945,
      "cos_probe_polarity": 0.6982460094947696,
      "top10_dims": [
        250,
        1674,
        2346,
        713,
        3,
        1216,
        2465,
        1091,
        736,
        2325
      ],
      "top10_importance": [
        0.035788,
        0.028679,
        0.028601,
        0.028441,
        0.027492,
        0.027304,
        0.027107,
        0.026779,
        0.026137,
        0.026098
      ],
      "total_importance": 20.60850353363
    },
    "not_pos_L9": {
      "dim_50": 644,
      "dim_90": 1674,
      "dim_95": 1934,
      "cos_probe_polarity": 0.7614480771565968,
      "top10_dims": [
        2040,
        2103,
        1826,
        341,
        1569,
        335,
        431,
        194,
        565,
        515
      ],
      "top10_importance": [
        0.031149,
        0.028679,
        0.027814,
        0.026447,
        0.026073,
        0.025915,
        0.025828,
        0.025821,
        0.025599,
        0.024376
      ],
      "total_importance": 21.27666598247459
    },
    "not_pos_L18": {
      "dim_50": 639,
      "dim_90": 1680,
      "dim_95": 1934,
      "cos_probe_polarity": 0.7300352966939962,
      "top10_dims": [
        335,
        1494,
        216,
        16,
        510,
        1938,
        1149,
        109,
        450,
        431
      ],
      "top10_importance": [
        0.031795,
        0.030367,
        0.029314,
        0.029143,
        0.02865,
        0.02826,
        0.027598,
        0.027142,
        0.026713,
        0.02657
      ],
      "total_importance": 21.608119212922535
    },
    "not_pos_L27": {
      "dim_50": 657,
      "dim_90": 1707,
      "dim_95": 1960,
      "cos_probe_polarity": 0.7222338121788385,
      "top10_dims": [
        761,
        695,
        2352,
        438,
        1093,
        887,
        2114,
        11,
        1796,
        1850
      ],
      "top10_importance": [
        0.030005,
        0.027381,
        0.027089,
        0.026854,
        0.026742,
        0.026695,
        0.026297,
        0.025494,
        0.025439,
        0.025435
      ],
      "total_importance": 21.357687474605342
    },
    "not_pos_L35": {
      "dim_50": 646,
      "dim_90": 1677,
      "dim_95": 1937,
      "cos_probe_polarity": 0.6391568462354795,
      "top10_dims": [
        761,
        445,
        1372,
        599,
        1854,
        781,
        1723,
        1078,
        1947,
        1157
      ],
      "top10_importance": [
        0.033521,
        0.033516,
        0.032326,
        0.032196,
        0.030792,
        0.030441,
        0.029842,
        0.02959,
        0.029475,
        0.029324
      ],
      "total_importance": 22.115531825326617
    }
  },
  "top_dims": {},
  "cumulative_importance": {
    "last_L0": {
      "k10": 0.021850417900651977,
      "k50": 0.0777204622811471,
      "k100": 0.13779170598773566,
      "k500": 0.4568796345339081
    },
    "last_L9": {
      "k10": 0.018069126735215185,
      "k50": 0.07137786482129825,
      "k100": 0.12563133116547115,
      "k500": 0.43627312223658654
    },
    "last_L18": {
      "k10": 0.015150655454100244,
      "k50": 0.06598720761823285,
      "k100": 0.12096030428269902,
      "k500": 0.44148228903310877
    },
    "last_L27": {
      "k10": 0.01597422418595028,
      "k50": 0.06853053376706916,
      "k100": 0.12389802258692316,
      "k500": 0.44078999758095705
    },
    "last_L35": {
      "k10": 0.01534969498250475,
      "k50": 0.06512040782112828,
      "k100": 0.12021212302524623,
      "k500": 0.4378925039790038
    },
    "not_pos_L0": {
      "k10": 0.013704451491248004,
      "k50": 0.058136452206460215,
      "k100": 0.10731894691925371,
      "k500": 0.41152399304403975
    },
    "not_pos_L9": {
      "k10": 0.012581909098751934,
      "k50": 0.05527618365518378,
      "k100": 0.10470383216945714,
      "k500": 0.41277170849540984
    },
    "not_pos_L18": {
      "k10": 0.01321507415642916,
      "k50": 0.05883599770655677,
      "k100": 0.11000047811219137,
      "k500": 0.41695415019858445
    },
    "not_pos_L27": {
      "k10": 0.012521537443675089,
      "k50": 0.055626778348580416,
      "k100": 0.10343658081921094,
      "k500": 0.4070945983683146
    },
    "not_pos_L35": {
      "k10": 0.014063542353224545,
      "k50": 0.06014737785084648,
      "k100": 0.10996084377916095,
      "k500": 0.413342051574721
    }
  }
}