{
  "key_layers": [
    0,
    14,
    27
  ],
  "n_permutations": 200,
  "real_cross_cos": {
    "0": -0.015608705580234528,
    "14": -0.00991600751876831,
    "27": 0.6737171411514282
  },
  "permutation_stats": {
    "0": {
      "mean": 0.00371142579941079,
      "std": 0.041377911491714006,
      "max": 0.11199714988470078,
      "min": -0.12674295902252197,
      "max_abs": 0.12674295902252197,
      "percentile_95": 0.07781341634690757,
      "percentile_99": 0.11140993319451808,
      "p_two_sided": 0.7,
      "p_one_sided": 0.345,
      "z_score": -0.46691895949156853
    },
    "14": {
      "mean": -0.0044965269963722675,
      "std": 0.04128608576960092,
      "max": 0.10438315570354462,
      "min": -0.11717256158590317,
      "max_abs": 0.11717256158590317,
      "percentile_95": 0.08078802488744256,
      "percentile_99": 0.09979987673461432,
      "p_two_sided": 0.84,
      "p_one_sided": 0.48,
      "z_score": -0.13126651319380886
    },
    "27": {
      "mean": 0.001407027612440288,
      "std": 0.45702086812194703,
      "max": 0.8564441800117493,
      "min": -0.8400639295578003,
      "max_abs": 0.8564441800117493,
      "percentile_95": 0.8082455903291702,
      "percentile_99": 0.8367578548192978,
      "p_two_sided": 0.12,
      "p_one_sided": 0.065,
      "z_score": 1.471070930090648
    }
  }
}