{
  "last_layer": 27,
  "n_perm": 50,
  "real_causal_matrix": [
    [
      1.000000238418579,
      0.6737171411514282,
      -0.5778477787971497,
      0.6345667839050293,
      -0.08692943304777145
    ],
    [
      0.6737171411514282,
      0.9999997019767761,
      -0.7158982753753662,
      0.7065063118934631,
      -0.2654057443141937
    ],
    [
      -0.5778477787971497,
      -0.7158982753753662,
      0.9999998807907104,
      -0.5848199725151062,
      0.18718045949935913
    ],
    [
      0.6345667839050293,
      0.7065063118934631,
      -0.5848199725151062,
      1.0000001192092896,
      -0.3234702944755554
    ],
    [
      -0.08692943304777145,
      -0.2654057443141937,
      0.18718045949935913,
      -0.3234702944755554,
      1.0
    ]
  ],
  "real_offdiag_abs_mean": 0.4756342194974422,
  "rand_offdiag_abs_means": [
    0.3628267876803875,
    0.29883506912738084,
    0.3991662830114365,
    0.37670386731624605,
    0.3952731674537063,
    0.30080547034740446,
    0.39520239531993867,
    0.5365613579750061,
    0.3124197781085968,
    0.40974926985800264,
    0.38351609036326406,
    0.38132275827229023,
    0.4137661501765251,
    0.3809722624719143,
    0.2427538312971592,
    0.3005634039640427,
    0.2804798647761345,
    0.13796331956982613,
    0.3106721803545952,
    0.37249940186738967,
    0.4511098116636276,
    0.40004813820123675,
    0.29327553436160086,
    0.3685593046247959,
    0.2790235973894596,
    0.3763670492917299,
    0.25215223655104635,
    0.35490278974175454,
    0.5002676397562027,
    0.24173326678574086,
    0.26422861218452454,
    0.3378398947417736,
    0.5615911394357681,
    0.36078772991895675,
    0.2675316656008363,
    0.47504421696066856,
    0.3691595930606127,
    0.3880724761635065,
    0.2012323711067438,
    0.28528773337602614,
    0.32110592536628246,
    0.21569956354796888,
    0.37772430926561357,
    0.42556448355317117,
    0.2752871248871088,
    0.2611896641552448,
    0.5110048014670611,
    0.4300487220287323,
    0.23681982047855854,
    0.20923107042908667
  ],
  "rand_mean": 0.34567885990813374,
  "rand_std": 0.08909144290915971,
  "rand_max": 0.5615911394357681,
  "p_value": 0.08,
  "ratio": 1.3759424560236195
}