{
  "model": "GLM4-9B-Chat",
  "n_layers": 40,
  "d_model": 4096,
  "intervention_layer": 20,
  "pairs": {
    "tense_x_question": {
      "pair": "tense_x_question",
      "feature_A": "tense",
      "feature_B": "question",
      "n_samples": 50,
      "pc1_A_var_last": 0.10713537037372589,
      "pc1_B_var_last": 0.15518571436405182,
      "pc1_A_var_mid": 0.0698629766702652,
      "pc1_B_var_mid": 0.11020747572183609,
      "cos_pc1A_pc1B_last": 0.57405686378479,
      "mean_dhA_norm_mid": 2.987179756164551,
      "mean_dhB_norm_mid": 4.259405612945557,
      "intervention_layer": 20,
      "alpha_results": {
        "0.5": {
          "A_to_B_mean": 0.10989424921802506,
          "A_to_B_std": 0.12126054015803411,
          "A_to_B_signif": 0.9062655418174588,
          "A_to_A_mean": 0.046895742670730496,
          "A_to_A_std": 0.11454618182179364,
          "B_to_A_mean": -0.36738444882696014,
          "B_to_A_std": 0.11883388698565835,
          "B_to_B_mean": -0.2233423563447912,
          "B_to_B_std": 0.14022068606843585,
          "cross_own_ratio": 2.343373677975188,
          "n_valid": 50
        },
        "1.0": {
          "A_to_B_mean": 0.1485791155030667,
          "A_to_B_std": 0.11823372126875592,
          "A_to_B_signif": 1.2566560012068586,
          "A_to_A_mean": 0.06075728347939915,
          "A_to_A_std": 0.11046751392577275,
          "B_to_A_mean": -0.4130443557318176,
          "B_to_A_std": 0.10482156233607832,
          "B_to_B_mean": -0.23326346039771292,
          "B_to_B_std": 0.1331462195635439,
          "cross_own_ratio": 2.445453561282077,
          "n_valid": 50
        },
        "2.0": {
          "A_to_B_mean": 0.13318057117392035,
          "A_to_B_std": 0.12671420435468786,
          "A_to_B_signif": 1.0510311116820752,
          "A_to_A_mean": 0.04278659394529203,
          "A_to_A_std": 0.11741760499516629,
          "B_to_A_mean": -0.4196577692522283,
          "B_to_A_std": 0.08547694044452281,
          "B_to_B_mean": -0.23593636303584828,
          "B_to_B_std": 0.11141815594008073,
          "cross_own_ratio": 3.112670548932714,
          "n_valid": 50
        },
        "5.0": {
          "A_to_B_mean": 0.05943740650639047,
          "A_to_B_std": 0.12613757303801695,
          "A_to_B_signif": 0.4712109566382363,
          "A_to_A_mean": 0.03782417120439182,
          "A_to_A_std": 0.12765970521646575,
          "B_to_A_mean": -0.27355368691318394,
          "B_to_A_std": 0.11079037646309871,
          "B_to_B_mean": -0.22615600453649357,
          "B_to_B_std": 0.13032694762177285,
          "cross_own_ratio": 1.5714133173748899,
          "n_valid": 50
        }
      }
    },
    "tense_x_polarity": {
      "pair": "tense_x_polarity",
      "feature_A": "tense",
      "feature_B": "polarity",
      "n_samples": 50,
      "pc1_A_var_last": 0.1204039603471756,
      "pc1_B_var_last": 0.1163686215877533,
      "pc1_A_var_mid": 0.08488542586565018,
      "pc1_B_var_mid": 0.12866434454917908,
      "cos_pc1A_pc1B_last": 0.676051139831543,
      "mean_dhA_norm_mid": 2.937920570373535,
      "mean_dhB_norm_mid": 4.705972671508789,
      "intervention_layer": 20,
      "alpha_results": {
        "0.5": {
          "A_to_B_mean": -0.08961123702026776,
          "A_to_B_std": 0.13555501009162296,
          "A_to_B_signif": 0.6610691622064852,
          "A_to_A_mean": -0.18409457732435908,
          "A_to_A_std": 0.11774302938198491,
          "B_to_A_mean": 0.08862022714306624,
          "B_to_A_std": 0.13131803194261038,
          "B_to_B_mean": 0.05334660048531478,
          "B_to_B_std": 0.1612123132571961,
          "cross_own_ratio": 0.4867673902947374,
          "n_valid": 50
        },
        "1.0": {
          "A_to_B_mean": -0.10565204632819933,
          "A_to_B_std": 0.12864562921422676,
          "A_to_B_signif": 0.8212641726842981,
          "A_to_A_mean": -0.20086788701853098,
          "A_to_A_std": 0.12065951495962626,
          "B_to_A_mean": 0.08317452118015455,
          "B_to_A_std": 0.13381325211341982,
          "B_to_B_mean": 0.05008401543588658,
          "B_to_B_std": 0.16925756203309963,
          "cross_own_ratio": 0.5259777849201682,
          "n_valid": 50
        },
        "2.0": {
          "A_to_B_mean": -0.14923802651840595,
          "A_to_B_std": 0.13146517043691294,
          "A_to_B_signif": 1.1351906053056289,
          "A_to_A_mean": -0.24992608430993143,
          "A_to_A_std": 0.11359274764227695,
          "B_to_A_mean": 0.09294539233210877,
          "B_to_A_std": 0.12772345011985872,
          "B_to_B_mean": 0.07769510167987342,
          "B_to_B_std": 0.16375603071321854,
          "cross_own_ratio": 0.5971286545410128,
          "n_valid": 50
        },
        "5.0": {
          "A_to_B_mean": -0.18017854715410486,
          "A_to_B_std": 0.10308820176083125,
          "A_to_B_signif": 1.7478095834608247,
          "A_to_A_mean": -0.2638853196810363,
          "A_to_A_std": 0.08214800157677063,
          "B_to_A_mean": 0.21551266546254602,
          "B_to_A_std": 0.11044239367213786,
          "B_to_B_mean": 0.2423364749663191,
          "B_to_B_std": 0.13328567675779687,
          "cross_own_ratio": 0.6827910976768671,
          "n_valid": 50
        }
      }
    },
    "voice_x_question": {
      "pair": "voice_x_question",
      "feature_A": "voice",
      "feature_B": "question",
      "n_samples": 50,
      "pc1_A_var_last": 0.20556525886058807,
      "pc1_B_var_last": 0.1853669285774231,
      "pc1_A_var_mid": 0.13262784481048584,
      "pc1_B_var_mid": 0.131246879696846,
      "cos_pc1A_pc1B_last": 0.2886747419834137,
      "mean_dhA_norm_mid": 9.98404312133789,
      "mean_dhB_norm_mid": 4.017038345336914,
      "intervention_layer": 20,
      "alpha_results": {
        "0.5": {
          "A_to_B_mean": -0.31640261389209773,
          "A_to_B_std": 0.14914566062722553,
          "A_to_B_signif": 2.121433586128735,
          "A_to_A_mean": -0.15881246942624766,
          "A_to_A_std": 0.07508312116586693,
          "B_to_A_mean": -0.16574009670524475,
          "B_to_A_std": 0.0683685717265077,
          "B_to_B_mean": -0.4195241031247693,
          "B_to_B_std": 0.14184544818683426,
          "cross_own_ratio": 1.9923033426528538,
          "n_valid": 50
        },
        "1.0": {
          "A_to_B_mean": -0.2846036915018684,
          "A_to_B_std": 0.13296276723531886,
          "A_to_B_signif": 2.1404765951067057,
          "A_to_A_mean": -0.16961859337271248,
          "A_to_A_std": 0.07333094118356097,
          "B_to_A_mean": -0.15701355849828785,
          "B_to_A_std": 0.08370377861059769,
          "B_to_B_mean": -0.4164198355007011,
          "B_to_B_std": 0.15394705773923578,
          "cross_own_ratio": 1.6779038528441415,
          "n_valid": 50
        },
        "2.0": {
          "A_to_B_mean": -0.1499164050208065,
          "A_to_B_std": 0.13270923048969124,
          "A_to_B_signif": 1.1296607203180626,
          "A_to_A_mean": -0.10882758460186343,
          "A_to_A_std": 0.06219176540684278,
          "B_to_A_mean": -0.12202066827736681,
          "B_to_A_std": 0.09102959253618484,
          "B_to_B_mean": -0.3724765613465288,
          "B_to_B_std": 0.17280567864290206,
          "cross_own_ratio": 1.3775588738049014,
          "n_valid": 50
        },
        "5.0": {
          "A_to_B_mean": 0.05052753419844806,
          "A_to_B_std": 0.12478072331348636,
          "A_to_B_signif": 0.4049306079995608,
          "A_to_A_mean": 0.06664281219521835,
          "A_to_A_std": 0.054031339122564796,
          "B_to_A_mean": -0.02712901567434152,
          "B_to_A_std": 0.08686873333072404,
          "B_to_B_mean": -0.23370241611161682,
          "B_to_B_std": 0.17680337862049292,
          "cross_own_ratio": 0.758184303126617,
          "n_valid": 50
        }
      }
    }
  },
  "timestamp": "2026-04-24T13:16:42.155830"
}