{
  "model": "qwen3",
  "results": [
    {
      "layer": 0,
      "within_mean": 9.499559446104936,
      "within_median": 9.286389350891113,
      "within_std": 1.9164098048923737,
      "within_p10": 7.282634496688843,
      "within_p25": 8.254698753356934,
      "within_p75": 10.51233983039856,
      "within_p90": 11.939795017242432,
      "within_n": 896,
      "between_mean": 10.786697597948894,
      "between_median": 10.510397911071777,
      "between_std": 1.9002092077472155,
      "between_p10": 8.603482151031494,
      "between_p25": 9.444464921951294,
      "between_p75": 11.884849786758423,
      "between_p90": 13.332678604125977,
      "between_n": 31744,
      "overlap_90_10": 0.35267857142857145,
      "wasserstein": 1.2871381518439593,
      "within_between_ratio": 0.8835430808103584
    },
    {
      "layer": 3,
      "within_mean": 37.358090192079544,
      "within_median": 34.11756896972656,
      "within_std": 14.565064119469424,
      "within_p10": 25.555463790893555,
      "within_p25": 29.104825496673584,
      "within_p75": 41.411879539489746,
      "within_p90": 51.28777885437012,
      "within_n": 896,
      "between_mean": 47.09573152096522,
      "between_median": 43.55100059509277,
      "between_std": 15.575448511988391,
      "between_p10": 32.854973602294926,
      "between_p25": 37.364516258239746,
      "between_p75": 52.73480224609375,
      "between_p90": 65.02074279785157,
      "between_n": 31744,
      "overlap_90_10": 0.4341517857142857,
      "wasserstein": 9.742553973235704,
      "within_between_ratio": 0.7833934583255213
    },
    {
      "layer": 6,
      "within_mean": 30.032115218894823,
      "within_median": 29.24533462524414,
      "within_std": 5.862820861865453,
      "within_p10": 23.24386978149414,
      "within_p25": 25.754557609558105,
      "within_p75": 33.64748668670654,
      "within_p90": 38.175697326660156,
      "within_n": 896,
      "between_mean": 39.626009527053085,
      "between_median": 38.92599296569824,
      "between_std": 6.613743331146863,
      "between_p10": 31.806417655944824,
      "between_p25": 34.9047269821167,
      "between_p75": 43.56541633605957,
      "between_p90": 48.49968299865723,
      "between_n": 31744,
      "overlap_90_10": 0.6662946428571429,
      "wasserstein": 9.59389430815826,
      "within_between_ratio": 0.7513060656157252
    },
    {
      "layer": 9,
      "within_mean": 68.3844421335629,
      "within_median": 67.40869140625,
      "within_std": 14.548893215988363,
      "within_p10": 50.1073112487793,
      "within_p25": 58.08966541290283,
      "within_p75": 78.04865074157715,
      "within_p90": 88.87886428833008,
      "within_n": 896,
      "between_mean": 87.64756963005469,
      "between_median": 88.50345230102539,
      "between_std": 11.526481135676539,
      "between_p10": 72.04433517456054,
      "between_p25": 79.45178604125977,
      "between_p75": 96.33993148803711,
      "between_p90": 102.17179718017579,
      "between_n": 31744,
      "overlap_90_10": 0.6216517857142857,
      "wasserstein": 19.263127496491794,
      "within_between_ratio": 0.7616504176240931
    },
    {
      "layer": 12,
      "within_mean": 58.06204234702246,
      "within_median": 56.33236885070801,
      "within_std": 13.686949256527773,
      "within_p10": 41.50564956665039,
      "within_p25": 47.71103572845459,
      "within_p75": 67.54019737243652,
      "within_p90": 77.27874755859375,
      "within_n": 896,
      "between_mean": 71.66251229050178,
      "between_median": 71.39583587646484,
      "between_std": 10.36720339851821,
      "between_p10": 58.34510688781738,
      "between_p25": 64.40367889404297,
      "between_p75": 78.87653160095215,
      "between_p90": 85.49793548583985,
      "between_n": 31744,
      "overlap_90_10": 0.5524553571428571,
      "wasserstein": 13.600469943479322,
      "within_between_ratio": 0.7890147675864327
    },
    {
      "layer": 15,
      "within_mean": 49.666089677384925,
      "within_median": 45.42226982116699,
      "within_std": 21.312530377843018,
      "within_p10": 32.79876708984375,
      "within_p25": 38.262800216674805,
      "within_p75": 54.47167682647705,
      "within_p90": 66.29264068603516,
      "within_n": 896,
      "between_mean": 59.818744525073036,
      "between_median": 56.87757110595703,
      "between_std": 19.550351491323898,
      "between_p10": 44.65616111755371,
      "between_p25": 50.27775859832764,
      "between_p75": 63.65057182312012,
      "between_p90": 70.29215011596679,
      "between_n": 31744,
      "overlap_90_10": 0.4732142857142857,
      "wasserstein": 10.157454858761504,
      "within_between_ratio": 0.7985972139448431
    },
    {
      "layer": 18,
      "within_mean": 42.659346195203916,
      "within_median": 41.43326759338379,
      "within_std": 10.802034155817314,
      "within_p10": 30.13752269744873,
      "within_p25": 34.71803951263428,
      "within_p75": 49.16014766693115,
      "within_p90": 57.80215835571289,
      "within_n": 896,
      "between_mean": 52.54131407903567,
      "between_median": 52.405818939208984,
      "between_std": 8.750929997922256,
      "between_p10": 41.32537498474121,
      "between_p25": 46.27285861968994,
      "between_p75": 58.39048957824707,
      "between_p90": 63.96025390625,
      "between_n": 31744,
      "overlap_90_10": 0.4966517857142857,
      "wasserstein": 9.881967883831758,
      "within_between_ratio": 0.7906234161028299
    },
    {
      "layer": 21,
      "within_mean": 44.730185634323526,
      "within_median": 42.622066497802734,
      "within_std": 11.297252731727992,
      "within_p10": 32.03956604003906,
      "within_p25": 36.857665061950684,
      "within_p75": 51.140706062316895,
      "within_p90": 61.014535903930664,
      "within_n": 896,
      "between_mean": 56.06132787171631,
      "between_median": 55.13261604309082,
      "between_std": 10.310176371118116,
      "between_p10": 43.427594375610354,
      "between_p25": 48.62004470825195,
      "between_p75": 62.74844741821289,
      "between_p90": 69.74780349731445,
      "between_n": 31744,
      "overlap_90_10": 0.5223214285714286,
      "wasserstein": 11.331142237392783,
      "within_between_ratio": 0.7730826062106316
    },
    {
      "layer": 24,
      "within_mean": 55.61974656794752,
      "within_median": 52.547847747802734,
      "within_std": 15.311476315144894,
      "within_p10": 38.75143051147461,
      "within_p25": 44.92082691192627,
      "within_p75": 63.796149253845215,
      "within_p90": 78.64715194702148,
      "within_n": 896,
      "between_mean": 73.4239005171844,
      "between_median": 71.97954177856445,
      "between_std": 13.910114784714738,
      "between_p10": 56.488929748535156,
      "between_p25": 63.20405292510986,
      "between_p75": 82.73103523254395,
      "between_p90": 92.1252670288086,
      "between_n": 31744,
      "overlap_90_10": 0.5959821428571429,
      "wasserstein": 17.804153949236884,
      "within_between_ratio": 0.7300386533365166
    },
    {
      "layer": 27,
      "within_mean": 70.36622006339687,
      "within_median": 66.85236740112305,
      "within_std": 21.182511698062072,
      "within_p10": 46.3238410949707,
      "within_p25": 55.27730751037598,
      "within_p75": 82.07733345031738,
      "within_p90": 99.31776809692383,
      "within_n": 896,
      "between_mean": 93.93490851718572,
      "between_median": 91.34375762939453,
      "between_std": 18.841766051654872,
      "between_p10": 71.8566291809082,
      "between_p25": 80.1723575592041,
      "between_p75": 105.99602890014648,
      "between_p90": 119.61169662475587,
      "between_n": 31744,
      "overlap_90_10": 0.5915178571428571,
      "wasserstein": 23.56868845378886,
      "within_between_ratio": 0.7318766945450236
    },
    {
      "layer": 30,
      "within_mean": 95.49483370355198,
      "within_median": 91.73449325561523,
      "within_std": 29.384381103596315,
      "within_p10": 60.50226020812988,