{
  "experiment": "exp1_n90_convergence",
  "model": "deepseek7b",
  "n_words": 64,
  "timestamp": "2026-04-29T22:25:23.758534",
  "layer_results": [
    {
      "layer": 0,
      "n_words": 64,
      "n_pairs": 2016,
      "n90_dg_full": 46,
      "n95_dg_full": 53,
      "n90_du_full": 46,
      "n95_du_full": 53,
      "top5_var_dg": 0.24665209650993347,
      "top5_var_du": 0.23609448969364166,
      "dg_convergence": {
        "16": {
          "n90_mean": 11.333333333333334,
          "n90_std": 0.4714045207910317,
          "n95_mean": 13.0,
          "top5_mean": 0.5854581594467163,
          "n_trials": 3
        },
        "24": {
          "n90_mean": 15.666666666666666,
          "n90_std": 0.4714045207910317,
          "n95_mean": 18.0,
          "top5_mean": 0.47502878308296204,
          "n_trials": 3
        },
        "32": {
          "n90_mean": 19.333333333333332,
          "n90_std": 0.4714045207910317,
          "n95_mean": 23.0,
          "top5_mean": 0.4259939690430959,
          "n_trials": 3
        },
        "48": {
          "n90_mean": 25.333333333333332,
          "n90_std": 0.4714045207910317,
          "n95_mean": 30.0,
          "top5_mean": 0.37442829211552936,
          "n_trials": 3
        },
        "64": {
          "n90_mean": 28.333333333333332,
          "n90_std": 0.9428090415820634,
          "n95_mean": 34.333333333333336,
          "top5_mean": 0.3532634476820628,
          "n_trials": 3
        }
      },
      "du_convergence": {
        "16": {
          "n90_mean": 11.333333333333334,
          "n90_std": 0.4714045207910317,
          "n95_mean": 13.0,
          "top5_mean": 0.5682013432184855,
          "n_trials": 3
        },
        "24": {
          "n90_mean": 16.0,
          "n90_std": 0.0,
          "n95_mean": 18.333333333333332,
          "top5_mean": 0.47748565673828125,
          "n_trials": 3
        },
        "32": {
          "n90_mean": 20.0,
          "n90_std": 0.0,
          "n95_mean": 23.333333333333332,
          "top5_mean": 0.4215222895145416,
          "n_trials": 3
        },
        "48": {
          "n90_mean": 24.333333333333332,
          "n90_std": 1.247219128924647,
          "n95_mean": 29.666666666666668,
          "top5_mean": 0.3876708149909973,
          "n_trials": 3
        },
        "64": {
          "n90_mean": 30.0,
          "n90_std": 0.816496580927726,
          "n95_mean": 36.333333333333336,
          "top5_mean": 0.3232783277829488,
          "n_trials": 3
        }
      }
    },
    {
      "layer": 4,
      "n_words": 64,
      "n_pairs": 2016,
      "n90_dg_full": 39,
      "n95_dg_full": 48,
      "n90_du_full": 44,
      "n95_du_full": 52,
      "top5_var_dg": 0.4350612163543701,
      "top5_var_du": 0.2995087206363678,
      "dg_convergence": {
        "16": {
          "n90_mean": 10.333333333333334,
          "n90_std": 0.4714045207910317,
          "n95_mean": 12.0,
          "top5_mean": 0.6768619020779928,
          "n_trials": 3
        },
        "24": {
          "n90_mean": 14.0,
          "n90_std": 0.0,
          "n95_mean": 17.0,
          "top5_mean": 0.5953530271848043,
          "n_trials": 3
        },
        "32": {
          "n90_mean": 17.333333333333332,
          "n90_std": 0.4714045207910317,
          "n95_mean": 21.666666666666668,
          "top5_mean": 0.5445309281349182,
          "n_trials": 3
        },
        "48": {
          "n90_mean": 21.666666666666668,
          "n90_std": 1.247219128924647,
          "n95_mean": 27.333333333333332,
          "top5_mean": 0.5160436630249023,
          "n_trials": 3
        },
        "64": {
          "n90_mean": 24.666666666666668,
          "n90_std": 0.4714045207910317,
          "n95_mean": 31.666666666666668,
          "top5_mean": 0.5062033037344614,
          "n_trials": 3
        }
      },
      "du_convergence": {
        "16": {
          "n90_mean": 11.333333333333334,
          "n90_std": 0.4714045207910317,
          "n95_mean": 13.0,
          "top5_mean": 0.5929164489110311,
          "n_trials": 3
        },
        "24": {
          "n90_mean": 15.0,
          "n90_std": 0.816496580927726,
          "n95_mean": 17.666666666666668,
          "top5_mean": 0.5284684797128042,
          "n_trials": 3
        },
        "32": {
          "n90_mean": 17.666666666666668,
          "n90_std": 0.4714045207910317,
          "n95_mean": 21.666666666666668,
          "top5_mean": 0.48402945200602215,
          "n_trials": 3
        },
        "48": {
          "n90_mean": 24.333333333333332,
          "n90_std": 0.4714045207910317,
          "n95_mean": 29.666666666666668,
          "top5_mean": 0.4146941602230072,
          "n_trials": 3
        },
        "64": {
          "n90_mean": 27.666666666666668,
          "n90_std": 0.4714045207910317,
          "n95_mean": 34.666666666666664,
          "top5_mean": 0.38009020686149597,
          "n_trials": 3
        }
      }
    },
    {
      "layer": 8,
      "n_words": 64,
      "n_pairs": 2016,
      "n90_dg_full": 43,
      "n95_dg_full": 52,
      "n90_du_full": 44,
      "n95_du_full": 52,
      "top5_var_dg": 0.36001914739608765,
      "top5_var_du": 0.3286632299423218,
      "dg_convergence": {
        "16": {
          "n90_mean": 10.333333333333334,
          "n90_std": 0.9428090415820634,
          "n95_mean": 12.333333333333334,
          "top5_mean": 0.6325786908467611,
          "n_trials": 3
        },
        "24": {
          "n90_mean": 14.666666666666666,
          "n90_std": 0.4714045207910317,
          "n95_mean": 17.666666666666668,
          "top5_mean": 0.5484172105789185,
          "n_trials": 3
        },
        "32": {
          "n90_mean": 18.333333333333332,
          "n90_std": 0.4714045207910317,
          "n95_mean": 22.333333333333332,
          "top5_mean": 0.5056976278622946,
          "n_trials": 3
        },
        "48": {
          "n90_mean": 22.666666666666668,
          "n90_std": 0.9428090415820634,
          "n95_mean": 28.666666666666668,
          "top5_mean": 0.46127772331237793,
          "n_trials": 3
        },
        "64": {
          "n90_mean": 26.0,
          "n90_std": 0.816496580927726,
          "n95_mean": 33.333333333333336,
          "top5_mean": 0.4418932994206746,
          "n_trials": 3
        }
      },
      "du_convergence": {
        "16": {
          "n90_mean": 11.0,
          "n90_std": 0.0,
          "n95_mean": 12.666666666666666,
          "top5_mean": 0.5885524153709412,
          "n_trials": 3
        },
        "24": {
          "n90_mean": 15.333333333333334,
          "n90_std": 0.4714045207910317,
          "n95_mean": 17.666666666666668,
          "top5_mean": 0.5184494455655416,
          "n_trials": 3
        },
        "32": {
          "n90_mean": 19.0,
          "n90_std": 0.816496580927726,
          "n95_mean": 22.333333333333332,
          "top5_mean": 0.4763600726922353,
          "n_trials": 3
        },
        "48": {
          "n90_mean": 22.666666666666668,
          "n90_std": 0.4714045207910317,
          "n95_mean": 28.0,
          "top5_mean": 0.45646079381306964,
          "n_trials": 3
        },
        "64": {
          "n90_mean": 28.333333333333332,
          "n90_std": 0.4714045207910317,
          "n95_mean": 35.0,
          "top5_mean": 0.41075508793195087,
          "n_trials": 3
        }
      }
    },
    {
      "layer": 12,
      "n_words": 64,
      "n_pairs": 2016,
      "n90_dg_full": 45,
      "n95_dg_full": 52,
      "n90_du_full": 45,
      "n95_du_full": 53,
      "top5_var_dg": 0.30883365869522095,
      "top5_var_du": 0.30007824301719666,
      "dg_convergence": {
        "16": {
          "n90_mean": 10.666666666666666,
          "n90_std": 0.4714045207910317,
          "n95_mean": 12.666666666666666,
          "top5_mean": 0.6309227148691813,
          "n_trials": 3
        },
        "24": {
          "n90_mean": 15.333333333333334,
          "n90_std": 0.4714045207910317,