{
  "experiment": "exp4_semantic_consistency",
  "model": "deepseek7b",
  "n_words": 64,
  "timestamp": "2026-04-29T22:25:23.759512",
  "layer_results": [
    {
      "layer": 0,
      "cat_consistency": {
        "animal": {
          "n_words": 8,
          "mean_intra_cos": 0.7777388330016818
        },
        "food": {
          "n_words": 8,
          "mean_intra_cos": 0.7766881861857006
        },
        "tool": {
          "n_words": 8,
          "mean_intra_cos": 0.6769174060651234
        },
        "vehicle": {
          "n_words": 8,
          "mean_intra_cos": 0.8180580969367709
        },
        "clothing": {
          "n_words": 8,
          "mean_intra_cos": 0.7257574115480695
        },
        "weather": {
          "n_words": 8,
          "mean_intra_cos": 0.7353345858199256
        },
        "emotion": {
          "n_words": 8,
          "mean_intra_cos": 0.712126476424081
        },
        "building": {
          "n_words": 8,
          "mean_intra_cos": 0.7409893359456744
        }
      },
      "inter_cat_mean_cos": 0.9045728445053101,
      "n_categories": 8
    },
    {
      "layer": 4,
      "cat_consistency": {
        "animal": {
          "n_words": 8,
          "mean_intra_cos": 0.8934607420648847
        },
        "food": {
          "n_words": 8,
          "mean_intra_cos": 0.8653547125203269
        },
        "tool": {
          "n_words": 8,
          "mean_intra_cos": 0.8399272028888974
        },
        "vehicle": {
          "n_words": 8,
          "mean_intra_cos": 0.9015409180096218
        },
        "clothing": {
          "n_words": 8,
          "mean_intra_cos": 0.8871338495186397
        },
        "weather": {
          "n_words": 8,
          "mean_intra_cos": 0.8739939630031586
        },
        "emotion": {
          "n_words": 8,
          "mean_intra_cos": 0.8269327729940414
        },
        "building": {
          "n_words": 8,
          "mean_intra_cos": 0.8751151412725449
        }
      },
      "inter_cat_mean_cos": 0.9244550147226879,
      "n_categories": 8
    },
    {
      "layer": 8,
      "cat_consistency": {
        "animal": {
          "n_words": 8,
          "mean_intra_cos": 0.7200965498174939
        },
        "food": {
          "n_words": 8,
          "mean_intra_cos": 0.6242294801133019
        },
        "tool": {
          "n_words": 8,
          "mean_intra_cos": 0.5941515064665249
        },
        "vehicle": {
          "n_words": 8,
          "mean_intra_cos": 0.6981574637549264
        },
        "clothing": {
          "n_words": 8,
          "mean_intra_cos": 0.7067804911306926
        },
        "weather": {
          "n_words": 8,
          "mean_intra_cos": 0.616888804095132
        },
        "emotion": {
          "n_words": 8,
          "mean_intra_cos": 0.5166287156088012
        },
        "building": {
          "n_words": 8,
          "mean_intra_cos": 0.6546537397163255
        }
      },
      "inter_cat_mean_cos": 0.6985151544213295,
      "n_categories": 8
    },
    {
      "layer": 12,
      "cat_consistency": {
        "animal": {
          "n_words": 8,
          "mean_intra_cos": 0.729187969650541
        },
        "food": {
          "n_words": 8,
          "mean_intra_cos": 0.5999199109418052
        },
        "tool": {
          "n_words": 8,
          "mean_intra_cos": 0.6023986052189555
        },
        "vehicle": {
          "n_words": 8,
          "mean_intra_cos": 0.6742089124662536
        },
        "clothing": {
          "n_words": 8,
          "mean_intra_cos": 0.6543161368795803
        },
        "weather": {
          "n_words": 8,
          "mean_intra_cos": 0.5571257014359746
        },
        "emotion": {
          "n_words": 8,
          "mean_intra_cos": 0.48854501971176695
        },
        "building": {
          "n_words": 8,
          "mean_intra_cos": 0.6732803348984037
        }
      },
      "inter_cat_mean_cos": 0.7200157982962472,
      "n_categories": 8
    },
    {
      "layer": 16,
      "cat_consistency": {
        "animal": {
          "n_words": 8,
          "mean_intra_cos": 0.7787096244948251
        },
        "food": {
          "n_words": 8,
          "mean_intra_cos": 0.6867717717375074
        },
        "tool": {
          "n_words": 8,
          "mean_intra_cos": 0.6691895787205014
        },
        "vehicle": {
          "n_words": 8,
          "mean_intra_cos": 0.7248678026454789
        },
        "clothing": {
          "n_words": 8,
          "mean_intra_cos": 0.6844822338649205
        },
        "weather": {
          "n_words": 8,
          "mean_intra_cos": 0.6311862245202065
        },
        "emotion": {
          "n_words": 8,
          "mean_intra_cos": 0.5803349018096924
        },
        "building": {
          "n_words": 8,
          "mean_intra_cos": 0.7248218740735736
        }
      },
      "inter_cat_mean_cos": 0.7870634070464543,
      "n_categories": 8
    },
    {
      "layer": 20,
      "cat_consistency": {
        "animal": {
          "n_words": 8,
          "mean_intra_cos": 0.8696312946932656
        },
        "food": {
          "n_words": 8,
          "mean_intra_cos": 0.8047136494091579
        },
        "tool": {
          "n_words": 8,
          "mean_intra_cos": 0.8368595561810902
        },
        "vehicle": {
          "n_words": 8,
          "mean_intra_cos": 0.8256029891116279
        },
        "clothing": {
          "n_words": 8,
          "mean_intra_cos": 0.8356922332729612
        },
        "weather": {
          "n_words": 8,
          "mean_intra_cos": 0.7982356228998729
        },
        "emotion": {
          "n_words": 8,
          "mean_intra_cos": 0.7479237169027328
        },
        "building": {
          "n_words": 8,
          "mean_intra_cos": 0.8352830622877393
        }
      },
      "inter_cat_mean_cos": 0.8647692629269191,
      "n_categories": 8
    },
    {
      "layer": 24,
      "cat_consistency": {
        "animal": {
          "n_words": 8,
          "mean_intra_cos": 0.930980961237635
        },
        "food": {
          "n_words": 8,
          "mean_intra_cos": 0.9233245466436658
        },
        "tool": {
          "n_words": 8,
          "mean_intra_cos": 0.9400875525815147
        },
        "vehicle": {
          "n_words": 8,
          "mean_intra_cos": 0.9423763815845762
        },
        "clothing": {
          "n_words": 8,
          "mean_intra_cos": 0.9453885768141065
        },
        "weather": {
          "n_words": 8,
          "mean_intra_cos": 0.9233311329569135
        },
        "emotion": {
          "n_words": 8,
          "mean_intra_cos": 0.9047824208225522
        },
        "building": {
          "n_words": 8,
          "mean_intra_cos": 0.9501004793814251
        }
      },
      "inter_cat_mean_cos": 0.9565268520798001,
      "n_categories": 8
    },
    {
      "layer": 27,
      "cat_consistency": {
        "animal": {
          "n_words": 8,
          "mean_intra_cos": 0.996408075094223
        },
        "food": {
          "n_words": 8,
          "mean_intra_cos": 0.9974360402141299
        },
        "tool": {
          "n_words": 8,
          "mean_intra_cos": 0.9983637205192021
        },
        "vehicle": {
          "n_words": 8,
          "mean_intra_cos": 0.998535788484982
        },
        "clothing": {
          "n_words": 8,
          "mean_intra_cos": 0.9980215430259705
        },
        "weather": {
          "n_words": 8,
          "mean_intra_cos": 0.9940311333962849
        },
        "emotion": {
          "n_words": 8,
          "mean_intra_cos": 0.9921746977737972
        },
        "building": {
          "n_words": 8,
          "mean_intra_cos": 0.998550295829773
        }
      },
      "inter_cat_mean_cos": 0.99835262128285,
      "n_categories": 8
    }
  ]
}