{
  "0": {
    "mean_norm": 11.239280700683594,
    "total_var": 0.02990163490176201,
    "var_per_dim_mean": 0.02990163490176201,
    "var_per_dim_max": 1.0407472848892212,
    "var_per_dim_min": 0.0037598328199237585,
    "avg_kurtosis": 0.4589535689353943,
    "avg_skewness": -0.02184826321899891
  },
  "3": {
    "mean_norm": 30.500762939453125,
    "total_var": 0.25970202684402466,
    "var_per_dim_mean": 0.25970202684402466,
    "var_per_dim_max": 190.2191162109375,
    "var_per_dim_min": 0.0294646043330431,
    "avg_kurtosis": 1.2591853046417236,
    "avg_skewness": 0.013787447474896908
  },
  "4": {
    "mean_norm": 37.102882385253906,
    "total_var": 0.3554341793060303,
    "var_per_dim_mean": 0.3554341793060303,
    "var_per_dim_max": 236.91287231445312,
    "var_per_dim_min": 0.05774258077144623,
    "avg_kurtosis": 0.8485212588310241,
    "avg_skewness": -0.014180723577737808
  },
  "5": {
    "mean_norm": 35.23395538330078,
    "total_var": 0.35847243666648865,
    "var_per_dim_mean": 0.35847243666648865,
    "var_per_dim_max": 46.20497131347656,
    "var_per_dim_min": 0.06994426995515823,
    "avg_kurtosis": 0.7718584072589875,
    "avg_skewness": -0.03813356161117554
  },
  "6": {
    "mean_norm": 4098.97705078125,
    "total_var": 9506.142578125,
    "var_per_dim_mean": 9506.142578125,
    "var_per_dim_max": 22392462.0,
    "var_per_dim_min": 0.20152756571769714,
    "avg_kurtosis": -0.49373260617256165,
    "avg_skewness": 0.047526706010103226
  },
  "7": {
    "mean_norm": 4100.70947265625,
    "total_var": 9505.2568359375,
    "var_per_dim_mean": 9505.2568359375,
    "var_per_dim_max": 22391112.0,
    "var_per_dim_min": 0.21807146072387695,
    "avg_kurtosis": -0.5018583941459656,
    "avg_skewness": 0.03542309254407883
  },
  "8": {
    "mean_norm": 4102.7470703125,
    "total_var": 9504.4619140625,
    "var_per_dim_mean": 9504.4619140625,
    "var_per_dim_max": 22389958.0,
    "var_per_dim_min": 0.21136365830898285,
    "avg_kurtosis": -0.533982138633728,
    "avg_skewness": 0.030783100053668022
  },
  "9": {
    "mean_norm": 4102.458984375,
    "total_var": 9502.4189453125,
    "var_per_dim_mean": 9502.4189453125,
    "var_per_dim_max": 22385406.0,
    "var_per_dim_min": 0.19079111516475677,
    "avg_kurtosis": -0.5011492991447448,
    "avg_skewness": 0.02364494651556015
  },
  "10": {
    "mean_norm": 4103.3037109375,
    "total_var": 9498.1220703125,
    "var_per_dim_mean": 9498.1220703125,
    "var_per_dim_max": 22372358.0,
    "var_per_dim_min": 0.1571355164051056,
    "avg_kurtosis": -0.49589563727378844,
    "avg_skewness": 0.019729023799300194
  },
  "15": {
    "mean_norm": 4111.23974609375,
    "total_var": 9482.9033203125,
    "var_per_dim_mean": 9482.9033203125,
    "var_per_dim_max": 22329550.0,
    "var_per_dim_min": 0.09369779378175735,
    "avg_kurtosis": -0.3979556882381439,
    "avg_skewness": 0.09902805089950562
  },
  "20": {
    "mean_norm": 4222.03857421875,
    "total_var": 9934.625,
    "var_per_dim_mean": 9934.625,
    "var_per_dim_max": 23470946.0,
    "var_per_dim_min": 0.10832254588603973,
    "avg_kurtosis": -0.5871476113796235,
    "avg_skewness": 0.020074129104614258
  },
  "25": {
    "mean_norm": 4263.578125,
    "total_var": 9881.9189453125,
    "var_per_dim_mean": 9881.9189453125,
    "var_per_dim_max": 23321776.0,
    "var_per_dim_min": 0.5475959777832031,
    "avg_kurtosis": -0.1351512825489044,
    "avg_skewness": -0.06509198248386383
  },
  "30": {
    "mean_norm": 4347.27978515625,
    "total_var": 9727.271484375,
    "var_per_dim_mean": 9727.271484375,
    "var_per_dim_max": 22891240.0,
    "var_per_dim_min": 2.646981716156006,
    "avg_kurtosis": 1.0178290224075317,
    "avg_skewness": -0.09041933715343475
  },
  "35": {
    "mean_norm": 1652.7567138671875,
    "total_var": 715.6305541992188,
    "var_per_dim_mean": 715.6305541992188,
    "var_per_dim_max": 1087112.25,
    "var_per_dim_min": 15.767606735229492,
    "avg_kurtosis": -0.8498717212677002,
    "avg_skewness": -0.008873066864907742
  }
}