{
  "L0": {
    "singular_values_top10": [
      9961.0234375,
      9326.8935546875,
      6959.826171875,
      6370.3291015625,
      5919.29443359375,
      5581.8388671875,
      5258.27197265625,
      5186.7314453125,
      4847.82568359375,
      4587.6259765625
    ],
    "eff_rank_90": 1508,
    "eff_rank_99": 2501,
    "condition_number": 606778.375,
    "top1_ratio": 0.010678351856768131,
    "top5_ratio": 0.03339165076613426,
    "mean_head_corr": -0.0004603309831249395
  },
  "L5": {
    "singular_values_top10": [
      6339.38525390625,
      6211.46923828125,
      6071.21923828125,
      5980.09423828125,
      5891.31689453125,
      5775.00244140625,
      5764.78662109375,
      5723.5087890625,
      5660.6943359375,
      5548.15673828125
    ],
    "eff_rank_90": 1518,
    "eff_rank_99": 2567,
    "condition_number": 16664.70703125,
    "top1_ratio": 0.003209654474630952,
    "top5_ratio": 0.014863054268062115,
    "mean_head_corr": -0.02760505982691289
  },
  "L10": {
    "singular_values_top10": [
      6209.99365234375,
      5509.9423828125,
      5157.3232421875,
      4894.03466796875,
      4866.3349609375,
      4741.76123046875,
      4685.45166015625,
      4644.93359375,
      4619.94482421875,
      4604.94873046875
    ],
    "eff_rank_90": 1531,
    "eff_rank_99": 2568,
    "condition_number": 86977.2109375,
    "top1_ratio": 0.0034191980957984924,
    "top5_ratio": 0.012692473828792572,
    "mean_head_corr": -0.023206160639737
  },
  "L15": {
    "singular_values_top10": [
      5630.0947265625,
      5485.109375,
      5325.8212890625,
      5278.16162109375,
      5247.384765625,
      5222.54833984375,
      5195.8203125,
      5173.798828125,
      5148.1953125,
      5108.5849609375
    ],
    "eff_rank_90": 1502,
    "eff_rank_99": 2551,
    "condition_number": 57045.0859375,
    "top1_ratio": 0.0026376883033663034,
    "top5_ratio": 0.012111078016459942,
    "mean_head_corr": -0.03496721632992766
  },
  "L20": {
    "singular_values_top10": [
      5706.494140625,
      5668.43994140625,
      5544.5712890625,
      5528.0205078125,
      5490.80615234375,
      5439.6279296875,
      5401.6884765625,
      5383.7392578125,
      5353.2412109375,
      5324.18798828125
    ],
    "eff_rank_90": 1505,
    "eff_rank_99": 2554,
    "condition_number": 102649.3984375,
    "top1_ratio": 0.002642279025167227,
    "top5_ratio": 0.012669790536165237,
    "mean_head_corr": -0.05230910892818689
  },
  "L23": {
    "singular_values_top10": [
      4799.3515625,
      4727.3896484375,
      4697.2373046875,
      4671.11279296875,
      4629.986328125,
      4606.4853515625,
      4579.732421875,
      4556.0986328125,
      4534.115234375,
      4488.6337890625
    ],
    "eff_rank_90": 1644,
    "eff_rank_99": 2641,
    "condition_number": 177617.71875,
    "top1_ratio": 0.0018237339099869132,
    "top5_ratio": 0.008765005506575108,
    "mean_head_corr": 0.057493681354182105
  },
  "L24": {
    "singular_values_top10": [
      6354.43896484375,
      5644.875,
      5285.474609375,
      5100.40478515625,
      5078.22216796875,
      5017.8193359375,
      4989.7626953125,
      4955.65185546875,
      4926.6904296875,
      4862.310546875
    ],
    "eff_rank_90": 1556,
    "eff_rank_99": 2598,
    "condition_number": 63022.81640625,
    "top1_ratio": 0.0031270093750208616,
    "top5_ratio": 0.011769757606089115,
    "mean_head_corr": -0.014862241632986948
  },
  "L25": {
    "singular_values_top10": [
      6166.701171875,
      5723.06396484375,
      5584.43603515625,
      5523.51171875,
      5270.99951171875,
      5222.240234375,
      5177.5185546875,
      5094.83447265625,
      5062.15673828125,
      5034.18310546875
    ],
    "eff_rank_90": 1602,
    "eff_rank_99": 2619,
    "condition_number": 23777.306640625,
    "top1_ratio": 0.003013784298673272,
    "top5_ratio": 0.012700828723609447,
    "mean_head_corr": -0.014529983233452575
  },
  "L26": {
    "singular_values_top10": [
      6986.78857421875,
      5127.41357421875,
      4990.76513671875,
      4947.64013671875,
      4882.34765625,
      4859.66796875,
      4829.28759765625,
      4815.05517578125,
      4787.72216796875,
      4769.0439453125
    ],
    "eff_rank_90": 1606,
    "eff_rank_99": 2610,
    "condition_number": 1193072.375,
    "top1_ratio": 0.004004460759460926,
    "top5_ratio": 0.012167942710220814,
    "mean_head_corr": -0.023313827701453453
  },
  "L27": {
    "singular_values_top10": [
      8028.3076171875,
      6288.025390625,
      5345.65380859375,
      5091.4228515625,
      4966.314453125,
      4690.7978515625,
      4650.37353515625,
      4509.7099609375,
      4417.18310546875,
      4386.15869140625
    ],
    "eff_rank_90": 1543,
    "eff_rank_99": 2465,
    "condition_number": 4258827.5,
    "top1_ratio": 0.005555405281484127,
    "top5_ratio": 0.01578659936785698,
    "mean_head_corr": -0.04837303883895012
  }
}