{
  "model": "DeepSeek-R1-Distill-Qwen-7B",
  "n_layers": 28,
  "d_model": 3584,
  "L2_fixed": 21,
  "l1_values": [
    1,
    3,
    5,
    7,
    9,
    11,
    13,
    15,
    17,
    19
  ],
  "pairs": {
    "tense_x_question": {
      "pair": "tense_x_question",
      "feature_A": "tense",
      "feature_B": "question",
      "n_samples": 25,
      "L2_fixed": 21,
      "reverse_data": {
        "L1": {
          "l1": 1,
          "distance": 20,
          "curvature_norm_mean": 66.3595199584961,
          "curvature_norm_std": 15.064233779907227,
          "mean_single_effect": 54.783706207275394,
          "mean_A_effect": 27.006322860717773,
          "mean_B_effect": 82.56108093261719,
          "relative_curvature": 1.2113003035483254,
          "n_valid": 25
        },
        "L3": {
          "l1": 3,
          "distance": 18,
          "curvature_norm_mean": 69.3642349243164,
          "curvature_norm_std": 25.260284423828125,
          "mean_single_effect": 57.61891998291016,
          "mean_A_effect": 32.67675018310547,
          "mean_B_effect": 82.56108093261719,
          "relative_curvature": 1.2038447604496845,
          "n_valid": 25
        },
        "L5": {
          "l1": 5,
          "distance": 16,
          "curvature_norm_mean": 70.19512939453125,
          "curvature_norm_std": 20.01485824584961,
          "mean_single_effect": 61.1674089050293,
          "mean_A_effect": 39.77373123168945,
          "mean_B_effect": 82.56108093261719,
          "relative_curvature": 1.147590369626478,
          "n_valid": 25
        },
        "L7": {
          "l1": 7,
          "distance": 14,
          "curvature_norm_mean": 61.306304931640625,
          "curvature_norm_std": 20.468948364257812,
          "mean_single_effect": 61.8135269165039,
          "mean_A_effect": 41.06596755981445,
          "mean_B_effect": 82.56108093261719,
          "relative_curvature": 0.991794320591873,
          "n_valid": 25
        },
        "L9": {
          "l1": 9,
          "distance": 12,
          "curvature_norm_mean": 76.5126953125,
          "curvature_norm_std": 20.067731857299805,
          "mean_single_effect": 65.43563842773438,
          "mean_A_effect": 48.310184478759766,
          "mean_B_effect": 82.56108093261719,
          "relative_curvature": 1.1692817117828223,
          "n_valid": 25
        },
        "L11": {
          "l1": 11,
          "distance": 10,
          "curvature_norm_mean": 79.89120483398438,
          "curvature_norm_std": 21.471635818481445,
          "mean_single_effect": 61.226761169433594,
          "mean_A_effect": 39.892433166503906,
          "mean_B_effect": 82.56108093261719,
          "relative_curvature": 1.3048412705151908,
          "n_valid": 25
        },
        "L13": {
          "l1": 13,
          "distance": 8,
          "curvature_norm_mean": 108.20246124267578,
          "curvature_norm_std": 33.340511322021484,
          "mean_single_effect": 69.52686096191407,
          "mean_A_effect": 56.49264144897461,
          "mean_B_effect": 82.56108093261719,
          "relative_curvature": 1.5562684658205996,
          "n_valid": 25
        },
        "L15": {
          "l1": 15,
          "distance": 6,
          "curvature_norm_mean": 119.21720886230469,
          "curvature_norm_std": 33.74416732788086,
          "mean_single_effect": 63.62240798950195,
          "mean_A_effect": 44.68373107910156,
          "mean_B_effect": 82.56108093261719,
          "relative_curvature": 1.8738242174327762,
          "n_valid": 25
        },
        "L17": {
          "l1": 17,
          "distance": 4,
          "curvature_norm_mean": 118.96463775634766,
          "curvature_norm_std": 27.360694885253906,
          "mean_single_effect": 64.98158538818359,
          "mean_A_effect": 47.40208053588867,
          "mean_B_effect": 82.56108093261719,
          "relative_curvature": 1.8307438491304862,
          "n_valid": 25
        },
        "L19": {
          "l1": 19,
          "distance": 2,
          "curvature_norm_mean": 44.071041107177734,
          "curvature_norm_std": 17.385026931762695,
          "mean_single_effect": 66.59281509399415,
          "mean_A_effect": 50.62454605102539,
          "mean_B_effect": 82.56108093261719,
          "relative_curvature": 0.6617987397725467,
          "n_valid": 25
        }
      }
    },
    "voice_x_question": {
      "pair": "voice_x_question",
      "feature_A": "voice",
      "feature_B": "question",
      "n_samples": 25,
      "L2_fixed": 21,
      "reverse_data": {
        "L1": {
          "l1": 1,
          "distance": 20,
          "curvature_norm_mean": 147.11521911621094,
          "curvature_norm_std": 34.05078125,
          "mean_single_effect": 86.54503982543946,
          "mean_A_effect": 81.83389282226562,
          "mean_B_effect": 91.25617218017578,
          "relative_curvature": 1.699868870737953,
          "n_valid": 25
        },
        "L3": {
          "l1": 3,
          "distance": 18,
          "curvature_norm_mean": 157.01791381835938,
          "curvature_norm_std": 32.95108413696289,
          "mean_single_effect": 94.10603103637695,
          "mean_A_effect": 96.95587921142578,
          "mean_B_effect": 91.25617218017578,
          "relative_curvature": 1.6685212636105842,
          "n_valid": 25
        },
        "L5": {
          "l1": 5,
          "distance": 16,
          "curvature_norm_mean": 169.61312866210938,
          "curvature_norm_std": 39.51347732543945,
          "mean_single_effect": 101.61907302856446,
          "mean_A_effect": 111.98197174072266,
          "mean_B_effect": 91.25617218017578,
          "relative_curvature": 1.6691072217738625,
          "n_valid": 25
        },
        "L7": {
          "l1": 7,
          "distance": 14,
          "curvature_norm_mean": 168.2767333984375,
          "curvature_norm_std": 29.8164119720459,
          "mean_single_effect": 100.41372619628906,
          "mean_A_effect": 109.5712661743164,
          "mean_B_effect": 91.25617218017578,
          "relative_curvature": 1.675833969843147,
          "n_valid": 25
        },
        "L9": {
          "l1": 9,
          "distance": 12,
          "curvature_norm_mean": 195.01718139648438,
          "curvature_norm_std": 34.76979446411133,
          "mean_single_effect": 113.39211669921875,
          "mean_A_effect": 135.52806091308594,
          "mean_B_effect": 91.25617218017578,
          "relative_curvature": 1.7198477907737657,
          "n_valid": 25
        },
        "L11": {
          "l1": 11,
          "distance": 10,
          "curvature_norm_mean": 191.3700714111328,
          "curvature_norm_std": 33.24581527709961,
          "mean_single_effect": 109.65146606445313,
          "mean_A_effect": 128.0467529296875,
          "mean_B_effect": 91.25617218017578,
          "relative_curvature": 1.745257754223468,
          "n_valid": 25
        },
        "L13": {
          "l1": 13,
          "distance": 8,
          "curvature_norm_mean": 190.26197814941406,
          "curvature_norm_std": 36.7390251159668,
          "mean_single_effect": 108.2418293762207,
          "mean_A_effect": 125.22747039794922,
          "mean_B_effect": 91.25617218017578,
          "relative_curvature": 1.7577490998229222,
          "n_valid": 25
        },
        "L15": {
          "l1": 15,
          "distance": 6,
          "curvature_norm_mean": 200.5141143798828,
          "curvature_norm_std": 27.34890365600586,
          "mean_single_effect": 116.54899047851562,
          "mean_A_effect": 141.84181213378906,
          "mean_B_effect": 91.25617218017578,
          "relative_curvature": 1.7204277236247112,
          "n_valid": 25
        },
        "L17": {
          "l1": 17,
          "distance": 4,
          "curvature_norm_mean": 196.59710693359375,
          "curvature_norm_std": 26.495969772338867,
          "mean_single_effect": 121.61093719482422,
          "mean_A_effect": 151.96568298339844,