{
  "model": "deepseek7b",
  "n_texts": 210,
  "param_stats": {
    "alpha": {
      "mean": 0.04734870046377182,
      "std": 0.01173971313983202
    },
    "beta": {
      "mean": 0.9709130525588989,
      "std": 0.011658580042421818
    },
    "ratio_10": {
      "mean": 0.4838692843914032,
      "std": 0.11519084870815277
    },
    "ratio_20": {
      "mean": 0.6261547803878784,
      "std": 0.1281781941652298
    },
    "ratio_50": {
      "mean": 0.7815519571304321,
      "std": 0.12864042818546295
    },
    "ratio_100": {
      "mean": 0.8561241030693054,
      "std": 0.09133267402648926
    },
    "gini": {
      "mean": -0.735986590385437,
      "std": 0.024324681609869003
    },
    "spectral_entropy_norm": {
      "mean": 0.6248933635575581,
      "std": 0.07506912720769092
    },
    "top1_concentration": {
      "mean": 0.148582324385643,
      "std": 0.028571179136633873
    },
    "top3_concentration": {
      "mean": 0.34514912962913513,
      "std": 0.07245458662509918
    },
    "top5_concentration": {
      "mean": 0.4448295533657074,
      "std": 0.0871008038520813
    },
    "delta_top5": {
      "mean": 0.9663523435592651,
      "std": 0.005246266722679138
    },
    "delta_top10": {
      "mean": 0.9812067151069641,
      "std": 0.003417752683162689
    },
    "top1_prob": {
      "mean": 0.5588068048159281,
      "std": 0.19442432539865176
    },
    "entropy": {
      "mean": 1.6098880702186198,
      "std": 0.8786678937266698
    },
    "logit_var": {
      "mean": 3.968550684338524,
      "std": 0.5808886433135654
    },
    "logit_kurtosis": {
      "mean": 4.900221605527968,
      "std": 0.46797713393689605
    },
    "logit_gap": {
      "mean": 1.167857142857143,
      "std": 0.9216846266594709
    },
    "logit_reconstruction_cos5": {
      "mean": 0.8234971578632082,
      "std": 0.15542401253342256
    }
  },
  "causal_chain_1": {
    "alpha->gini": {
      "r": 0.3043634318649479,
      "p": 7.077747074994297e-06
    },
    "alpha->top1_concentration": {
      "r": -0.3202912410007619,
      "p": 2.145603747399086e-06
    },
    "alpha->top5_concentration": {
      "r": 0.06055210876314575,
      "p": 0.3826372521017728
    },
    "alpha->spectral_entropy_norm": {
      "r": 0.07493922760751141,
      "p": 0.2796920050177408
    },
    "ratio_10->gini": {
      "r": -0.28003115071035023,
      "p": 3.847077481568871e-05
    },
    "ratio_10->top1_concentration": {
      "r": 0.41288167394898745,
      "p": 4.736815376537412e-10
    },
    "ratio_10->top5_concentration": {
      "r": 0.9788398044917147,
      "p": 2.7060578267703232e-145
    },
    "ratio_10->spectral_entropy_norm": {
      "r": 0.7843150212768163,
      "p": 5.210990996417381e-45
    },
    "ratio_50->gini": {
      "r": -0.08283963863102736,
      "p": 0.23194998269350858
    },
    "ratio_50->top1_concentration": {
      "r": 0.2611204407747767,
      "p": 0.00012917013681821226
    },
    "ratio_50->top5_concentration": {
      "r": 0.9196016233614778,
      "p": 2.388264659708069e-86
    },
    "ratio_50->spectral_entropy_norm": {
      "r": 0.9276653034991422,
      "p": 6.165995807550497e-91
    },
    "beta->gini": {
      "r": -0.3170738028227415,
      "p": 2.7458842690198e-06
    },
    "beta->top1_concentration": {
      "r": 0.31388875931022686,
      "p": 3.4955707402598915e-06
    },
    "beta->top5_concentration": {
      "r": 0.1456438245401253,
      "p": 0.034923708577814856
    },
    "beta->spectral_entropy_norm": {
      "r": 0.11806300632862184,
      "p": 0.08788572004555226
    }
  },
  "causal_chain_2": {
    "gini->logit_var": {
      "r": -0.07198872147325756,
      "p": 0.29911327076019223
    },
    "gini->logit_kurtosis": {
      "r": 0.28048856338728984,
      "p": 3.731843974445036e-05
    },
    "gini->logit_gap": {
      "r": -0.06382770844452336,
      "p": 0.3573797320791649
    },
    "top1_concentration->logit_var": {
      "r": -0.10473324936636033,
      "p": 0.13032192534581144
    },
    "top1_concentration->logit_kurtosis": {
      "r": -0.06962520667796591,
      "p": 0.3153005318383807
    },
    "top1_concentration->logit_gap": {
      "r": 0.05422059645571429,
      "p": 0.43444002342349797
    },
    "top5_concentration->logit_var": {
      "r": -0.4361267901292158,
      "p": 3.6753069816985505e-11
    },
    "top5_concentration->logit_kurtosis": {
      "r": 0.4396500339496094,
      "p": 2.4520512759477897e-11
    },
    "top5_concentration->logit_gap": {
      "r": 0.20034484116631582,
      "p": 0.0035504876381670315
    },
    "spectral_entropy_norm->logit_var": {
      "r": -0.49806927793586375,
      "p": 1.4497995427320625e-14
    },
    "spectral_entropy_norm->logit_kurtosis": {
      "r": 0.7051515292873692,
      "p": 6.818212302626217e-33
    },
    "spectral_entropy_norm->logit_gap": {
      "r": 0.1402480059102347,
      "p": 0.04232589815585248
    },
    "delta_top5->logit_var": {
      "r": 0.3243055879502211,
      "p": 1.5708481363151653e-06
    },
    "delta_top5->logit_kurtosis": {
      "r": -0.4670209347286363,
      "p": 8.977554361812552e-13
    },
    "delta_top5->logit_gap": {
      "r": -0.17169606862679274,
      "p": 0.012709988127255795
    }
  },
  "causal_chain_3": {
    "logit_var->top1_prob": {
      "r": -0.17590692105549594,
      "p": 0.010653491305629792
    },
    "logit_var->entropy": {
      "r": 0.18151119818797198,
      "p": 0.008374523442685248
    },
    "logit_kurtosis->top1_prob": {
      "r": 0.06689239269590998,
      "p": 0.3347161743440214
    },
    "logit_kurtosis->entropy": {
      "r": -0.1279122804289572,
      "p": 0.06428925345080394
    },
    "logit_gap->top1_prob": {
      "r": 0.8258386085922043,
      "p": 1.1901905556069265e-53
    },
    "logit_gap->entropy": {
      "r": -0.5229638449879576,
      "p": 3.8693289205130946e-16
    },
    "logit_reconstruction_cos5->top1_prob": {
      "r": 0.3324910720301867,
      "p": 8.202273979969347e-07
    },
    "logit_reconstruction_cos5->entropy": {
      "r": -0.3654779120212716,
      "p": 4.9099394853048306e-08
    }
  },
  "direct_chain": {
    "alpha->top1_prob": {
      "r": 0.22115967719363716,
      "p": 0.0012561327266059313
    },
    "alpha->entropy": {
      "r": -0.38304359544505084,
      "p": 9.577175599731087e-09
    },
    "ratio_10->top1_prob": {
      "r": 0.3612679012921584,
      "p": 7.16154925363666e-08
    },
    "ratio_10->entropy": {
      "r": -0.40913037168343414,
      "p": 7.028071610766918e-10
    },
    "ratio_50->top1_prob": {
      "r": 0.3056993878704006,
      "p": 6.420451649388883e-06
    },
    "ratio_50->entropy": {
      "r": -0.34574437758185483,
      "p": 2.7503100169898e-07
    },
    "beta->top1_prob": {
      "r": -0.17534714123555845,
      "p": 0.010908752106002399
    },
    "beta->entropy": {
      "r": 0.34329922822948894,
      "p": 3.3775195516565245e-07
    },
    "gini->top1_prob": {
      "r": 0.056255280330477414,
      "p": 0.41736962757803625
    },
    "gini->entropy": {
      "r": -0.1362092021582622,
      "p": 0.04869251210415431
    },
    "top5_concentration->top1_prob": {
      "r": 0.3118751069023961,
      "p": 4.0660809809217005e-06
    },
    "top5_concentration->entropy": {
      "r": -0.35933458765478177,
      "p": 8.5015811280688e-08
    },
    "delta_top5->top1_prob": {
      "r": -0.29008775066992165,
      "p": 1.947061968138119e-05
    },
    "delta_top5->entropy": {
      "r": 0.3535229846630696,
      "p": 1.414074720756297e-07
    }
  },
  "multi_regression": {
    "alpha_ratio50": 0.3421468831370174,
    "gini_delta_top5": -0.17282266858329767,
    "top5_beta": 0.1240826397349084,
    "all": 0.07741170529744387
  },
  "mediation": {
    "best_spectral_r": 0.3612679012921584,
    "best_concentration_r": 0.3118751069023961
  }
}