{
  "model": "deepseek7b",
  "n_layers": 28,
  "spectral_propagation": {
    "shallow_alpha": 0.9317136406898499,
    "mid_alpha": 1.0128545761108398,
    "deep_alpha": 0.914768397808075,
    "mean_alpha": 0.9517427682876587,
    "mean_spectral_corr": 0.9207382798194885,
    "layer_alphas": [
      0.13922792673110962,
      1.1265623569488525,
      0.8339089155197144,
      0.840460479259491,
      1.1286743879318237,
      0.7319619059562683,
      0.9158229231834412,
      0.9726399779319763,
      1.6961643695831299,
      0.9829443097114563,
      1.0641090869903564,
      1.0007591247558594,
      0.9860541820526123,
      1.033029317855835,
      1.0159485340118408,
      1.0363578796386719,
      0.9990437030792236,
      0.9974446892738342,
      1.030925989151001,
      0.997573971748352,
      1.0081239938735962,
      0.9984911680221558,
      1.0218347311019897,
      1.0220106840133667,
      1.0064899921417236,
      0.9981858134269714,
      1.0030440092086792,
      0.0610034316778183
    ],
    "layer_spectral_corrs": [
      -0.10950673371553421,
      0.9914920926094055,
      0.988986074924469,
      0.9886094927787781,
      0.9845983982086182,
      0.9748287200927734,
      0.9832927584648132,
      0.9798049926757812,
      0.9450699687004089,
      0.9987908005714417,
      0.9987415075302124,
      0.9997803568840027,
      0.9995768666267395,
      0.9998006820678711,
      0.9998713731765747,
      0.9997128844261169,
      0.9997769594192505,
      0.9999341368675232,
      0.9997137784957886,
      0.9999114274978638,
      0.9999656677246094,
      0.9999619126319885,
      0.9999015927314758,
      0.999947190284729,
      0.9999213814735413,
      0.9999597668647766,
      0.9993988871574402,
      0.05882784724235535
    ]
  },
  "spectral_shape": {
    "shallow_power_exp": -2.211697327812592,
    "mid_power_exp": -2.433163900716228,
    "deep_power_exp": -2.605306879292379,
    "shallow_top5": 0.6370110511779785,
    "mid_top5": 0.8690111637115479,
    "deep_top5": 0.9251716732978821
  },
  "logit_path": {
    "K10_cos_mean": 0.8671840616612376,
    "K10_top1_match_rate": 0.0,
    "reconstruction_curve": [
      0.8097987891077328,
      0.8343462460373768,
      0.8796178951646797,
      0.9073666230749328,
      0.9263728974427771,
      0.9310682570687097,
      0.9323774259429215,
      0.934551364231203,
      0.9350875695893878,
      0.9353683906139802,
      0.9365555237341948,
      0.9371433601706893,
      0.9371749228480932,
      0.9405006149992375,
      0.9410276056366772,
      0.942060489814563,
      0.9422457721804084,
      0.9432376385886597,
      0.9442877394769122,
      0.9443862526565466,
      0.9448175743976086,
      0.9449038484863682,
      0.9451986105692257,
      0.9452720520873383,
      0.9465520097483007,
      0.9466010446494569,
      0.947727283144132,
      0.947738371416423,
      0.9488213538306243,
      0.949442938371123,
      0.9494440674261115,
      0.9494477037425254,
      0.9500531933309259,
      0.9508131034777302,
      0.9509600617847829,
      0.9513144087946003,
      0.9513164675932223,
      0.9513853121439566,
      0.9513894770708718,
      0.951389794816967,
      0.951391106097471,
      0.9513920892458272,
      0.9515283515152607,
      0.9516102389510644,
      0.951618224658259,
      0.9518394098454753,
      0.9520140271617011,
      0.9520290499535569,
      0.9520643881037594,
      0.9521160967752327
    ]
  },
  "encoding_invariants": {
    "top5_energy_ratio": 0.899367094039917,
    "global_power_exponent": -0.4748633993114265,
    "gini": -0.898565411567688,
    "final_layer_alpha": 0.0610034316778183,
    "final_spectral_corr": 0.05882784724235535
  },
  "equation_verification": {
    "mean_error": 0.1609649956226349,
    "std_error": 0.25552505254745483
  }
}