{
  "model": "glm4",
  "n_texts": 210,
  "param_stats": {
    "alpha": {
      "mean": 0.29833555221557617,
      "std": 0.05194363370537758
    },
    "beta": {
      "mean": 0.9389427304267883,
      "std": 0.027193265035748482
    },
    "ratio_10": {
      "mean": 0.2228095680475235,
      "std": 0.027935229241847992
    },
    "ratio_20": {
      "mean": 0.3147379457950592,
      "std": 0.04162447899580002
    },
    "ratio_50": {
      "mean": 0.5006112456321716,
      "std": 0.04257537052035332
    },
    "ratio_100": {
      "mean": 0.6707963943481445,
      "std": 0.03599654138088226
    },
    "gini": {
      "mean": -0.7412583827972412,
      "std": 0.02790847234427929
    },
    "spectral_entropy_norm": {
      "mean": 0.44722463538864815,
      "std": 0.03077613698416901
    },
    "top1_concentration": {
      "mean": 0.14643411338329315,
      "std": 0.019494859501719475
    },
    "top3_concentration": {
      "mean": 0.2340030074119568,
      "std": 0.02809194289147854
    },
    "top5_concentration": {
      "mean": 0.2886456549167633,
      "std": 0.03309953957796097
    },
    "delta_top5": {
      "mean": 0.6912530660629272,
      "std": 0.008068937808275223
    },
    "delta_top10": {
      "mean": 0.8258737325668335,
      "std": 0.005835145711898804
    },
    "top1_prob": {
      "mean": 0.6009419692414147,
      "std": 0.23964123606166207
    },
    "entropy": {
      "mean": 1.6361692590372903,
      "std": 1.039371676009304
    },
    "logit_var": {
      "mean": 3.7574659767605008,
      "std": 0.4791711315378547
    },
    "logit_kurtosis": {
      "mean": 4.366249968892052,
      "std": 0.21853343858510474
    },
    "logit_gap": {
      "mean": 1.500595238095238,
      "std": 1.0782962765294724
    },
    "logit_reconstruction_cos5": {
      "mean": 0.8990855109123956,
      "std": 0.016286821824583863
    }
  },
  "causal_chain_1": {
    "alpha->gini": {
      "r": 0.1589787646488677,
      "p": 0.02118071201126504
    },
    "alpha->top1_concentration": {
      "r": -0.3462626922299451,
      "p": 2.6325226831800364e-07
    },
    "alpha->top5_concentration": {
      "r": -0.41944094582056984,
      "p": 2.3482302855550414e-10
    },
    "alpha->spectral_entropy_norm": {
      "r": -0.2541646581974053,
      "p": 0.00019723767292270279
    },
    "ratio_10->gini": {
      "r": -0.2732839897788351,
      "p": 5.987897563937384e-05
    },
    "ratio_10->top1_concentration": {
      "r": 0.5992494803895653,
      "p": 7.368087787737543e-22
    },
    "ratio_10->top5_concentration": {
      "r": 0.6390301296304935,
      "p": 1.6902031114210513e-25
    },
    "ratio_10->spectral_entropy_norm": {
      "r": 0.4520481203319287,
      "p": 5.684938973323471e-12
    },
    "ratio_50->gini": {
      "r": -0.06485152876905453,
      "p": 0.34970408135903247
    },
    "ratio_50->top1_concentration": {
      "r": 0.3173070444143822,
      "p": 2.697475730900608e-06
    },
    "ratio_50->top5_concentration": {
      "r": 0.7885030036333857,
      "p": 8.607896378046479e-46
    },
    "ratio_50->spectral_entropy_norm": {
      "r": 0.9067266875029155,
      "p": 6.1550521593407076e-80
    },
    "beta->gini": {
      "r": 0.14017949236263366,
      "p": 0.042427765154172056
    },
    "beta->top1_concentration": {
      "r": -0.18441246443065726,
      "p": 0.0073741061356166135
    },
    "beta->top5_concentration": {
      "r": -0.19885530209969263,
      "p": 0.0038104730146205517
    },
    "beta->spectral_entropy_norm": {
      "r": -0.04469038474496328,
      "p": 0.5195225247412109
    }
  },
  "causal_chain_2": {
    "gini->logit_var": {
      "r": 0.09871302472879187,
      "p": 0.1540320280194117
    },
    "gini->logit_kurtosis": {
      "r": -0.10340636386724925,
      "p": 0.13528983969090794
    },
    "gini->logit_gap": {
      "r": -0.1828095605354523,
      "p": 0.007912809594234968
    },
    "top1_concentration->logit_var": {
      "r": -0.25880875744429416,
      "p": 0.00014887570280807598
    },
    "top1_concentration->logit_kurtosis": {
      "r": 0.28564190677592743,
      "p": 2.6394875630541916e-05
    },
    "top1_concentration->logit_gap": {
      "r": 0.2735846692612935,
      "p": 5.87243100846197e-05
    },
    "top5_concentration->logit_var": {
      "r": -0.35071890241690123,
      "p": 1.8010196281093974e-07
    },
    "top5_concentration->logit_kurtosis": {
      "r": 0.21972653719166754,
      "p": 0.0013535073314581184
    },
    "top5_concentration->logit_gap": {
      "r": -0.11870037726121233,
      "p": 0.0861736489412938
    },
    "spectral_entropy_norm->logit_var": {
      "r": -0.2229491585161688,
      "p": 0.00114357043888259
    },
    "spectral_entropy_norm->logit_kurtosis": {
      "r": 0.1162787081525711,
      "p": 0.09282375320684519
    },
    "spectral_entropy_norm->logit_gap": {
      "r": -0.3076906355047603,
      "p": 5.547368330353559e-06
    },
    "delta_top5->logit_var": {
      "r": 0.21452136233822103,
      "p": 0.0017681873661303839
    },
    "delta_top5->logit_kurtosis": {
      "r": -0.043148398666894724,
      "p": 0.5340488818398843
    },
    "delta_top5->logit_gap": {
      "r": 0.20754272166600268,
      "p": 0.0025060577269513285
    }
  },
  "causal_chain_3": {
    "logit_var->top1_prob": {
      "r": -0.07426930592485474,
      "p": 0.2840251928233094
    },
    "logit_var->entropy": {
      "r": 0.13219874256866374,
      "p": 0.05578513345556619
    },
    "logit_kurtosis->top1_prob": {
      "r": 0.18925741060368106,
      "p": 0.005938857468828033
    },
    "logit_kurtosis->entropy": {
      "r": -0.26190050432015255,
      "p": 0.00012309103426869612
    },
    "logit_gap->top1_prob": {
      "r": 0.9177052772123689,
      "p": 2.4394779261260567e-85
    },
    "logit_gap->entropy": {
      "r": -0.7540308612276827,
      "p": 7.850516848555897e-40
    },
    "logit_reconstruction_cos5->top1_prob": {
      "r": 0.3907068775170655,
      "p": 4.551554076362105e-09
    },
    "logit_reconstruction_cos5->entropy": {
      "r": -0.48937195814090906,
      "p": 4.8042302847337465e-14
    }
  },
  "direct_chain": {
    "alpha->top1_prob": {
      "r": -0.07810872168058342,
      "p": 0.2597977171013041
    },
    "alpha->entropy": {
      "r": 0.10390783328927657,
      "p": 0.1333955132375731
    },
    "ratio_10->top1_prob": {
      "r": 0.0041620666241648655,
      "p": 0.9521920045996941
    },
    "ratio_10->entropy": {
      "r": -0.05264651459314892,
      "p": 0.4479164033131914
    },
    "ratio_50->top1_prob": {
      "r": -0.20023661063685322,
      "p": 0.0035688240315391254
    },
    "ratio_50->entropy": {
      "r": 0.14022354910772133,
      "p": 0.042362237307948615
    },
    "beta->top1_prob": {
      "r": 0.059343139846475206,
      "p": 0.39222725003939973
    },
    "beta->entropy": {
      "r": -0.010608605059787593,
      "p": 0.8785402275257779
    },
    "gini->top1_prob": {
      "r": -0.20687751706550978,
      "p": 0.0025892989518131243
    },
    "gini->entropy": {
      "r": 0.2089378177916686,
      "p": 0.00233932220594824
    },
    "top5_concentration->top1_prob": {
      "r": -0.10850917157769795,
      "p": 0.1169525312522836
    },
    "top5_concentration->entropy": {
      "r": 0.05235366681697791,
      "p": 0.45044935782194984
    },
    "delta_top5->top1_prob": {
      "r": 0.3062552803304774,
      "p": 6.164402524604672e-06
    },
    "delta_top5->entropy": {
      "r": -0.3194373176180332,
      "p": 2.291416862480576e-06
    }
  },
  "multi_regression": {
    "alpha_ratio50": -0.2533226169513576,
    "gini_delta_top5": 0.07297564695515141,
    "top5_beta": -0.04123284518923481,
    "all": -0.051811883647452234
  },
  "mediation": {
    "best_spectral_r": 0.20023661063685322,
    "best_concentration_r": 0.20687751706550978
  }
}