{
  "model": "glm4",
  "n_layers": 40,
  "spectral_propagation": {
    "shallow_alpha": 0.9190200567245483,
    "mid_alpha": 1.001354694366455,
    "deep_alpha": 0.9444964528083801,
    "mean_alpha": 0.9546955823898315,
    "mean_spectral_corr": 0.9354637861251831,
    "layer_alphas": [
      0.28806328773498535,
      1.1559540033340454,
      0.940575897693634,
      1.0446635484695435,
      0.8979690670967102,
      0.784396231174469,
      0.9815053343772888,
      0.8821888566017151,
      0.6834276914596558,
      1.1970518827438354,
      0.8097152709960938,
      1.1408330202102661,
      1.1409170627593994,
      1.0437384843826294,
      1.0214602947235107,
      0.9966974854469299,
      1.0544705390930176,
      0.9968521595001221,
      1.0074864625930786,
      0.9748549461364746,
      1.0109679698944092,
      0.9777892231941223,
      1.0225555896759033,
      0.9658056497573853,
      0.9632257223129272,
      0.981706440448761,
      1.0147823095321655,
      1.0109671354293823,
      0.9961022138595581,
      0.9927121996879578,
      0.9990745186805725,
      0.9878902435302734,
      1.0167481899261475,
      1.008362054824829,
      1.0060805082321167,
      1.004420280456543,
      0.9922575354576111,
      1.014817714691162,
      1.023098111152649,
      0.15563735365867615
    ],
    "layer_spectral_corrs": [
      -0.09479822963476181,
      0.9807499051094055,
      0.993819534778595,
      0.9967475533485413,
      0.991471529006958,
      0.9769112467765808,
      0.9889010190963745,
      0.9710412621498108,
      0.8688482642173767,
      0.8829096555709839,
      0.9507010579109192,
      0.9240719676017761,
      0.9875985980033875,
      0.9934650659561157,
      0.9940860867500305,
      0.9982821345329285,
      0.9952366352081299,
      0.9978189468383789,
      0.9975444674491882,
      0.9985122680664062,
      0.9984490275382996,
      0.9984816908836365,
      0.9986346960067749,
      0.9982045888900757,
      0.9986851811408997,
      0.9991893768310547,
      0.9993162751197815,
      0.9992218017578125,
      0.9998884201049805,
      0.9996320009231567,
      0.9995427131652832,
      0.9993456602096558,
      0.9995119571685791,
      0.999850869178772,
      0.9998519420623779,
      0.9998500943183899,
      0.9993263483047485,
      0.9995408058166504,
      0.996246337890625,
      0.041864365339279175
    ]
  },
  "spectral_shape": {
    "shallow_power_exp": -2.029458132570426,
    "mid_power_exp": -2.2574925993477644,
    "deep_power_exp": -2.4129289488861403,
    "shallow_top5": 0.5452938079833984,
    "mid_top5": 0.6422688364982605,
    "deep_top5": 0.6417892575263977
  },
  "logit_path": {
    "K10_cos_mean": 0.907186683723171,
    "K10_top1_match_rate": 0.0,
    "reconstruction_curve": [
      0.9084003877139286,
      0.9090110774381558,
      0.9102243795225715,
      0.9102996715763267,
      0.9105352120580277,
      0.9105524202645716,
      0.9114514440313771,
      0.9115379522304066,
      0.9120714933977881,
      0.9136307080029012,
      0.9137833291047234,
      0.9140357591329814,
      0.9145122012739287,
      0.9146891006224863,
      0.9146961982431377,
      0.9147854049562032,
      0.914952669888641,
      0.9162880639788641,
      0.9168172917167023,
      0.9169319672451515,
      0.9180016117664068,
      0.9180028922447369,
      0.9181672468611604,
      0.9183416700787566,
      0.9183610563174643,
      0.9185729757710355,
      0.9192918763454152,
      0.9192921277110029,
      0.9192998685223359,
      0.9193165741876826,
      0.9194633411906532,
      0.9196749580445248,
      0.9197201443091532,
      0.9197813446878181,
      0.919794480037446,
      0.9198825508376381,
      0.9198837652789975,
      0.9208530474523553,
      0.9208563789595955,
      0.9209062302917834,
      0.9209195819774139,
      0.9213586688782395,
      0.9213806370729939,
      0.921446814835254,
      0.9214776825843712,
      0.9215780821307,
      0.9216192098039324,
      0.9218677445420996,
      0.9218803476325513,
      0.9219823826950255
    ]
  },
  "encoding_invariants": {
    "top5_energy_ratio": 0.7088751792907715,
    "global_power_exponent": -0.3693516855529946,
    "gini": -0.7141082286834717,
    "final_layer_alpha": 0.15563735365867615,
    "final_spectral_corr": 0.041864365339279175
  },
  "equation_verification": {
    "mean_error": 0.17345795035362244,
    "std_error": 0.24534033238887787
  }
}