{
  "model": "qwen3",
  "n_texts": 210,
  "param_stats": {
    "alpha": {
      "mean": 0.07576248049736023,
      "std": 0.01925070211291313
    },
    "beta": {
      "mean": 0.9470550417900085,
      "std": 0.016885388642549515
    },
    "ratio_10": {
      "mean": 0.28990375995635986,
      "std": 0.06151804327964783
    },
    "ratio_20": {
      "mean": 0.43841880559921265,
      "std": 0.08545077592134476
    },
    "ratio_50": {
      "mean": 0.5621421337127686,
      "std": 0.0850151926279068
    },
    "ratio_100": {
      "mean": 0.6860584020614624,
      "std": 0.06507495045661926
    },
    "gini": {
      "mean": -0.7465660572052002,
      "std": 0.027738705277442932
    },
    "spectral_entropy_norm": {
      "mean": 0.4902524688440646,
      "std": 0.0559008500311222
    },
    "top1_concentration": {
      "mean": 0.11795329302549362,
      "std": 0.022578341886401176
    },
    "top3_concentration": {
      "mean": 0.25737905502319336,
      "std": 0.046406444162130356
    },
    "top5_concentration": {
      "mean": 0.328696608543396,
      "std": 0.057476986199617386
    },
    "delta_top5": {
      "mean": 0.5527064204216003,
      "std": 0.019931351765990257
    },
    "delta_top10": {
      "mean": 0.7131138443946838,
      "std": 0.01692841202020645
    },
    "top1_prob": {
      "mean": 0.6051994699097815,
      "std": 0.16179378271541492
    },
    "entropy": {
      "mean": 1.1817909005142393,
      "std": 0.5046212988045632
    },
    "logit_var": {
      "mean": 5.09319437004271,
      "std": 1.114392430853526
    },
    "logit_kurtosis": {
      "mean": 4.867149801481338,
      "std": 0.3560737130628218
    },
    "logit_gap": {
      "mean": 1.0696428571428571,
      "std": 0.8047392308020261
    },
    "logit_reconstruction_cos5": {
      "mean": 0.7032684823586828,
      "std": 0.14584701496722605
    }
  },
  "causal_chain_1": {
    "alpha->gini": {
      "r": 0.15732404513483958,
      "p": 0.022580780933049834
    },
    "alpha->top1_concentration": {
      "r": -0.23934992976836517,
      "p": 0.0004673536589523598
    },
    "alpha->top5_concentration": {
      "r": -0.5870535367200013,
      "p": 7.661864818098011e-21
    },
    "alpha->spectral_entropy_norm": {
      "r": -0.6815060150414911,
      "p": 5.0318562783672264e-30
    },
    "ratio_10->gini": {
      "r": -0.3237561744232454,
      "p": 1.6397688682045406e-06
    },
    "ratio_10->top1_concentration": {
      "r": 0.4788696075839799,
      "p": 1.9525773901492823e-13
    },
    "ratio_10->top5_concentration": {
      "r": 0.8723714968408722,
      "p": 1.4072343620444523e-66
    },
    "ratio_10->spectral_entropy_norm": {
      "r": 0.7709088129039614,
      "p": 1.2801454291112942e-42
    },
    "ratio_50->gini": {
      "r": -0.0710829666257198,
      "p": 0.305250334525728
    },
    "ratio_50->top1_concentration": {
      "r": 0.3314039070558173,
      "p": 8.951355062498178e-07
    },
    "ratio_50->top5_concentration": {
      "r": 0.8432771998569452,
      "p": 5.3796572157930064e-58
    },
    "ratio_50->spectral_entropy_norm": {
      "r": 0.9554391939170592,
      "p": 3.4874741928212043e-112
    },
    "beta->gini": {
      "r": -0.10410349706893067,
      "p": 0.13266193468625395
    },
    "beta->top1_concentration": {
      "r": 0.23585648904023673,
      "p": 0.0005684602102303113
    },
    "beta->top5_concentration": {
      "r": 0.6265257887453157,
      "p": 2.6825439801254124e-24
    },
    "beta->spectral_entropy_norm": {
      "r": 0.7696272799365583,
      "p": 2.1243732963124606e-42
    }
  },
  "causal_chain_2": {
    "gini->logit_var": {
      "r": 0.21455116543048622,
      "p": 0.0017655144610485816
    },
    "gini->logit_kurtosis": {
      "r": 0.004992665847729522,
      "p": 0.9426662048361273
    },
    "gini->logit_gap": {
      "r": -0.005726130208524929,
      "p": 0.9342611240287969
    },
    "top1_concentration->logit_var": {
      "r": -0.28623278547475034,
      "p": 2.5356262798439727e-05
    },
    "top1_concentration->logit_kurtosis": {
      "r": 0.28799894263811787,
      "p": 2.2477089742045052e-05
    },
    "top1_concentration->logit_gap": {
      "r": -0.0874156750779202,
      "p": 0.20708232935221166
    },
    "top5_concentration->logit_var": {
      "r": -0.5275432403995169,
      "p": 1.9226505369333607e-16
    },
    "top5_concentration->logit_kurtosis": {
      "r": 0.19783810960281548,
      "p": 0.00399775517442907
    },
    "top5_concentration->logit_gap": {
      "r": -0.07098648561568302,
      "p": 0.30590890744686056
    },
    "spectral_entropy_norm->logit_var": {
      "r": -0.5658816791321339,
      "p": 3.560813758095675e-19
    },
    "spectral_entropy_norm->logit_kurtosis": {
      "r": 0.36869016705281105,
      "p": 3.667782728187852e-08
    },
    "spectral_entropy_norm->logit_gap": {
      "r": -0.043632852500515136,
      "p": 0.5294632141175798
    },
    "delta_top5->logit_var": {
      "r": -0.3265097209912249,
      "p": 1.3211487349743163e-06
    },
    "delta_top5->logit_kurtosis": {
      "r": 0.41391441588530736,
      "p": 4.245611722145169e-10
    },
    "delta_top5->logit_gap": {
      "r": 0.012787708244593599,
      "p": 0.8538463988544067
    }
  },
  "causal_chain_3": {
    "logit_var->top1_prob": {
      "r": -0.11803061166311621,
      "p": 0.08797345891812648
    },
    "logit_var->entropy": {
      "r": 0.22862859127261795,
      "p": 0.0008447923141128992
    },
    "logit_kurtosis->top1_prob": {
      "r": 0.06383563205879761,
      "p": 0.35731992678087315
    },
    "logit_kurtosis->entropy": {
      "r": -0.1333377390078421,
      "p": 0.05368890919568761
    },
    "logit_gap->top1_prob": {
      "r": 0.8372647610853893,
      "p": 1.9346145545728929e-56
    },
    "logit_gap->entropy": {
      "r": -0.4143426520446415,
      "p": 4.056741267258804e-10
    },
    "logit_reconstruction_cos5->top1_prob": {
      "r": 0.18540244540850967,
      "p": 0.007057944274882286
    },
    "logit_reconstruction_cos5->entropy": {
      "r": -0.3883174469893694,
      "p": 5.751575549982459e-09
    }
  },
  "direct_chain": {
    "alpha->top1_prob": {
      "r": -0.11470691898223735,
      "p": 0.09735459735799248
    },
    "alpha->entropy": {
      "r": 0.2726062933764571,
      "p": 6.256018624315111e-05
    },
    "ratio_10->top1_prob": {
      "r": 0.1073248226068117,
      "p": 0.12102561473907096
    },
    "ratio_10->entropy": {
      "r": -0.22517661571633676,
      "p": 0.001016405945864504
    },
    "ratio_50->top1_prob": {
      "r": 0.17771454339071074,
      "p": 0.009864851652791726
    },
    "ratio_50->entropy": {
      "r": -0.3653962774641974,
      "p": 4.9462641480878464e-08
    },
    "beta->top1_prob": {
      "r": 0.17753702062373986,
      "p": 0.00993994717180654
    },
    "beta->entropy": {
      "r": -0.37445512172619505,
      "p": 2.1556212616603347e-08
    },
    "gini->top1_prob": {
      "r": 0.0878076845329726,
      "p": 0.20504498074486996
    },
    "gini->entropy": {
      "r": -0.20334261116553415,
      "p": 0.003075243598895272
    },
    "top5_concentration->top1_prob": {
      "r": 0.07417341771495804,
      "p": 0.2846490882016394
    },
    "top5_concentration->entropy": {
      "r": -0.1808270228524928,
      "p": 0.00862732316278212
    },
    "delta_top5->top1_prob": {
      "r": 0.16666666666666663,
      "p": 0.01561687365790961
    },
    "delta_top5->entropy": {
      "r": -0.26515940767002016,
      "p": 0.00010047528555576388
    }
  },
  "multi_regression": {
    "alpha_ratio50": 0.10720703919395783,
    "gini_delta_top5": 0.17160980167914763,
    "top5_beta": 0.14628326263692423,
    "all": 0.2205787025489831
  },
  "mediation": {
    "best_spectral_r": 0.17771454339071074,
    "best_concentration_r": 0.0878076845329726
  }
}