{
  "model": "qwen3",
  "n_layers": 36,
  "spectral_propagation": {
    "shallow_alpha": 0.8892377018928528,
    "mid_alpha": 1.010693073272705,
    "deep_alpha": 0.9443344473838806,
    "mean_alpha": 0.9480883479118347,
    "mean_spectral_corr": 0.9124515056610107,
    "layer_alphas": [
      0.37101152539253235,
      0.9322614073753357,
      0.9676198959350586,
      0.8946315050125122,
      0.9556059837341309,
      0.9872803092002869,
      0.9821487665176392,
      0.8954490423202515,
      0.7544558644294739,
      1.010274887084961,
      0.9718230366706848,
      0.9482899904251099,
      1.0121411085128784,
      0.9766715168952942,
      0.9860735535621643,
      1.007996916770935,
      0.9466264247894287,
      1.0062052011489868,
      1.0566157102584839,
      1.039844274520874,
      1.0362269878387451,
      1.0050722360610962,
      0.9584426283836365,
      1.0963996648788452,
      0.9960482120513916,
      0.9339700937271118,
      1.021728754043579,
      0.9782015681266785,
      1.0255928039550781,
      1.0127016305923462,
      1.0457605123519897,
      1.0276015996932983,
      1.0042787790298462,
      0.994390606880188,
      0.989274263381958,
      0.30246490240097046
    ],
    "layer_spectral_corrs": [
      0.11587105691432953,
      0.8096578121185303,
      0.8772132396697998,
      0.8799127340316772,
      0.8676461577415466,
      0.9399322867393494,
      0.9436708688735962,
      0.8233481645584106,
      0.8297239542007446,
      0.9505877494812012,
      0.9595348238945007,
      0.9614614844322205,
      0.9629241228103638,
      0.9707426428794861,
      0.9791665077209473,
      0.9815576672554016,
      0.9676284193992615,
      0.9831951856613159,
      0.9891285300254822,
      0.9868553876876831,
      0.990291178226471,
      0.996264636516571,
      0.9663501381874084,
      0.9873329401016235,
      0.9968452453613281,
      0.988345205783844,
      0.9929088950157166,
      0.9969622492790222,
      0.9911801218986511,
      0.9955257177352905,
      0.9929801821708679,
      0.9959732294082642,
      0.9985643029212952,
      0.9974602460861206,
      0.9951835870742798,
      0.18632753193378448
    ]
  },
  "spectral_shape": {
    "shallow_power_exp": -1.9789084336087426,
    "mid_power_exp": -1.7216368136667632,
    "deep_power_exp": -1.89895773556254,
    "shallow_top5": 0.45845529437065125,
    "mid_top5": 0.47085264325141907,
    "deep_top5": 0.5355963110923767
  },
  "logit_path": {
    "K10_cos_mean": 0.7609935071998536,
    "K10_top1_match_rate": 0.0,
    "reconstruction_curve": [
      0.834190655672599,
      0.8564697549194473,
      0.856796523199831,
      0.8661488181424714,
      0.8661870406593865,
      0.8727353014325094,
      0.8862860953553643,
      0.8959433862853348,
      0.8972300660987674,
      0.8973265531151537,
      0.9088734699456349,
      0.9127285776022217,
      0.9136504187335109,
      0.9147760418970425,
      0.9155009524461782,
      0.9156989436417386,
      0.9163277791585609,
      0.9163846428092146,
      0.9165481649576398,
      0.9168410383472244,
      0.917950481868043,
      0.9198609225970366,
      0.9208213302057023,
      0.9209453614537716,
      0.9218168592435592,
      0.9218250013898757,
      0.9221399025050399,
      0.9225101678622741,
      0.9234792104732502,
      0.9235357760703568,
      0.9238977279848608,
      0.9239498914050129,
      0.9240245211598718,
      0.924024522238833,
      0.9240505722491282,
      0.9245954910030618,
      0.924645544879835,
      0.9246497977875724,
      0.9246962747214746,
      0.9247611892617925,
      0.9247851485696842,
      0.9252373234608573,
      0.925241289752024,
      0.9256188774674711,
      0.9256189743944416,
      0.9256388461650281,
      0.9258993501246199,
      0.9265963602663735,
      0.9266446676992607,
      0.9272043158678562
    ]
  },
  "encoding_invariants": {
    "top5_energy_ratio": 0.6965699195861816,
    "global_power_exponent": -0.3164266085992672,
    "gini": -0.690383791923523,
    "final_layer_alpha": 0.30246490240097046,
    "final_spectral_corr": 0.18632753193378448
  },
  "equation_verification": {
    "mean_error": 0.24670837819576263,
    "std_error": 0.2048020213842392
  }
}