{
  "pca": {
    "L0": {
      "var_explained_top5": [
        0.0927276536822319,
        0.03696734458208084,
        0.03451083227992058,
        0.028180088847875595,
        0.022519085556268692
      ],
      "cumvar_top5": [
        0.0927276536822319,
        0.12969499826431274,
        0.16420583426952362,
        0.19238592684268951,
        0.2149050086736679
      ],
      "n_syn": 800,
      "n_sem": 400,
      "pc1_cohens_d": -0.6198773234600679,
      "centroids": {
        "tense": {
          "pc1": -1.3674190044403076,
          "pc2": -0.48048603534698486
        },
        "polarity": {
          "pc1": -1.3789819478988647,
          "pc2": -0.9873262643814087
        },
        "number": {
          "pc1": -1.3582208156585693,
          "pc2": -0.7469509243965149
        },
        "negation": {
          "pc1": -1.3361926078796387,
          "pc2": -0.9763142466545105
        },
        "question": {
          "pc1": -1.360426902770996,
          "pc2": -0.8937138915061951
        },
        "person": {
          "pc1": -1.7448817491531372,
          "pc2": -0.8632553219795227
        },
        "definiteness": {
          "pc1": -1.301727294921875,
          "pc2": -0.6617475152015686
        },
        "info_structure": {
          "pc1": -1.0897184610366821,
          "pc2": -1.0554304122924805
        },
        "sentiment": {
          "pc1": -1.155673861503601,
          "pc2": -1.4667556285858154
        },
        "semantic_topic": {
          "pc1": -0.8067343831062317,
          "pc2": 5.159462928771973
        },
        "voice": {
          "pc1": 13.17715835571289,
          "pc2": -0.5391196012496948
        },
        "formality": {
          "pc1": -0.2771811783313751,
          "pc2": 3.5116372108459473
        }
      }
    },
    "L9": {
      "var_explained_top5": [
        0.061441775411367416,
        0.028626464307308197,
        0.021048076450824738,
        0.019655048847198486,
        0.017038773745298386
      ],
      "cumvar_top5": [
        0.061441775411367416,
        0.09006823599338531,
        0.11111631244421005,
        0.13077136874198914,
        0.14781014621257782
      ],
      "n_syn": 800,
      "n_sem": 400,
      "pc1_cohens_d": 0.6255525207021903,
      "centroids": {
        "tense": {
          "pc1": 5.002228736877441,
          "pc2": 1.8333019018173218
        },
        "polarity": {
          "pc1": 6.215824127197266,
          "pc2": -11.05838394165039
        },
        "number": {
          "pc1": 4.332099437713623,
          "pc2": 1.2217787504196167
        },
        "negation": {
          "pc1": 5.727249622344971,
          "pc2": -11.653850555419922
        },
        "question": {
          "pc1": 6.485841751098633,
          "pc2": -6.09959602355957
        },
        "person": {
          "pc1": 4.278515815734863,
          "pc2": 7.185165882110596
        },
        "definiteness": {
          "pc1": 3.8686928749084473,
          "pc2": -0.6224392056465149
        },
        "info_structure": {
          "pc1": 3.9802188873291016,
          "pc2": -6.706180572509766
        },
        "sentiment": {
          "pc1": 5.217088222503662,
          "pc2": -8.640775680541992
        },
        "semantic_topic": {
          "pc1": 1.8355798721313477,
          "pc2": 22.74930191040039
        },
        "voice": {
          "pc1": -51.26499938964844,
          "pc2": -1.8521053791046143
        },
        "formality": {
          "pc1": 4.321659088134766,
          "pc2": 13.643781661987305
        }
      }
    },
    "L18": {
      "var_explained_top5": [
        0.06058385595679283,
        0.03043641708791256,
        0.02333308942615986,
        0.018210945650935173,
        0.017771320417523384
      ],
      "cumvar_top5": [
        0.06058385595679283,
        0.09102027118206024,
        0.11435335874557495,
        0.13256430625915527,
        0.1503356248140335
      ],
      "n_syn": 800,
      "n_sem": 400,
      "pc1_cohens_d": -0.6355511322149708,
      "centroids": {
        "tense": {
          "pc1": -10.413924217224121,
          "pc2": 18.038721084594727
        },
        "polarity": {
          "pc1": -9.277458190917969,
          "pc2": -13.150157928466797
        },
        "number": {
          "pc1": -7.248640537261963,
          "pc2": 1.5863114595413208
        },
        "negation": {
          "pc1": -8.730937004089355,
          "pc2": -16.389175415039062
        },
        "question": {
          "pc1": -12.66336441040039,
          "pc2": -16.291099548339844
        },
        "person": {
          "pc1": -9.46257495880127,
          "pc2": 9.612624168395996
        },
        "definiteness": {
          "pc1": -5.884044647216797,
          "pc2": -5.882356643676758
        },
        "info_structure": {
          "pc1": -5.446637153625488,
          "pc2": -32.373939514160156
        },
        "sentiment": {
          "pc1": -9.562378883361816,
          "pc2": 0.18633967638015747
        },
        "semantic_topic": {
          "pc1": -5.3108625411987305,
          "pc2": 29.124101638793945
        },
        "voice": {
          "pc1": 88.52691650390625,
          "pc2": -6.384914398193359
        },
        "formality": {
          "pc1": -4.526088714599609,
          "pc2": 31.92354965209961
        }
      }
    },
    "L27": {
      "var_explained_top5": [
        0.4658908545970917,
        0.19287405908107758,
        0.036120105534791946,
        0.026535432785749435,
        0.020251790061593056
      ],
      "cumvar_top5": [
        0.4658908545970917,
        0.6587648987770081,
        0.6948850154876709,
        0.7214204668998718,
        0.7416722774505615
      ],
      "n_syn": 800,
      "n_sem": 400,
      "pc1_cohens_d": 0.48856675879128736,
      "centroids": {
        "tense": {
          "pc1": -298.370849609375,
          "pc2": -152.9184112548828
        },
        "polarity": {
          "pc1": 265.6562805175781,
          "pc2": -41.22260665893555
        },
        "number": {
          "pc1": -82.20120239257812,
          "pc2": -129.61346435546875
        },
        "negation": {
          "pc1": 234.5869140625,
          "pc2": 74.86595153808594
        },
        "question": {
          "pc1": 397.3704833984375,
          "pc2": 277.8998107910156
        },
        "person": {
          "pc1": 263.4746398925781,
          "pc2": -99.76185607910156
        },
        "definiteness": {
          "pc1": -175.94984436035156,
          "pc2": -141.16693115234375
        },
        "info_structure": {
          "pc1": 346.972412109375,
          "pc2": 211.11399841308594
        },
        "sentiment": {
          "pc1": -143.52972412109375,
          "pc2": 199.7361297607422
        },
        "semantic_topic": {
          "pc1": -411.18243408203125,
          "pc2": -14.061454772949219
        },
        "voice": {
          "pc1": 126.68896484375,
          "pc2": -27.47091293334961
        },
        "formality": {
          "pc1": -523.5159301757812,
          "pc2": -157.40037536621094
        }
      }
    }
  },
  "cosine": {
    "L0": {
      "syn_within_mean": 0.04810357599386147,
      "syn_within_std": 0.24605696783751274,
      "sem_within_mean": 0.05536550718049208,
      "sem_within_std": 0.05291830108577386,
      "cross_mean": 0.012407191004967899,
      "cross_std": 0.05514318260319725,
      "n_syn_pairs": 28,
      "n_sem_pairs": 6,
      "n_cross_pairs": 32
    },
    "L9": {
      "syn_within_mean": 0.10736443039162882,
      "syn_within_std": 0.19446184472062852,
      "sem_within_mean": 0.02011861770491426,
      "sem_within_std": 0.02329148335592819,
      "cross_mean": 0.021891971715376712,
      "cross_std": 0.08748340736402033,
      "n_syn_pairs": 28,
      "n_sem_pairs": 6,
      "n_cross_pairs": 32
    },
    "L18": {
      "syn_within_mean": 0.1292614305358646,
      "syn_within_std": 0.20702106393496833,
      "sem_within_mean": 0.01599787229982515,