{
  "model": "deepseek7b",
  "d_model": 3584,
  "n_layers": 28,
  "timestamp": "2026-04-17T16:31:13.274339",
  "p841_sv_functional_semantics": {
    "SV_0": {
      "dominant_function": "tense",
      "sensitivity": 0.02418682411579149,
      "all_sensitivities": {
        "syntax": 0.012753592837335808,
        "semantic": 0.016824019540633475,
        "style": 0.0,
        "tense": 0.02418682411579149,
        "polarity": 0.0
      },
      "top_words": [
        "????",
        "?using",
        "Jeste?",
        "???",
        "?"
      ]
    },
    "SV_1": {
      "dominant_function": "syntax",
      "sensitivity": 0.025584520772099495,
      "all_sensitivities": {
        "syntax": 0.025584520772099495,
        "semantic": 0.004314514808356762,
        "style": 0.0,
        "tense": 0.02418846304395369,
        "polarity": 0.0
      },
      "top_words": [
        ")?.",
        "\"..",
        ".${",
        "?):",
        "?"
      ]
    },
    "SV_2": {
      "dominant_function": "tense",
      "sensitivity": 0.03313289010631187,
      "all_sensitivities": {
        "syntax": 0.007263490165184651,
        "semantic": 0.005909896854843412,
        "style": 0.0,
        "tense": 0.03313289010631187,
        "polarity": 0.0
      },
      "top_words": [
        "=?,",
        "\"w",
        "\"h",
        "2",
        "%X"
      ]
    },
    "SV_3": {
      "dominant_function": "tense",
      "sensitivity": 0.03048264025710523,
      "all_sensitivities": {
        "syntax": 0.028379328282816068,
        "semantic": 0.017926360879625593,
        "style": 0.0,
        "tense": 0.03048264025710523,
        "polarity": 0.0
      },
      "top_words": [
        "?):",
        "promot",
        "__(",
        "isr",
        "withd"
      ]
    },
    "SV_4": {
      "dominant_function": "tense",
      "sensitivity": 0.03659962436982563,
      "all_sensitivities": {
        "syntax": 0.0313183722485389,
        "semantic": 0.0068290093913674355,
        "style": 0.0,
        "tense": 0.03659962436982563,
        "polarity": 0.0
      },
      "top_words": [
        "Crafting",
        "Invoke",
        "Assertions",
        "Saying",
        "Portions"
      ]
    },
    "SV_5": {
      "dominant_function": "tense",
      "sensitivity": 0.033083140184836726,
      "all_sensitivities": {
        "syntax": 0.025957503555608646,
        "semantic": 0.010763438418507576,
        "style": 0.0,
        "tense": 0.033083140184836726,
        "polarity": 0.0
      },
      "top_words": [
        "Worse",
        "Alloc",
        "Leads",
        "Losing",
        "Incre"
      ]
    },
    "SV_6": {
      "dominant_function": "tense",
      "sensitivity": 0.026063529774546623,
      "all_sensitivities": {
        "syntax": 0.0184089648869953,
        "semantic": 0.008743308218462127,
        "style": 0.0,
        "tense": 0.026063529774546623,
        "polarity": 0.0
      },
      "top_words": [
        "?",
        "??",
        ".",
        ".",
        "$"
      ]
    },
    "SV_7": {
      "dominant_function": "tense",
      "sensitivity": 0.020599045657685826,
      "all_sensitivities": {
        "syntax": 0.013893999558474337,
        "semantic": 0.014973055837409837,
        "style": 0.0,
        "tense": 0.020599045657685826,
        "polarity": 0.0
      },
      "top_words": [
        "Uvs",
        "Jvm",
        "Ymd",
        "/Dk",
        "Mvc"
      ]
    },
    "SV_8": {
      "dominant_function": "tense",
      "sensitivity": 0.026680353929155638,
      "all_sensitivities": {
        "syntax": 0.020685112236865928,
        "semantic": 0.005491236104197534,
        "style": 0.0,
        "tense": 0.026680353929155638,
        "polarity": 0.0
      },
      "top_words": [
        "/Dk",
        "Uvs",
        "Slf",
        "IFn",
        "Jvm"
      ]
    },
    "SV_9": {
      "dominant_function": "syntax",
      "sensitivity": 0.028480669217450277,
      "all_sensitivities": {
        "syntax": 0.028480669217450277,
        "semantic": 0.002693643078341016,
        "style": 0.0,
        "tense": 0.027226434222289493,
        "polarity": 0.0
      },
      "top_words": [
        "?",
        "?",
        "?",
        "?",
        "?"
      ]
    },
    "SV_10": {
      "dominant_function": "semantic",
      "sensitivity": 0.02404888080699103,
      "all_sensitivities": {
        "syntax": 0.00837131476561938,
        "semantic": 0.02404888080699103,
        "style": 0.0,
        "tense": 0.0211675464317003,
        "polarity": 0.0
      },
      "top_words": [
        "?",
        "?",
        "?",
        "?",
        "?"
      ]
    },
    "SV_11": {
      "dominant_function": "tense",
      "sensitivity": 0.02780660694198949,
      "all_sensitivities": {
        "syntax": 0.006393043989581721,
        "semantic": 0.025502228311129978,
        "style": 0.0,
        "tense": 0.02780660694198949,
        "polarity": 0.0
      },
      "top_words": [
        "Delegate",
        "5",
        "testimonial",
        "mailer",
        "Registry"
      ]
    },
    "SV_12": {
      "dominant_function": "tense",
      "sensitivity": 0.016040543426892588,
      "all_sensitivities": {
        "syntax": 0.010250616984974061,
        "semantic": 0.014668769336172513,
        "style": 0.0,
        "tense": 0.016040543426892588,
        "polarity": 0.0
      },
      "top_words": [
        "?",
        "?",
        "?",
        "?",
        "?"
      ]
    },
    "SV_13": {
      "dominant_function": "tense",
      "sensitivity": 0.02784132312184998,
      "all_sensitivities": {
        "syntax": 0.019815930697534765,
        "semantic": 0.014587939051645142,
        "style": 0.0,
        "tense": 0.02784132312184998,
        "polarity": 0.0
      },
      "top_words": [
        "Uvs",
        "Jvm",
        "Ymd",
        "Mvc",
        "Slf"
      ]
    },
    "SV_14": {
      "dominant_function": "tense",
      "sensitivity": 0.019442186557820866,
      "all_sensitivities": {
        "syntax": 0.010361704326766943,
        "semantic": 0.009690585413149424,
        "style": 0.0,
        "tense": 0.019442186557820866,
        "polarity": 0.0
      },
      "top_words": [
        "slapped",
        "angered",
        "escorted",
        "racked",
        "licked"
      ]
    },
    "SV_15": {
      "dominant_function": "syntax",
      "sensitivity": 0.029229217741106237,
      "all_sensitivities": {
        "syntax": 0.029229217741106237,
        "semantic": 0.01595076426331486,
        "style": 0.0,
        "tense": 0.017192669811525514,
        "polarity": 0.0
      },
      "top_words": [
        "Invalidate",
        "DefaultValue",
        "******************************************************************************",
        "????",
        "WithPath"
      ]
    },
    "SV_16": {
      "dominant_function": "tense",
      "sensitivity": 0.037970149756542275,
      "all_sensitivities": {
        "syntax": 0.016679479025437365,
        "semantic": 0.00670051242091826,
        "style": 0.0,
        "tense": 0.037970149756542275,
        "polarity": 0.0
      },
      "top_words": [
        "?",
        "?",
        "?",
        "?",
        "?"
      ]
    },
    "SV_17": {
      "dominant_function": "tense",
      "sensitivity": 0.03860153224585312,
      "all_sensitivities": {
        "syntax": 0.014813255585197891,
        "semantic": 0.012393899860658817,
        "style": 0.0,
        "tense": 0.03860153224585312,
        "polarity": 0.0
      },
      "top_words": [
        "_Il",
        "_Framework",
        "_Helper",
        "_Db",
        "_Api"
      ]
    },
    "SV_18": {
      "dominant_function": "tense",
      "sensitivity": 0.02616019986037697,
      "all_sensitivities": {
        "syntax": 0.020106622550104345,
        "semantic": 0.011179305080856596,
        "style": 0.0,
        "tense": 0.02616019986037697,
        "polarity": 0.0
      },