{
  "model": "glm4",
  "d_model": 4096,
  "n_layers": 40,
  "timestamp": "2026-04-17T16:29:58.861617",
  "p841_sv_functional_semantics": {
    "SV_0": {
      "dominant_function": "tense",
      "sensitivity": 0.0020669786068278234,
      "all_sensitivities": {
        "syntax": 0.0015506420531892218,
        "semantic": 0.0005105514927501125,
        "style": 0.0,
        "tense": 0.0020669786068278234,
        "polarity": 0.0
      },
      "top_words": [
        "????",
        "????",
        ":semicolon",
        "?c",
        "?n"
      ]
    },
    "SV_1": {
      "dominant_function": "syntax",
      "sensitivity": 0.0014467942403695946,
      "all_sensitivities": {
        "syntax": 0.0014467942403695946,
        "semantic": 0.0006670108996331692,
        "style": 0.0,
        "tense": 0.0012797876094867075,
        "polarity": 0.0
      },
      "top_words": [
        "????",
        "????",
        "??????",
        "Intialized",
        "eboten"
      ]
    },
    "SV_2": {
      "dominant_function": "tense",
      "sensitivity": 0.0016845066254193494,
      "all_sensitivities": {
        "syntax": 0.0006349941998321031,
        "semantic": 0.0009032595969204392,
        "style": 0.0,
        "tense": 0.0016845066254193494,
        "polarity": 0.0
      },
      "top_words": [
        "??",
        "???",
        "??",
        "??",
        "??"
      ]
    },
    "SV_3": {
      "dominant_function": "tense",
      "sensitivity": 0.0016260861188389494,
      "all_sensitivities": {
        "syntax": 0.0010124257200264505,
        "semantic": 0.0006699988984369806,
        "style": 0.0,
        "tense": 0.0016260861188389494,
        "polarity": 0.0
      },
      "top_words": [
        "abier",
        "dikke",
        "verschill",
        "p??s",
        "ajus"
      ]
    },
    "SV_4": {
      "dominant_function": "tense",
      "sensitivity": 0.0011140827513632498,
      "all_sensitivities": {
        "syntax": 0.0009337790855040241,
        "semantic": 0.0007113392119728294,
        "style": 0.0,
        "tense": 0.0011140827513632498,
        "polarity": 0.0
      },
      "top_words": [
        "??????",
        "????",
        "???????????",
        "?n",
        "?????"
      ]
    },
    "SV_5": {
      "dominant_function": "tense",
      "sensitivity": 0.0016194148920476437,
      "all_sensitivities": {
        "syntax": 0.0007752802921459079,
        "semantic": 0.000581619213335216,
        "style": 0.0,
        "tense": 0.0016194148920476437,
        "polarity": 0.0
      },
      "top_words": [
        "\"):",
        "'):",
        "\"},",
        ";\")",
        "%\";"
      ]
    },
    "SV_6": {
      "dominant_function": "tense",
      "sensitivity": 0.0016371573604244208,
      "all_sensitivities": {
        "syntax": 0.0011714719959335135,
        "semantic": 0.0010526192906711782,
        "style": 0.0,
        "tense": 0.0016371573604244208,
        "polarity": 0.0
      },
      "top_words": [
        "tieten",
        "porr",
        "k?y",
        "przeb",
        "dynami"
      ]
    },
    "SV_7": {
      "dominant_function": "tense",
      "sensitivity": 0.001985567867190444,
      "all_sensitivities": {
        "syntax": 0.0006647453576858554,
        "semantic": 0.0002791089115947086,
        "style": 0.0,
        "tense": 0.001985567867190444,
        "polarity": 0.0
      },
      "top_words": [
        "STANCE",
        "CRET",
        "SBN",
        "STRU",
        "TML"
      ]
    },
    "SV_8": {
      "dominant_function": "semantic",
      "sensitivity": 0.0012695727054961026,
      "all_sensitivities": {
        "syntax": 0.0011826424077818437,
        "semantic": 0.0012695727054961026,
        "style": 0.0,
        "tense": 0.0008789059502305463,
        "polarity": 0.0
      },
      "top_words": [
        "FunctionFlags",
        "lpVtbl",
        "localctx",
        "???",
        "??"
      ]
    },
    "SV_9": {
      "dominant_function": "tense",
      "sensitivity": 0.0015660242809514915,
      "all_sensitivities": {
        "syntax": 0.0010977238042479648,
        "semantic": 0.0008187253198619666,
        "style": 0.0,
        "tense": 0.0015660242809514915,
        "polarity": 0.0
      },
      "top_words": [
        "Poten",
        "GuidId",
        "?",
        "FilterWhere",
        "URLException"
      ]
    },
    "SV_10": {
      "dominant_function": "tense",
      "sensitivity": 0.001828458484461797,
      "all_sensitivities": {
        "syntax": 0.0010919333435595036,
        "semantic": 0.00027451624711310226,
        "style": 0.0,
        "tense": 0.001828458484461797,
        "polarity": 0.0
      },
      "top_words": [
        "??",
        "??",
        ";",
        "????",
        "??"
      ]
    },
    "SV_11": {
      "dominant_function": "tense",
      "sensitivity": 0.0027058873716409187,
      "all_sensitivities": {
        "syntax": 0.0013741277590660112,
        "semantic": 0.0009587348904460669,
        "style": 0.0,
        "tense": 0.0027058873716409187,
        "polarity": 0.0
      },
      "top_words": [
        "porr",
        "undermin",
        "fras",
        "spiritu",
        "fitte"
      ]
    },
    "SV_12": {
      "dominant_function": "syntax",
      "sensitivity": 0.0013295659446157515,
      "all_sensitivities": {
        "syntax": 0.0013295659446157515,
        "semantic": 0.00022038837778382003,
        "style": 0.0,
        "tense": 0.000860684597033209,
        "polarity": 0.0
      },
      "top_words": [
        "????",
        "????",
        "_tD",
        "_tC",
        "_tE"
      ]
    },
    "SV_13": {
      "dominant_function": "tense",
      "sensitivity": 0.0016382614682827676,
      "all_sensitivities": {
        "syntax": 0.0009161185589618981,
        "semantic": 0.0011469367392627256,
        "style": 0.0,
        "tense": 0.0016382614682827676,
        "polarity": 0.0
      },
      "top_words": [
        "????",
        "????",
        "??????",
        "?????",
        "??"
      ]
    },
    "SV_14": {
      "dominant_function": "syntax",
      "sensitivity": 0.0017154609751222388,
      "all_sensitivities": {
        "syntax": 0.0017154609751222388,
        "semantic": 0.00041685057554527054,
        "style": 0.0,
        "tense": 0.0013610596953575233,
        "polarity": 0.0
      },
      "top_words": [
        "tible",
        "tieg",
        "numel",
        "_Parms",
        "spra"
      ]
    },
    "SV_15": {
      "dominant_function": "tense",
      "sensitivity": 0.001682558928483299,
      "all_sensitivities": {
        "syntax": 0.000899640323560951,
        "semantic": 0.0008200207625382713,
        "style": 0.0,
        "tense": 0.001682558928483299,
        "polarity": 0.0
      },
      "top_words": [
        "styleType",
        "Aktu",
        "matchCondition",
        "buttonShape",
        "??"
      ]
    },
    "SV_16": {
      "dominant_function": "semantic",
      "sensitivity": 0.0012384685188797967,
      "all_sensitivities": {
        "syntax": 0.0008577359892244983,
        "semantic": 0.0012384685188797967,
        "style": 0.0,
        "tense": 0.0011125674115776616,
        "polarity": 0.0
      },
      "top_words": [
        "????",
        "????",
        "erotisch",
        "Geile",
        "Erotische"
      ]
    },
    "SV_17": {
      "dominant_function": "tense",
      "sensitivity": 0.0012156229328996102,
      "all_sensitivities": {
        "syntax": 0.0011604308549846923,
        "semantic": 0.0010501804063096642,
        "style": 0.0,
        "tense": 0.0012156229328996102,
        "polarity": 0.0
      },
      "top_words": [
        "Haunted",
        "Erot",
        "Narrated",
        "Spoiler",
        "Feels"
      ]
    },
    "SV_18": {
      "dominant_function": "tense",
      "sensitivity": 0.002025202361567478,
      "all_sensitivities": {
        "syntax": 0.0006400121856131591,
        "semantic": 0.0007842093390146536,
        "style": 0.0,