{
  "model": "qwen3",
  "d_model": 2560,
  "n_layers": 36,
  "timestamp": "2026-04-17T16:30:34.027661",
  "p841_sv_functional_semantics": {
    "SV_0": {
      "dominant_function": "syntax",
      "sensitivity": 0.1610866758440222,
      "all_sensitivities": {
        "syntax": 0.1610866758440222,
        "semantic": 0.04727778849857194,
        "style": 0.0,
        "tense": 0.07924202187652034,
        "polarity": 0.0
      },
      "top_words": [
        "",
        ",?",
        ",",
        ":",
        "??"
      ]
    },
    "SV_1": {
      "dominant_function": "tense",
      "sensitivity": 0.022212749613182887,
      "all_sensitivities": {
        "syntax": 0.01984983862244657,
        "semantic": 0.00507260812446475,
        "style": 0.0,
        "tense": 0.022212749613182887,
        "polarity": 0.0
      },
      "top_words": [
        ":';",
        ",\");",
        "...\");",
        ":');",
        "??"
      ]
    },
    "SV_2": {
      "dominant_function": "syntax",
      "sensitivity": 0.023396486549505165,
      "all_sensitivities": {
        "syntax": 0.023396486549505165,
        "semantic": 0.009302636874573571,
        "style": 0.0,
        "tense": 0.02180071368015238,
        "polarity": 0.0
      },
      "top_words": [
        "??",
        ":\",",
        "?",
        ",?",
        ".\""
      ]
    },
    "SV_3": {
      "dominant_function": "syntax",
      "sensitivity": 0.0571204067340919,
      "all_sensitivities": {
        "syntax": 0.0571204067340919,
        "semantic": 0.031174073794058392,
        "style": 0.0,
        "tense": 0.03609961277938315,
        "polarity": 0.0
      },
      "top_words": [
        "disastr",
        "impover",
        "nostalg",
        "blackmail",
        "incompet"
      ]
    },
    "SV_4": {
      "dominant_function": "tense",
      "sensitivity": 0.029684951196291616,
      "all_sensitivities": {
        "syntax": 0.02562025568581053,
        "semantic": 0.013169696820633752,
        "style": 0.0,
        "tense": 0.029684951196291616,
        "polarity": 0.0
      },
      "top_words": [
        "():",
        "():",
        "cps",
        ":",
        "()"
      ]
    },
    "SV_5": {
      "dominant_function": "syntax",
      "sensitivity": 0.02357958544910486,
      "all_sensitivities": {
        "syntax": 0.02357958544910486,
        "semantic": 0.014538087749055453,
        "style": 0.0,
        "tense": 0.018425038882664273,
        "polarity": 0.0
      },
      "top_words": [
        "????",
        "???",
        "???",
        "????",
        "???"
      ]
    },
    "SV_6": {
      "dominant_function": "syntax",
      "sensitivity": 0.033159085150275915,
      "all_sensitivities": {
        "syntax": 0.033159085150275915,
        "semantic": 0.0019119958326752698,
        "style": 0.0,
        "tense": 0.029266982871506895,
        "polarity": 0.0
      },
      "top_words": [
        "Emails",
        "Fonts",
        "undert",
        "/videos",
        "boards"
      ]
    },
    "SV_7": {
      "dominant_function": "tense",
      "sensitivity": 0.026382702219832157,
      "all_sensitivities": {
        "syntax": 0.022005611498441015,
        "semantic": 0.008850769405918462,
        "style": 0.0,
        "tense": 0.026382702219832157,
        "polarity": 0.0
      },
      "top_words": [
        "...",
        "",
        "bombs",
        "?",
        "']),"
      ]
    },
    "SV_8": {
      "dominant_function": "tense",
      "sensitivity": 0.020653455085786327,
      "all_sensitivities": {
        "syntax": 0.013424466164516551,
        "semantic": 0.005565612177763667,
        "style": 0.0,
        "tense": 0.020653455085786327,
        "polarity": 0.0
      },
      "top_words": [
        "koje",
        "quienes",
        "kako",
        "czy",
        "poate"
      ]
    },
    "SV_9": {
      "dominant_function": "tense",
      "sensitivity": 0.037610187993517945,
      "all_sensitivities": {
        "syntax": 0.021585053032530204,
        "semantic": 0.005347586902124541,
        "style": 0.0,
        "tense": 0.037610187993517945,
        "polarity": 0.0
      },
      "top_words": [
        ".Cursors",
        "organisations",
        "programmes",
        "applications",
        "descriptions"
      ]
    },
    "SV_10": {
      "dominant_function": "syntax",
      "sensitivity": 0.02797213669068047,
      "all_sensitivities": {
        "syntax": 0.02797213669068047,
        "semantic": 0.00685755695615496,
        "style": 0.0,
        "tense": 0.021007576691252843,
        "polarity": 0.0
      },
      "top_words": [
        "PLIED",
        "rection",
        "erator",
        "IVERY",
        "bidden"
      ]
    },
    "SV_11": {
      "dominant_function": "tense",
      "sensitivity": 0.03397460202021258,
      "all_sensitivities": {
        "syntax": 0.012184846813657455,
        "semantic": 0.012517838938427823,
        "style": 0.0,
        "tense": 0.03397460202021258,
        "polarity": 0.0
      },
      "top_words": [
        "programme",
        "tics",
        "cies",
        "ojis",
        "?"
      ]
    },
    "SV_12": {
      "dominant_function": "syntax",
      "sensitivity": 0.019659869439367737,
      "all_sensitivities": {
        "syntax": 0.019659869439367737,
        "semantic": 0.009535899252763816,
        "style": 0.0,
        "tense": 0.01450740238734787,
        "polarity": 0.0
      },
      "top_words": [
        "anarch",
        "Americ",
        "anomal",
        "astronaut",
        "astronom"
      ]
    },
    "SV_13": {
      "dominant_function": "syntax",
      "sensitivity": 0.03779933561703989,
      "all_sensitivities": {
        "syntax": 0.03779933561703989,
        "semantic": 0.0034330742699759348,
        "style": 0.0,
        "tense": 0.02241935534402728,
        "polarity": 0.0
      },
      "top_words": [
        "ended",
        "?",
        "minated",
        "inated",
        "andoned"
      ]
    },
    "SV_14": {
      "dominant_function": "syntax",
      "sensitivity": 0.030842880651886975,
      "all_sensitivities": {
        "syntax": 0.030842880651886975,
        "semantic": 0.00596330627532942,
        "style": 0.0,
        "tense": 0.014945471709194993,
        "polarity": 0.0
      },
      "top_words": [
        "escaping",
        "escape",
        "escaped",
        "acknowledgment",
        "indentation"
      ]
    },
    "SV_15": {
      "dominant_function": "syntax",
      "sensitivity": 0.034939705793346675,
      "all_sensitivities": {
        "syntax": 0.034939705793346675,
        "semantic": 0.006647485241826091,
        "style": 0.0,
        "tense": 0.026080876921436617,
        "polarity": 0.0
      },
      "top_words": [
        "berman",
        "Chapman",
        "arna",
        "ammen",
        "Elite"
      ]
    },
    "SV_16": {
      "dominant_function": "syntax",
      "sensitivity": 0.02458288613706827,
      "all_sensitivities": {
        "syntax": 0.02458288613706827,
        "semantic": 0.010070857059742724,
        "style": 0.0,
        "tense": 0.02059133430676801,
        "polarity": 0.0
      },
      "top_words": [
        "Tic",
        "rition",
        "criticizing",
        "addons",
        "litigation"
      ]
    },
    "SV_17": {
      "dominant_function": "syntax",
      "sensitivity": 0.029903457907494158,
      "all_sensitivities": {
        "syntax": 0.029903457907494158,
        "semantic": 0.016697391401976347,
        "style": 0.0,
        "tense": 0.012483549684215436,
        "polarity": 0.0
      },
      "top_words": [
        "immunity",
        "???",
        "negativity",
        "mination",
        "intolerance"
      ]
    },
    "SV_18": {
      "dominant_function": "syntax",
      "sensitivity": 0.021745407754289254,
      "all_sensitivities": {
        "syntax": 0.021745407754289254,
        "semantic": 0.01715475387339081,
        "style": 0.0,
        "tense": 0.014590632902192218,
        "polarity": 0.0
      },