{
  "pca": {
    "L0": {
      "var_explained_top5": [
        0.04842148348689079,
        0.037461742758750916,
        0.03365408256649971,
        0.0315396748483181,
        0.028957387432456017
      ],
      "cumvar_top5": [
        0.04842148348689079,
        0.085883229970932,
        0.11953730881214142,
        0.15107698738574982,
        0.18003436923027039
      ],
      "n_syn": 800,
      "n_sem": 400,
      "pc1_cohens_d": 0.5357394684193861,
      "centroids": {
        "tense": {
          "pc1": 0.010142949409782887,
          "pc2": -0.00929389987140894
        },
        "polarity": {
          "pc1": 0.012319670058786869,
          "pc2": -0.008749037981033325
        },
        "number": {
          "pc1": 0.01420245785266161,
          "pc2": -0.010306284762918949
        },
        "negation": {
          "pc1": 0.012491703033447266,
          "pc2": -0.008590633049607277
        },
        "question": {
          "pc1": 0.012072017416357994,
          "pc2": -0.009362190030515194
        },
        "person": {
          "pc1": 0.014271548017859459,
          "pc2": -0.009882406331598759
        },
        "definiteness": {
          "pc1": 0.014508342370390892,
          "pc2": -0.010549383237957954
        },
        "info_structure": {
          "pc1": 0.01377080101519823,
          "pc2": -0.007601057179272175
        },
        "sentiment": {
          "pc1": 0.03764408081769943,
          "pc2": 0.022575194016098976
        },
        "semantic_topic": {
          "pc1": -0.06294651329517365,
          "pc2": 0.03560880199074745
        },
        "voice": {
          "pc1": -0.035820458084344864,
          "pc2": 0.052474044263362885
        },
        "formality": {
          "pc1": -0.042656607925891876,
          "pc2": -0.03632315248250961
        }
      }
    },
    "L13": {
      "var_explained_top5": [
        0.05946415290236473,
        0.025798022747039795,
        0.020834311842918396,
        0.018625430762767792,
        0.017762890085577965
      ],
      "cumvar_top5": [
        0.05946415290236473,
        0.08526217937469482,
        0.10609649121761322,
        0.12472192198038101,
        0.14248481392860413
      ],
      "n_syn": 800,
      "n_sem": 400,
      "pc1_cohens_d": -0.6746256811975802,
      "centroids": {
        "tense": {
          "pc1": -0.23202447593212128,
          "pc2": 0.024211609736084938
        },
        "polarity": {
          "pc1": -0.21518774330615997,
          "pc2": -0.024755418300628662
        },
        "number": {
          "pc1": -0.16131603717803955,
          "pc2": -0.09816118329763412
        },
        "negation": {
          "pc1": -0.19414399564266205,
          "pc2": -0.04294523596763611
        },
        "question": {
          "pc1": -0.2210519015789032,
          "pc2": 0.2209644913673401
        },
        "person": {
          "pc1": -0.1469607800245285,
          "pc2": -0.4317075312137604
        },
        "definiteness": {
          "pc1": -0.1522633284330368,
          "pc2": -0.16019925475120544
        },
        "info_structure": {
          "pc1": -0.17153272032737732,
          "pc2": -0.28571635484695435
        },
        "sentiment": {
          "pc1": -0.18816310167312622,
          "pc2": 0.02799968235194683
        },
        "semantic_topic": {
          "pc1": -0.0643240362405777,
          "pc2": 1.0631378889083862
        },
        "voice": {
          "pc1": 1.7963736057281494,
          "pc2": -0.08152730762958527
        },
        "formality": {
          "pc1": -0.04940559342503548,
          "pc2": -0.21130132675170898
        }
      }
    },
    "L26": {
      "var_explained_top5": [
        0.050112027674913406,
        0.03385137394070625,
        0.02644212171435356,
        0.022934362292289734,
        0.020773010328412056
      ],
      "cumvar_top5": [
        0.050112027674913406,
        0.08396340161561966,
        0.11040551960468292,
        0.13333988189697266,
        0.15411289036273956
      ],
      "n_syn": 800,
      "n_sem": 400,
      "pc1_cohens_d": 0.46426279355333233,
      "centroids": {
        "tense": {
          "pc1": 1.4285264015197754,
          "pc2": -1.5525763034820557
        },
        "polarity": {
          "pc1": 1.1858185529708862,
          "pc2": 0.4808671474456787
        },
        "number": {
          "pc1": 0.7195369005203247,
          "pc2": 0.3358026146888733
        },
        "negation": {
          "pc1": 1.110190987586975,
          "pc2": 0.22281239926815033
        },
        "question": {
          "pc1": 1.570957899093628,
          "pc2": -0.9572303891181946
        },
        "person": {
          "pc1": -0.35284438729286194,
          "pc2": 4.7053632736206055
        },
        "definiteness": {
          "pc1": 0.40034469962120056,
          "pc2": 1.4969805479049683
        },
        "info_structure": {
          "pc1": -0.29224663972854614,
          "pc2": 3.2377519607543945
        },
        "sentiment": {
          "pc1": 1.2515475749969482,
          "pc2": -0.6464585065841675
        },
        "semantic_topic": {
          "pc1": 2.242417812347412,
          "pc2": -5.488349437713623
        },
        "voice": {
          "pc1": -9.187036514282227,
          "pc2": -2.2838847637176514
        },
        "formality": {
          "pc1": -0.07721352577209473,
          "pc2": 0.44892117381095886
        }
      }
    },
    "L39": {
      "var_explained_top5": [
        0.09826701879501343,
        0.062777079641819,
        0.048513446003198624,
        0.04651276022195816,
        0.027382660657167435
      ],
      "cumvar_top5": [
        0.09826701879501343,
        0.16104409098625183,
        0.20955753326416016,
        0.2560702860355377,
        0.28345295786857605
      ],
      "n_syn": 800,
      "n_sem": 400,
      "pc1_cohens_d": 0.28124591716271624,
      "centroids": {
        "tense": {
          "pc1": -14.137673377990723,
          "pc2": 8.225407600402832
        },
        "polarity": {
          "pc1": 2.376333475112915,
          "pc2": -9.530725479125977
        },
        "number": {
          "pc1": -0.7309597730636597,
          "pc2": 13.318325996398926
        },
        "negation": {
          "pc1": 6.2446160316467285,
          "pc2": -2.280841112136841
        },
        "question": {
          "pc1": -53.998626708984375,
          "pc2": -11.022738456726074
        },
        "person": {
          "pc1": 37.635658264160156,
          "pc2": 20.148496627807617
        },
        "definiteness": {
          "pc1": 11.519150733947754,
          "pc2": 12.531661033630371
        },
        "info_structure": {
          "pc1": 37.705448150634766,
          "pc2": -21.930496215820312
        },
        "sentiment": {
          "pc1": -8.375284194946289,
          "pc2": 1.0181357860565186
        },
        "semantic_topic": {
          "pc1": -33.945556640625,
          "pc2": -13.563210487365723
        },
        "voice": {
          "pc1": 19.701200485229492,
          "pc2": -15.262090682983398
        },
        "formality": {
          "pc1": -3.99430513381958,
          "pc2": 18.348073959350586
        }
      }
    }
  },
  "cosine": {
    "L0": {
      "syn_within_mean": 0.04900577664375305,
      "syn_within_std": 0.20759923196851035,
      "sem_within_mean": 0.04148839398597678,
      "sem_within_std": 0.08368947304628635,
      "cross_mean": -0.007031207540421747,
      "cross_std": 0.05120993238491044,
      "n_syn_pairs": 28,
      "n_sem_pairs": 6,
      "n_cross_pairs": 32
    },
    "L13": {
      "syn_within_mean": 0.10681765451694705,
      "syn_within_std": 0.20125962102782816,
      "sem_within_mean": 0.053208816796541214,
      "sem_within_std": 0.04718539710996959,
      "cross_mean": 0.03202219514105309,
      "cross_std": 0.10961181318557582,
      "n_syn_pairs": 28,
      "n_sem_pairs": 6,
      "n_cross_pairs": 32
    },
    "L26": {
      "syn_within_mean": 0.14042197982780635,