{
  "P722": {
    "L0": {
      "n_words": 20,
      "G_recon_error_mean": 2.0665192663068472,
      "G_recon_error_median": 0.80474637578911,
      "A_recon_error_mean": 0.86130415819619,
      "A_recon_error_median": 0.8232814693307422
    },
    "L8": {
      "n_words": 20,
      "G_recon_error_mean": 0.9338453724509433,
      "G_recon_error_median": 0.834809426980822,
      "A_recon_error_mean": 1.084969043180307,
      "A_recon_error_median": 0.9593963975076921
    },
    "L16": {
      "n_words": 20,
      "G_recon_error_mean": 1.4623265522413973,
      "G_recon_error_median": 0.9037157321940725,
      "A_recon_error_mean": 0.8712296974308916,
      "A_recon_error_median": 0.9344400353892289
    },
    "L24": {
      "n_words": 20,
      "G_recon_error_mean": 1.1995349336534578,
      "G_recon_error_median": 0.887209067530221,
      "A_recon_error_mean": 1.280173755307059,
      "A_recon_error_median": 0.9338959228366077
    },
    "L32": {
      "n_words": 20,
      "G_recon_error_mean": 1.1884158332535448,
      "G_recon_error_median": 0.9520711370440078,
      "A_recon_error_mean": 0.8693510726254857,
      "A_recon_error_median": 0.8481699536245977
    },
    "L39": {
      "n_words": 20,
      "G_recon_error_mean": 1.1850619469042911,
      "G_recon_error_median": 0.7939888036788545,
      "A_recon_error_mean": 1.0876934674180332,
      "A_recon_error_median": 0.810025563701249
    }
  },
  "P723": {
    "error": "Unable to allocate 128. MiB for an array with shape (4096, 4096) and data type float64"
  },
  "P724": {
    "error": "Unable to allocate 2.31 GiB for an array with shape (151552, 4096) and data type float32"
  }
}