{
  "model": "deepseek7b",
  "experiment": "p601",
  "n_texts": 210,
  "gap_offset_coupling": {
    "a_coefficient": -0.9359990292534989,
    "b_coefficient": 0.7505598313675544,
    "r_gap_offset": -0.9067346716060528
  },
  "offset_predictors": {
    "logit_max_to_offset_r": -0.32313497477931874,
    "logit_std_to_offset_r": -0.10365682181126744,
    "logit_kurtosis_to_offset_r": 0.2993836174439463,
    "logit_tail_sum_to_offset_r": -0.013668907691434539,
    "h_norm_to_offset_r": 0.1222871111761922,
    "ratio50_to_offset_r": -0.012043508880916952,
    "multi_regression_r": 0.9657337049390161
  },
  "residual_analysis": {
    "offset_residual_to_prob_r": -0.4376922102439018
  },
  "statistics": {
    "gap_mean": 1.0529761904761905,
    "gap_std": 0.9074460888642428,
    "offset_mean": -0.23502486074520718,
    "offset_std": 0.9367334071083573,
    "logit_max_mean": 24.45,
    "logit_std_mean": 1.971158504486084,
    "logit_kurtosis_mean": 4.901110697927929
  }
}