{
  "model": "deepseek7b",
  "experiment": "p605",
  "n_texts": 210,
  "v4_full": {
    "eff_gap_prediction_r": 0.3497245399609543,
    "v4_sigmoid_prob_r": 0.3528246675064547
  },
  "v4_simple": {
    "eff_gap_prediction_r": 0.21790258850274477,
    "v4_sigmoid_prob_r": 0.2287021428040834
  },
  "gap_prediction": {
    "r": 0.19778280933188613
  },
  "offset_prediction": {
    "r": 0.2324168219329015
  },
  "prob_direct": {
    "r": 0.24137569928482672
  },
  "v4_two_step": {
    "r": 0.228702142804155
  },
  "oracle": {
    "r": 0.938278249356695
  },
  "h_norm_only": {
    "r": 0.13720765855855746
  },
  "v4_nonlinear": {
    "r": NaN,
    "w1_h_norm": 1.0,
    "w2_ratio50": 1.0,
    "w3_total_energy": 1.0,
    "bias": 0.0
  }
}