{
  "model": "deepseek7b",
  "experiment": "p603",
  "n_texts": 210,
  "W_U_frobenius": 397.7944641113281,
  "vocab_size": 152064,
  "d_model": 3584,
  "h_features_to_effective_gap": {
    "h_norm_r": -0.09306023163016482,
    "ratio10_r": 0.14217022477164734,
    "ratio50_r": 0.012783993573452205,
    "ratio90_r": 0.03134704146946224,
    "alpha_r": 0.057531849618240725,
    "weighted_alpha_r": 0.018557525681621112,
    "total_energy_r": 0.035454159478343246,
    "multi_regression_r": 0.2429135388000671
  },
  "h_features_to_gap": {
    "multi_regression_r": 0.2248475122134653
  },
  "h_features_to_offset": {
    "multi_regression_r": 0.2541034449265756
  },
  "h_norm_to_logit_max": {
    "correlation_r": 0.6900657541392532,
    "theoretical_approximation_r": 0.6900657541392531,
    "W_U_frobenius": 397.7944641113281,
    "vocab_size": 152064
  },
  "full_causal_chain": {
    "h_features_to_eff_gap_r": 0.2429135388000671,
    "sigmoid_eff_gap_to_prob_r": 0.22310337397844282,
    "h_features_to_gap_r": 0.2248475122134653,
    "sigmoid_gap_to_prob_r": 0.2183063517195162
  },
  "h_features_to_prob_direct": {
    "h_norm_r": -0.1383283226948631,
    "ratio50_r": 0.018175996437058948,
    "total_energy_r": -0.005130102907281833
  },
  "logit_stats_to_prob": {
    "multi_regression_r": 0.35658797268792014
  }
}