{
  "model": "deepseek7b",
  "experiment": "p604",
  "n_texts": 210,
  "W_U_frobenius": 397.7944641113281,
  "vocab_size": 152064,
  "d_model": 3584,
  "h_norm_to_logit_max": {
    "correlation_r": 0.6902357223551987,
    "theoretical_r": 0.6902357223551988,
    "c1_norm_r": 0.8079693082875271,
    "c_k_norm_r": 0.8814256788008548,
    "multi_regression_r": 0.9022331874454347
  },
  "h_norm_to_other": {
    "logit_2nd_r": 0.7277212617635698,
    "logit_gap_r": -0.059577763696739686,
    "prob_r": -0.13842239397556086
  },
  "logit_max_to_prob": {
    "correlation_r": 0.3135366758973168
  },
  "layer_h_norms": {
    "0": 1.4586499953269958,
    "2": 47.488443756103514,
    "4": 76.61274642944336,
    "6": 90.83168624877929,
    "8": 119.54122299194336,
    "10": 139.51552993774413,
    "12": 154.06699981689454,
    "14": 183.39837646484375,
    "16": 217.03893005371094,
    "18": 239.9972705078125,
    "20": 308.65550415039064,
    "22": 408.4366125488281,
    "24": 618.9029187011719,
    "26": 899.2508984375,
    "27": 1173.4603540039063
  },
  "statistics": {
    "h_norm_mean": 228.47679486955914,
    "h_norm_std": 23.99023220043121,
    "logit_max_mean": 24.449404761904763,
    "logit_max_std": 3.3796109952219267,
    "c1_norm_mean": 8.63223025004069,
    "c_k_norm_mean": 65.32069329761323
  }
}