{
  "model": "deepseek7b",
  "experiment": "p602",
  "n_texts": 210,
  "baseline": {
    "gap_to_prob_r": 0.8776469334786277,
    "simple_sigmoid_r": 0.8672627082042595
  },
  "effective_gap_v1": {
    "effective_gap_to_prob_r": 0.9523467452023902,
    "sigmoid_r": 0.9382772627764685
  },
  "effective_gap_v2": {
    "a_coefficient": -0.9367721062381277,
    "b_coefficient": 0.7511841894799589,
    "sigmoid_r": 0.8332333661894544
  },
  "optimized": {
    "w1": 1.8284990243362162e-10,
    "w2": -0.9999998621527086,
    "b": 8.354432784224571e-08,
    "sigmoid_r": 0.9999999999999972
  },
  "h_features_to_effective_gap": {
    "h_to_eff_r": 0.2122221511569562,
    "h_to_prob_r": 0.18908585962265498
  },
  "h_features_to_logit_max": {
    "h_norm_to_logit_max_r": 0.6902236845070561,
    "ratio50_to_logit_max_r": 0.6703845191157877
  },
  "mean_offset": -0.23521453429102188
}