{
  "model": "glm4",
  "experiment": "p605",
  "n_texts": 210,
  "v4_full": {
    "eff_gap_prediction_r": 0.3920803491519125,
    "v4_sigmoid_prob_r": 0.3197915579944246
  },
  "v4_simple": {
    "eff_gap_prediction_r": 0.3279389096564247,
    "v4_sigmoid_prob_r": 0.2760324601420245
  },
  "gap_prediction": {
    "r": 0.31316539768564894
  },
  "offset_prediction": {
    "r": 0.34145928918983487
  },
  "prob_direct": {
    "r": 0.3137470600375769
  },
  "v4_two_step": {
    "r": 0.2760324601420276
  },
  "oracle": {
    "r": 0.9334966329056318
  },
  "h_norm_only": {
    "r": 0.25343942409002496
  },
  "v4_nonlinear": {
    "r": NaN,
    "w1_h_norm": 1.0,
    "w2_ratio50": 1.0,
    "w3_total_energy": 1.0,
    "bias": 0.0
  }
}