{
  "model": "glm4",
  "experiment": "p604",
  "n_texts": 210,
  "W_U_frobenius": 273.10992431640625,
  "vocab_size": 151552,
  "d_model": 4096,
  "h_norm_to_logit_max": {
    "correlation_r": -0.26987981976542397,
    "theoretical_r": -0.26987981976542386,
    "c1_norm_r": 0.02325707250553323,
    "c_k_norm_r": -0.20820260056932188,
    "multi_regression_r": 0.3125645062642257
  },
  "h_norm_to_other": {
    "logit_2nd_r": -0.13601174596623453,
    "logit_gap_r": -0.1623419549204964,
    "prob_r": -0.2532846671289096
  },
  "logit_max_to_prob": {
    "correlation_r": 0.7635835706793204
  },
  "layer_h_norms": {
    "0": 0.10426948070526124,
    "4": 1.5691553497314452,
    "8": 2.9867576217651366,
    "12": 4.622062559127808,
    "16": 6.4292997455596925,
    "20": 10.624578380584717,
    "24": 20.462479553222657,
    "28": 40.954384765625,
    "32": 62.84068283081055,
    "36": 90.04981201171876,
    "39": 270.92030853271484
  },
  "statistics": {
    "h_norm_mean": 186.87694462367466,
    "h_norm_std": 16.537281367421294,
    "logit_max_mean": 15.574702380952381,
    "logit_max_std": 1.0489063468766602,
    "c1_norm_mean": 17.7035653931754,
    "c_k_norm_mean": 38.55009338742211
  }
}