{
  "model": "glm4",
  "experiment": "p603",
  "n_texts": 210,
  "W_U_frobenius": 273.10992431640625,
  "vocab_size": 151552,
  "d_model": 4096,
  "h_features_to_effective_gap": {
    "h_norm_r": -0.21936766304895886,
    "ratio10_r": 0.022032260686354367,
    "ratio50_r": -0.10087655927664926,
    "ratio90_r": -0.035769799522861544,
    "alpha_r": -0.07598773093505388,
    "weighted_alpha_r": -0.22528213878275954,
    "total_energy_r": -0.3179494895352042,
    "multi_regression_r": 0.32897299205428043
  },
  "h_features_to_gap": {
    "multi_regression_r": 0.313598889039737
  },
  "h_features_to_offset": {
    "multi_regression_r": 0.3432202703030945
  },
  "h_norm_to_logit_max": {
    "correlation_r": -0.2699217671901966,
    "theoretical_approximation_r": -0.26992176719019667,
    "W_U_frobenius": 273.10992431640625,
    "vocab_size": 151552
  },
  "full_causal_chain": {
    "h_features_to_eff_gap_r": 0.32897299205428043,
    "sigmoid_eff_gap_to_prob_r": 0.27485988913337445,
    "h_features_to_gap_r": 0.313598889039737,
    "sigmoid_gap_to_prob_r": 0.26688224719422576
  },
  "h_features_to_prob_direct": {
    "h_norm_r": -0.2533097891980378,
    "ratio50_r": -0.03418928564505463,
    "total_energy_r": -0.3116646806713762
  },
  "logit_stats_to_prob": {
    "multi_regression_r": 0.7725504858755752
  }
}