{
  "model": "glm4",
  "experiment": "p601",
  "n_texts": 210,
  "gap_offset_coupling": {
    "a_coefficient": -0.8760101426548124,
    "b_coefficient": 0.645502230451589,
    "r_gap_offset": -0.8925618714897703
  },
  "offset_predictors": {
    "logit_max_to_offset_r": -0.7573626160880997,
    "logit_std_to_offset_r": 0.2302345490515841,
    "logit_kurtosis_to_offset_r": -0.06233647880555117,
    "logit_tail_sum_to_offset_r": -0.1135015267670291,
    "h_norm_to_offset_r": 0.26528449182067537,
    "ratio50_to_offset_r": 0.04425754705049752,
    "multi_regression_r": 0.9638020429217814
  },
  "residual_analysis": {
    "offset_residual_to_prob_r": -0.4569228201977356
  },
  "statistics": {
    "gap_mean": 1.2261904761904763,
    "gap_std": 0.9371182140221981,
    "offset_mean": -0.4286530635180021,
    "offset_std": 0.9197402293017594,
    "logit_max_mean": 15.574702380952381,
    "logit_std_mean": 1.9776926721845354,
    "logit_kurtosis_mean": 4.429801678657531
  }
}