{
  "model": "glm4",
  "experiment": "p602",
  "n_texts": 210,
  "baseline": {
    "gap_to_prob_r": 0.8721847079531124,
    "simple_sigmoid_r": 0.8614226272479496
  },
  "effective_gap_v1": {
    "effective_gap_to_prob_r": 0.9538346785027184,
    "sigmoid_r": 0.9334551309003151
  },
  "effective_gap_v2": {
    "a_coefficient": -0.8758871419153478,
    "b_coefficient": 0.6454715872585638,
    "sigmoid_r": 0.8335309616818646
  },
  "optimized": {
    "w1": 2.1995094971835632e-11,
    "w2": -0.9999999156098675,
    "b": -1.873813184702613e-08,
    "sigmoid_r": 0.9999999999999974
  },
  "h_features_to_effective_gap": {
    "h_to_eff_r": 0.2433725464431451,
    "h_to_prob_r": 0.24065287022246815
  },
  "h_features_to_logit_max": {
    "h_norm_to_logit_max_r": -0.26987981133632555,
    "ratio50_to_logit_max_r": -0.06131245468974814
  },
  "mean_offset": -0.42853288437573134
}