{
  "model": "qwen3",
  "experiment": "p602",
  "n_texts": 210,
  "baseline": {
    "gap_to_prob_r": 0.781838873231213,
    "simple_sigmoid_r": 0.8948275602808345
  },
  "effective_gap_v1": {
    "effective_gap_to_prob_r": 0.8242368015340685,
    "sigmoid_r": 0.9365704594228095
  },
  "effective_gap_v2": {
    "a_coefficient": -0.9949950989249836,
    "b_coefficient": 0.5452009202219977,
    "sigmoid_r": 0.8551729939506764
  },
  "optimized": {
    "w1": 2.991847484903084e-08,
    "w2": -0.9999999964530966,
    "b": -9.554848466756206e-08,
    "sigmoid_r": 0.9999999999999963
  },
  "h_features_to_effective_gap": {
    "h_to_eff_r": 0.27197021908396624,
    "h_to_prob_r": 0.08724308215421869
  },
  "h_features_to_logit_max": {
    "h_norm_to_logit_max_r": 0.4304012811705424,
    "ratio50_to_logit_max_r": 0.24470335588176034
  },
  "mean_offset": -0.6174034721528491
}