{
  "model": "qwen3",
  "experiment": "p601",
  "n_texts": 210,
  "gap_offset_coupling": {
    "a_coefficient": -0.994830898913912,
    "b_coefficient": 0.5449932102512294,
    "r_gap_offset": -0.961125177662286
  },
  "offset_predictors": {
    "logit_max_to_offset_r": -0.7042824497699409,
    "logit_std_to_offset_r": -0.24642649012523352,
    "logit_kurtosis_to_offset_r": 0.1508297509895301,
    "logit_tail_sum_to_offset_r": 0.17798591884466458,
    "h_norm_to_offset_r": -0.28690880783780576,
    "ratio50_to_offset_r": 0.08918300967894384,
    "multi_regression_r": 0.9829026780740902
  },
  "residual_analysis": {
    "offset_residual_to_prob_r": -0.35390324883742147
  },
  "statistics": {
    "gap_mean": 1.167857142857143,
    "gap_std": 1.1655813708071991,
    "offset_mean": -0.616827160980375,
    "offset_std": 1.2064571710604726,
    "logit_max_mean": 25.598809523809525,
    "logit_std_mean": 2.3058640599250793,
    "logit_kurtosis_mean": 4.8580707232157385
  }
}