{
  "model": "qwen3",
  "experiment": "p603",
  "n_texts": 210,
  "W_U_frobenius": 427.7939453125,
  "vocab_size": 151936,
  "d_model": 2560,
  "h_features_to_effective_gap": {
    "h_norm_r": 0.27059270172667677,
    "ratio10_r": -0.21405854374889594,
    "ratio50_r": -0.11519369151120237,
    "ratio90_r": -0.059134463795050274,
    "alpha_r": -0.08340575153777836,
    "weighted_alpha_r": -0.04834336460170031,
    "total_energy_r": -0.09315978823746003,
    "multi_regression_r": 0.31390659717800895
  },
  "h_features_to_gap": {
    "multi_regression_r": 0.3048106508115861
  },
  "h_features_to_offset": {
    "multi_regression_r": 0.3216696707276216
  },
  "h_norm_to_logit_max": {
    "correlation_r": 0.4304012811705424,
    "theoretical_approximation_r": 0.4304012811705424,
    "W_U_frobenius": 427.7939453125,
    "vocab_size": 151936
  },
  "full_causal_chain": {
    "h_features_to_eff_gap_r": 0.31390659717800895,
    "sigmoid_eff_gap_to_prob_r": 0.07715762827704824,
    "h_features_to_gap_r": 0.3048106508115861,
    "sigmoid_gap_to_prob_r": 0.1050335196366011
  },
  "h_features_to_prob_direct": {
    "h_norm_r": 0.1776652718266728,
    "ratio50_r": -0.015259721089102896,
    "total_energy_r": 0.030306969566672105
  },
  "logit_stats_to_prob": {
    "multi_regression_r": 0.6498847864344828
  }
}