{
  "model": "qwen3",
  "experiment": "p604",
  "n_texts": 210,
  "W_U_frobenius": 427.7939453125,
  "vocab_size": 151936,
  "d_model": 2560,
  "h_norm_to_logit_max": {
    "correlation_r": 0.4304012811705424,
    "theoretical_r": 0.4304012811705423,
    "c1_norm_r": 0.37868847515937887,
    "c_k_norm_r": 0.37122139945529575,
    "multi_regression_r": 0.6021438829034651
  },
  "h_norm_to_other": {
    "logit_2nd_r": 0.3654551710724269,
    "logit_gap_r": 0.24830208877872817,
    "prob_r": 0.1776652718266728
  },
  "logit_max_to_prob": {
    "correlation_r": 0.6420789355147579
  },
  "layer_h_norms": {
    "0": 1.1010944485664367,
    "3": 15.943280429840089,
    "6": 30.164120330810547,
    "9": 42.664711227416994,
    "12": 47.06509910583496,
    "15": 51.187006072998045,
    "18": 57.89383911132813,
    "21": 75.95367721557618,
    "24": 115.83422225952148,
    "27": 171.9502719116211,
    "30": 243.6118325805664,
    "33": 392.672705078125,
    "35": 611.0107116699219
  },
  "statistics": {
    "h_norm_mean": 133.14192384992327,
    "h_norm_std": 5.788394457864185,
    "logit_max_mean": 25.59940476190476,
    "logit_max_std": 2.1375712748854525,
    "c1_norm_mean": 6.8934161901474,
    "c_k_norm_mean": 46.41733269464402
  }
}