{
  "model": "qwen3",
  "experiment": "p605",
  "n_texts": 210,
  "v4_full": {
    "eff_gap_prediction_r": 0.4331274341033134,
    "v4_sigmoid_prob_r": 0.09290442730934853
  },
  "v4_simple": {
    "eff_gap_prediction_r": 0.31223767115951523,
    "v4_sigmoid_prob_r": 0.08109800472068024
  },
  "gap_prediction": {
    "r": 0.3035528864807201
  },
  "offset_prediction": {
    "r": 0.31962515953458986
  },
  "prob_direct": {
    "r": 0.18673197890307947
  },
  "v4_two_step": {
    "r": 0.08109800472069387
  },
  "oracle": {
    "r": 0.9365704594228095
  },
  "h_norm_only": {
    "r": 0.17766527182667285
  },
  "v4_nonlinear": {
    "r": NaN,
    "w1_h_norm": 1.0,
    "w2_ratio50": 1.0,
    "w3_total_energy": 1.0,
    "bias": 0.0
  }
}