{
  "all_layers": [
    0,
    2,
    4,
    6,
    8,
    10,
    12,
    14,
    16,
    18,
    20,
    22,
    24,
    26,
    27
  ],
  "n_pairs": 150,
  "pol_rotation": {
    "0_2": 0.770940899848938,
    "2_4": 0.806432843208313,
    "4_6": 0.8314458131790161,
    "6_8": 0.8809424638748169,
    "8_10": 0.9186520576477051,
    "10_12": 0.9391515851020813,
    "12_14": 0.9453307390213013,
    "14_16": 0.9413827657699585,
    "16_18": 0.9238185882568359,
    "18_20": 0.9125051498413086,
    "20_22": 0.8864247798919678,
    "22_24": 0.9219321608543396,
    "24_26": 0.8958000540733337,
    "26_27": 0.3074817955493927
  },
  "tense_rotation": {
    "0_2": 0.6632390022277832,
    "2_4": 0.8969683647155762,
    "4_6": 0.8862175345420837,
    "6_8": 0.8691432476043701,
    "8_10": 0.896903932094574,
    "10_12": 0.936101496219635,
    "12_14": 0.9424326419830322,
    "14_16": 0.9451436400413513,
    "16_18": 0.9297075271606445,
    "18_20": 0.8925623893737793,
    "20_22": 0.848332405090332,
    "22_24": 0.9180902242660522,
    "24_26": 0.8862619400024414,
    "26_27": 0.316989928483963
  },
  "cross_cos": {
    "0": -0.018524494022130966,
    "2": -0.031786367297172546,
    "4": -0.03152557462453842,
    "6": -0.00529263261705637,
    "8": 0.01856004074215889,
    "10": 0.023995820432901382,
    "12": 0.012881627306342125,
    "14": -0.013980986550450325,
    "16": -0.026830030605196953,
    "18": -0.020502321422100067,
    "20": 0.014967469498515129,
    "22": -0.03699284419417381,
    "24": -0.0063405707478523254,
    "26": 0.006403915584087372,
    "27": 0.7041319012641907
  },
  "pol_cumulative": {
    "0": 1.0000001192092896,
    "2": 0.770940899848938,
    "4": 0.6268243193626404,
    "6": 0.49286869168281555,
    "8": 0.43052202463150024,
    "10": 0.39727604389190674,
    "12": 0.36142677068710327,
    "14": 0.35644322633743286,
    "16": 0.3393596410751343,
    "18": 0.3032684922218323,
    "20": 0.2849271595478058,
    "22": 0.24844560027122498,
    "24": 0.22287355363368988,
    "26": 0.19160383939743042,
    "27": 0.03630976006388664
  },
  "tense_cumulative": {
    "0": 1.0,
    "2": 0.6632390022277832,
    "4": 0.6093063354492188,
    "6": 0.5602590441703796,
    "8": 0.4835439920425415,
    "10": 0.46269047260284424,
    "12": 0.4301358461380005,
    "14": 0.4186897277832031,
    "16": 0.39390891790390015,
    "18": 0.35907015204429626,
    "20": 0.3393101692199707,
    "22": 0.3013947606086731,
    "24": 0.30401766300201416,
    "26": 0.2580254077911377,
    "27": 0.0771617665886879
  },
  "pol_norms": {
    "0": 8.953409194946289,
    "2": 15.878183364868164,
    "4": 25.221736907958984,
    "6": 35.43976974487305,
    "8": 42.5733528137207,
    "10": 44.53688430786133,
    "12": 49.58144760131836,
    "14": 56.33668899536133,
    "16": 66.80882263183594,
    "18": 73.63394927978516,
    "20": 90.225341796875,
    "22": 115.68745422363281,
    "24": 130.67236328125,
    "26": 154.47784423828125,
    "27": 416.39727783203125
  },
  "tense_norms": {
    "0": 36.766517639160156,
    "2": 75.61424255371094,
    "4": 89.57084655761719,
    "6": 100.15751647949219,
    "8": 118.73674011230469,
    "10": 119.87474060058594,
    "12": 129.63694763183594,
    "14": 137.31320190429688,
    "16": 149.4960479736328,
    "18": 167.79339599609375,
    "20": 209.0983123779297,
    "22": 268.6003723144531,
    "24": 317.8622131347656,
    "26": 363.3614807128906,
    "27": 876.15087890625
  },
  "max_cross_layer": 27,
  "max_cross_cos": 0.7041319012641907,
  "pol_avg_rotation": 29.672586160139826,
  "tense_avg_rotation": 30.01545614741343
}