{
  "key_layers": [
    0,
    7,
    14,
    21,
    27
  ],
  "n_permutations": 50,
  "real_cross_cos": {
    "0": -0.015451524406671524,
    "7": 0.00093875452876091,
    "14": -0.0096919946372509,
    "21": -0.025390582159161568,
    "27": 0.6691264510154724
  },
  "random_cross_cos": {
    "0": [
      0.019564175978302956,
      0.00807761400938034,
      0.017082154750823975,
      0.10668379813432693,
      -0.0346265584230423,
      -0.03970636799931526,
      -0.03396453708410263,
      -0.014853740110993385,
      -0.023182880133390427,
      -0.013017712160944939,
      0.011362988501787186,
      0.023607900366187096,
      -0.000391986221075058,
      -0.056049495935440063,
      -0.03788408637046814,
      0.046074677258729935,
      0.028989918529987335,
      0.002650907263159752,
      -0.012580388225615025,
      0.06475654989480972,
      0.02105303481221199,
      0.0701378881931305,
      0.015189886093139648,
      -0.004113856703042984,
      -0.032120827585458755,
      -0.014894003048539162,
      -0.027900557965040207,
      -0.03662554919719696,
      -0.07095429301261902,
      -0.037579670548439026,
      -0.042502161115407944,
      -0.023467084392905235,
      0.03200290724635124,
      0.003375276457518339,
      -0.06740818917751312,
      -0.0056000277400016785,
      0.026534903794527054,
      -0.04308594763278961,
      -0.018520187586545944,
      -0.058161620050668716,
      -0.02274000644683838,
      -0.12677502632141113,
      -0.02311278134584427,
      -0.01172139123082161,
      -0.029584497213363647,
      -0.0057850126177072525,
      0.012022651731967926,
      0.0357077457010746,
      0.021971657872200012,
      -0.01020017173141241
    ],
    "7": [
      -0.05250052362680435,
      -0.03763416409492493,
      0.004252690821886063,
      0.012165522202849388,
      0.034305326640605927,
      0.009551184251904488,
      -0.06822869926691055,
      0.04835101217031479,
      -0.027573009952902794,
      0.022256921976804733,
      -0.02031027153134346,
      0.003356093540787697,
      -0.0027316026389598846,
      0.02906322106719017,
      -0.012849096208810806,
      0.00905593205243349,
      -0.035174135118722916,
      -0.010072729550302029,
      0.023414917290210724,
      0.0320221483707428,
      -0.02748268097639084,
      0.00851568765938282,
      -0.02871752716600895,
      -0.047813981771469116,
      -0.057701144367456436,
      0.044689781963825226,
      0.015659578144550323,
      -0.004963231272995472,
      -0.046969909220933914,
      -0.06706173717975616,
      0.03693173825740814,
      0.005703043192625046,
      -0.01212674006819725,
      0.08345915377140045,
      -0.07429996132850647,
      -0.008248874917626381,
      -0.010080533102154732,
      -0.01314510777592659,
      0.011357721872627735,
      0.0028389394283294678,
      0.07387913763523102,
      -0.011506573297083378,
      0.007977409288287163,
      0.03547229245305061,
      0.020216597244143486,
      0.028616633266210556,
      -0.015127822756767273,
      0.004005705937743187,
      -0.005925740115344524,
      -0.03056248649954796
    ],
    "14": [
      0.05633924528956413,
      -0.01765771023929119,
      -0.01035647839307785,
      -0.024716420099139214,
      -0.00945255532860756,
      -0.05441153794527054,
      0.012654144316911697,
      0.0162378940731287,
      0.03988794609904289,
      0.012438812293112278,
      -0.009836308658123016,
      0.028773454949259758,
      -0.06497782468795776,
      0.024610430002212524,
      0.003941261675208807,
      0.023866262286901474,
      -0.06349993497133255,
      -0.04218244552612305,
      -0.04038093239068985,
      -0.07110103964805603,
      0.09904944896697998,
      -0.01639353483915329,
      -0.012351879850029945,
      0.02062508463859558,
      0.00948267336934805,
      0.030659692361950874,
      -0.05979906767606735,
      0.006745930761098862,
      0.020774293690919876,
      0.021240804344415665,
      0.009840684942901134,
      0.07147890329360962,
      -0.002539120614528656,
      -0.017432305961847305,
      0.03300793468952179,
      -0.03955327346920967,
      -0.04228596389293671,
      -0.028099916875362396,
      -0.0022514243610203266,
      -0.04229511320590973,
      0.024646194651722908,
      -0.0025794426910579205,
      0.003410237841308117,
      -0.05526362359523773,
      -0.0687950924038887,
      0.08269982784986496,
      -0.043422624468803406,
      -0.017662374302744865,
      0.07792063057422638,
      0.019414285197854042
    ],
    "21": [
      -0.015158229507505894,
      -0.03046230599284172,
      -0.04021645709872246,
      -0.013470452278852463,
      0.02549179270863533,
      -0.07554861903190613,
      0.01219453476369381,
      0.007354452274739742,
      -0.031526580452919006,
      -0.0016201771795749664,
      0.07446431368589401,
      0.03663387894630432,
      -0.026986276730895042,
      -0.02368873730301857,
      0.029508206993341446,
      -0.008364826440811157,
      -0.07952748984098434,
      -0.016094744205474854,
      0.005252252332866192,
      -0.008655322715640068,
      0.012039843946695328,
      0.023510396480560303,
      -0.010584846138954163,
      0.010477882809937,
      0.0068431757390499115,
      -0.05315377563238144,
      -0.049313805997371674,
      -0.012289440259337425,
      -0.04740584269165993,
      0.04619402065873146,
      -0.05742267519235611,
      0.07716517150402069,
      -0.09899459034204483,
      0.021327918395400047,
      -0.04669006168842316,
      0.05161513388156891,
      -0.006205381825566292,
      0.002969491295516491,
      -0.052000492811203,
      -0.057350996881723404,
      -0.050354838371276855,
      -0.016087446361780167,
      0.07059846073389053,
      -0.022801849991083145,
      0.005231281742453575,
      0.012630317360162735,
      -0.01281326450407505,
      -0.05977782979607582,
      -0.0166543610394001,
      -0.023323524743318558
    ],
    "27": [
      -0.427468866109848,
      -0.20438162982463837,
      -0.15665502846240997,
      0.13785159587860107,
      -0.2481834441423416,
      -0.10264711827039719,
      0.6390203833580017,
      -0.0008010081946849823,
      0.6659071445465088,
      -0.19287161529064178,
      -0.8186848163604736,
      -0.7338337302207947,
      -0.46604037284851074,
      0.6062624454498291,
      0.28249865770339966,
      0.09034650027751923,
      0.6460618376731873,
      -0.6943202018737793,
      -0.34428608417510986,
      -0.4637693166732788,
      0.8016468286514282,
      -0.3880171775817871,
      0.03981179744005203,
      0.856899082660675,
      -0.022334489971399307,
      -0.8218022584915161,
      -0.4089069068431854,
      -0.47474274039268494,
      -0.19403891265392303,
      0.6521315574645996,
      0.09974398463964462,
      0.4623378813266754,
      0.2906784117221832,
      -0.26998206973075867,
      0.07451064139604568,
      0.2014942765235901,
      0.29757240414619446,
      0.0013646185398101807,
      -0.7991657257080078,
      0.06957851350307465,
      0.4787655472755432,
      -0.4205212891101837,
      0.6391229629516602,
      0.16550491750240326,
      -0.3713153302669525,
      -0.35385072231292725,
      -0.6107905507087708,
      0.02152939885854721,
      0.7091086506843567,
      0.8358310461044312
    ]
  },
  "random_stats": {
    "0": {
      "mean": -0.008245279574766754,
      "std": 0.0389934344045546,
      "max_abs": 0.12677502632141113,
      "p_value": 0.68
    },
    "7": {
      "mean": -0.0024337978661060334,
      "std": 0.034087042199864526,
      "max_abs": 0.08345915377140045,
      "p_value": 1.0
    },
    "14": {
      "mean": -0.0021910373587161304,
      "std": 0.04016222916509071,
      "max_abs": 0.09904944896697998,
      "p_value": 0.84
    },
    "21": {
      "mean": -0.010660854335874319,
      "std": 0.03868466522964606,
      "max_abs": 0.09899459034204483,
      "p_value": 0.48
    },