{
  "feature_names": [
    "polarity",
    "tense",
    "semantic",
    "grammar",
    "sentiment"
  ],
  "key_layers": [
    0,
    14,
    27
  ],
  "causal_cos_matrix": {
    "0": [
      [
        1.0,
        -0.015451524406671524,
        0.05511552840471268,
        0.0534348338842392,
        0.08708557486534119
      ],
      [
        -0.015451524406671524,
        0.9999997615814209,
        0.07175824791193008,
        0.07118649780750275,
        0.07956814765930176
      ],
      [
        0.05511552840471268,
        0.07175824791193008,
        0.9999998211860657,
        -0.0873810201883316,
        -0.14532431960105896
      ],
      [
        0.0534348338842392,
        0.07118649780750275,
        -0.0873810201883316,
        0.9999998807907104,
        0.12389352917671204
      ],
      [
        0.08708557486534119,
        0.07956814765930176,
        -0.14532431960105896,
        0.12389352917671204,
        0.9999998807907104
      ]
    ],
    "14": [
      [
        0.9999997019767761,
        -0.0096919946372509,
        0.0387144573032856,
        -0.02099171280860901,
        0.278962105512619
      ],
      [
        -0.0096919946372509,
        1.0,
        0.052829962223768234,
        0.022168435156345367,
        0.07584972679615021
      ],
      [
        0.0387144573032856,
        0.052829962223768234,
        1.0,
        -0.07692303508520126,
        -0.09517612308263779
      ],
      [
        -0.02099171280860901,
        0.022168435156345367,
        -0.07692303508520126,
        1.0,
        0.015055567026138306
      ],
      [
        0.278962105512619,
        0.07584972679615021,
        -0.09517612308263779,
        0.015055567026138306,
        0.9999999403953552
      ]
    ],
    "27": [
      [
        0.9999997615814209,
        0.6691264510154724,
        -0.5631276965141296,
        0.7210466861724854,
        -0.070769302546978
      ],
      [
        0.6691264510154724,
        0.9999997019767761,
        -0.721336305141449,
        0.7844788432121277,
        -0.2581201493740082
      ],
      [
        -0.5631276965141296,
        -0.721336305141449,
        1.000000238418579,
        -0.7086963653564453,
        0.19987745583057404
      ],
      [
        0.7210466861724854,
        0.7844788432121277,
        -0.7086963653564453,
        1.000000238418579,
        -0.28895774483680725
      ],
      [
        -0.070769302546978,
        -0.2581201493740082,
        0.19987745583057404,
        -0.28895774483680725,
        1.0000001192092896
      ]
    ]
  },
  "decode_cos_matrix": {
    "0": [
      [
        1.0000000000000002,
        -0.013137554152343502,
        0.07553791860056076,
        0.1277490339946119,
        0.053856613831945246
      ],
      [
        -0.013137554152343502,
        0.9999999999999993,
        0.015888775411483737,
        -0.029216359744724155,
        0.03083233112017648
      ],
      [
        0.07553791860056076,
        0.015888775411483737,
        1.0,
        -0.011460169850839488,
        -0.019109195765941438
      ],
      [
        0.1277490339946119,
        -0.029216359744724155,
        -0.011460169850839488,
        0.9999999999999997,
        0.035084757497027344
      ],
      [
        0.053856613831945246,
        0.03083233112017648,
        -0.019109195765941438,
        0.035084757497027344,
        0.9999999999999998
      ]
    ],
    "14": [
      [
        1.0,
        -0.004238819382629472,
        0.07393211464958864,
        0.0036519261905587396,
        0.24995165666383073
      ],
      [
        -0.004238819382629472,
        0.9999999999999996,
        0.02888989083436502,
        0.00010426474207716032,
        0.0038792698064652447
      ],
      [
        0.07393211464958864,
        0.02888989083436502,
        1.0,
        0.017024357175606655,
        -0.03156565311170161
      ],
      [
        0.0036519261905587396,
        0.00010426474207716032,
        0.017024357175606655,
        1.0000000000000004,
        -0.0006209299409658448
      ],
      [
        0.24995165666383073,
        0.0038792698064652447,
        -0.03156565311170161,
        -0.0006209299409658448,
        1.0000000000000002
      ]
    ],
    "27": [
      [
        0.9999999999999998,
        -0.03386951123404583,
        0.10402079156455626,
        0.013698964281687237,
        0.20052810508913216
      ],
      [
        -0.03386951123404583,
        1.0000000000000007,
        -0.01756811150727145,
        0.027431847595967167,
        -0.014649109465002433
      ],
      [
        0.10402079156455626,
        -0.01756811150727145,
        0.9999999999999998,
        -0.00839489855252826,
        -0.04233812835863943
      ],
      [
        0.013698964281687237,
        0.027431847595967167,
        -0.00839489855252826,
        1.0,
        -0.016167409901958123
      ],
      [
        0.20052810508913216,
        -0.014649109465002433,
        -0.04233812835863943,
        -0.016167409901958123,
        1.0000000000000002
      ]
    ]
  }
}