{
  "model": "GLM4-9B-Chat",
  "results": {
    "5": {
      "layer": 5,
      "features": {
        "tense": {
          "mean_curvature": 13.177695117676482,
          "mean_dir_norm": 0.5902459621429443,
          "curvatures": [
            14.52664198052273,
            13.28131570125742,
            8.431740116355924,
            16.471082672569857
          ],
          "alignment_ratio": 0.7835429566827267
        },
        "question": {
          "mean_curvature": 12.169245465652534,
          "mean_dir_norm": 0.6462717056274414,
          "curvatures": [
            13.841046063622528,
            12.05191541020981,
            7.610651148664213,
            15.173369240113587
          ],
          "alignment_ratio": 0.723580754267481
        },
        "number": {
          "mean_curvature": 13.046611767019266,
          "mean_dir_norm": 0.6275546550750732,
          "curvatures": [
            14.552496726886949,
            12.516198680140663,
            15.250201189690904,
            9.86755047135855
          ],
          "alignment_ratio": 0.7757487684556778
        }
      },
      "random_curvatures": [
        16.412093242735676,
        17.411081934460434,
        16.369870145538727,
        16.588727383597373,
        16.493438296776137,
        16.999462840248082,
        16.967539673035958,
        16.764928985791343,
        16.60675205769272,
        17.566994633337995
      ],
      "mean_random_curvature": 16.818088919321447
    },
    "10": {
      "layer": 10,
      "features": {
        "tense": {
          "mean_curvature": 3.9243285420494782,
          "mean_dir_norm": 1.1493034362792969,
          "curvatures": [
            3.5210989912926887,
            2.9438496108526735,
            3.4814749355360375,
            5.750890630516512
          ],
          "alignment_ratio": 0.9249945403305092
        },
        "question": {
          "mean_curvature": 3.7835911149179355,
          "mean_dir_norm": 1.5023951530456543,
          "curvatures": [
            3.5559669925842274,
            2.896234567461416,
            3.3357822188327737,
            5.346380680793326
          ],
          "alignment_ratio": 0.8918216420061369
        },
        "number": {
          "mean_curvature": 4.0947862501437005,
          "mean_dir_norm": 1.443729043006897,
          "curvatures": [
            3.4186204352617753,
            2.9637366371027527,
            4.967547459768706,
            5.029240468441566
          ],
          "alignment_ratio": 0.9651727383725272
        }
      },
      "random_curvatures": [
        4.129514376495835,
        4.355980979134811,
        4.174155805014142,
        4.287785340895154,
        4.098788857549897,
        4.188921084347016,
        4.365428959765514,
        4.254636322377904,
        4.358901594273997,
        4.211310516212694
      ],
      "mean_random_curvature": 4.242542383606696
    },
    "20": {
      "layer": 20,
      "features": {
        "tense": {
          "mean_curvature": 1.205073030141881,
          "mean_dir_norm": 2.997716188430786,
          "curvatures": [
            1.0807468611706872,
            1.2238277105746924,
            1.0938587537561708,
            1.4218587950659733
          ],
          "alignment_ratio": 0.9440244652632799
        },
        "question": {
          "mean_curvature": 1.2126329759360044,
          "mean_dir_norm": 4.87447452545166,
          "curvatures": [
            1.0938407478526333,
            1.252711797110552,
            1.0782722298424936,
            1.4257071289383387
          ],
          "alignment_ratio": 0.9499467401853868
        },
        "number": {
          "mean_curvature": 1.2292181437579914,
          "mean_dir_norm": 4.01894474029541,
          "curvatures": [
            1.1171916952466265,
            1.2485069511320563,
            1.4644964339914273,
            1.0866774946618551
          ],
          "alignment_ratio": 0.9629391512615934
        }
      },
      "random_curvatures": [
        1.2648182004817154,
        1.2860038785114625,
        1.2653840339276994,
        1.2946131511117405,
        1.2937778879501936,
        1.283842994642174,
        1.2751084134018584,
        1.2925059535757357,
        1.2502344141010782,
        1.2589843717695162
      ],
      "mean_random_curvature": 1.2765273299473172
    },
    "30": {
      "layer": 30,
      "features": {
        "tense": {
          "mean_curvature": 0.1968548480338125,
          "mean_dir_norm": 13.969911575317383,
          "curvatures": [
            0.27553500603028797,
            0.1973601854283186,
            0.1716481148212386,
            0.1428760858554049
          ],
          "alignment_ratio": 0.7950449486145869
        },
        "question": {
          "mean_curvature": 0.17935417901884987,
          "mean_dir_norm": 22.273889541625977,
          "curvatures": [
            0.20597685376418476,
            0.18454175101036438,
            0.18085331434962743,
            0.1460447969512229
          ],
          "alignment_ratio": 0.7243643500075767
        },
        "number": {
          "mean_curvature": 0.19421882067479257,
          "mean_dir_norm": 17.06109619140625,
          "curvatures": [
            0.21647058165753288,
            0.1906697955345305,
            0.15678184681605636,
            0.21295305869105047
          ],
          "alignment_ratio": 0.7843987275175139
        }
      },
      "random_curvatures": [
        0.24317192773743,
        0.2525594991162632,
        0.24833232753189202,
        0.24627966609592275,
        0.24803154982856698,
        0.2519943845774751,
        0.2437454609429632,
        0.2477744593290571,
        0.24829286680794965,
        0.24583947539309964
      ],
      "mean_random_curvature": 0.24760216173606198
    },
    "38": {
      "layer": 38,
      "features": {
        "tense": {
          "mean_curvature": 0.03195760932436414,
          "mean_dir_norm": 48.60936737060547,
          "curvatures": [
            0.028840987765565523,
            0.03145291366652003,
            0.03534444397666774,
            0.03219209188870326
          ],
          "alignment_ratio": 1.0391552179297185
        },
        "question": {
          "mean_curvature": 0.029901052459823205,
          "mean_dir_norm": 81.06439208984375,
          "curvatures": [
            0.021101316475483755,
            0.03090817208308122,
            0.034518826658018364,
            0.03307589462270948
          ],
          "alignment_ratio": 0.9722828253465975
        },
        "number": {
          "mean_curvature": 0.02964112087196969,
          "mean_dir_norm": 60.073822021484375,
          "curvatures": [
            0.0257814949023213,
            0.030019040223527176,
            0.03278089391427663,
            0.029983054447753652
          ],
          "alignment_ratio": 0.9638307142052047
        }
      },
      "random_curvatures": [
        0.030966862328333292,
        0.032404953034766946,
        0.031343277785808005,
        0.03220181822594593,
        0.02903434089931906,
        0.030895923218804605,
        0.03133558256575693,
        0.03017108259335911,
        0.029421888916462583,
        0.02975878182154089
      ],
      "mean_random_curvature": 0.030753451139009735
    }
  }
}