{
  "resid": {
    "L0": {
      "tense": {
        "mean_l2": 284.08146967887876,
        "median_l2": 139.7993392944336,
        "std_l2": 348.23338839538854,
        "n": 120
      },
      "polarity": {
        "mean_l2": 216.8814805984497,
        "median_l2": 134.39060974121094,
        "std_l2": 224.66018573550815,
        "n": 120
      },
      "number": {
        "mean_l2": 214.15689967473347,
        "median_l2": 131.1417694091797,
        "std_l2": 241.9248357414525,
        "n": 120
      },
      "negation": {
        "mean_l2": 305.6673520088196,
        "median_l2": 115.77648544311523,
        "std_l2": 439.06259248375255,
        "n": 120
      },
      "question": {
        "mean_l2": 202.16759455998738,
        "median_l2": 108.87722396850586,
        "std_l2": 239.2668998428998,
        "n": 120
      },
      "sentiment": {
        "mean_l2": 838.106441116333,
        "median_l2": 673.8652648925781,
        "std_l2": 539.2970209867112,
        "n": 120
      },
      "semantic_topic": {
        "mean_l2": 974.7227873484294,
        "median_l2": 721.6533813476562,
        "std_l2": 695.5782751450828,
        "n": 120
      }
    },
    "L3": {
      "tense": {
        "mean_l2": 335.92458559672036,
        "median_l2": 184.05616760253906,
        "std_l2": 400.9658616979226,
        "n": 120
      },
      "polarity": {
        "mean_l2": 375.2416538556417,
        "median_l2": 240.64556121826172,
        "std_l2": 412.70051291606075,
        "n": 120
      },
      "number": {
        "mean_l2": 263.2094205856323,
        "median_l2": 127.69175338745117,
        "std_l2": 312.4540844512792,
        "n": 120
      },
      "negation": {
        "mean_l2": 385.52445011138917,
        "median_l2": 190.16101837158203,
        "std_l2": 496.2499223804006,
        "n": 120
      },
      "question": {
        "mean_l2": 235.59870427449545,
        "median_l2": 177.91099548339844,
        "std_l2": 197.5849779992934,
        "n": 120
      },
      "sentiment": {
        "mean_l2": 825.2976579666138,
        "median_l2": 679.3620910644531,
        "std_l2": 539.0939319299819,
        "n": 120
      },
      "semantic_topic": {
        "mean_l2": 941.6074231147766,
        "median_l2": 750.4476013183594,
        "std_l2": 635.2915094975338,
        "n": 120
      }
    },
    "L7": {
      "tense": {
        "mean_l2": 424.7910296758016,
        "median_l2": 245.74456787109375,
        "std_l2": 405.01783203896895,
        "n": 120
      },
      "polarity": {
        "mean_l2": 504.9150974591573,
        "median_l2": 319.10377502441406,
        "std_l2": 481.81313371760183,
        "n": 120
      },
      "number": {
        "mean_l2": 378.5266711870829,
        "median_l2": 201.72882080078125,
        "std_l2": 442.7261265002783,
        "n": 120
      },
      "negation": {
        "mean_l2": 464.00819600423176,
        "median_l2": 310.64556884765625,
        "std_l2": 424.13164023281274,
        "n": 120
      },
      "question": {
        "mean_l2": 368.966533946991,
        "median_l2": 281.0887145996094,
        "std_l2": 248.47411477976092,
        "n": 120
      },
      "sentiment": {
        "mean_l2": 860.6526973724365,
        "median_l2": 711.1742248535156,
        "std_l2": 529.8093509854976,
        "n": 120
      },
      "semantic_topic": {
        "mean_l2": 1003.7264983495077,
        "median_l2": 817.9476013183594,
        "std_l2": 626.5379176170992,
        "n": 120
      }
    },
    "L11": {
      "tense": {
        "mean_l2": 480.1315296173096,
        "median_l2": 310.8579864501953,
        "std_l2": 455.62504360892393,
        "n": 120
      },
      "polarity": {
        "mean_l2": 635.1514313379923,
        "median_l2": 399.6244354248047,
        "std_l2": 618.3788587298253,
        "n": 120
      },
      "number": {
        "mean_l2": 410.2103537877401,
        "median_l2": 246.35755920410156,
        "std_l2": 418.4809527796671,
        "n": 120
      },
      "negation": {
        "mean_l2": 637.6067977905274,
        "median_l2": 373.62127685546875,
        "std_l2": 688.0923572583933,
        "n": 120
      },
      "question": {
        "mean_l2": 500.10793323516845,
        "median_l2": 371.36549377441406,
        "std_l2": 375.75770276769254,
        "n": 120
      },
      "sentiment": {
        "mean_l2": 910.6681866963704,
        "median_l2": 750.1297302246094,
        "std_l2": 560.5693187773019,
        "n": 120
      },
      "semantic_topic": {
        "mean_l2": 1008.9685205459594,
        "median_l2": 867.7393798828125,
        "std_l2": 595.3595553188595,
        "n": 120
      }
    },
    "L15": {
      "tense": {
        "mean_l2": 547.2823671340942,
        "median_l2": 305.5444641113281,
        "std_l2": 518.1373471040846,
        "n": 120
      },
      "polarity": {
        "mean_l2": 692.5054660797119,
        "median_l2": 463.0150909423828,
        "std_l2": 602.5112342190396,
        "n": 120
      },
      "number": {
        "mean_l2": 466.66818720499674,
        "median_l2": 269.10467529296875,
        "std_l2": 492.40175287937683,
        "n": 120
      },
      "negation": {
        "mean_l2": 712.1858331044515,
        "median_l2": 419.5372314453125,
        "std_l2": 724.1216349827354,
        "n": 120
      },
      "question": {
        "mean_l2": 706.7879198710124,
        "median_l2": 590.730712890625,
        "std_l2": 477.9534814371089,
        "n": 120
      },
      "sentiment": {
        "mean_l2": 936.5255992889404,
        "median_l2": 803.001953125,
        "std_l2": 567.2020074214506,
        "n": 120
      },
      "semantic_topic": {
        "mean_l2": 1061.8122742970784,
        "median_l2": 954.186767578125,
        "std_l2": 616.4389635658075,
        "n": 120
      }
    },
    "L19": {
      "tense": {
        "mean_l2": 567.2474797566732,
        "median_l2": 346.06256103515625,
        "std_l2": 485.34454094520925,
        "n": 120
      },
      "polarity": {
        "mean_l2": 777.7179676055908,
        "median_l2": 552.2903137207031,
        "std_l2": 685.2953721189969,
        "n": 120
      },
      "number": {
        "mean_l2": 541.3684638341268,
        "median_l2": 255.2629623413086,
        "std_l2": 595.1165967809324,
        "n": 120
      },
      "negation": {
        "mean_l2": 778.0725354512532,
        "median_l2": 475.3064270019531,
        "std_l2": 784.6319022151431,
        "n": 120
      },
      "question": {
        "mean_l2": 906.1034603118896,
        "median_l2": 773.5429992675781,
        "std_l2": 590.5988454637786,
        "n": 120
      },
      "sentiment": {
        "mean_l2": 1002.4796035766601,
        "median_l2": 885.2131958007812,
        "std_l2": 601.4049832043165,
        "n": 120
      },
      "semantic_topic": {
        "mean_l2": 1092.5474142710368,
        "median_l2": 917.2080383300781,
        "std_l2": 643.6299381783504,
        "n": 120
      }
    },
    "L23": {
      "tense": {
        "mean_l2": 562.8382701873779,
        "median_l2": 409.55670166015625,
        "std_l2": 443.0355341620346,
        "n": 120
      },
      "polarity": {
        "mean_l2": 793.4365505218506,
        "median_l2": 425.14471435546875,
        "std_l2": 707.8874461837818,
        "n": 120
      },
      "number": {
        "mean_l2": 557.380305035909,
        "median_l2": 324.0926971435547,
        "std_l2": 557.4851139520132,
        "n": 120
      },
      "negation": {
        "mean_l2": 805.0690087636311,
        "median_l2": 544.1111450195312,
        "std_l2": 786.6404587720641,
        "n": 120
      },
      "question": {
        "mean_l2": 981.9437906901042,
        "median_l2": 815.0260009765625,
        "std_l2": 673.5627449582797,
        "n": 120
      },
      "sentiment": {
        "mean_l2": 957.8372261047364,
        "median_l2": 801.4073181152344,
        "std_l2": 584.9609403185532,
        "n": 120
      },
      "semantic_topic": {
        "mean_l2": 1082.0199877421062,