{
  "key_layers": [
    0,
    7,
    14,
    21,
    27
  ],
  "dim_importance": {
    "last_L0": {
      "dim_50": 830,
      "dim_90": 2283,
      "dim_95": 2656,
      "cos_probe_polarity": 0.8487902056423073,
      "top10_dims": [
        314,
        2289,
        370,
        3097,
        1830,
        3009,
        662,
        3500,
        20,
        2059
      ],
      "top10_importance": [
        0.064359,
        0.052366,
        0.047255,
        0.046881,
        0.046026,
        0.043876,
        0.043715,
        0.043596,
        0.042724,
        0.041433
      ],
      "total_importance": 38.52452795594431
    },
    "last_L7": {
      "dim_50": 820,
      "dim_90": 2270,
      "dim_95": 2645,
      "cos_probe_polarity": 0.8918548469046808,
      "top10_dims": [
        2178,
        3070,
        1531,
        2750,
        1064,
        3341,
        3232,
        1801,
        2029,
        365
      ],
      "top10_importance": [
        0.048739,
        0.047643,
        0.047527,
        0.043954,
        0.042252,
        0.040831,
        0.039479,
        0.03847,
        0.036969,
        0.036919
      ],
      "total_importance": 32.781382730037784
    },
    "last_L14": {
      "dim_50": 843,
      "dim_90": 2310,
      "dim_95": 2677,
      "cos_probe_polarity": 0.8453250229731668,
      "top10_dims": [
        1531,
        3070,
        573,
        662,
        1294,
        1697,
        2178,
        113,
        1186,
        1064
      ],
      "top10_importance": [
        0.048621,
        0.041868,
        0.0418,
        0.037688,
        0.037537,
        0.036658,
        0.036292,
        0.035634,
        0.035513,
        0.035489
      ],
      "total_importance": 32.67009967570893
    },
    "last_L21": {
      "dim_50": 843,
      "dim_90": 2299,
      "dim_95": 2663,
      "cos_probe_polarity": 0.8720574766788568,
      "top10_dims": [
        2999,
        1531,
        624,
        1623,
        3070,
        3232,
        2403,
        1582,
        573,
        1727
      ],
      "top10_importance": [
        0.038432,
        0.037601,
        0.035333,
        0.034288,
        0.034042,
        0.033403,
        0.031059,
        0.030852,
        0.030537,
        0.03035
      ],
      "total_importance": 29.184628983928622
    },
    "last_L27": {
      "dim_50": 834,
      "dim_90": 2315,
      "dim_95": 2678,
      "cos_probe_polarity": 0.35115822537953834,
      "top10_dims": [
        2343,
        1531,
        3403,
        1673,
        1148,
        2258,
        1781,
        2979,
        2571,
        2403
      ],
      "top10_importance": [
        0.058893,
        0.05788,
        0.051178,
        0.050431,
        0.04771,
        0.045931,
        0.044678,
        0.04444,
        0.044431,
        0.044189
      ],
      "total_importance": 37.50878005371875
    },
    "not_pos_L0": {
      "dim_50": 901,
      "dim_90": 2345,
      "dim_95": 2699,
      "cos_probe_polarity": 0.6684378942027089,
      "top10_dims": [
        532,
        573,
        182,
        1666,
        1893,
        1896,
        2628,
        3063,
        2617,
        2386
      ],
      "top10_importance": [
        0.032868,
        0.025286,
        0.02349,
        0.022646,
        0.021658,
        0.0214,
        0.02135,
        0.0208,
        0.02057,
        0.020319
      ],
      "total_importance": 21.63880880681366
    },
    "not_pos_L7": {
      "dim_50": 868,
      "dim_90": 2307,
      "dim_95": 2674,
      "cos_probe_polarity": 0.7588154006921952,
      "top10_dims": [
        1122,
        749,
        369,
        1221,
        1473,
        2086,
        2024,
        2750,
        2510,
        1152
      ],
      "top10_importance": [
        0.025166,
        0.024353,
        0.024323,
        0.023979,
        0.023641,
        0.023323,
        0.02291,
        0.022508,
        0.022188,
        0.022104
      ],
      "total_importance": 23.131528684365755
    },
    "not_pos_L14": {
      "dim_50": 879,
      "dim_90": 2312,
      "dim_95": 2665,
      "cos_probe_polarity": 0.7502484589189474,
      "top10_dims": [
        768,
        1152,
        1282,
        1122,
        1473,
        2492,
        3125,
        110,
        3498,
        3444
      ],
      "top10_importance": [
        0.024956,
        0.024656,
        0.024373,
        0.02435,
        0.024051,
        0.024008,
        0.024001,
        0.023954,
        0.02355,
        0.023494
      ],
      "total_importance": 23.58926097124179
    },
    "not_pos_L21": {
      "dim_50": 913,
      "dim_90": 2347,
      "dim_95": 2706,
      "cos_probe_polarity": 0.7918166587391267,
      "top10_dims": [
        3159,
        2286,
        1152,
        3054,
        1563,
        2280,
        1943,
        768,
        461,
        2936
      ],
      "top10_importance": [
        0.02085,
        0.020676,
        0.020627,
        0.020523,
        0.020509,
        0.020106,
        0.019857,
        0.019837,
        0.019754,
        0.019481
      ],
      "total_importance": 21.604196907318105
    },
    "not_pos_L27": {
      "dim_50": 883,
      "dim_90": 2336,
      "dim_95": 2690,
      "cos_probe_polarity": 0.40316316871024255,
      "top10_dims": [
        2280,
        1148,
        3222,
        2804,
        246,
        3368,
        1968,
        2373,
        2926,
        1221
      ],
      "top10_importance": [
        0.029693,
        0.027587,
        0.025601,
        0.024825,
        0.02463,
        0.024058,
        0.023886,
        0.023774,
        0.023308,
        0.022632
      ],
      "total_importance": 24.19380601494419
    }
  },
  "top_dims": {},
  "cumulative_importance": {
    "last_L0": {
      "k10": 0.012257939480562424,
      "k50": 0.05090836360696842,
      "k100": 0.09333314482793739,
      "k500": 0.3457256080111454
    },
    "last_L7": {
      "k10": 0.012897057350261781,
      "k50": 0.05191837271268603,
      "k100": 0.09509435989812492,
      "k500": 0.34958740664374527
    },
    "last_L14": {
      "k10": 0.011848737027476856,
      "k50": 0.050668585842386,
      "k100": 0.09242797274000844,
      "k500": 0.3423056088301489
    },
    "last_L21": {
      "k10": 0.011509357082162299,
      "k50": 0.049386673574898524,
      "k100": 0.09025508621283868,
      "k500": 0.3397896385588381
    },
    "last_L27": {
      "k10": 0.013057251748944121,
      "k50": 0.0540466266620416,
      "k100": 0.0968602462887103,
      "k500": 0.3455025095304557
    },
    "not_pos_L0": {
      "k10": 0.010646999078719304,
      "k50": 0.04404816284327403,
      "k100": 0.0807153230649461,
      "k500": 0.31723350275809453
    },
    "not_pos_L7": {
      "k10": 0.010137506221479652,
      "k50": 0.04547952089200908,
      "k100": 0.08521346181237129,
      "k500": 0.3307318094622261
    },
    "not_pos_L14": {
      "k10": 0.010233177314201801,
      "k50": 0.045877534490665825,
      "k100": 0.08495673673251682,
      "k500": 0.3262260349046314
    },
    "not_pos_L21": {
      "k10": 0.009360232318380016,
      "k50": 0.04178935690087537,
      "k100": 0.0779451944118335,
      "k500": 0.3128908006730921
    },
    "not_pos_L27": {
      "k10": 0.010332974127745137,
      "k50": 0.04463889108773161,
      "k100": 0.08308934750122351,
      "k500": 0.326447234846953
    }
  }
}