{
  "resid": {
    "L0": {
      "tense": {
        "mean_l2": 59.72362380822499,
        "median_l2": 17.918516159057617,
        "std_l2": 136.89733534733028,
        "n": 120
      },
      "polarity": {
        "mean_l2": 21.112762904167177,
        "median_l2": 16.351606369018555,
        "std_l2": 19.057130526477263,
        "n": 120
      },
      "number": {
        "mean_l2": 60.810449075698855,
        "median_l2": 21.11769390106201,
        "std_l2": 148.24301437484138,
        "n": 120
      },
      "negation": {
        "mean_l2": 18.328406683603923,
        "median_l2": 16.004425048828125,
        "std_l2": 9.044638071043021,
        "n": 120
      },
      "question": {
        "mean_l2": 18.848619532585143,
        "median_l2": 16.584125518798828,
        "std_l2": 9.058052988251749,
        "n": 120
      },
      "sentiment": {
        "mean_l2": 401.4407841761907,
        "median_l2": 404.1496124267578,
        "std_l2": 252.17434441921912,
        "n": 120
      },
      "semantic_topic": {
        "mean_l2": 535.4965275208156,
        "median_l2": 508.5870056152344,
        "std_l2": 335.54899252995114,
        "n": 120
      }
    },
    "L5": {
      "tense": {
        "mean_l2": 87.33875853220621,
        "median_l2": 39.27209663391113,
        "std_l2": 130.14416653971557,
        "n": 120
      },
      "polarity": {
        "mean_l2": 62.257817077636716,
        "median_l2": 45.83080863952637,
        "std_l2": 65.67249158463575,
        "n": 120
      },
      "number": {
        "mean_l2": 96.65559884707133,
        "median_l2": 56.454851150512695,
        "std_l2": 149.9552947817863,
        "n": 120
      },
      "negation": {
        "mean_l2": 57.857492192586264,
        "median_l2": 45.40440368652344,
        "std_l2": 41.15800140437274,
        "n": 120
      },
      "question": {
        "mean_l2": 67.70821321805319,
        "median_l2": 48.474891662597656,
        "std_l2": 73.52970911378424,
        "n": 120
      },
      "sentiment": {
        "mean_l2": 396.5714065710703,
        "median_l2": 406.71929931640625,
        "std_l2": 209.7383533758606,
        "n": 120
      },
      "semantic_topic": {
        "mean_l2": 534.4572830518086,
        "median_l2": 496.1483917236328,
        "std_l2": 316.6495654424695,
        "n": 120
      }
    },
    "L10": {
      "tense": {
        "mean_l2": 131.08059832255046,
        "median_l2": 101.95699310302734,
        "std_l2": 90.57135631495403,
        "n": 120
      },
      "polarity": {
        "mean_l2": 123.71660324732463,
        "median_l2": 103.26829528808594,
        "std_l2": 85.36045175703005,
        "n": 120
      },
      "number": {
        "mean_l2": 149.64123961130778,
        "median_l2": 107.47438430786133,
        "std_l2": 144.07300878544845,
        "n": 120
      },
      "negation": {
        "mean_l2": 124.89035886128744,
        "median_l2": 111.4405288696289,
        "std_l2": 72.7880085746749,
        "n": 120
      },
      "question": {
        "mean_l2": 137.2772490819295,
        "median_l2": 112.26657104492188,
        "std_l2": 96.668672925438,
        "n": 120
      },
      "sentiment": {
        "mean_l2": 395.6575854619344,
        "median_l2": 394.2507629394531,
        "std_l2": 175.92488495466054,
        "n": 120
      },
      "semantic_topic": {
        "mean_l2": 555.0070171356201,
        "median_l2": 536.5693969726562,
        "std_l2": 261.55106529469253,
        "n": 120
      }
    },
    "L15": {
      "tense": {
        "mean_l2": 149.95367170969647,
        "median_l2": 114.48989868164062,
        "std_l2": 161.04674778933534,
        "n": 120
      },
      "polarity": {
        "mean_l2": 157.0735076268514,
        "median_l2": 126.88537979125977,
        "std_l2": 108.01420380264301,
        "n": 120
      },
      "number": {
        "mean_l2": 180.4783808072408,
        "median_l2": 146.50630950927734,
        "std_l2": 154.75628841963137,
        "n": 120
      },
      "negation": {
        "mean_l2": 171.3896854400635,
        "median_l2": 150.56597137451172,
        "std_l2": 123.60462491987718,
        "n": 120
      },
      "question": {
        "mean_l2": 174.612749226888,
        "median_l2": 143.06786346435547,
        "std_l2": 106.07799672840953,
        "n": 120
      },
      "sentiment": {
        "mean_l2": 372.5821917851766,
        "median_l2": 362.4450988769531,
        "std_l2": 146.86090900665732,
        "n": 120
      },
      "semantic_topic": {
        "mean_l2": 537.1025691350301,
        "median_l2": 516.8414306640625,
        "std_l2": 234.06843280504958,
        "n": 120
      }
    },
    "L20": {
      "tense": {
        "mean_l2": 171.53759269714357,
        "median_l2": 134.84930419921875,
        "std_l2": 162.85881864734878,
        "n": 120
      },
      "polarity": {
        "mean_l2": 185.1165957768758,
        "median_l2": 151.07269287109375,
        "std_l2": 119.28657444340824,
        "n": 120
      },
      "number": {
        "mean_l2": 203.39815689722698,
        "median_l2": 176.33541107177734,
        "std_l2": 142.13001195018364,
        "n": 120
      },
      "negation": {
        "mean_l2": 202.19047400156657,
        "median_l2": 174.69873809814453,
        "std_l2": 129.81225476976851,
        "n": 120
      },
      "question": {
        "mean_l2": 217.3659350077311,
        "median_l2": 177.44344329833984,
        "std_l2": 118.62795518234603,
        "n": 120
      },
      "sentiment": {
        "mean_l2": 376.38802299499514,
        "median_l2": 362.3280487060547,
        "std_l2": 142.47019741942594,
        "n": 120
      },
      "semantic_topic": {
        "mean_l2": 545.7457527160644,
        "median_l2": 526.2578430175781,
        "std_l2": 211.02265558955014,
        "n": 120
      }
    },
    "L25": {
      "tense": {
        "mean_l2": 215.62198785146077,
        "median_l2": 180.65770721435547,
        "std_l2": 173.6337794229617,
        "n": 120
      },
      "polarity": {
        "mean_l2": 232.30314509073892,
        "median_l2": 210.55172729492188,
        "std_l2": 128.21795504163165,
        "n": 120
      },
      "number": {
        "mean_l2": 265.78844998677573,
        "median_l2": 239.84133911132812,
        "std_l2": 172.96430533938255,
        "n": 120
      },
      "negation": {
        "mean_l2": 257.5544855117798,
        "median_l2": 223.01937866210938,
        "std_l2": 153.3663958109244,
        "n": 120
      },
      "question": {
        "mean_l2": 323.8879559834798,
        "median_l2": 293.04840087890625,
        "std_l2": 127.22951522400078,
        "n": 120
      },
      "sentiment": {
        "mean_l2": 395.9321745554606,
        "median_l2": 376.43775939941406,
        "std_l2": 139.52410771826212,
        "n": 120
      },
      "semantic_topic": {
        "mean_l2": 582.0822929382324,
        "median_l2": 554.2479248046875,
        "std_l2": 222.98872970594525,
        "n": 120
      }
    },
    "L30": {
      "tense": {
        "mean_l2": 239.12068316141765,
        "median_l2": 205.5419692993164,
        "std_l2": 173.85069829339542,
        "n": 120
      },
      "polarity": {
        "mean_l2": 262.9186157226562,
        "median_l2": 235.04808807373047,
        "std_l2": 133.10074742701866,
        "n": 120
      },
      "number": {
        "mean_l2": 297.190567779541,
        "median_l2": 255.62298583984375,
        "std_l2": 199.20989834389596,
        "n": 120
      },
      "negation": {
        "mean_l2": 298.6374859491984,
        "median_l2": 264.9801330566406,
        "std_l2": 178.9082267271572,
        "n": 120
      },
      "question": {
        "mean_l2": 353.67649879455564,
        "median_l2": 318.6365661621094,
        "std_l2": 138.89859238321998,
        "n": 120
      },
      "sentiment": {
        "mean_l2": 417.76481475830076,
        "median_l2": 394.8354187011719,
        "std_l2": 143.21064904742315,
        "n": 120
      },