{
  "model": "deepseek7b",
  "n_pairs": 100,
  "n_test": 30,
  "phase": "CCXXVI",
  "pc1_variance_trajectory": {
    "0": {
      "global": 0.06836974620819092
    },
    "2": {
      "global": 0.08618982136249542
    },
    "4": {
      "global": 0.07929927855730057
    },
    "6": {
      "global": 0.0762799009680748
    },
    "8": {
      "global": 0.08572634309530258
    },
    "10": {
      "global": 0.08782128244638443
    },
    "12": {
      "global": 0.08952273428440094
    },
    "14": {
      "global": 0.09663208574056625
    },
    "16": {
      "global": 0.10860083997249603
    },
    "18": {
      "global": 0.10920350253582001
    },
    "20": {
      "global": 0.11685004830360413
    },
    "22": {
      "global": 0.1045926958322525
    },
    "24": {
      "global": 0.09158971905708313
    },
    "26": {
      "global": 0.08818411827087402
    },
    "27": {
      "global": 0.0858740359544754
    }
  },
  "cross_layer_alignment": {
    "0": -0.03388666734099388,
    "2": 0.31788092851638794,
    "4": 0.35807445645332336,
    "6": 0.37459737062454224,
    "8": 0.40822944045066833,
    "10": -0.44214576482772827,
    "12": 0.4618736505508423,
    "14": 0.47539159655570984,
    "16": 0.4938918650150299,
    "18": 0.515290379524231,
    "20": 0.5694424510002136,
    "22": 0.674394965171814,
    "24": 0.8085038065910339,
    "26": 0.9386866688728333,
    "27": 1.0
  },
  "perturb_results": {
    "tense": {
      "mean_logit_shift": 0.1188236358265082,
      "mean_h_shift": 0.011208822236706812,
      "pc1_var": 0.06956405937671661,
      "pc1_norm": 0.9999999403953552,
      "n_test": 30
    },
    "polarity": {
      "mean_logit_shift": 0.03362499500314395,
      "mean_h_shift": 0.012248240256061157,
      "pc1_var": 0.048390310257673264,
      "pc1_norm": 1.0000001192092896,
      "n_test": 30
    },
    "voice": {
      "mean_logit_shift": 0.02152432476480802,
      "mean_h_shift": 0.012845996705194315,
      "pc1_var": 0.16701394319534302,
      "pc1_norm": 0.9999997615814209,
      "n_test": 30
    },
    "semantic_valence": {
      "mean_logit_shift": 0.037419575701157254,
      "mean_h_shift": 0.012622697465121745,
      "pc1_var": 0.052463166415691376,
      "pc1_norm": 1.0,
      "n_test": 30
    },
    "semantic_topic": {
      "mean_logit_shift": 0.13532047768433889,
      "mean_h_shift": 0.010652852275719245,
      "pc1_var": 0.059013787657022476,
      "pc1_norm": 1.0000001192092896,
      "n_test": 30
    },
    "global": {
      "mean_logit_shift": 0.013269026515384514,
      "mean_h_shift": 0.012447786113868157,
      "pc1_var": 0.0858740359544754,
      "pc1_norm": 1.000000238418579,
      "n_test": 30
    }
  },
  "logit_effect_trajectory": [
    {
      "layer": 0,
      "pc1_var": 0.06836974620819092,
      "mean_logit_fp": 0.011987851932644844,
      "max_logit_fp": 0.08651097863912582
    },
    {
      "layer": 2,
      "pc1_var": 0.08618982136249542,
      "mean_logit_fp": 0.01191925723105669,
      "max_logit_fp": 0.1089155524969101
    },
    {
      "layer": 4,
      "pc1_var": 0.07929927855730057,
      "mean_logit_fp": 0.01980108767747879,
      "max_logit_fp": 0.11245188862085342
    },
    {
      "layer": 6,
      "pc1_var": 0.0762799009680748,
      "mean_logit_fp": 0.03550248593091965,
      "max_logit_fp": 0.12073643505573273
    },
    {
      "layer": 8,
      "pc1_var": 0.08572634309530258,
      "mean_logit_fp": 0.014597957022488117,
      "max_logit_fp": 0.09985463321208954
    },
    {
      "layer": 10,
      "pc1_var": 0.08782128244638443,
      "mean_logit_fp": 0.01738487184047699,
      "max_logit_fp": 0.09604738652706146
    },
    {
      "layer": 12,
      "pc1_var": 0.08952273428440094,
      "mean_logit_fp": 0.026291927322745323,
      "max_logit_fp": 0.09770870208740234
    },
    {
      "layer": 14,
      "pc1_var": 0.09663208574056625,
      "mean_logit_fp": 0.022639501839876175,
      "max_logit_fp": 0.10319172590970993
    },
    {
      "layer": 16,
      "pc1_var": 0.10860083997249603,
      "mean_logit_fp": 0.0213010273873806,
      "max_logit_fp": 0.09660257399082184
    },
    {
      "layer": 18,
      "pc1_var": 0.10920350253582001,
      "mean_logit_fp": 0.030867939814925194,
      "max_logit_fp": 0.11280128359794617
    },
    {
      "layer": 20,
      "pc1_var": 0.11685004830360413,
      "mean_logit_fp": 0.0357183963060379,
      "max_logit_fp": 0.12886671721935272
    },
    {
      "layer": 22,
      "pc1_var": 0.1045926958322525,
      "mean_logit_fp": 0.018494863063097,
      "max_logit_fp": 0.1262790858745575
    },
    {
      "layer": 24,
      "pc1_var": 0.09158971905708313,
      "mean_logit_fp": 0.02659011445939541,
      "max_logit_fp": 0.1365911364555359
    },
    {
      "layer": 26,
      "pc1_var": 0.08818411827087402,
      "mean_logit_fp": 0.013138680718839169,
      "max_logit_fp": 0.10186281055212021
    },
    {
      "layer": 27,
      "pc1_var": 0.0858740359544754,
      "mean_logit_fp": 0.01326686516404152,
      "max_logit_fp": 0.0986766666173935
    }
  ]
}