{
  "model": "DeepSeek-R1-Distill-Qwen-7B",
  "model_id": "deepseek7b",
  "phase": "CCXVII",
  "n_pairs": 40,
  "n_layers": 28,
  "n_heads": 28,
  "d_model": 3584,
  "layer_indices": [
    0,
    4,
    8,
    12,
    16,
    20,
    24,
    27
  ],
  "key_layers": [
    0,
    14,
    27
  ],
  "feature_names": [
    "tense",
    "polarity",
    "number",
    "negation",
    "question",
    "person",
    "definiteness",
    "info_structure",
    "sentiment",
    "semantic_topic",
    "voice",
    "formality"
  ],
  "layer_pca": {
    "0": {
      "pc1": 0.09250238537788391,
      "cum5": 0.18609057180583477,
      "cum10": 0.25610730051994324,
      "centroid_cos": 0.3787997945941093,
      "syn_mean_norm": 19.681303024291992,
      "sem_mean_norm": 33.39391326904297,
      "n_syn": 319,
      "n_sem": 160,
      "feat_pc1": {
        "tense": 0.06190485134720802,
        "polarity": 2.221585512161255,
        "number": 0.39791133999824524,
        "negation": 0.45869913697242737,
        "question": 11.141153335571289,
        "person": 0.10200037807226181,
        "definiteness": 0.5570865869522095,
        "info_structure": 0.800062358379364,
        "sentiment": 1.6530214548110962,
        "semantic_topic": -0.4420417249202728,
        "voice": 19.961198806762695,
        "formality": 0.36917057633399963
      }
    },
    "4": {
      "pc1": 0.9933465123176575,
      "cum5": 0.9983096226496855,
      "cum10": 0.9984691739082336,
      "centroid_cos": 0.9273671280121795,
      "syn_mean_norm": 184.37088012695312,
      "sem_mean_norm": 427.8990783691406,
      "n_syn": 319,
      "n_sem": 160,
      "feat_pc1": {
        "tense": -23.849712371826172,
        "polarity": 85.25706481933594,
        "number": 17.616207122802734,
        "negation": 1.1033397912979126,
        "question": 258.33624267578125,
        "person": -122.6020278930664,
        "definiteness": 226.27944946289062,
        "info_structure": 4.537474155426025,
        "sentiment": 3.942593812942505,
        "semantic_topic": 0.003005885984748602,
        "voice": 215.48580932617188,
        "formality": -1052.9375
      }
    },
    "8": {
      "pc1": 0.9849939942359924,
      "cum5": 0.9959782121877652,
      "cum10": 0.9963751435279846,
      "centroid_cos": 0.826250855666755,
      "syn_mean_norm": 346.4185485839844,
      "sem_mean_norm": 584.8673095703125,
      "n_syn": 319,
      "n_sem": 160,
      "feat_pc1": {
        "tense": -33.42485809326172,
        "polarity": 138.26730346679688,
        "number": 39.11160659790039,
        "negation": 2.788817882537842,
        "question": 478.96826171875,
        "person": -224.4432830810547,
        "definiteness": 576.6761474609375,
        "info_structure": 83.74932098388672,
        "sentiment": 1.2870140075683594,
        "semantic_topic": 0.8388598561286926,
        "voice": 518.4572143554688,
        "formality": -1061.357177734375
      }
    },
    "12": {
      "pc1": 0.9796836376190186,
      "cum5": 0.9957320958928904,
      "cum10": 0.9961551427841187,
      "centroid_cos": 0.048587614887261085,
      "syn_mean_norm": 559.2410278320312,
      "sem_mean_norm": 795.8634643554688,
      "n_syn": 319,
      "n_sem": 160,
      "feat_pc1": {
        "tense": -45.644927978515625,
        "polarity": 227.58450317382812,
        "number": 64.82469177246094,
        "negation": 7.674350738525391,
        "question": 861.6348876953125,
        "person": -371.0666809082031,
        "definiteness": 1145.681640625,
        "info_structure": 232.77700805664062,
        "sentiment": 3.948195695877075,
        "semantic_topic": -1.2098469734191895,
        "voice": 1029.8173828125,
        "formality": -1073.26953125
      }
    },
    "16": {
      "pc1": 0.9779160022735596,
      "cum5": 0.9943329066736624,
      "cum10": 0.9949504137039185,
      "centroid_cos": 0.20749630504795014,
      "syn_mean_norm": 595.794921875,
      "sem_mean_norm": 836.8312377929688,
      "n_syn": 319,
      "n_sem": 160,
      "feat_pc1": {
        "tense": -44.35123062133789,
        "polarity": 233.7135009765625,
        "number": 69.03923034667969,
        "negation": 5.746371269226074,
        "question": 886.8529052734375,
        "person": -383.7974548339844,
        "definiteness": 1211.962158203125,
        "info_structure": 248.5513153076172,
        "sentiment": 3.5952820777893066,
        "semantic_topic": -1.9653170108795166,
        "voice": 1087.87646484375,
        "formality": -1079.560302734375
      }
    },
    "20": {
      "pc1": 0.9717689752578735,
      "cum5": 0.9887218247458804,
      "cum10": 0.9898653030395508,
      "centroid_cos": 0.5020981356240402,
      "syn_mean_norm": 547.4310302734375,
      "sem_mean_norm": 791.4703979492188,
      "n_syn": 319,
      "n_sem": 160,
      "feat_pc1": {
        "tense": -42.6343879699707,
        "polarity": 189.7032928466797,
        "number": 56.21027755737305,
        "negation": 9.257550239562988,
        "question": 713.1857299804688,
        "person": -329.2029724121094,
        "definiteness": 903.1378784179688,
        "info_structure": 154.62399291992188,
        "sentiment": 10.822364807128906,
        "semantic_topic": 0.259866327047348,
        "voice": 803.076171875,
        "formality": -1092.911376953125
      }
    },
    "24": {
      "pc1": 0.934485137462616,
      "cum5": 0.9616478846874088,
      "cum10": 0.9647262692451477,
      "centroid_cos": 0.5259832378369781,
      "syn_mean_norm": 556.0862426757812,
      "sem_mean_norm": 872.3553466796875,
      "n_syn": 319,
      "n_sem": 160,
      "feat_pc1": {
        "tense": -44.88747024536133,
        "polarity": 129.9593963623047,
        "number": 33.12984085083008,
        "negation": -7.399333953857422,
        "question": 566.062744140625,
        "person": -254.62832641601562,
        "definiteness": 608.5645751953125,
        "info_structure": 66.88859558105469,
        "sentiment": 17.17608642578125,
        "semantic_topic": -10.351902961730957,
        "voice": 536.7474365234375,
        "formality": -1079.515625
      }
    },
    "27": {
      "pc1": 0.40355855226516724,
      "cum5": 0.6465522944927216,
      "cum10": 0.7485413551330566,
      "centroid_cos": 0.7560649676035182,
      "syn_mean_norm": 115.89989471435547,
      "sem_mean_norm": 150.6977081298828,
      "n_syn": 319,
      "n_sem": 160,
      "feat_pc1": {
        "tense": -7.621447563171387,
        "polarity": -55.683021545410156,
        "number": 5.137385368347168,
        "negation": -25.52299690246582,
        "question": -79.05567932128906,
        "person": -9.07902717590332,
        "definiteness": 58.959022521972656,
        "info_structure": -46.647056579589844,
        "sentiment": -3.243229627609253,
        "semantic_topic": -5.871338844299316,
        "voice": -51.83654022216797,
        "formality": 6.9402360916137695
      }
    }
  },
  "growth": {
    "tense": 3.2791961234921465,
    "polarity": 2.944767048506201,
    "number": 3.58137116317505,
    "negation": 6.195845859456283,
    "question": 3.1206747881849806,
    "person": 3.2262346288990096,
    "definiteness": 3.383531808617058,
    "info_structure": 2.9408759973162644,
    "sentiment": 5.6312251416116625,
    "semantic_topic": 5.125761777733322,
    "voice": 3.485185740327044,
    "formality": 1.4756971532217757
  },
  "syn_growth_mean": 3.5840621772058743,
  "sem_growth_mean": 3.929467453223451,
  "growth_p": 0.7696969696969697
}