{
  "experiment": "exp1_quantitative_theory",
  "model": "deepseek7b",
  "timestamp": "2026-04-28T13:12:45.444212",
  "layer_results": [
    {
      "layer": 0,
      "n_intermediate": 18944,
      "n_pairs": 496,
      "alpha_omc": 8831.55904770661,
      "beta_omc": 2813.511311392074,
      "r2_omc": 0.6835812845732883,
      "predicted_alpha_omc": 9472.0,
      "alpha_ratio_omc": 0.9323858791919986,
      "alpha_arc": 4271.5098166250555,
      "beta_arc": 1771.1850279544176,
      "r2_arc": -3385542977.4398446,
      "predicted_alpha_arc": 6030.06248386573,
      "alpha_ratio_arc": 0.7083690804289463,
      "residual_std": 163.22100113794224,
      "mean_hamming": 3942.4012096774195,
      "mean_omc": 0.12782453156767354,
      "mean_arccos": 0.5083018124580817
    },
    {
      "layer": 4,
      "n_intermediate": 18944,
      "n_pairs": 496,
      "alpha_omc": 132.40785715227068,
      "beta_omc": 35.30582565575359,
      "r2_omc": 0.3783781309396942,
      "predicted_alpha_omc": 9472.0,
      "alpha_ratio_omc": 0.013978870054082632,
      "alpha_arc": 91.33552634915655,
      "beta_arc": 2.910497576531292,
      "r2_arc": -204231.7653213439,
      "predicted_alpha_arc": 6030.06248386573,
      "alpha_ratio_arc": 0.015146696504976099,
      "residual_std": 10.880532007123845,
      "mean_hamming": 67.61290322580645,
      "mean_omc": 0.24399668014337939,
      "mean_arccos": 0.7084034902468449
    },
    {
      "layer": 8,
      "n_intermediate": 18944,
      "n_pairs": 496,
      "alpha_omc": 6557.312877235477,
      "beta_omc": 2320.202784206592,
      "r2_omc": 0.8745351347475275,
      "predicted_alpha_omc": 9472.0,
      "alpha_ratio_omc": 0.6922838763973265,
      "alpha_arc": 4647.281433506623,
      "beta_arc": 622.9503802970969,
      "r2_arc": -1184090978.6513336,
      "predicted_alpha_arc": 6030.06248386573,
      "alpha_ratio_arc": 0.770685452421276,
      "residual_std": 207.29195022262132,
      "mean_hamming": 4294.368951612903,
      "mean_omc": 0.3010632868014997,
      "mean_arccos": 0.7900142532460153
    },
    {
      "layer": 12,
      "n_intermediate": 18944,
      "n_pairs": 496,
      "alpha_omc": 7544.039501771159,
      "beta_omc": 2663.318735797162,
      "r2_omc": 0.860286896674427,
      "predicted_alpha_omc": 9472.0,
      "alpha_ratio_omc": 0.7964568730755024,
      "alpha_arc": 4921.800483813628,
      "beta_arc": 1022.930421505418,
      "r2_arc": -1683161106.1356895,
      "predicted_alpha_arc": 6030.06248386573,
      "alpha_ratio_arc": 0.8162105279974442,
      "residual_std": 204.0960080771422,
      "mean_hamming": 4519.354838709677,
      "mean_omc": 0.24602682720268926,
      "mean_arccos": 0.7103953987373082
    },
    {
      "layer": 16,
      "n_intermediate": 18944,
      "n_pairs": 496,
      "alpha_omc": 8624.388162271513,
      "beta_omc": 2229.310187673644,
      "r2_omc": 0.8747997214291079,
      "predicted_alpha_omc": 9472.0,
      "alpha_ratio_omc": 0.9105139529425161,
      "alpha_arc": 4982.532955590323,
      "beta_arc": 773.6164085505235,
      "r2_arc": -1680180624.0752635,
      "predicted_alpha_arc": 6030.06248386573,
      "alpha_ratio_arc": 0.8262821436629855,
      "residual_std": 167.83820664160385,
      "mean_hamming": 3873.9556451612902,
      "mean_omc": 0.19069705891513056,
      "mean_arccos": 0.6222415916250459
    },
    {
      "layer": 20,
      "n_intermediate": 18944,
      "n_pairs": 496,
      "alpha_omc": 11736.296918897506,
      "beta_omc": 1750.8337872012603,
      "r2_omc": 0.890974868637427,
      "predicted_alpha_omc": 9472.0,
      "alpha_ratio_omc": 1.2390516172822537,
      "alpha_arc": 5516.8118633185195,
      "beta_arc": 456.3794435558997,
      "r2_arc": -1767302311.1593912,
      "predicted_alpha_arc": 6030.06248386573,
      "alpha_ratio_arc": 0.9148846928335346,
      "residual_std": 139.63579788565843,
      "mean_hamming": 3195.1955645161293,
      "mean_omc": 0.12306793082144953,
      "mean_arccos": 0.49644907037173325
    },
    {
      "layer": 24,
      "n_intermediate": 18944,
      "n_pairs": 496,
      "alpha_omc": 10488.133670186791,
      "beta_omc": 1990.546350066776,
      "r2_omc": 0.6670418917526817,
      "predicted_alpha_omc": 9472.0,
      "alpha_ratio_omc": 1.1072776256531662,
      "alpha_arc": 4636.351995490267,
      "beta_arc": 976.303946018425,
      "r2_arc": -1127020253.9939287,
      "predicted_alpha_arc": 6030.06248386573,
      "alpha_ratio_arc": 0.7688729607521432,
      "residual_std": 247.8010786804041,
      "mean_hamming": 3080.2217741935483,
      "mean_omc": 0.10389602749097732,
      "mean_arccos": 0.45378733759248324
    },
    {
      "layer": 27,
      "n_intermediate": 18944,
      "n_pairs": 496,
      "alpha_omc": 396.1567726244454,
      "beta_omc": 214.0799823316004,
      "r2_omc": 0.47732888006282204,
      "predicted_alpha_omc": 9472.0,
      "alpha_ratio_omc": 0.041823983596330806,
      "alpha_arc": 247.32411360606537,
      "beta_arc": 145.48921924525095,
      "r2_arc": -668498.1490093996,
      "predicted_alpha_arc": 6030.06248386573,
      "alpha_ratio_arc": 0.04101518255703243,
      "residual_std": 67.15611600446516,
      "mean_hamming": 293.4133064516129,
      "mean_omc": 0.20025739707653561,
      "mean_arccos": 0.5980981193041827
    }
  ]
}