{
  "model": "deepseek7b",
  "experiment": "p591",
  "n_texts": 252,
  "delta_k_stability": {
    "mean_abs_delta": 0.00655304454267025,
    "mean_delta_std": 0.021983357146382332,
    "mean_cv": 12.000426292419434,
    "most_stable_dirs": [
      18,
      71,
      28,
      70,
      26,
      86,
      55,
      74,
      15,
      17
    ],
    "least_stable_dirs": [
      77,
      99,
      51,
      59,
      5,
      69,
      96,
      19,
      52,
      80
    ]
  },
  "delta_k_conditional": {
    "n_groups_with_3plus": 6,
    "mean_variance_reduction": 0.5436663031578064,
    "variance_reduction_top5": [
      0.3217354416847229,
      0.21647894382476807,
      0.8281448483467102,
      0.4512135982513428,
      0.5149856209754944
    ]
  },
  "sign_consistency": {
    "mean": 0.6519444444444444,
    "top5_dirs": [
      35,
      15,
      28,
      71,
      47
    ],
    "bottom5_dirs": [
      0,
      3,
      6,
      4,
      12
    ],
    "above_07_count": 53
  },
  "delta_k_prediction": {
    "mean_delta_r": 0.1109081376659152,
    "actual_delta_r": 0.1433397544375179,
    "delta_mean_norm": 0.09605829417705536,
    "delta_std_mean_norm": 0.021983357146382332
  },
  "sign_prediction": {
    "sign_mean_delta_r": 0.1109081376659152
  }
}