{
  "model": "deepseek7b",
  "experiment": "p592",
  "n_texts": 252,
  "abs_decomposition": {
    "mean_r": 1.0,
    "min_r": 0.9999998211860657
  },
  "spectral_to_ck2": {
    "ratio50_to_sum_ck2": 0.6332082557385772,
    "alpha_to_sum_ck2": NaN
  },
  "wu_structure_to_delta": {
    "s_k_vs_mean_abs_Delta_k_r": 0.9168630242347717
  },
  "two_step_prediction": {
    "mean_c_actual_d_r": 0.17427746348019568,
    "actual_c_mean_d_r": 0.18441800615445378,
    "mean_c_mean_d_r": 0.16510065910241709
  },
  "ck2_dk2_to_logitvar": {
    "sum_ck2_dk2_mean": 31.273704528808594,
    "logit_var": 0.7847753684807256
  }
}