{
  "model": "deepseek7b",
  "experiment": "p589",
  "n_texts": 252,
  "n_layers": 28,
  "additive_verification": {
    "r_predicted_vs_actual": 1.0,
    "mean_gap_0": 0.004409657308964857,
    "mean_gap_final": -7.403700873965309,
    "mean_total_delta": -7.408110531274273
  },
  "mlp_increment_analysis": {
    "delta_stats": {
      "L1": {
        "mean": -0.04263546438111613,
        "std": 0.6423956475752984,
        "min": -2.027687691152096,
        "max": 2.5348293781280518
      },
      "L2": {
        "mean": 0.0880823339971285,
        "std": 0.5268661515482722,
        "min": -2.0656482577323914,
        "max": 1.3356859683990479
      },
      "L3": {
        "mean": 0.06651473666230838,
        "std": 0.4926223205260603,
        "min": -2.087434470653534,
        "max": 3.0443252325057983
      },
      "L4": {
        "mean": 0.1321282939068855,
        "std": 0.5925875153152098,
        "min": -1.2771624326705933,
        "max": 1.5604751110076904
      },
      "L5": {
        "mean": 0.07062376964659918,
        "std": 0.7343081850748336,
        "min": -2.2071715593338013,
        "max": 2.1617496013641357
      },
      "L6": {
        "mean": -0.05753306346753287,
        "std": 0.5774035471902278,
        "min": -2.104145050048828,
        "max": 3.3216607570648193
      },
      "L7": {
        "mean": -0.033670423995880855,
        "std": 0.9532969731678012,
        "min": -2.965987205505371,
        "max": 4.003307580947876
      },
      "L8": {
        "mean": 0.17204095588790047,
        "std": 0.9481233789273233,
        "min": -3.814330577850342,
        "max": 3.637403964996338
      },
      "L9": {
        "mean": -0.07903187237088642,
        "std": 1.6407048031338496,
        "min": -5.078415393829346,
        "max": 6.424292087554932
      },
      "L10": {
        "mean": -0.013259902596473694,
        "std": 1.2028113589484881,
        "min": -4.053017973899841,
        "max": 4.130054593086243
      },
      "L11": {
        "mean": 0.07902421199140094,
        "std": 0.9790286170023956,
        "min": -3.0220565795898438,
        "max": 3.0190839767456055
      },
      "L12": {
        "mean": 0.2246955462864467,
        "std": 0.8877041275233453,
        "min": -2.5434494018554688,
        "max": 3.306894540786743
      },
      "L13": {
        "mean": -0.013028514763665578,
        "std": 1.152481424809984,
        "min": -3.4842610359191895,
        "max": 4.1353209018707275
      },
      "L14": {
        "mean": -0.14813032793620276,
        "std": 1.8223373028904082,
        "min": -4.3366007804870605,
        "max": 6.392468333244324
      },
      "L15": {
        "mean": -0.06904902675795177,
        "std": 0.8805724236547887,
        "min": -3.241107940673828,
        "max": 3.375464916229248
      },
      "L16": {
        "mean": -0.4127519523340558,
        "std": 3.301487358426897,
        "min": -7.739217758178711,
        "max": 12.190254211425781
      },
      "L17": {
        "mean": 0.20287896054131643,
        "std": 1.3071638593662223,
        "min": -2.712095260620117,
        "max": 4.519084930419922
      },
      "L18": {
        "mean": -0.25519323916662306,
        "std": 1.6718261913238472,
        "min": -4.802395820617676,
        "max": 5.6161041259765625
      },
      "L19": {
        "mean": 0.2106797013963972,
        "std": 4.595848627495946,
        "min": -9.96468734741211,
        "max": 13.453392028808594
      },
      "L20": {
        "mean": -0.011864700960734534,
        "std": 2.6098922752864526,
        "min": -7.433398246765137,
        "max": 9.786430358886719
      },
      "L21": {
        "mean": -0.5246869732463171,
        "std": 5.63050995096422,
        "min": -14.329086303710938,
        "max": 19.116065979003906
      },
      "L22": {
        "mean": 1.5847064218823872,
        "std": 5.523996521119331,
        "min": -10.422370910644531,
        "max": 13.331626892089844
      },
      "L23": {
        "mean": -1.1322476239431472,
        "std": 9.434868278184513,
        "min": -22.48326873779297,
        "max": 32.248321533203125
      },
      "L24": {
        "mean": -1.2979609739212763,
        "std": 16.236248391282363,
        "min": -31.746681213378906,
        "max": 41.054779052734375
      },
      "L25": {
        "mean": -0.5752679715080867,
        "std": 13.879712298856798,
        "min": -54.93616485595703,
        "max": 44.16802453994751
      },
      "L26": {
        "mean": -0.288978516109406,
        "std": 17.39933117442423,
        "min": -48.70420837402344,
        "max": 51.921051025390625
      },
      "L27": {
        "mean": -5.284194916013687,
        "std": 25.687707089688498,
        "min": -57.91923522949219,
        "max": 54.230865478515625
      }
    },
    "delta_gap_correlation": {
      "L0_to_L1": 0.148774632683958,
      "L1_to_L2": 0.4132912050835885,
      "L2_to_L3": -0.10235845957264088,
      "L3_to_L4": 0.3671923979338597,
      "L4_to_L5": 0.5769630740482148,
      "L5_to_L6": 0.06156179153387249,
      "L6_to_L7": 0.43721623514445607,
      "L7_to_L8": 0.26659297758651823,
      "L8_to_L9": 0.6055641189861091,
      "L9_to_L10": -0.14182671289625656,
      "L10_to_L11": 0.27289522246333076,
      "L11_to_L12": -0.1983660805305347,
      "L12_to_L13": 0.673612386024447,
      "L13_to_L14": 0.7303617803709164,
      "L14_to_L15": 0.2629746594482002,
      "L15_to_L16": 0.8652066856374581,
      "L16_to_L17": 0.6448822731517517,
      "L17_to_L18": 0.723536764019981,
      "L18_to_L19": 0.8957554326176697,
      "L19_to_L20": 0.8175197168571846,
      "L20_to_L21": 0.9288103678290143,
      "L21_to_L22": 0.7953592453157482,
      "L22_to_L23": 0.9316417110524045,
      "L23_to_L24": 0.9503898427698757,
      "L24_to_L25": 0.9312765544972438,
      "L25_to_L26": 0.957010602204634,
      "L26_to_L27": 0.9405491173828817
    },
    "mean_abs_delta_by_layer": {
      "L1": 0.47982793132264523,
      "L2": 0.4514685030730944,
      "L3": 0.34130562422057936,
      "L4": 0.4980149156753979,
      "L5": 0.5903313916827005,
      "L6": 0.4164150294566911,
      "L7": 0.7433358080803402,
      "L8": 0.7188154719178639,
      "L9": 1.3000544058898138,
      "L10": 0.8991737273477373,
      "L11": 0.7523904771558823,
      "L12": 0.6950510815968589,
      "L13": 0.9139760089299035,
      "L14": 1.459457050240229,
      "L15": 0.6403884684282636,
      "L16": 2.7719177343542616,
      "L17": 1.0683956061090742,
      "L18": 1.2559658780930534,
      "L19": 4.05736660200452,
      "L20": 2.100168372903551,
      "L21": 4.817611097343384,
      "L22": 4.893818770136152,
      "L23": 7.964323106266203,
      "L24": 13.911262160255795,
      "L25": 12.02145644785866,
      "L26": 15.167490701826791,
      "L27": 22.170031078278072
    },
    "early_layer_mean_abs_delta": 0.5299393344286641,
    "mid_layer_mean_abs_delta": 1.1667560622280027,
    "late_layer_mean_abs_delta": 8.835949421496618
  },
  "delta_from_gap_prediction": {
    "L1": 0.148774632683958,
    "L7": 0.43721623514445607,
    "L14": 0.7303617803709164,
    "L21": 0.9288103678290143,
    "L27": 0.9405491173828817
  }
}