{
  "model": "deepseek7b",
  "experiment": "p594",
  "n_texts": 252,
  "gap_to_prob": {
    "direct_r": 0.880718484116403,
    "gap_to_logit_prob_r": 0.9081072095873226,
    "var_to_prob_r": 0.0883561680371611,
    "max_to_prob_r": 0.30969256195159967,
    "multi_regression_r": 0.8860501735962568,
    "multi_coeffs": [
      0.17781106211144307,
      0.005615011945895107,
      0.21188991031104362
    ]
  },
  "softmax_simulation": {
    "temp_5": {
      "probs_at_gap1": 0.0015680217777058912,
      "probs_at_gap5": 0.011592699460863328,
      "probs_at_gap10": 0.12641727214480086
    },
    "temp_10": {
      "probs_at_gap1": 0.0015680217777058912,
      "probs_at_gap5": 0.011592699460863316,
      "probs_at_gap10": 0.12641727214480086
    },
    "temp_15": {
      "probs_at_gap1": 0.0015680217777058912,
      "probs_at_gap5": 0.011592699460863316,
      "probs_at_gap10": 0.12641727214480086
    },
    "temp_20": {
      "probs_at_gap1": 0.0015680217777058886,
      "probs_at_gap5": 0.011592699460863316,
      "probs_at_gap10": 0.12641727214480086
    },
    "temp_25": {
      "probs_at_gap1": 0.0015680217777058888,
      "probs_at_gap5": 0.011592699460863318,
      "probs_at_gap10": 0.12641727214480086
    }
  },
  "nonlinear_transform": {
    "r": 0.9335704687315652,
    "mean_offset": -0.21159975230693817,
    "std_offset": 0.9322542548179626
  },
  "quantile_analysis": {
    "q0": {
      "mean_gap": 0.08445945945945946,
      "mean_prob": 0.3601625163007427,
      "n": 37
    },
    "q1": {
      "mean_gap": 0.30833333333333335,
      "mean_prob": 0.3847833918200599,
      "n": 45
    },
    "q2": {
      "mean_gap": 0.6985294117647058,
      "mean_prob": 0.46367179383249846,
      "n": 68
    },
    "q3": {
      "mean_gap": 1.290625,
      "mean_prob": 0.5979685753583908,
      "n": 40
    },
    "q4": {
      "mean_gap": 2.25,
      "mean_prob": 0.7714567594840879,
      "n": 61
    }
  }
}