{
  "model": "deepseek7b",
  "experiment": "p590",
  "n_texts": 252,
  "format_directions": [
    13,
    27,
    7,
    22,
    9
  ],
  "format_punct_fraction": [
    0.2433451150454419,
    0.24976979590277132,
    0.2671403091530865,
    0.27762836461827956,
    0.2880566178216105
  ],
  "correlations": {
    "full_to_prob": 0.8811217664914408,
    "format_only_to_prob": -0.12935122149053446,
    "content_only_to_prob": 0.22144528365722488,
    "alpha_to_full_gap": NaN,
    "alpha_to_format_only_gap": NaN,
    "alpha_to_content_only_gap": NaN,
    "alpha_to_prob": NaN,
    "ratio50_to_full_gap": 0.010374990363803835,
    "ratio50_to_format_only_gap": -0.047318645193892915,
    "ratio50_to_content_only_gap": 0.15020520337851753,
    "ratio50_to_prob": 0.008617039732809308,
    "ratio10_to_full_gap": 0.12590238001024676,
    "ratio10_to_format_only_gap": -0.05579119309503644,
    "ratio10_to_content_only_gap": 0.19745742340176548,
    "ratio10_to_prob": 0.14393584625837083
  },
  "gap_stats": {
    "full_mean": 1.0267857142857142,
    "format_mean": -0.35516662684284034,
    "content_mean": 1.581057481157283,
    "format_fraction": 0.8768657950541303
  },
  "content_only_test": {
    "content_gap_to_prob": 0.22144528365722488,
    "format_gap_to_prob": -0.12935122149053446,
    "full_gap_to_prob": 0.8811217664914408,
    "ratio50_to_prob": 0.008617039732809308
  }
}