{
  "model": "deepseek7b",
  "experiment": "p593",
  "n_texts": 252,
  "sign_agreement": {
    "mean": 0.4662301587301587,
    "most_agreeing": [
      18,
      58,
      35,
      8,
      28
    ],
    "least_agreeing": [
      13,
      15,
      24,
      16,
      7
    ],
    "above_07_count": 9,
    "below_03_count": 22
  },
  "sign_analysis": {
    "predicted_sign_r": -0.008448474009024529,
    "oracle_sign_r": 0.14485910821837022,
    "random_sign_r_mean": -0.009880509024892925,
    "random_sign_r_std": 0.05021633959998716,
    "sign_stability_vs_magnitude_mean": 0.9033333333333333
  },
  "weighted_sign_prediction": {
    "r": 0.10187616291872735
  },
  "top_n_consistent": {
    "top5": 0.04013399150962079,
    "top10": 0.14021559410170406,
    "top20": 0.12191040855280365,
    "top30": 0.11382308518992941
  }
}