{
  "model": "glm4",
  "experiment": "p592",
  "n_texts": 252,
  "abs_decomposition": {
    "mean_r": 1.0,
    "min_r": 0.9999997019767761
  },
  "spectral_to_ck2": {
    "ratio50_to_sum_ck2": 0.033149517910571746,
    "alpha_to_sum_ck2": NaN
  },
  "wu_structure_to_delta": {
    "s_k_vs_mean_abs_Delta_k_r": 0.861944854259491
  },
  "two_step_prediction": {
    "mean_c_actual_d_r": 0.18400265615576103,
    "actual_c_mean_d_r": 0.1067066885256517,
    "mean_c_mean_d_r": 0.0969509968300409
  },
  "ck2_dk2_to_logitvar": {
    "sum_ck2_dk2_mean": 8.721625328063965,
    "logit_var": 0.8996570959112813
  }
}