{
  "model": "glm4",
  "experiment": "p593",
  "n_texts": 252,
  "sign_agreement": {
    "mean": 0.5001587301587301,
    "most_agreeing": [
      26,
      62,
      31,
      9,
      22
    ],
    "least_agreeing": [
      18,
      71,
      17,
      6,
      54
    ],
    "above_07_count": 3,
    "below_03_count": 4
  },
  "sign_analysis": {
    "predicted_sign_r": -0.0647954453938373,
    "oracle_sign_r": 0.18960475782363087,
    "random_sign_r_mean": -0.0033977896603735614,
    "random_sign_r_std": 0.0931979342039062,
    "sign_stability_vs_magnitude_mean": 0.8916666666666667
  },
  "weighted_sign_prediction": {
    "r": -0.03244408023251176
  },
  "top_n_consistent": {
    "top5": -0.07673743927105912,
    "top10": 0.051992079710166755,
    "top20": 0.05905388530021131,
    "top30": 0.031683895939152315
  }
}