{
  "model": "glm4",
  "experiment": "p589",
  "n_texts": 252,
  "n_layers": 40,
  "additive_verification": {
    "r_predicted_vs_actual": 1.0,
    "mean_gap_0": -4.161297444610797e-05,
    "mean_gap_final": -2.788653158006214,
    "mean_total_delta": -2.7886115450317677
  },
  "mlp_increment_analysis": {
    "delta_stats": {
      "L1": {
        "mean": -0.00387943660144441,
        "std": 0.013233484763112001,
        "min": -0.03789722535293549,
        "max": 0.03853165823966265
      },
      "L2": {
        "mean": -0.0034578140217086505,
        "std": 0.01458224585278857,
        "min": -0.04546581767499447,
        "max": 0.049567826092243195
      },
      "L3": {
        "mean": -0.0023318585359476626,
        "std": 0.014391199449043041,
        "min": -0.040955737233161926,
        "max": 0.06658416241407394
      },
      "L4": {
        "mean": -0.007692231586025585,
        "std": 0.0267860005871618,
        "min": -0.08424326032400131,
        "max": 0.07917676120996475
      },
      "L5": {
        "mean": 0.0003994070215239411,
        "std": 0.012742680577612697,
        "min": -0.038161203265190125,
        "max": 0.037977248430252075
      },
      "L6": {
        "mean": 0.003395154665682524,
        "std": 0.013391439026467259,
        "min": -0.04062316194176674,
        "max": 0.05417144298553467
      },
      "L7": {
        "mean": -0.0005763879060626976,
        "std": 0.017748426687718227,
        "min": -0.04747706651687622,
        "max": 0.10318855941295624
      },
      "L8": {
        "mean": 0.004931180737912655,
        "std": 0.016757076271362196,
        "min": -0.04110780358314514,
        "max": 0.07808110117912292
      },
      "L9": {
        "mean": 0.004588867914641187,
        "std": 0.020825434894459063,
        "min": -0.07241442799568176,
        "max": 0.06858231127262115
      },
      "L10": {
        "mean": -0.001518928205653552,
        "std": 0.02620640993622193,
        "min": -0.09412291646003723,
        "max": 0.09880098700523376
      },
      "L11": {
        "mean": 0.008297014234971905,
        "std": 0.02505424798695629,
        "min": -0.07228976488113403,
        "max": 0.09409503638744354
      },
      "L12": {
        "mean": -0.0052883980448342974,
        "std": 0.03929844681155538,
        "min": -0.11742916703224182,
        "max": 0.16550838947296143
      },
      "L13": {
        "mean": 0.005098582382151295,
        "std": 0.02629969882387545,
        "min": -0.10315901041030884,
        "max": 0.12375196814537048
      },
      "L14": {
        "mean": -0.002987598907941627,
        "std": 0.026471394628713583,
        "min": -0.10646338760852814,
        "max": 0.0974929928779602
      },
      "L15": {
        "mean": -0.00542866758676985,
        "std": 0.047545250333944376,
        "min": -0.16401630640029907,
        "max": 0.15802398324012756
      },
      "L16": {
        "mean": -2.5499323826460612e-05,
        "std": 0.03475775019566889,
        "min": -0.19891566038131714,
        "max": 0.1434071660041809
      },
      "L17": {
        "mean": -0.00633399300868549,
        "std": 0.04083712786680086,
        "min": -0.13972461223602295,
        "max": 0.17189070582389832
      },
      "L18": {
        "mean": 0.003229998525172945,
        "std": 0.0437072168433938,
        "min": -0.1277954876422882,
        "max": 0.15937313437461853
      },
      "L19": {
        "mean": -0.006719271075867471,
        "std": 0.10994527157364437,
        "min": -0.31007641553878784,
        "max": 0.3430151343345642
      },
      "L20": {
        "mean": 0.002664384831275259,
        "std": 0.04849813059148128,
        "min": -0.2908673882484436,
        "max": 0.17920804023742676
      },
      "L21": {
        "mean": -0.02514660390951331,
        "std": 0.11487255354498331,
        "min": -0.42305421829223633,
        "max": 0.31651878356933594
      },
      "L22": {
        "mean": 0.01420944414678074,
        "std": 0.06222964775815219,
        "min": -0.15844351053237915,
        "max": 0.39281922578811646
      },
      "L23": {
        "mean": -0.011349420521467452,
        "std": 0.22958504644383657,
        "min": -0.7092596888542175,
        "max": 0.8645936250686646
      },
      "L24": {
        "mean": -0.00557619540227784,
        "std": 0.18809625954092954,
        "min": -0.5396280884742737,
        "max": 0.8231754302978516
      },
      "L25": {
        "mean": 0.04492010430447639,
        "std": 0.19170777087687807,
        "min": -0.5821869373321533,
        "max": 0.7715034484863281
      },
      "L26": {
        "mean": -0.0336365687941748,
        "std": 0.33136105653737885,
        "min": -1.0547370910644531,
        "max": 1.353170394897461
      },
      "L27": {
        "mean": -0.04607051670078247,
        "std": 0.3594808030952602,
        "min": -1.086277961730957,
        "max": 1.5339460372924805
      },
      "L28": {
        "mean": -0.04501196765710437,
        "std": 0.5495884533828533,
        "min": -2.296482563018799,
        "max": 2.1099963188171387
      },
      "L29": {
        "mean": -0.09211644104548863,
        "std": 0.5074929838889105,
        "min": -1.7972354888916016,
        "max": 1.6316108703613281
      },
      "L30": {
        "mean": 0.03916141390800476,
        "std": 0.36202561424234264,
        "min": -1.2914400100708008,
        "max": 1.973628044128418
      },
      "L31": {
        "mean": -0.06930461525917053,
        "std": 0.5953016706709249,
        "min": -3.3160619735717773,
        "max": 2.754547119140625
      },
      "L32": {
        "mean": -0.03763966333298456,
        "std": 0.5698205188419067,
        "min": -2.0582447052001953,
        "max": 3.1657257080078125
      },
      "L33": {
        "mean": -0.052954521444108754,
        "std": 0.42521112807595357,
        "min": -1.1148738861083984,
        "max": 1.9693875312805176
      },
      "L34": {
        "mean": -0.06423766934682452,
        "std": 0.5303420092782714,
        "min": -2.1065454483032227,
        "max": 3.8103532791137695
      },
      "L35": {
        "mean": -0.10577862792544895,
        "std": 0.5708783384861681,
        "min": -2.0246543884277344,
        "max": 2.367206573486328
      },
      "L36": {
        "mean": -0.22443544296991258,
        "std": 1.039991751913879,
        "min": -2.8914947509765625,
        "max": 4.953535079956055
      },
      "L37": {
        "mean": -0.19327786517521692,
        "std": 0.9906220934093194,
        "min": -3.281524658203125,
        "max": 3.9093570709228516
      },
      "L38": {
        "mean": -0.3970545908761403,
        "std": 1.9953604117047723,
        "min": -7.467885971069336,
        "max": 6.655834197998047
      },
      "L39": {
        "mean": -1.4696763025389776,
        "std": 7.416760960849021,
        "min": -16.871036529541016,
        "max": 20.27737045288086
      }
    },
    "delta_gap_correlation": {
      "L0_to_L1": 0.17963633251066013,
      "L1_to_L2": 0.8484392976248163,
      "L2_to_L3": 0.8495127762877084,
      "L3_to_L4": 0.8877136861461696,
      "L4_to_L5": 0.411387336141529,
      "L5_to_L6": -0.23016582532486385,
      "L6_to_L7": 0.6408979911332973,
      "L7_to_L8": 0.1364480548087117,
      "L8_to_L9": 0.06940247632449793,
      "L9_to_L10": 0.6353477409191967,
      "L10_to_L11": -0.22908471824945853,
      "L11_to_L12": 0.6560886066822278,
      "L12_to_L13": -0.17007816729371716,
      "L13_to_L14": 0.6010313166535032,
      "L14_to_L15": 0.6961449622571702,
      "L15_to_L16": 0.6069622786664193,
      "L16_to_L17": 0.728691456833829,
      "L17_to_L18": 0.6880011340303819,
      "L18_to_L19": 0.8804164601022106,
      "L19_to_L20": 0.5464163981891605,
      "L20_to_L21": 0.8670246126118915,
      "L21_to_L22": 0.3322642836467872,
      "L22_to_L23": 0.8708929805008648,
      "L23_to_L24": 0.8794711071970422,
      "L24_to_L25": 0.8720943617465328,
      "L25_to_L26": 0.9385421681413849,