{
  "model": "glm4",
  "experiment": "p591",
  "n_texts": 252,
  "delta_k_stability": {
    "mean_abs_delta": 0.005047578364610672,
    "mean_delta_std": 0.016496241092681885,
    "mean_cv": 6.0900373458862305,
    "most_stable_dirs": [
      18,
      36,
      71,
      2,
      98,
      91,
      11,
      22,
      29,
      78
    ],
    "least_stable_dirs": [
      52,
      60,
      96,
      47,
      57,
      20,
      83,
      72,
      95,
      16
    ]
  },
  "delta_k_conditional": {
    "n_groups_with_3plus": 6,
    "mean_variance_reduction": 0.6039287447929382,
    "variance_reduction_top5": [
      0.5596717596054077,
      0.352295458316803,
      0.7476626634597778,
      0.6878834962844849,
      0.6813006401062012
    ]
  },
  "sign_consistency": {
    "mean": 0.66765873015873,
    "top5_dirs": [
      36,
      71,
      29,
      18,
      78
    ],
    "bottom5_dirs": [
      16,
      72,
      47,
      0,
      79
    ],
    "above_07_count": 26
  },
  "delta_k_prediction": {
    "mean_delta_r": -0.0009166522027183955,
    "actual_delta_r": 0.19338903824067794,
    "delta_mean_norm": 0.0735698789358139,
    "delta_std_mean_norm": 0.016496241092681885
  },
  "sign_prediction": {
    "sign_mean_delta_r": -0.0009166522027183955
  }
}