{
  "model": "glm4",
  "experiment": "p594",
  "n_texts": 252,
  "gap_to_prob": {
    "direct_r": 0.8768809972523468,
    "gap_to_logit_prob_r": 0.8939231269497634,
    "var_to_prob_r": -0.19360826312191284,
    "max_to_prob_r": 0.7613273375864003,
    "multi_regression_r": 0.9407017114903086,
    "multi_coeffs": [
      0.12878807756431224,
      0.07403187978688164,
      -0.7278184953269302
    ]
  },
  "softmax_simulation": {
    "temp_5": {
      "probs_at_gap1": 0.0015680217777058912,
      "probs_at_gap5": 0.011592699460863328,
      "probs_at_gap10": 0.12641727214480086
    },
    "temp_10": {
      "probs_at_gap1": 0.0015680217777058912,
      "probs_at_gap5": 0.011592699460863316,
      "probs_at_gap10": 0.12641727214480086
    },
    "temp_15": {
      "probs_at_gap1": 0.0015680217777058912,
      "probs_at_gap5": 0.011592699460863316,
      "probs_at_gap10": 0.12641727214480086
    },
    "temp_20": {
      "probs_at_gap1": 0.0015680217777058886,
      "probs_at_gap5": 0.011592699460863316,
      "probs_at_gap10": 0.12641727214480086
    },
    "temp_25": {
      "probs_at_gap1": 0.0015680217777058888,
      "probs_at_gap5": 0.011592699460863318,
      "probs_at_gap10": 0.12641727214480086
    }
  },
  "nonlinear_transform": {
    "r": 0.931521929835206,
    "mean_offset": -0.4374927878379822,
    "std_offset": 0.9219571948051453
  },
  "quantile_analysis": {
    "q0": {
      "mean_gap": 0.17279411764705882,
      "mean_prob": 0.38277629894368786,
      "n": 51
    },
    "q1": {
      "mean_gap": 0.5163043478260869,
      "mean_prob": 0.44244234555441403,
      "n": 46
    },
    "q2": {
      "mean_gap": 1.0208333333333333,
      "mean_prob": 0.5754392351955175,
      "n": 48
    },
    "q3": {
      "mean_gap": 1.6640625,
      "mean_prob": 0.6727897168270179,
      "n": 56
    },
    "q4": {
      "mean_gap": 2.70625,
      "mean_prob": 0.8285131859779358,
      "n": 50
    }
  }
}