{
  "model": "glm4",
  "experiment": "p590",
  "n_texts": 252,
  "format_directions": [
    0,
    9,
    10,
    8,
    5
  ],
  "format_punct_fraction": [
    0.20739960895416226,
    0.22744074954229052,
    0.23815749953364052,
    0.32587214510698237,
    0.5720636079946385
  ],
  "correlations": {
    "full_to_prob": 0.8768809746588749,
    "format_only_to_prob": 0.2558447180718696,
    "content_only_to_prob": -0.01877113546693701,
    "alpha_to_full_gap": NaN,
    "alpha_to_format_only_gap": NaN,
    "alpha_to_content_only_gap": NaN,
    "alpha_to_prob": NaN,
    "ratio50_to_full_gap": -0.14988301281444114,
    "ratio50_to_format_only_gap": 0.05889906614144787,
    "ratio50_to_content_only_gap": -0.03851670573734353,
    "ratio50_to_prob": -0.02475823458036749,
    "ratio10_to_full_gap": -0.052955368016210536,
    "ratio10_to_format_only_gap": 0.11964187780353511,
    "ratio10_to_content_only_gap": 0.00966376490734781,
    "ratio10_to_prob": 0.08650307344852667
  },
  "gap_stats": {
    "full_mean": 1.2477678571428572,
    "format_mean": 0.641360829953873,
    "content_mean": 0.04478078110084411,
    "format_fraction": 1.9994594018715997
  },
  "content_only_test": {
    "content_gap_to_prob": -0.01877113546693701,
    "format_gap_to_prob": 0.2558447180718696,
    "full_gap_to_prob": 0.8768809746588749,
    "ratio50_to_prob": -0.02475823458036749
  }
}