{
  "model": "qwen3",
  "experiment": "p591",
  "n_texts": 252,
  "delta_k_stability": {
    "mean_abs_delta": 0.003401847556233406,
    "mean_delta_std": 0.014963830821216106,
    "mean_cv": 14.156777381896973,
    "most_stable_dirs": [
      1,
      95,
      55,
      84,
      39,
      17,
      70,
      68,
      33,
      94
    ],
    "least_stable_dirs": [
      2,
      77,
      50,
      34,
      35,
      48,
      98,
      57,
      26,
      4
    ]
  },
  "delta_k_conditional": {
    "n_groups_with_3plus": 5,
    "mean_variance_reduction": 0.5349647998809814,
    "variance_reduction_top5": [
      -0.026448965072631836,
      0.7835613489151001,
      0.5195760726928711,
      0.6186532974243164,
      0.5546634197235107
    ]
  },
  "sign_consistency": {
    "mean": 0.6515873015873016,
    "top5_dirs": [
      17,
      95,
      39,
      60,
      1
    ],
    "bottom5_dirs": [
      29,
      5,
      7,
      13,
      37
    ],
    "above_07_count": 4
  },
  "delta_k_prediction": {
    "mean_delta_r": -0.07878480946522544,
    "actual_delta_r": 0.10810238599961401,
    "delta_mean_norm": 0.048230212181806564,
    "delta_std_mean_norm": 0.014963830821216106
  },
  "sign_prediction": {
    "sign_mean_delta_r": -0.07878480946522544
  }
}