{
  "model": "qwen3",
  "experiment": "p592",
  "n_texts": 252,
  "abs_decomposition": {
    "mean_r": 1.0,
    "min_r": 0.9999997615814209
  },
  "spectral_to_ck2": {
    "ratio50_to_sum_ck2": 0.647553091573605,
    "alpha_to_sum_ck2": NaN
  },
  "wu_structure_to_delta": {
    "s_k_vs_mean_abs_Delta_k_r": 0.7933526039123535
  },
  "two_step_prediction": {
    "mean_c_actual_d_r": 0.0969860118037251,
    "actual_c_mean_d_r": 0.11316948657449122,
    "mean_c_mean_d_r": 0.13225609839165897
  },
  "ck2_dk2_to_logitvar": {
    "sum_ck2_dk2_mean": 2.6301255226135254,
    "logit_var": 1.2298309948979596
  }
}