{
  "model": "qwen3",
  "experiment": "p590",
  "n_texts": 252,
  "format_directions": [
    49,
    7,
    11,
    1,
    2
  ],
  "format_punct_fraction": [
    0.20558768314852183,
    0.20670202328187068,
    0.20760229369182012,
    0.3230972455841651,
    0.5230304080232013
  ],
  "correlations": {
    "full_to_prob": 0.791082018318988,
    "format_only_to_prob": 0.0914754582514697,
    "content_only_to_prob": 0.17655102215283364,
    "alpha_to_full_gap": NaN,
    "alpha_to_format_only_gap": NaN,
    "alpha_to_content_only_gap": NaN,
    "alpha_to_prob": NaN,
    "ratio50_to_full_gap": -0.11553290629315918,
    "ratio50_to_format_only_gap": 0.10350667610944678,
    "ratio50_to_content_only_gap": -0.021033810125825017,
    "ratio50_to_prob": 0.02068609400385936,
    "ratio10_to_full_gap": -0.20862374749603071,
    "ratio10_to_format_only_gap": 0.13482616089310145,
    "ratio10_to_content_only_gap": -0.024418209063538747,
    "ratio10_to_prob": -0.021940949605247794
  },
  "gap_stats": {
    "full_mean": 1.1339285714285714,
    "format_mean": 0.2246503568003102,
    "content_mean": 0.3026723019438722,
    "format_fraction": 0.6789342627986222
  },
  "content_only_test": {
    "content_gap_to_prob": 0.17655102215283364,
    "format_gap_to_prob": 0.0914754582514697,
    "full_gap_to_prob": 0.791082018318988,
    "ratio50_to_prob": 0.02068609400385936
  }
}