{
  "model": "qwen3",
  "experiment": "p594",
  "n_texts": 252,
  "gap_to_prob": {
    "direct_r": 0.7910773245665192,
    "gap_to_logit_prob_r": 0.92915867283692,
    "var_to_prob_r": 0.12358892874083474,
    "max_to_prob_r": 0.650472900299342,
    "multi_regression_r": 0.8229792708820639,
    "multi_coeffs": [
      0.0992246409359574,
      0.023780074568967902,
      -0.11647683579017783
    ]
  },
  "softmax_simulation": {
    "temp_5": {
      "probs_at_gap1": 0.0015680217777058912,
      "probs_at_gap5": 0.011592699460863328,
      "probs_at_gap10": 0.12641727214480086
    },
    "temp_10": {
      "probs_at_gap1": 0.0015680217777058912,
      "probs_at_gap5": 0.011592699460863316,
      "probs_at_gap10": 0.12641727214480086
    },
    "temp_15": {
      "probs_at_gap1": 0.0015680217777058912,
      "probs_at_gap5": 0.011592699460863316,
      "probs_at_gap10": 0.12641727214480086
    },
    "temp_20": {
      "probs_at_gap1": 0.0015680217777058886,
      "probs_at_gap5": 0.011592699460863316,
      "probs_at_gap10": 0.12641727214480086
    },
    "temp_25": {
      "probs_at_gap1": 0.0015680217777058888,
      "probs_at_gap5": 0.011592699460863318,
      "probs_at_gap10": 0.12641727214480086
    }
  },
  "nonlinear_transform": {
    "r": 0.9353063619451362,
    "mean_offset": -0.5754992365837097,
    "std_offset": 1.151588797569275
  },
  "quantile_analysis": {
    "q0": {
      "mean_gap": 0.1323529411764706,
      "mean_prob": 0.4064042439647749,
      "n": 51
    },
    "q1": {
      "mean_gap": 0.5025,
      "mean_prob": 0.4845896852016449,
      "n": 50
    },
    "q2": {
      "mean_gap": 0.8881578947368421,
      "mean_prob": 0.5823483122022528,
      "n": 38
    },
    "q3": {
      "mean_gap": 1.3169642857142858,
      "mean_prob": 0.6594089338822025,
      "n": 56
    },
    "q4": {
      "mean_gap": 2.4107142857142856,
      "mean_prob": 0.8365072969879422,
      "n": 56
    }
  }
}