{
  "model": "qwen3",
  "experiment": "p589",
  "n_texts": 252,
  "n_layers": 36,
  "additive_verification": {
    "r_predicted_vs_actual": 0.9999999999999999,
    "mean_gap_0": 0.0038243618790089846,
    "mean_gap_final": 9.388228810022747,
    "mean_total_delta": 9.384404448143739
  },
  "mlp_increment_analysis": {
    "delta_stats": {
      "L1": {
        "mean": 0.043075298700141644,
        "std": 0.17156069842899424,
        "min": -0.5814214050769806,
        "max": 0.566891610622406
      },
      "L2": {
        "mean": 0.010365869702091293,
        "std": 0.11188236868115158,
        "min": -0.38249555230140686,
        "max": 0.40243998169898987
      },
      "L3": {
        "mean": 0.006587847076829464,
        "std": 0.10810138641464545,
        "min": -0.3001613914966583,
        "max": 0.6769760549068451
      },
      "L4": {
        "mean": 0.00902368574743233,
        "std": 0.1309836991545148,
        "min": -0.6377298533916473,
        "max": 0.3675476312637329
      },
      "L5": {
        "mean": 0.02953802906568088,
        "std": 0.22293796144938777,
        "min": -0.7163757681846619,
        "max": 0.7382351458072662
      },
      "L6": {
        "mean": 0.09062628947671443,
        "std": 0.3236336931262787,
        "min": -0.8198773860931396,
        "max": 0.9097732901573181
      },
      "L7": {
        "mean": -0.0032605668677697106,
        "std": 0.32846315893264916,
        "min": -1.4390507340431213,
        "max": 1.760335922241211
      },
      "L8": {
        "mean": 0.012192099251680903,
        "std": 0.3086881782959877,
        "min": -0.9560155868530273,
        "max": 0.8139697313308716
      },
      "L9": {
        "mean": -0.03309437913435792,
        "std": 0.37989478170698904,
        "min": -1.1525859236717224,
        "max": 1.2170365452766418
      },
      "L10": {
        "mean": -0.04022821405577281,
        "std": 0.3649814313770252,
        "min": -1.0793701112270355,
        "max": 1.067928969860077
      },
      "L11": {
        "mean": 0.10653491590231184,
        "std": 0.4347299276568167,
        "min": -0.9170574247837067,
        "max": 1.0949690341949463
      },
      "L12": {
        "mean": 0.003922322084979405,
        "std": 0.3598835305430441,
        "min": -1.2926709800958633,
        "max": 1.1988530158996582
      },
      "L13": {
        "mean": 0.006219252825729431,
        "std": 0.35721629259916177,
        "min": -1.415752649307251,
        "max": 1.3174430131912231
      },
      "L14": {
        "mean": 0.02736901379530392,
        "std": 0.325764386322468,
        "min": -1.25034499168396,
        "max": 1.0404018759727478
      },
      "L15": {
        "mean": 0.06876586756062886,
        "std": 0.33675485407290706,
        "min": -1.2316019535064697,
        "max": 1.0336933732032776
      },
      "L16": {
        "mean": -0.014192296990326472,
        "std": 0.3232576432098159,
        "min": -0.8996279239654541,
        "max": 1.289671391248703
      },
      "L17": {
        "mean": -0.025293681179247206,
        "std": 0.2984379230344115,
        "min": -1.2641647458076477,
        "max": 1.4190330505371094
      },
      "L18": {
        "mean": -0.013427170850927867,
        "std": 0.26830795922863315,
        "min": -0.7201284766197205,
        "max": 1.06114661693573
      },
      "L19": {
        "mean": 0.006693107386430104,
        "std": 0.3228791562458375,
        "min": -0.8530496656894684,
        "max": 1.0610566586256027
      },
      "L20": {
        "mean": 0.07252646355874955,
        "std": 0.4634307111409535,
        "min": -1.3806255459785461,
        "max": 1.3613978624343872
      },
      "L21": {
        "mean": -0.07829542523102155,
        "std": 0.3803143602634071,
        "min": -0.9606716632843018,
        "max": 1.2126191854476929
      },
      "L22": {
        "mean": 0.14256473536056186,
        "std": 0.45086451249858434,
        "min": -0.8674788475036621,
        "max": 1.6219545602798462
      },
      "L23": {
        "mean": 0.1636585315896405,
        "std": 0.5915346970178376,
        "min": -1.5814236402511597,
        "max": 1.7958762645721436
      },
      "L24": {
        "mean": 0.5486422799054592,
        "std": 1.2487936815584029,
        "min": -2.617051601409912,
        "max": 4.10892391204834
      },
      "L25": {
        "mean": 0.20404526130074546,
        "std": 0.8332336637506293,
        "min": -1.7644309997558594,
        "max": 5.007779121398926
      },
      "L26": {
        "mean": 0.33590833618054317,
        "std": 0.7219514579276892,
        "min": -1.8144235610961914,
        "max": 2.929184913635254
      },
      "L27": {
        "mean": 0.4114250714580218,
        "std": 1.1133916852767236,
        "min": -2.0552735328674316,
        "max": 9.104124069213867
      },
      "L28": {
        "mean": 0.1467834741823257,
        "std": 1.0664532882227902,
        "min": -2.9797582626342773,
        "max": 6.116460800170898
      },
      "L29": {
        "mean": 1.0673070320534328,
        "std": 2.966651963875086,
        "min": -11.270803451538086,
        "max": 38.64577102661133
      },
      "L30": {
        "mean": 0.907251755396525,
        "std": 2.234296925876041,
        "min": -4.243809700012207,
        "max": 14.37165641784668
      },
      "L31": {
        "mean": 0.5268687847114745,
        "std": 3.3072734036233356,
        "min": -10.465240955352783,
        "max": 24.632689476013184
      },
      "L32": {
        "mean": 1.8522307437563699,
        "std": 3.3923545014382217,
        "min": -16.51896858215332,
        "max": 28.871679306030273
      },
      "L33": {
        "mean": 1.2083468626415919,
        "std": 2.2648542449031943,
        "min": -9.355596542358398,
        "max": 7.984502792358398
      },
      "L34": {
        "mean": 2.310861305584983,
        "std": 4.065328722489992,
        "min": -6.787086486816406,
        "max": 10.072027206420898
      },
      "L35": {
        "mean": -0.7271380538032168,
        "std": 3.253246299857143,
        "min": -15.141044616699219,
        "max": 7.699850082397461
      }
    },
    "delta_gap_correlation": {
      "L0_to_L1": 0.20514481996696302,
      "L1_to_L2": 0.4540832472502583,
      "L2_to_L3": 0.2044871770375384,
      "L3_to_L4": 0.26863449631496367,
      "L4_to_L5": 0.41417560257938174,
      "L5_to_L6": 0.5390396358842678,
      "L6_to_L7": 0.25316485108201886,
      "L7_to_L8": -0.07381212622617536,
      "L8_to_L9": -0.2638042773900219,
      "L9_to_L10": -0.12966576255585113,
      "L10_to_L11": 0.05108992049717308,
      "L11_to_L12": -0.0851611325207816,
      "L12_to_L13": -0.30842220474874477,
      "L13_to_L14": -0.1414663230663104,
      "L14_to_L15": -0.10513007336032017,
      "L15_to_L16": -0.24594433807950855,
      "L16_to_L17": 0.09952113516901749,
      "L17_to_L18": -0.24486526768536104,
      "L18_to_L19": -0.16574974088842684,
      "L19_to_L20": 0.2822791872605575,
      "L20_to_L21": -0.037429630160995084,
      "L21_to_L22": 0.3230220699727789,
      "L22_to_L23": 0.36886565628430357,
      "L23_to_L24": 0.6971735142195118,
      "L24_to_L25": 0.6635566599107269,
      "L25_to_L26": 0.4724422128710588,
      "L26_to_L27": 0.5672621987921161,
      "L27_to_L28": 0.5527733581115031,
      "L28_to_L29": 0.6040462824635149,
      "L29_to_L30": 0.7418625601424151,
      "L30_to_L31": 0.38705020927924466,
      "L31_to_L32": 0.6080707103507885,
      "L32_to_L33": 0.30880136967644145,
      "L33_to_L34": 0.5212833211018254,
      "L34_to_L35": -0.24732446178723938
    },
    "mean_abs_delta_by_layer": {
      "L1": 0.13765041209528192,
      "L2": 0.08734731479651398,
      "L3": 0.08056032472837066,
      "L4": 0.09579113897468362,
      "L5": 0.17412373228442102,
      "L6": 0.2721664801772152,
      "L7": 0.23515724009346395,
      "L8": 0.23977803796648034,
      "L9": 0.2932625406140846,
      "L10": 0.2854115981904287,
      "L11": 0.3555776507608474,