{
  "model": "qwen3",
  "experiment": "p593",
  "n_texts": 252,
  "sign_agreement": {
    "mean": 0.5032936507936508,
    "most_agreeing": [
      45,
      39,
      53,
      33,
      1
    ],
    "least_agreeing": [
      17,
      32,
      26,
      82,
      99
    ],
    "above_07_count": 0,
    "below_03_count": 0
  },
  "sign_analysis": {
    "predicted_sign_r": 0.2368011679098989,
    "oracle_sign_r": 0.10810159615795477,
    "random_sign_r_mean": 0.01581228526630393,
    "random_sign_r_std": 0.16011822118012328,
    "sign_stability_vs_magnitude_mean": 0.891984126984127
  },
  "weighted_sign_prediction": {
    "r": 0.23331551346980822
  },
  "top_n_consistent": {
    "top5": 0.1394768929438923,
    "top10": 0.06901434247528074,
    "top20": 0.10113459736812333,
    "top30": 0.2219189822511159
  }
}