{
  "model": "deepseek7b",
  "experiment": "p586",
  "n_texts": 294,
  "K": 100,
  "w_u_diff_stats": {
    "mean_norm": 0.3386608362197876,
    "std_norm": 0.1892818659543991,
    "top10_energy_dirs": [
      0,
      2,
      1,
      3,
      6,
      7,
      22,
      8,
      9,
      12
    ],
    "top10_energy_values": [
      0.08464628458023071,
      0.010603192262351513,
      0.006599029526114464,
      0.004112958908081055,
      0.004048757255077362,
      0.003567791311070323,
      0.0031821029260754585,
      0.002442625816911459,
      0.0016579407965764403,
      0.0016548659186810255
    ]
  },
  "top_alignment_dirs": [
    0,
    2,
    22,
    1,
    12,
    18,
    6,
    28,
    13,
    8
  ],
  "sv_delta_correlation": {
    "r_sv_vs_delta": 0.4924452445244524,
    "r_sv2_vs_energy": 0.5405940594059405
  },
  "factor_analysis": {
    "r_ck_vs_contrib": 0.8700510051005099,
    "r_delta_vs_contrib": 0.7267206720672067,
    "r_product_vs_contrib": 0.9985478547854785
  },
  "w_u_structure_prediction": {
    "r_diff_norm_gap": -0.03357091164071089,
    "r_diff_norm_prob": -0.1701859797538475
  }
}