{
  "model": "deepseek7b",
  "experiment": "p587",
  "n_texts": 294,
  "power_law": {
    "a": 163.18916168099918,
    "b": 1.2536944569516921,
    "R2": 0.8112987571120647
  },
  "wu_vs_wembed": {
    "spectral_correlation": 0.9999999999999999,
    "wu_ratio_1_50": 22.139509201049805,
    "wembed_ratio_1_50": 2.9552955627441406
  },
  "functional_separation": {
    "punct_concentration": 0.8965248465538025,
    "article_concentration": 0.7234556078910828,
    "content_concentration": 0.8318569660186768
  },
  "wu_to_delta": {
    "r_sv_vs_delta": 0.4332313231323132,
    "top10_delta_dirs": [
      0,
      2,
      1,
      22,
      12,
      18,
      6,
      28,
      8,
      3
    ],
    "top10_delta_svs": [
      178.653564453125,
      24.11517333984375,
      37.13011932373047,
      9.15876579284668,
      10.234977722167969,
      9.398185729980469,
      12.052690505981445,
      8.73051643371582,
      11.217235565185547,
      18.089847564697266
    ]
  },
  "anisotropy_1": 0.7738184332847595,
  "anisotropy_5": 0.8341060876846313,
  "anisotropy_10": 0.8505995273590088,
  "anisotropy_50": 0.9274367690086365
}