{
  "model": "deepseek7b",
  "experiment": "p584",
  "n_texts": 294,
  "K": 100,
  "snr_stats": {
    "n_snr_gt_1": 0,
    "n_snr_gt_05": 10,
    "snr_range": [
      0.0014925467548891902,
      0.6188142895698547
    ]
  },
  "snr_top1": {
    "r_gap": 0.25145491060442166,
    "r_prob": 0.13701469888824794
  },
  "snr_top3": {
    "r_gap": 0.21310422854606942,
    "r_prob": 0.016242489577299526
  },
  "snr_top5": {
    "r_gap": 0.2239679086019855,
    "r_prob": 0.01926072936379248
  },
  "snr_top10": {
    "r_gap": 0.22104390396842488,
    "r_prob": 0.03165166433312854
  },
  "snr_top20": {
    "r_gap": 0.21426801229934064,
    "r_prob": 0.036101615339089815
  },
  "snr_top50": {
    "r_gap": 0.18968116454849657,
    "r_prob": -0.09148522146077556
  },
  "random_top5": {
    "mean_r": 0.021962874672583593,
    "std_r": 0.13576569937792804
  },
  "random_top10": {
    "mean_r": 0.02970144691880291,
    "std_r": 0.11122146528867086
  },
  "random_top20": {
    "mean_r": 0.044661315280524735,
    "std_r": 0.12924409166466466
  },
  "random_top50": {
    "mean_r": 0.09765939580399602,
    "std_r": 0.09937806116264257
  },
  "sign_consistency": {
    "n_consistent": 30,
    "n_inconsistent": 70,
    "r_consistent": 0.21459220803070092,
    "r_inconsistent": 0.04727428867430662,
    "top10_consistent_dirs": [
      2,
      7,
      8,
      13,
      14,
      15,
      16,
      17,
      18,
      21
    ]
  },
  "optimal_subset": {
    "snr_ordered": {
      "best_n": 79,
      "best_r": 0.27278184852420206
    },
    "signal_ordered": {
      "best_n": 7,
      "best_r": 0.2261562401918207
    }
  }
}