{
  "model": "deepseek7b",
  "experiment": "p583",
  "n_texts": 294,
  "K": 100,
  "direction_selection": {
    "top1": {
      "r_gap": 0.01745932739085972,
      "p_gap": 0.7656172851624644,
      "r_prob": -0.16839155918148135
    },
    "top3": {
      "r_gap": 0.1478197849088663,
      "p_gap": 0.01115707995059681,
      "r_prob": -0.049496295174891694
    },
    "top5": {
      "r_gap": 0.16496862817012775,
      "p_gap": 0.004567829140996615,
      "r_prob": -0.030990664113334305
    },
    "top10": {
      "r_gap": 0.17716016694628683,
      "p_gap": 0.0022969931832055503,
      "r_prob": -0.021351704028012727
    },
    "top20": {
      "r_gap": 0.15792182241039782,
      "p_gap": 0.006661547195149422,
      "r_prob": -0.04169605698617986
    },
    "top50": {
      "r_gap": 0.1492244881270554,
      "p_gap": 0.010403293095126484,
      "r_prob": -0.05826812564336513
    }
  },
  "snr_high_snr": {
    "r_gap": 0.01439908290820651,
    "p_gap": 0.8057953973870268,
    "r_prob": -0.1641892697192845
  },
  "snr_low_snr": {
    "r_gap": 0.23101432322452353,
    "p_gap": 6.376860054785777e-05,
    "r_prob": 0.01685435973337915
  },
  "snr_snr_weighted": {
    "r_gap": 0.013601601148421356,
    "p_gap": 0.8163546409431827,
    "r_prob": -0.15062617311850546
  },
  "snr_distribution": {
    "snr_range": [
      0.0003988944847795035,
      0.020389973998204157
    ],
    "snr_median": 0.003994184709860297,
    "n_high_snr": 50,
    "n_low_snr": 50,
    "top10_snr_dirs": [
      0,
      61,
      74,
      82,
      40,
      76,
      30,
      57,
      72,
      86
    ],
    "top10_snr_values": [
      0.020389973998204157,
      0.011724728798950262,
      0.01158119942256794,
      0.011572667177716635,
      0.01069566986756922,
      0.010261766305686948,
      0.010214096551816826,
      0.00945866798673198,
      0.009187034203400054,
      0.009069887442014188
    ]
  }
}