{
  "model": "deepseek7b",
  "experiment": "p588",
  "n_texts": 294,
  "K": 100,
  "best_path": "snr_top5",
  "best_path_r": -0.16723729997385625,
  "chain_results": {
    "alpha_gap": 0.1597147326571835,
    "alpha_prob": 0.16605208395513132,
    "ratio_50_gap": 0.007260369889928766,
    "ratio_50_prob": -0.002918178796011249,
    "c_k_rms_gap": 0.053302792990218735,
    "c_k_rms_prob": 0.00610344999790178,
    "c_k_top10_ratio_gap": 0.056785481154290905,
    "c_k_top10_ratio_prob": 0.0469893637922296,
    "snr_top5_gap": -0.01663435965931057,
    "snr_top5_prob": -0.16723729997385625,
    "snr_top10_gap": -0.007198861146027389,
    "snr_top10_prob": -0.15657126395895837,
    "snr_top20_gap": -0.009176961564785577,
    "snr_top20_prob": -0.16214540986171191,
    "snr_top94_gap": 0.14701035914693786,
    "snr_top94_prob": -0.06401489891645427,
    "snr_weighted_gap": 0.014383491640677759,
    "snr_weighted_prob": -0.14987834060425695,
    "diff_norm_gap": 0.054337484063229476,
    "diff_norm_prob": -0.08371797440001168,
    "alpha_weighted_gap": 0.12449650948933617,
    "ratio_50_weighted_gap": 0.12576162043876388,
    "c_k_rms_weighted_gap": 0.22656898458681685,
    "weighted_gap_prob": -0.06401489891645427
  },
  "optimal_subset_n": 94
}