{
  "model": "glm4",
  "experiment": "p588",
  "n_texts": 294,
  "K": 100,
  "best_path": "c_k_rms",
  "best_path_r": -0.30219903600088366,
  "chain_results": {
    "alpha_gap": -0.1513976618104802,
    "alpha_prob": -0.09411406711332694,
    "ratio_50_gap": -0.16168060662025693,
    "ratio_50_prob": -0.0390840932475154,
    "c_k_rms_gap": -0.24710635804331899,
    "c_k_rms_prob": -0.30219903600088366,
    "c_k_top10_ratio_gap": -0.0879866146370271,
    "c_k_top10_ratio_prob": 0.008720381816530018,
    "snr_top5_gap": -0.14121373979912016,
    "snr_top5_prob": -0.059184612033801806,
    "snr_top10_gap": -0.15809936955089454,
    "snr_top10_prob": -0.031654535187629756,
    "snr_top20_gap": 0.17277974572582908,
    "snr_top20_prob": -0.11952625506543038,
    "snr_top51_gap": 0.19908960934448341,
    "snr_top51_prob": -0.08141726312500976,
    "snr_weighted_gap": 0.18275868349744293,
    "snr_weighted_prob": -0.11391765670900021,
    "diff_norm_gap": 0.09312615987361998,
    "diff_norm_prob": -0.050131334083343956,
    "alpha_weighted_gap": 0.0892038528210223,
    "ratio_50_weighted_gap": 0.024698600753398026,
    "c_k_rms_weighted_gap": -0.0226600426603425,
    "weighted_gap_prob": -0.08141726312500976
  },
  "optimal_subset_n": 51
}