{
  "model": "glm4",
  "experiment": "p583",
  "n_texts": 294,
  "K": 100,
  "direction_selection": {
    "top1": {
      "r_gap": 0.1879256127546521,
      "p_gap": 0.0012061674979980007,
      "r_prob": -0.10503592583827737
    },
    "top3": {
      "r_gap": 0.19443875817140138,
      "p_gap": 0.0008029586234199326,
      "r_prob": -0.07630381099682278
    },
    "top5": {
      "r_gap": 0.19164628701319833,
      "p_gap": 0.0009575312846974831,
      "r_prob": -0.07931013024440596
    },
    "top10": {
      "r_gap": 0.19085650717774597,
      "p_gap": 0.0010059774698633736,
      "r_prob": -0.09107329049941491
    },
    "top20": {
      "r_gap": 0.1801233649588546,
      "p_gap": 0.0019305399612978011,
      "r_prob": -0.09225162416869095
    },
    "top50": {
      "r_gap": 0.18988458528414304,
      "p_gap": 0.0010686922579645835,
      "r_prob": -0.0957757549391397
    }
  },
  "snr_high_snr": {
    "r_gap": 0.19874636229695114,
    "p_gap": 0.0006091034403883814,
    "r_prob": -0.08150104604666852
  },
  "snr_low_snr": {
    "r_gap": -0.1945524565887528,
    "p_gap": 0.000797182679440572,
    "r_prob": -0.07689732714000443
  },
  "snr_snr_weighted": {
    "r_gap": 0.18273911722344147,
    "p_gap": 0.0016523077524249756,
    "r_prob": -0.11421835492552534
  },
  "snr_distribution": {
    "snr_range": [
      0.0004895833316146446,
      0.018257311573968045
    ],
    "snr_median": 0.003846885741796203,
    "n_high_snr": 50,
    "n_low_snr": 50,
    "top10_snr_dirs": [
      5,
      3,
      15,
      94,
      33,
      88,
      66,
      2,
      29,
      34
    ],
    "top10_snr_values": [
      0.018257311573968045,
      0.015003794487727483,
      0.014828566357786843,
      0.010767341964947406,
      0.00971836575466344,
      0.009190535122516613,
      0.009169085265930731,
      0.008428935846876104,
      0.008426468672309059,
      0.008135514350518066
    ]
  }
}