{
  "model": "glm4",
  "experiment": "p586",
  "n_texts": 294,
  "K": 100,
  "w_u_diff_stats": {
    "mean_norm": 0.23823386430740356,
    "std_norm": 0.07454445958137512,
    "top10_energy_dirs": [
      0,
      5,
      15,
      26,
      2,
      3,
      6,
      7,
      9,
      94
    ],
    "top10_energy_values": [
      0.026941848918795586,
      0.003515104530379176,
      0.0032631168141961098,
      0.0019265683367848396,
      0.0018957378342747688,
      0.001594021450728178,
      0.0015906436601653695,
      0.0013147895224392414,
      0.0008604587055742741,
      0.0007962399395182729
    ]
  },
  "top_alignment_dirs": [
    0,
    5,
    15,
    2,
    26,
    3,
    7,
    9,
    94,
    33
  ],
  "sv_delta_correlation": {
    "r_sv_vs_delta": 0.5698769876987698,
    "r_sv2_vs_energy": 0.6267626762676267
  },
  "factor_analysis": {
    "r_ck_vs_contrib": 0.6385838583858385,
    "r_delta_vs_contrib": 0.8205220522052203,
    "r_product_vs_contrib": 0.9983078307830783
  },
  "w_u_structure_prediction": {
    "r_diff_norm_gap": 0.020193395917317586,
    "r_diff_norm_prob": -0.07016232164195803
  }
}