{
  "model": "glm4",
  "experiment": "p584",
  "n_texts": 294,
  "K": 100,
  "snr_stats": {
    "n_snr_gt_1": 0,
    "n_snr_gt_05": 0,
    "snr_range": [
      0.005643889307975769,
      0.4912661910057068
    ]
  },
  "snr_top1": {
    "r_gap": -0.21926033113733745,
    "r_prob": 0.07474660764522549
  },
  "snr_top3": {
    "r_gap": -0.1144440169734937,
    "r_prob": -0.02467614440145453
  },
  "snr_top5": {
    "r_gap": 0.230172285243057,
    "r_prob": 0.05817749057122493
  },
  "snr_top10": {
    "r_gap": 0.2294759649977683,
    "r_prob": 0.07125977119831937
  },
  "snr_top20": {
    "r_gap": 0.1588062457005146,
    "r_prob": -0.05056998313925347
  },
  "snr_top50": {
    "r_gap": 0.1876410208776613,
    "r_prob": -0.09137828671475051
  },
  "random_top5": {
    "mean_r": -0.008300674672820783,
    "std_r": 0.12978235053192888
  },
  "random_top10": {
    "mean_r": 0.007695128117212635,
    "std_r": 0.14780817608591632
  },
  "random_top20": {
    "mean_r": 0.002317407937362173,
    "std_r": 0.14127508974320305
  },
  "random_top50": {
    "mean_r": 0.08071957580438072,
    "std_r": 0.12887531022818813
  },
  "sign_consistency": {
    "n_consistent": 10,
    "n_inconsistent": 90,
    "r_consistent": -0.13709472446481077,
    "r_inconsistent": 0.18651557134231334,
    "top10_consistent_dirs": [
      2,
      6,
      9,
      17,
      18,
      22,
      31,
      54,
      62,
      71
    ]
  },
  "optimal_subset": {
    "snr_ordered": {
      "best_n": 2,
      "best_r": -0.2421159002720198
    },
    "signal_ordered": {
      "best_n": 3,
      "best_r": 0.2008209560773793
    }
  }
}