{
  "model": "glm4",
  "experiment": "p587",
  "n_texts": 294,
  "power_law": {
    "a": 45.70121413622568,
    "b": 0.6048707004640389,
    "R2": 0.6587794547668748
  },
  "wu_vs_wembed": {
    "spectral_correlation": 0.9999999999999999,
    "wu_ratio_1_50": 11.279309272766113,
    "wembed_ratio_1_50": 3.1481757164001465
  },
  "functional_separation": {
    "punct_concentration": 0.8891364932060242,
    "article_concentration": 0.7359006404876709,
    "content_concentration": 0.7361945509910583
  },
  "wu_to_delta": {
    "r_sv_vs_delta": 0.5317371737173716,
    "top10_delta_dirs": [
      0,
      15,
      26,
      2,
      5,
      3,
      7,
      6,
      9,
      94
    ],
    "top10_delta_svs": [
      66.4865951538086,
      7.234786510467529,
      6.419658184051514,
      12.513187408447266,
      9.497076034545898,
      10.629158973693848,
      8.561999320983887,
      8.758040428161621,
      8.084823608398438,
      5.471044540405273
    ]
  },
  "anisotropy_1": 0.5076497793197632,
  "anisotropy_5": 0.5801812410354614,
  "anisotropy_10": 0.6230489611625671,
  "anisotropy_50": 0.8184531927108765
}