{
  "model": "qwen3",
  "experiment": "p587",
  "n_texts": 294,
  "power_law": {
    "a": 80.9904805345037,
    "b": 0.5667021932121488,
    "R2": 0.5731604350289654
  },
  "wu_vs_wembed": {
    "spectral_correlation": 0.9999999999999999,
    "wu_ratio_1_50": 10.606649398803711,
    "wembed_ratio_1_50": 10.606645584106445
  },
  "functional_separation": {
    "punct_concentration": 0.9399929046630859,
    "article_concentration": 0.6696138381958008,
    "content_concentration": 0.7264055609703064
  },
  "wu_to_delta": {
    "r_sv_vs_delta": 0.2025322532253225,
    "top10_delta_dirs": [
      0,
      3,
      7,
      8,
      10,
      6,
      2,
      1,
      61,
      82
    ],
    "top10_delta_svs": [
      126.67113494873047,
      20.527929306030273,
      15.787109375,
      15.428223609924316,
      14.4680814743042,
      16.11536407470703,
      20.911548614501953,
      24.205293655395508,
      11.647178649902344,
      11.28244400024414
    ]
  },
  "anisotropy_1": 0.49945083260536194,
  "anisotropy_5": 0.5551111102104187,
  "anisotropy_10": 0.5935503244400024,
  "anisotropy_50": 0.7969207763671875
}