{
  "model": "qwen3",
  "experiment": "p586",
  "n_texts": 294,
  "K": 100,
  "w_u_diff_stats": {
    "mean_norm": 0.20350471138954163,
    "std_norm": 0.11588563024997711,
    "top10_energy_dirs": [
      0,
      3,
      7,
      2,
      8,
      10,
      6,
      1,
      11,
      61
    ],
    "top10_energy_values": [
      0.027829376980662346,
      0.003998483531177044,
      0.0027516637928783894,
      0.0016678256215527654,
      0.0014360533095896244,
      0.0009749906021170318,
      0.0009211116121150553,
      0.0008301542256958783,
      0.000768245488870889,
      0.0004272295627743006
    ]
  },
  "top_alignment_dirs": [
    0,
    3,
    7,
    8,
    6,
    10,
    1,
    2,
    61,
    82
  ],
  "sv_delta_correlation": {
    "r_sv_vs_delta": 0.2075967596759676,
    "r_sv2_vs_energy": 0.25590159015901587
  },
  "factor_analysis": {
    "r_ck_vs_contrib": 0.6457605760576057,
    "r_delta_vs_contrib": 0.8213261326132613,
    "r_product_vs_contrib": 0.9976957695769575
  },
  "w_u_structure_prediction": {
    "r_diff_norm_gap": 0.21690791949188037,
    "r_diff_norm_prob": 0.050764413333326666
  }
}