{
  "model": "qwen3",
  "experiment": "p583",
  "n_texts": 294,
  "K": 100,
  "direction_selection": {
    "top1": {
      "r_gap": 0.07375544676299733,
      "p_gap": 0.20731852506074316,
      "r_prob": 0.09163054441057022
    },
    "top3": {
      "r_gap": 0.046477221964017795,
      "p_gap": 0.4272230293594157,
      "r_prob": 0.09258487373646537
    },
    "top5": {
      "r_gap": 0.0970426954593721,
      "p_gap": 0.09675983594208314,
      "r_prob": 0.12905592070205296
    },
    "top10": {
      "r_gap": 0.13767657201916914,
      "p_gap": 0.018183368258712387,
      "r_prob": 0.10778651534901464
    },
    "top20": {
      "r_gap": 0.1334529143334081,
      "p_gap": 0.022094486390533134,
      "r_prob": 0.11201660612332168
    },
    "top50": {
      "r_gap": 0.13736972761338284,
      "p_gap": 0.01844566646488437,
      "r_prob": 0.16873836344968368
    }
  },
  "snr_high_snr": {
    "r_gap": 0.0035778226468660902,
    "p_gap": 0.9512909304096241,
    "r_prob": 0.05937345511513318
  },
  "snr_low_snr": {
    "r_gap": 0.13917955477476252,
    "p_gap": 0.016944986588018032,
    "r_prob": 0.21451311216382163
  },
  "snr_snr_weighted": {
    "r_gap": 0.1137535876264903,
    "p_gap": 0.0513566346977989,
    "r_prob": 0.06444062041162811
  },
  "snr_distribution": {
    "snr_range": [
      0.00040492509749475857,
      0.01107070971154952
    ],
    "snr_median": 0.002856079491336974,
    "n_high_snr": 50,
    "n_low_snr": 50,
    "top10_snr_dirs": [
      0,
      8,
      25,
      96,
      3,
      61,
      94,
      24,
      60,
      72
    ],
    "top10_snr_values": [
      0.01107070971154952,
      0.008354736659291546,
      0.008078866814905373,
      0.007417471158041375,
      0.006590127221718315,
      0.006340647143889009,
      0.005867572115887128,
      0.005788337911291746,
      0.005682587285642595,
      0.005680688241266645
    ]
  }
}