{
  "model": "qwen3",
  "experiment": "p584",
  "n_texts": 294,
  "K": 100,
  "snr_stats": {
    "n_snr_gt_1": 0,
    "n_snr_gt_05": 0,
    "snr_range": [
      0.0009350943146273494,
      0.41322559118270874
    ]
  },
  "snr_top1": {
    "r_gap": 0.16167892387725533,
    "r_prob": 0.21200389574217626
  },
  "snr_top3": {
    "r_gap": 0.2335439566188312,
    "r_prob": 0.2368748335415234
  },
  "snr_top5": {
    "r_gap": 0.22498831970195124,
    "r_prob": 0.21244846757777913
  },
  "snr_top10": {
    "r_gap": 0.12558235960249978,
    "r_prob": 0.16465585694634835
  },
  "snr_top20": {
    "r_gap": 0.0862761080790494,
    "r_prob": 0.10721797675140313
  },
  "snr_top50": {
    "r_gap": 0.09577115604835505,
    "r_prob": 0.12943999704730277
  },
  "random_top5": {
    "mean_r": 0.0256746245007682,
    "std_r": 0.11353988782647328
  },
  "random_top10": {
    "mean_r": 0.02355301815985448,
    "std_r": 0.11482709378773819
  },
  "random_top20": {
    "mean_r": 0.05259347087513684,
    "std_r": 0.11544286620260968
  },
  "random_top50": {
    "mean_r": 0.08391225838629142,
    "std_r": 0.0912617345999402
  },
  "sign_consistency": {
    "n_consistent": 0,
    "n_inconsistent": 100,
    "r_consistent": 0.0,
    "r_inconsistent": 0.12929637169671027,
    "top10_consistent_dirs": []
  },
  "optimal_subset": {
    "snr_ordered": {
      "best_n": 3,
      "best_r": 0.2335439566188312
    },
    "signal_ordered": {
      "best_n": 14,
      "best_r": 0.1806701458197395
    }
  }
}