{
  "model": "qwen3",
  "experiment": "p588",
  "n_texts": 294,
  "K": 100,
  "best_path": "diff_norm",
  "best_path_r": 0.11082372120943429,
  "chain_results": {
    "alpha_gap": 0.1485170198701641,
    "alpha_prob": -0.004096689535181544,
    "ratio_50_gap": -0.1275809260622014,
    "ratio_50_prob": -0.0007682956449027805,
    "c_k_rms_gap": -0.09749318924946128,
    "c_k_rms_prob": 0.05863791922760065,
    "c_k_top10_ratio_gap": -0.1231813496189166,
    "c_k_top10_ratio_prob": 0.026111126223774005,
    "snr_top5_gap": 0.06456655154353097,
    "snr_top5_prob": 0.04755544447456313,
    "snr_top10_gap": 0.05672157380304013,
    "snr_top10_prob": 0.050918750834927216,
    "snr_top20_gap": 0.0715399439292973,
    "snr_top20_prob": 0.015156037876667073,
    "snr_top1_gap": 0.1502946094947678,
    "snr_top1_prob": 0.03828107175616083,
    "snr_weighted_gap": 0.11763065189824486,
    "snr_weighted_prob": 0.060837220545095896,
    "diff_norm_gap": 0.18740325495175952,
    "diff_norm_prob": 0.11082372120943429,
    "alpha_weighted_gap": 0.0073930097655006966,
    "ratio_50_weighted_gap": -0.0031357904291769434,
    "c_k_rms_weighted_gap": -0.019984594946965906,
    "weighted_gap_prob": 0.03828107175616083
  },
  "optimal_subset_n": 1
}