{
  "experiment": "exp1_gate_geometry",
  "model": "glm4",
  "timestamp": "2026-04-28T12:05:14.557665",
  "layer_results": [
    {
      "layer": 0,
      "n_intermediate": 13696,
      "d_model": 4096,
      "norm_mean": 0.8770496845245361,
      "norm_std": 0.0688057392835617,
      "norm_cv": 0.07845135856911287,
      "n_pcs_50": 776,
      "n_pcs_80": 2058,
      "n_pcs_90": 2766,
      "n_pcs_95": 3267,
      "top5_var": 0.06586042046546936,
      "top10_var": 0.1180911511182785,
      "top20_var": 0.16312214732170105,
      "best_k": 8,
      "best_silhouette": 0.11291723698377609,
      "silhouette_scores": {
        "2": 0.09626517444849014,
        "3": 0.10050933808088303,
        "4": 0.09989140927791595,
        "5": 0.11147643625736237,
        "6": 0.10946396738290787,
        "8": 0.11291723698377609,
        "10": 0.06407006084918976
      },
      "pairwise_cos_mean": 0.013669705018401146,
      "pairwise_cos_std": 0.044346727430820465,
      "pairwise_cos_frac_positive": 0.6286092184368738
    },
    {
      "layer": 5,
      "n_intermediate": 13696,
      "d_model": 4096,
      "norm_mean": 0.981248140335083,
      "norm_std": 0.12857259809970856,
      "norm_cv": 0.13102964766465977,
      "n_pcs_50": 962,
      "n_pcs_80": 2201,
      "n_pcs_90": 2874,
      "n_pcs_95": 3344,
      "top5_var": 0.014512679539620876,
      "top10_var": 0.025787614285945892,
      "top20_var": 0.04322737455368042,
      "best_k": 2,
      "best_silhouette": 0.15888583660125732,
      "silhouette_scores": {
        "2": 0.15888583660125732,
        "3": 0.05826840549707413,
        "4": -0.0020861346274614334,
        "5": -0.015376325696706772,
        "6": -0.01209464855492115,
        "8": -0.01682768575847149,
        "10": -0.01331454049795866
      },
      "pairwise_cos_mean": 0.009143379516899586,
      "pairwise_cos_std": 0.020155014470219612,
      "pairwise_cos_frac_positive": 0.6757194388777555
    },
    {
      "layer": 10,
      "n_intermediate": 13696,
      "d_model": 4096,
      "norm_mean": 0.9583806395530701,
      "norm_std": 0.14723263680934906,
      "norm_cv": 0.15362647233567794,
      "n_pcs_50": 874,
      "n_pcs_80": 2080,
      "n_pcs_90": 2762,
      "n_pcs_95": 3252,
      "top5_var": 0.017626319080591202,
      "top10_var": 0.02860214188694954,
      "top20_var": 0.04641569033265114,
      "best_k": 2,
      "best_silhouette": 0.17984357476234436,
      "silhouette_scores": {
        "2": 0.17984357476234436,
        "3": 0.03303494304418564,
        "4": 0.019122954457998276,
        "5": 0.017262320965528488,
        "6": 0.01022716797888279,
        "8": -0.0028854708652943373,
        "10": 0.0026826004032045603
      },
      "pairwise_cos_mean": 0.009625953622162342,
      "pairwise_cos_std": 0.02154530957341194,
      "pairwise_cos_frac_positive": 0.679559118236473
    },
    {
      "layer": 15,
      "n_intermediate": 13696,
      "d_model": 4096,
      "norm_mean": 0.927658200263977,
      "norm_std": 0.15247493982315063,
      "norm_cv": 0.1643654309095332,
      "n_pcs_50": 885,
      "n_pcs_80": 2081,
      "n_pcs_90": 2758,
      "n_pcs_95": 3245,
      "top5_var": 0.014713117852807045,
      "top10_var": 0.024379363283514977,
      "top20_var": 0.04046427831053734,
      "best_k": 2,
      "best_silhouette": 0.05361465737223625,
      "silhouette_scores": {
        "2": 0.05361465737223625,
        "3": 0.023414524272084236,
        "4": 0.010673770681023598,
        "5": 0.005935143679380417,
        "6": 0.00527229392901063,
        "8": 0.005009037908166647,
        "10": 0.009651855565607548
      },
      "pairwise_cos_mean": 0.004406030289828777,
      "pairwise_cos_std": 0.020501434803009033,
      "pairwise_cos_frac_positive": 0.5827735470941884
    },
    {
      "layer": 20,
      "n_intermediate": 13696,
      "d_model": 4096,
      "norm_mean": 0.9019935727119446,
      "norm_std": 0.15123748779296875,
      "norm_cv": 0.16767024995339636,
      "n_pcs_50": 900,
      "n_pcs_80": 2098,
      "n_pcs_90": 2773,
      "n_pcs_95": 3258,
      "top5_var": 0.015559254214167595,
      "top10_var": 0.025021923705935478,
      "top20_var": 0.040565088391304016,
      "best_k": 2,
      "best_silhouette": 0.048108406364917755,
      "silhouette_scores": {
        "2": 0.048108406364917755,
        "3": 0.02051921933889389,
        "4": 0.01269823033362627,
        "5": 0.015339259058237076,
        "6": 0.01363874040544033,
        "8": 0.0041370755061507225,
        "10": 0.004212359432131052
      },
      "pairwise_cos_mean": 0.003015162656083703,
      "pairwise_cos_std": 0.019905921071767807,
      "pairwise_cos_frac_positive": 0.5561523046092184
    },
    {
      "layer": 25,
      "n_intermediate": 13696,
      "d_model": 4096,
      "norm_mean": 0.8963891267776489,
      "norm_std": 0.10335405170917511,
      "norm_cv": 0.11530042993795962,
      "n_pcs_50": 991,
      "n_pcs_80": 2184,
      "n_pcs_90": 2835,
      "n_pcs_95": 3294,
      "top5_var": 0.014502604492008686,
      "top10_var": 0.02219817414879799,
      "top20_var": 0.03481481969356537,
      "best_k": 2,
      "best_silhouette": 0.07205954194068909,
      "silhouette_scores": {
        "2": 0.07205954194068909,
        "3": 0.04199161380529404,
        "4": 0.03599884361028671,
        "5": 0.029192298650741577,
        "6": 0.02357061766088009,
        "8": 0.017499377951025963,
        "10": 0.018706172704696655
      },
      "pairwise_cos_mean": 0.005752501543611288,
      "pairwise_cos_std": 0.019509924575686455,
      "pairwise_cos_frac_positive": 0.624376753507014
    },
    {
      "layer": 30,
      "n_intermediate": 13696,
      "d_model": 4096,
      "norm_mean": 0.8924492001533508,
      "norm_std": 0.0540606826543808,
      "norm_cv": 0.06057564133072389,
      "n_pcs_50": 992,
      "n_pcs_80": 2184,
      "n_pcs_90": 2836,
      "n_pcs_95": 3295,
      "top5_var": 0.009397021494805813,
      "top10_var": 0.0156929362565279,
      "top20_var": 0.026825474575161934,
      "best_k": 2,
      "best_silhouette": 0.10229135304689407,
      "silhouette_scores": {
        "2": 0.10229135304689407,
        "3": 0.02985566295683384,
        "4": 0.02735438011586666,
        "5": 0.027347369119524956,
        "6": 0.022939762100577354,
        "8": 0.024345939978957176,
        "10": 0.021490179002285004
      },
      "pairwise_cos_mean": 0.0059861247427761555,
      "pairwise_cos_std": 0.018001336604356766,
      "pairwise_cos_frac_positive": 0.6320080160320641
    },
    {
      "layer": 35,
      "n_intermediate": 13696,
      "d_model": 4096,
      "norm_mean": 0.8587255477905273,
      "norm_std": 0.06673355400562286,
      "norm_cv": 0.07771231935200497,
      "n_pcs_50": 999,
      "n_pcs_80": 2208,
      "n_pcs_90": 2867,
      "n_pcs_95": 3328,
      "top5_var": 0.013367095030844212,
      "top10_var": 0.020133839920163155,
      "top20_var": 0.031422775238752365,
      "best_k": 2,
      "best_silhouette": 0.16491831839084625,
      "silhouette_scores": {
        "2": 0.16491831839084625,
        "3": 0.03377094864845276,
        "4": 0.03333872929215431,
        "5": 0.03488483279943466,
        "6": 0.03457160294055939,
        "8": 0.029813963919878006,
        "10": 0.02331496588885784
      },
      "pairwise_cos_mean": 0.004498936701565981,
      "pairwise_cos_std": 0.017849190160632133,
      "pairwise_cos_frac_positive": 0.5962244488977956
    },
    {
      "layer": 39,
      "n_intermediate": 13696,
      "d_model": 4096,
      "norm_mean": 0.8993393182754517,
      "norm_std": 0.2390066534280777,
      "norm_cv": 0.26575803878606163,
      "n_pcs_50": 773,
      "n_pcs_80": 2034,
      "n_pcs_90": 2738,
      "n_pcs_95": 3242,
      "top5_var": 0.0892200842499733,
      "top10_var": 0.10934770107269287,
      "top20_var": 0.13223938643932343,
      "best_k": 2,
      "best_silhouette": 0.9102826118469238,
      "silhouette_scores": {
        "2": 0.9102826118469238,
        "3": 0.5964864492416382,