{
  "experiment": "exp2_concept_gate_mapping",
  "model": "glm4",
  "timestamp": "2026-04-28T12:07:26.914491",
  "k_ablate": 50,
  "layer_results": [
    {
      "layer": 0,
      "n_intermediate": 13696,
      "disc_counts": {
        "animals": 17,
        "food": 78,
        "tools": 200,
        "nature": 200
      },
      "max_overlap": 0,
      "abl_results": {
        "food": {
          "n_disc_neurons": 78,
          "selective_disc": 0.01874259114265442,
          "random_disc": -0.0031902194023132324,
          "selective_random_ratio": 5.875016212463379,
          "sel_mass_target": 0.5055223107337952,
          "sel_mass_other": 0.48677971959114075,
          "rnd_mass_target": 0.5005831718444824,
          "rnd_mass_other": 0.5037733912467957
        },
        "tools": {
          "n_disc_neurons": 200,
          "selective_disc": 0.03972911834716797,
          "random_disc": -0.0016655921936035156,
          "selective_random_ratio": 23.852848052978516,
          "sel_mass_target": 0.5167853832244873,
          "sel_mass_other": 0.47705626487731934,
          "rnd_mass_target": 0.5017266273498535,
          "rnd_mass_other": 0.503392219543457
        },
        "nature": {
          "n_disc_neurons": 200,
          "selective_disc": 0.04283103346824646,
          "random_disc": 0.005749166011810303,
          "selective_random_ratio": 7.449955940246582,
          "sel_mass_target": 0.5364357233047485,
          "sel_mass_other": 0.4936046898365021,
          "rnd_mass_target": 0.5072876811027527,
          "rnd_mass_other": 0.5015385150909424
        }
      },
      "avg_selective_disc": 0.03376758098602295,
      "avg_random_disc": 0.00029778480529785156,
      "avg_selective_random_ratio": 12.392606735229492
    },
    {
      "layer": 6,
      "n_intermediate": 13696,
      "disc_counts": {
        "animals": 200,
        "food": 200,
        "tools": 200,
        "nature": 200
      },
      "max_overlap": 0,
      "abl_results": {
        "animals": {
          "n_disc_neurons": 200,
          "selective_disc": 0.1733870506286621,
          "random_disc": 0.007068932056427002,
          "selective_random_ratio": 24.528039932250977,
          "sel_mass_target": 0.5773152112960815,
          "sel_mass_other": 0.40392816066741943,
          "rnd_mass_target": 0.43420296907424927,
          "rnd_mass_other": 0.42713403701782227
        },
        "food": {
          "n_disc_neurons": 200,
          "selective_disc": 0.19770607352256775,
          "random_disc": 0.005600094795227051,
          "selective_random_ratio": 35.30405807495117,
          "sel_mass_target": 0.6134613752365112,
          "sel_mass_other": 0.4157553017139435,
          "rnd_mass_target": 0.4331013262271881,
          "rnd_mass_other": 0.42750123143196106
        },
        "tools": {
          "n_disc_neurons": 200,
          "selective_disc": 0.19588294625282288,
          "random_disc": -0.008698493242263794,
          "selective_random_ratio": 22.519182205200195,
          "sel_mass_target": 0.5998978018760681,
          "sel_mass_other": 0.40401485562324524,
          "rnd_mass_target": 0.42237740755081177,
          "rnd_mass_other": 0.43107590079307556
        },
        "nature": {
          "n_disc_neurons": 200,
          "selective_disc": 0.24754852056503296,
          "random_disc": -0.003970503807067871,
          "selective_random_ratio": 62.34687805175781,
          "sel_mass_target": 0.6336957812309265,
          "sel_mass_other": 0.38614726066589355,
          "rnd_mass_target": 0.4259233772754669,
          "rnd_mass_other": 0.4298938810825348
        }
      },
      "avg_selective_disc": 0.20363114774227142,
      "avg_random_disc": 7.450580596923828e-09,
      "avg_selective_random_ratio": 36.17453956604004
    },
    {
      "layer": 12,
      "n_intermediate": 13696,
      "disc_counts": {
        "animals": 200,
        "food": 200,
        "tools": 200,
        "nature": 200
      },
      "max_overlap": 0,
      "abl_results": {
        "animals": {
          "n_disc_neurons": 200,
          "selective_disc": 0.21076643466949463,
          "random_disc": 0.011990070343017578,
          "selective_random_ratio": 17.578414916992188,
          "sel_mass_target": 0.5884854793548584,
          "sel_mass_other": 0.37771904468536377,
          "rnd_mass_target": 0.42940497398376465,
          "rnd_mass_other": 0.41741490364074707
        },
        "food": {
          "n_disc_neurons": 200,
          "selective_disc": 0.2307252585887909,
          "random_disc": -0.004617482423782349,
          "selective_random_ratio": 49.9677619934082,
          "sel_mass_target": 0.5674988031387329,
          "sel_mass_other": 0.336773544549942,
          "rnd_mass_target": 0.4169493317604065,
          "rnd_mass_other": 0.42156681418418884
        },
        "tools": {
          "n_disc_neurons": 200,
          "selective_disc": 0.22551152110099792,
          "random_disc": -0.009210854768753052,
          "selective_random_ratio": 24.483234405517578,
          "sel_mass_target": 0.572205662727356,
          "sel_mass_other": 0.34669414162635803,
          "rnd_mass_target": 0.41350430250167847,
          "rnd_mass_other": 0.4227151572704315
        },
        "nature": {
          "n_disc_neurons": 200,
          "selective_disc": 0.26436150074005127,
          "random_disc": 0.0018383264541625977,
          "selective_random_ratio": 143.80552673339844,
          "sel_mass_target": 0.5882298946380615,
          "sel_mass_other": 0.32386839389801025,
          "rnd_mass_target": 0.4217911958694458,
          "rnd_mass_other": 0.4199528694152832
        }
      },
      "avg_selective_disc": 0.23284117877483368,
      "avg_random_disc": 1.4901161193847656e-08,
      "avg_selective_random_ratio": 58.9587345123291
    },
    {
      "layer": 18,
      "n_intermediate": 13696,
      "disc_counts": {
        "animals": 200,
        "food": 200,
        "tools": 200,
        "nature": 200
      },
      "max_overlap": 0,
      "abl_results": {
        "animals": {
          "n_disc_neurons": 200,
          "selective_disc": 0.22253748774528503,
          "random_disc": -0.005105882883071899,
          "selective_random_ratio": 43.58452606201172,
          "sel_mass_target": 0.6597140431404114,
          "sel_mass_other": 0.43717655539512634,
          "rnd_mass_target": 0.47832974791526794,
          "rnd_mass_other": 0.48343563079833984
        },
        "food": {
          "n_disc_neurons": 200,
          "selective_disc": 0.18837153911590576,
          "random_disc": 0.008210599422454834,
          "selective_random_ratio": 22.94248390197754,
          "sel_mass_target": 0.6129413843154907,
          "sel_mass_other": 0.42456984519958496,
          "rnd_mass_target": 0.4883171021938324,
          "rnd_mass_other": 0.48010650277137756
        },
        "tools": {
          "n_disc_neurons": 200,
          "selective_disc": 0.17884817719459534,
          "random_disc": -0.00110587477684021,
          "selective_random_ratio": 161.72552490234375,
          "sel_mass_target": 0.5423545837402344,
          "sel_mass_other": 0.36350640654563904,
          "rnd_mass_target": 0.4813297390937805,
          "rnd_mass_other": 0.4824356138706207
        },
        "nature": {
          "n_disc_neurons": 200,
          "selective_disc": 0.22256669402122498,
          "random_disc": -0.0019988715648651123,
          "selective_random_ratio": 111.3461685180664,
          "sel_mass_target": 0.6307789087295532,
          "sel_mass_other": 0.40821221470832825,
          "rnd_mass_target": 0.48065999150276184,
          "rnd_mass_other": 0.48265886306762695
        }
      },
      "avg_selective_disc": 0.20308097451925278,
      "avg_random_disc": -7.450580596923828e-09,
      "avg_selective_random_ratio": 84.89967584609985
    },
    {
      "layer": 24,
      "n_intermediate": 13696,
      "disc_counts": {
        "animals": 200,
        "food": 200,