{
  "h0_to_hL_cos": 0.9560505151748657,
  "h0_to_hL_r2_mean": NaN,
  "gap_from_h0_r": NaN,
  "gap_from_h0_eff_r": -0.17823711037635803,
  "step_cos_mean": 0.9989734888076782,
  "first_significant_layer": 28,
  "layer_gap_predictability": [
    0.0352829173207283,
    -0.3257487118244171,
    -0.3809298872947693,
    -0.405068963766098,
    -0.2626386284828186,
    -0.40609556436538696,
    -0.41086480021476746,
    -0.40454724431037903,
    -0.4035266935825348,
    -0.4026104807853699,
    -0.3995993137359619,
    -0.3991870582103729,
    -0.4010612666606903,
    -0.4032762944698334,
    -0.4046991765499115,
    -0.40521329641342163,
    -0.40600064396858215,
    -0.4066254198551178,
    -0.40633150935173035,
    -0.4061070382595062,
    -0.4072154760360718,
    -0.40371301770210266,
    -0.4037174880504608,
    -0.40398743748664856,
    -0.40335023403167725,
    -0.4083287715911865,
    -0.4077480435371399,
    -0.4105360805988312,
    0.9942981600761414
  ]
}