{
  "exact_gap_r": 0.9943111538887024,
  "sq_diff_to_gap_r": 0.9695510864257812,
  "norm_diff_to_gap_r": 0.5216394066810608,
  "n_dims_90pct_mean": 1820.275,
  "dw_norm_to_gap_r": 0.37718066573143005,
  "dw_cos_to_gap_r": 0.9640858769416809,
  "hnorm_to_gap_r": -0.40398064255714417,
  "quad_correction_r": 0.9943116903305054,
  "quad_improvement": 1.0728836059570312e-06
}