{
  "h0_to_gap_r": -0.17787593603134155,
  "h0_to_prob_r": -0.11637512594461441,
  "pipeline_efficiency": -11.726873397827148,
  "hL_r2": 0.0,
  "gap_r2_from_linear": -6.006588459014893,
  "prob_r2_oracle": 0.9843770861625671,
  "gap_wu_r_test": 0.08094023913145065,
  "prob_wu_r_test": 0.09665975719690323
}