{
  "d_corr": 56.90109665117907,
  "sign_fraction": 0.47318638392857143,
  "ei_ratio": 1.0195564723570385,
  "gap_mean": 0.4140625,
  "gap_std": 0.4177898168563843,
  "gap_skew": 2.1694014072418213,
  "gap_kurtosis": 5.622855186462402,
  "path_direct_ratio": 30.43247413635254,
  "drift_rate_mean": 0.014926468022167683,
  "early_drift": 1.4825059175491333,
  "late_drift": -4.009478569030762,
  "dims_90_first": 1,
  "dims_90_last": 14
}