{
  "h0_to_hL_cos": 0.790317177772522,
  "h0_to_hL_r2_mean": NaN,
  "gap_from_h0_r": NaN,
  "gap_from_h0_eff_r": 0.23264743387699127,
  "step_cos_mean": 0.9908285140991211,
  "first_significant_layer": 40,
  "layer_gap_predictability": [
    -0.2317167967557907,
    -0.30315229296684265,
    -0.3317883610725403,
    -0.3279467523097992,
    -0.30439943075180054,
    -0.29191073775291443,
    -0.32380086183547974,
    -0.3051689863204956,
    -0.277389258146286,
    -0.2592262327671051,
    -0.29201167821884155,
    -0.27965301275253296,
    -0.2783036231994629,
    -0.29740071296691895,
    -0.28979215025901794,
    -0.2761233150959015,
    -0.2758224606513977,
    -0.2673242688179016,
    -0.2997538447380066,
    -0.28762221336364746,
    -0.29213976860046387,
    -0.28492772579193115,
    -0.28703776001930237,
    -0.30788421630859375,
    -0.31235846877098083,
    -0.2718362808227539,
    -0.2624289095401764,
    -0.23626591265201569,
    -0.23155470192432404,
    -0.19039593636989594,
    -0.1493954360485077,
    -0.19033823907375336,
    -0.20257261395454407,
    -0.21835191547870636,
    -0.21088851988315582,
    -0.19566626846790314,
    -0.19043299555778503,
    -0.1956918090581894,
    -0.23253203928470612,
    -0.21748101711273193,
    0.9996814131736755
  ]
}