{
  "h0_to_gap_r": 0.23264743387699127,
  "h0_to_prob_r": 0.46431130170822144,
  "pipeline_efficiency": 46.448631286621094,
  "hL_r2": 0.0,
  "gap_r2_from_linear": -23.554243087768555,
  "prob_r2_oracle": 0.9992226958274841,
  "gap_wu_r_test": 0.28502756357192993,
  "prob_wu_r_test": 0.4236335754394531
}