{
  "exact_gap_r": 0.9996814727783203,
  "sq_diff_to_gap_r": 0.9977747797966003,
  "norm_diff_to_gap_r": -0.07237356156110764,
  "n_dims_90pct_mean": 2052.925,
  "dw_norm_to_gap_r": -0.6086012721061707,
  "dw_cos_to_gap_r": 0.9374200701713562,
  "hnorm_to_gap_r": -0.06642960011959076,
  "quad_correction_r": 0.9996825456619263,
  "quad_improvement": 2.1457672119140625e-06
}