{
  "d_corr": 112.89271819199858,
  "sign_fraction": 0.50146484375,
  "ei_ratio": 1.0534369945526123,
  "gap_mean": 1.857812523841858,
  "gap_std": 0.9590224623680115,
  "gap_skew": 0.31700757145881653,
  "gap_kurtosis": -0.41709256172180176,
  "path_direct_ratio": 3.0850417613983154,
  "drift_rate_mean": 0.04652988910675049,
  "early_drift": -0.004051069729030132,
  "late_drift": 0.6494042277336121,
  "dims_90_first": 1,
  "dims_90_last": 28
}