{
  "d_corr": 96.60902788830658,
  "sign_fraction": 0.48780273437500005,
  "ei_ratio": 1.0246956188151324,
  "gap_mean": 0.893750011920929,
  "gap_std": 0.6259679794311523,
  "gap_skew": 1.0543874502182007,
  "gap_kurtosis": 0.8442368507385254,
  "path_direct_ratio": 11.398008346557617,
  "drift_rate_mean": 0.027275774627923965,
  "early_drift": 0.07775862514972687,
  "late_drift": -1.4288365840911865,
  "dims_90_first": 1,
  "dims_90_last": 25
}