{
  "h0_to_gap_r": 0.30234265327453613,
  "h0_to_prob_r": 0.31785061955451965,
  "pipeline_efficiency": 31.99969482421875,
  "hL_r2": 0.0,
  "gap_r2_from_linear": -10.54271125793457,
  "prob_r2_oracle": 0.9861875772476196,
  "gap_wu_r_test": -0.25196224451065063,
  "prob_wu_r_test": -0.24790677428245544
}