{
  "exact_gap_r": 0.9953686594963074,
  "sq_diff_to_gap_r": 0.9503167271614075,
  "norm_diff_to_gap_r": -0.05689385533332825,
  "n_dims_90pct_mean": 1304.8,
  "dw_norm_to_gap_r": 0.14906463027000427,
  "dw_cos_to_gap_r": 0.9786443114280701,
  "hnorm_to_gap_r": -0.06760452687740326,
  "quad_correction_r": 0.9953773617744446,
  "quad_improvement": 1.7344951629638672e-05
}