{
  "h0_to_hL_cos": 0.9320101737976074,
  "h0_to_hL_r2_mean": NaN,
  "gap_from_h0_r": NaN,
  "gap_from_h0_eff_r": 0.30348649621009827,
  "step_cos_mean": 0.9995975494384766,
  "first_significant_layer": 36,
  "layer_gap_predictability": [
    0.13190819323062897,
    0.13101500272750854,
    0.08303824812173843,
    0.09402675181627274,
    0.021475162357091904,
    0.013613557443022728,
    -0.013961819931864738,
    -0.06178095564246178,
    -0.06858598440885544,
    -0.07201696932315826,
    -0.10951181501150131,
    -0.07745184749364853,
    -0.07789400964975357,
    -0.06356171518564224,
    -0.05496804416179657,
    -0.006119461264461279,
    0.01246254425495863,
    0.0017150465864688158,
    0.012485641986131668,
    0.023011846467852592,
    -0.05075208842754364,
    -0.1466037631034851,
    -0.05709442123770714,
    -0.041085850447416306,
    -0.12008315324783325,
    -0.0745055228471756,
    -0.08226009458303452,
    -0.00959035288542509,
    -0.01520426757633686,
    -0.012048904784023762,
    -0.03941815346479416,
    -0.024632055312395096,
    -0.028534963726997375,
    -0.013547183945775032,
    -0.051625821739435196,
    -0.069537453353405,
    0.9952496290206909
  ]
}