{
  "model": "GLM4-9B-Chat",
  "n_layers": 40,
  "d_model": 4096,
  "L2_fixed": 30,
  "l1_positions": [
    5,
    13,
    20,
    26
  ],
  "pairs": {
    "tense_x_question": {
      "pair": "tense_x_question",
      "feature_A": "tense",
      "feature_B": "question",
      "n_samples": 20,
      "L2_fixed": 30,
      "target_local_norm": 3.100709408521652,
      "alphas_local": {
        "5": 5.0,
        "13": 2.0731556379767326,
        "20": 1.0570634394061018,
        "26": 0.41641487736985666
      },
      "mean_dhA_norm_per_layer": {
        "5": 0.527664303779602,
        "13": 1.4956471920013428,
        "20": 2.933323860168457,
        "26": 7.446202278137207,
        "30": 12.175956726074219
      },
      "mean_dhB_norm_per_layer": {
        "5": 0.5537100434303284,
        "13": 1.8404104709625244,
        "20": 4.342047691345215,
        "26": 11.647244453430176,
        "30": 18.887462615966797
      },
      "layer_data": {
        "L5": {
          "l1": 5,
          "distance": 25,
          "alpha_nat": 1.0,
          "local_norm_nat": 0.527664303779602,
          "A_eff_nat": 16.737775802612305,
          "B_eff_nat": 79.72935485839844,
          "curv_norm_nat": 254.38687133789062,
          "c_norm_nat": 0.19062449146594407,
          "h_intrinsic_nat": 6.046704268617817,
          "j_forward_nat": 31.72050047643812,
          "alpha_fix": 5.0,
          "local_norm_fix": 2.6383215188980103,
          "A_eff_fix": 62.14276123046875,
          "B_eff_fix": 79.72935485839844,
          "curv_norm_fix": 256.12298583984375,
          "c_norm_fix": 0.05169395709579797,
          "h_intrinsic_fix": 1.2175942442523306,
          "j_forward_fix": 23.553900001569755,
          "n_valid": 20
        },
        "L13": {
          "l1": 13,
          "distance": 17,
          "alpha_nat": 1.0,
          "local_norm_nat": 1.4956471920013428,
          "A_eff_nat": 20.96472930908203,
          "B_eff_nat": 79.72935485839844,
          "curv_norm_nat": 254.0345458984375,
          "c_norm_nat": 0.15197958601219397,
          "h_intrinsic_nat": 2.130322576936299,
          "j_forward_nat": 14.017162215660745,
          "alpha_fix": 2.0731556379767326,
          "local_norm_fix": 3.1007094085216527,
          "A_eff_fix": 36.13544845581055,
          "B_eff_fix": 79.72935485839844,
          "curv_norm_fix": 255.9788360595703,
          "c_norm_fix": 0.08884896517652513,
          "h_intrinsic_fix": 1.0354395346684675,
          "j_forward_fix": 11.65392937349576,
          "n_valid": 20
        },
        "L20": {
          "l1": 20,
          "distance": 10,
          "alpha_nat": 1.0,
          "local_norm_nat": 2.933323860168457,
          "A_eff_nat": 26.766971588134766,
          "B_eff_nat": 79.72935485839844,
          "curv_norm_nat": 147.2435302734375,
          "c_norm_nat": 0.0689951801373855,
          "h_intrinsic_nat": 0.6295901960692134,
          "j_forward_nat": 9.12513341969852,
          "alpha_fix": 1.0570634394061018,
          "local_norm_fix": 3.1007094085216527,
          "A_eff_fix": 28.13521385192871,
          "B_eff_fix": 79.72935485839844,
          "curv_norm_fix": 147.79432678222656,
          "c_norm_fix": 0.06588541777202686,
          "h_intrinsic_fix": 0.5978310211333843,
          "j_forward_fix": 9.073798974421004,
          "n_valid": 20
        },
        "L26": {
          "l1": 26,
          "distance": 4,
          "alpha_nat": 1.0,
          "local_norm_nat": 7.446202278137207,
          "A_eff_nat": 45.97227096557617,
          "B_eff_nat": 79.72935485839844,
          "curv_norm_nat": 55.80842971801758,
          "c_norm_nat": 0.01522599153539926,
          "h_intrinsic_nat": 0.09400408428598124,
          "j_forward_nat": 6.173921852746058,
          "alpha_fix": 0.41641487736985666,
          "local_norm_fix": 3.100709408521652,
          "A_eff_fix": 20.922218322753906,
          "B_eff_fix": 79.72935485839844,
          "curv_norm_fix": 53.94965744018555,
          "c_norm_fix": 0.03234168972524024,
          "h_intrinsic_fix": 0.21822744823477935,
          "j_forward_fix": 6.747558563398042,
          "n_valid": 20
        }
      }
    }
  },
  "timestamp": "2026-04-25T01:57:19.278614"
}