{
  "model": "DeepSeek-R1-Distill-Qwen-7B",
  "n_features": 10,
  "mean_cos_10feat": 0.12825927138328552,
  "max_cos_10feat": 0.442321240901947,
  "random_expected_cos": 0.016703827619526525,
  "syn_syn_mean_cos": 0.1301412731409073,
  "sem_sem_mean_cos": 0.10456988215446472,
  "syn_sem_mean_cos": 0.12644636631011963
}