{
  "model": "qwen3",
  "d_model": 2560,
  "n_layers": 36,
  "n_pairs": 80,
  "trained": {
    "avg_cos": 0.18231448531150818,
    "max_cos": 0.5198759436607361,
    "rotation_ratio": 0.8141270279884338,
    "avg_pc1_explained": 0.07372003401742257,
    "cos_pairs": {
      "tense_polarity": 0.004514478147029877,
      "tense_voice": 0.10331915318965912,
      "tense_semantic_valence": 0.36930543184280396,
      "tense_semantic_topic": 0.5198759436607361,
      "polarity_voice": 0.0980069637298584,
      "polarity_semantic_valence": 0.2031150460243225,
      "polarity_semantic_topic": 0.12820543348789215,
      "voice_semantic_valence": 0.03944754973053932,
      "voice_semantic_topic": 0.044266123324632645,
      "semantic_valence_semantic_topic": 0.31308871507644653
    },
    "pc1_explained": {
      "tense": 0.07826016364833818,
      "polarity": 0.06798261775343646,
      "voice": 0.12010596713871513,
      "semantic_valence": 0.05731593345141346,
      "semantic_topic": 0.044935488095209586
    }
  },
  "random": {
    "avg_cos": 0.021315764635801315,
    "max_cos": 0.05508781224489212,
    "rotation_ratio": 0.9849129915237427,
    "avg_pc1_explained": 0.03597604140663493,
    "cos_pairs": {
      "tense_polarity": 0.014929190278053284,
      "tense_voice": 0.005038296803832054,
      "tense_semantic_valence": 0.011717129498720169,
      "tense_semantic_topic": 0.010781994089484215,
      "polarity_voice": 0.005771815311163664,
      "polarity_semantic_valence": 0.013704005628824234,
      "polarity_semantic_topic": 0.051050372421741486,
      "voice_semantic_valence": 0.05508781224489212,
      "voice_semantic_topic": 0.04164811223745346,
      "semantic_valence_semantic_topic": 0.0034289401955902576
    },
    "pc1_explained": {
      "tense": 0.01828963181541815,
      "polarity": 0.04177666572206597,
      "voice": 0.07899019435158072,
      "semantic_valence": 0.020016202129172572,
      "semantic_topic": 0.02080751301493723
    }
  },
  "baseline": {
    "expected_random_cos": 0.015769578262626
  }
}