{
  "L0": {
    "tense": {
      "avg_l2": 32.50725610097249,
      "std_l2": 58.422586724705724,
      "avg_cos_sim": 0.9989856354395549,
      "n": 150
    },
    "polarity": {
      "avg_l2": 17.40322640101115,
      "std_l2": 7.6982527267547605,
      "avg_cos_sim": 0.9999228807290396,
      "n": 150
    },
    "number": {
      "avg_l2": 37.25527318318685,
      "std_l2": 61.291971102961035,
      "avg_cos_sim": 0.9992592600981395,
      "n": 150
    }
  },
  "L9": {
    "tense": {
      "avg_l2": 37.07032381693522,
      "std_l2": 34.91101132247072,
      "avg_cos_sim": 0.9995523063341777,
      "n": 150
    },
    "polarity": {
      "avg_l2": 28.974162025451662,
      "std_l2": 13.71780910517279,
      "avg_cos_sim": 0.9997778558731079,
      "n": 150
    },
    "number": {
      "avg_l2": 56.50737626393636,
      "std_l2": 66.56426704284213,
      "avg_cos_sim": 0.9984797875086466,
      "n": 150
    }
  },
  "L18": {
    "tense": {
      "avg_l2": 30.611887334187827,
      "std_l2": 44.24933288350734,
      "avg_cos_sim": 0.999673742055893,
      "n": 150
    },
    "polarity": {
      "avg_l2": 30.87881519317627,
      "std_l2": 17.288240647084017,
      "avg_cos_sim": 0.9996792630354563,
      "n": 150
    },
    "number": {
      "avg_l2": 47.15762259801229,
      "std_l2": 52.726874448431595,
      "avg_cos_sim": 0.9990390690167745,
      "n": 150
    }
  },
  "L27": {
    "tense": {
      "avg_l2": 23.322103532155356,
      "std_l2": 18.786231575349973,
      "avg_cos_sim": 0.9998394191265106,
      "n": 150
    },
    "polarity": {
      "avg_l2": 30.22819719950358,
      "std_l2": 17.34792190708548,
      "avg_cos_sim": 0.9996441980202992,
      "n": 150
    },
    "number": {
      "avg_l2": 41.228233362833656,
      "std_l2": 54.76300833096618,
      "avg_cos_sim": 0.9993395698070526,
      "n": 150
    }
  },
  "L35": {
    "tense": {
      "avg_l2": 86.16747545878093,
      "std_l2": 52.526784607333305,
      "avg_cos_sim": 0.9984201701482137,
      "n": 150
    },
    "polarity": {
      "avg_l2": 101.81721638997396,
      "std_l2": 55.7547410054292,
      "avg_cos_sim": 0.998047038714091,
      "n": 150
    },
    "number": {
      "avg_l2": 176.14778447469075,
      "std_l2": 182.90931195869567,
      "avg_cos_sim": 0.9890428491433462,
      "n": 150
    }
  }
}