{
  "L0": {
    "tense": {
      "attn_l2": 32.50725610097249,
      "mlp_l2": 33.20505356470744,
      "attn_ratio": 0.49469051173837225,
      "mlp_ratio": 0.5053094881094494
    },
    "polarity": {
      "attn_l2": 17.40322640101115,
      "mlp_l2": 16.364945233662922,
      "attn_ratio": 0.5153736655966089,
      "mlp_ratio": 0.4846263341072541
    },
    "number": {
      "attn_l2": 37.25527318318685,
      "mlp_l2": 32.26906489690145,
      "attn_ratio": 0.5358594444281107,
      "mlp_ratio": 0.4641405554280548
    }
  },
  "L18": {
    "tense": {
      "attn_l2": 30.611887334187827,
      "mlp_l2": 59.35539363861084,
      "attn_ratio": 0.340255779654391,
      "mlp_ratio": 0.6597442202344574
    },
    "polarity": {
      "attn_l2": 30.87881519317627,
      "mlp_l2": 59.17680653889974,
      "attn_ratio": 0.34288603638332327,
      "mlp_ratio": 0.6571139635056343
    },
    "number": {
      "attn_l2": 47.15762259801229,
      "mlp_l2": 95.88824961344402,
      "attn_ratio": 0.32966783218326823,
      "mlp_ratio": 0.6703321677468241
    }
  },
  "L27": {
    "tense": {
      "attn_l2": 23.322103532155356,
      "mlp_l2": 51.46936091105143,
      "attn_ratio": 0.31182841120522264,
      "mlp_ratio": 0.6881715886610723
    },
    "polarity": {
      "attn_l2": 30.22819719950358,
      "mlp_l2": 63.66622599283854,
      "attn_ratio": 0.32193815317829827,
      "mlp_ratio": 0.6780618467151992
    },
    "number": {
      "attn_l2": 41.228233362833656,
      "mlp_l2": 79.03298243204753,
      "attn_ratio": 0.3428223562093763,
      "mlp_ratio": 0.6571776437074713
    }
  },
  "L35": {
    "tense": {
      "attn_l2": 86.16747545878093,
      "mlp_l2": 320.97163519541425,
      "attn_ratio": 0.21164136090539118,
      "mlp_ratio": 0.7883586390700472
    },
    "polarity": {
      "attn_l2": 101.81721638997396,
      "mlp_l2": 175.62479629516602,
      "attn_ratio": 0.3669855743940742,
      "mlp_ratio": 0.6330144255698823
    },
    "number": {
      "attn_l2": 176.14778447469075,
      "mlp_l2": 284.9579847717285,
      "attn_ratio": 0.382011668946904,
      "mlp_ratio": 0.6179883310314089
    }
  },
  "L9": {
    "tense": {
      "attn_l2": 37.07032381693522,
      "mlp_l2": 55.13642691294352,
      "attn_ratio": 0.4020348132807871,
      "mlp_ratio": 0.5979651866107611
    },
    "polarity": {
      "attn_l2": 28.974162025451662,
      "mlp_l2": 52.84922766367595,
      "attn_ratio": 0.3541061074589114,
      "mlp_ratio": 0.6458938924188743
    },
    "number": {
      "attn_l2": 56.50737626393636,
      "mlp_l2": 84.0324986076355,
      "attn_ratio": 0.40207362011353137,
      "mlp_ratio": 0.5979263798153144
    }
  }
}