{
  "resid": {
    "L0": {
      "tense": {
        "avg_l2": 36.96624332427979,
        "std_l2": 83.798356977888,
        "avg_cos_sim": 0.9980114837487538,
        "n": 150
      },
      "polarity": {
        "avg_l2": 17.40322640101115,
        "std_l2": 7.6982527267547605,
        "avg_cos_sim": 0.9999228807290396,
        "n": 150
      },
      "number": {
        "avg_l2": 37.25527318318685,
        "std_l2": 61.291971102961035,
        "avg_cos_sim": 0.9992592600981395,
        "n": 150
      }
    },
    "L9": {
      "tense": {
        "avg_l2": 117.49116863250732,
        "std_l2": 75.920744608845,
        "avg_cos_sim": 0.9959380745887756,
        "n": 150
      },
      "polarity": {
        "avg_l2": 112.2802282969157,
        "std_l2": 71.27757364888157,
        "avg_cos_sim": 0.9959713637828826,
        "n": 150
      },
      "number": {
        "avg_l2": 128.9888203684489,
        "std_l2": 113.25014247963288,
        "avg_cos_sim": 0.9934353546301524,
        "n": 150
      }
    },
    "L18": {
      "tense": {
        "avg_l2": 151.30819918314617,
        "std_l2": 143.73858487373758,
        "avg_cos_sim": 0.990300223827362,
        "n": 150
      },
      "polarity": {
        "avg_l2": 167.52414271036784,
        "std_l2": 88.01285479537437,
        "avg_cos_sim": 0.992065574725469,
        "n": 150
      },
      "number": {
        "avg_l2": 187.6055982208252,
        "std_l2": 160.1492837176523,
        "avg_cos_sim": 0.9869401514530182,
        "n": 150
      }
    },
    "L27": {
      "tense": {
        "avg_l2": 210.82603909810385,
        "std_l2": 154.08232514721354,
        "avg_cos_sim": 0.9847936060031255,
        "n": 150
      },
      "polarity": {
        "avg_l2": 227.36723882039388,
        "std_l2": 108.52353430559093,
        "avg_cos_sim": 0.984505756298701,
        "n": 150
      },
      "number": {
        "avg_l2": 258.7220866394043,
        "std_l2": 194.55634832965418,
        "avg_cos_sim": 0.9762188037236531,
        "n": 150
      }
    },
    "L35": {
      "tense": {
        "avg_l2": 291.35328755696617,
        "std_l2": 188.24319258359188,
        "avg_cos_sim": 0.9724066119392712,
        "n": 150
      },
      "polarity": {
        "avg_l2": 274.43246709187827,
        "std_l2": 124.78595457462771,
        "avg_cos_sim": 0.9778984979788462,
        "n": 150
      },
      "number": {
        "avg_l2": 359.04827224731446,
        "std_l2": 320.34269324878727,
        "avg_cos_sim": 0.9442038182417551,
        "n": 150
      }
    }
  },
  "attn": {
    "L0": {
      "tense": {
        "avg_l2": 32.50725610097249,
        "std_l2": 58.422586724705724,
        "avg_cos_sim": 0.9989856354395549,
        "n": 150
      },
      "polarity": {
        "avg_l2": 17.40322640101115,
        "std_l2": 7.6982527267547605,
        "avg_cos_sim": 0.9999228807290396,
        "n": 150
      },
      "number": {
        "avg_l2": 37.25527318318685,
        "std_l2": 61.291971102961035,
        "avg_cos_sim": 0.9992592600981395,
        "n": 150
      }
    },
    "L9": {
      "tense": {
        "avg_l2": 37.07032381693522,
        "std_l2": 34.91101132247072,
        "avg_cos_sim": 0.9995523063341777,
        "n": 150
      },
      "polarity": {
        "avg_l2": 28.974162025451662,
        "std_l2": 13.71780910517279,
        "avg_cos_sim": 0.9997778558731079,
        "n": 150
      },
      "number": {
        "avg_l2": 56.50737626393636,
        "std_l2": 66.56426704284213,
        "avg_cos_sim": 0.9984797875086466,
        "n": 150
      }
    },
    "L18": {
      "tense": {
        "avg_l2": 30.611887334187827,
        "std_l2": 44.24933288350734,
        "avg_cos_sim": 0.999673742055893,
        "n": 150
      },
      "polarity": {
        "avg_l2": 30.87881519317627,
        "std_l2": 17.288240647084017,
        "avg_cos_sim": 0.9996792630354563,
        "n": 150
      },
      "number": {
        "avg_l2": 47.15762259801229,
        "std_l2": 52.726874448431595,
        "avg_cos_sim": 0.9990390690167745,
        "n": 150
      }
    },
    "L27": {
      "tense": {
        "avg_l2": 23.322103532155356,
        "std_l2": 18.786231575349973,
        "avg_cos_sim": 0.9998394191265106,
        "n": 150
      },
      "polarity": {
        "avg_l2": 30.22819719950358,
        "std_l2": 17.34792190708548,
        "avg_cos_sim": 0.9996441980202992,
        "n": 150
      },
      "number": {
        "avg_l2": 41.228233362833656,
        "std_l2": 54.76300833096618,
        "avg_cos_sim": 0.9993395698070526,
        "n": 150
      }
    },
    "L35": {
      "tense": {
        "avg_l2": 86.16747545878093,
        "std_l2": 52.526784607333305,
        "avg_cos_sim": 0.9984201701482137,
        "n": 150
      },
      "polarity": {
        "avg_l2": 101.81721638997396,
        "std_l2": 55.7547410054292,
        "avg_cos_sim": 0.998047038714091,
        "n": 150
      },
      "number": {
        "avg_l2": 176.14778447469075,
        "std_l2": 182.90931195869567,
        "avg_cos_sim": 0.9890428491433462,
        "n": 150
      }
    }
  },
  "mlp": {
    "L0": {
      "tense": {
        "avg_l2": 33.20505356470744,
        "std_l2": 75.74623846272578,
        "avg_cos_sim": 0.9983752246697744,
        "n": 150
      },
      "polarity": {
        "avg_l2": 16.364945233662922,
        "std_l2": 5.633539665400617,
        "avg_cos_sim": 0.9999322474002839,
        "n": 150
      },
      "number": {
        "avg_l2": 32.26906489690145,
        "std_l2": 46.915163800528674,
        "avg_cos_sim": 0.9994500029087067,
        "n": 150
      }
    },
    "L9": {
      "tense": {
        "avg_l2": 55.13642691294352,
        "std_l2": 50.31210268370056,
        "avg_cos_sim": 0.9990362989902496,
        "n": 150
      },
      "polarity": {
        "avg_l2": 52.84922766367595,
        "std_l2": 25.84782333613745,
        "avg_cos_sim": 0.9992198753356933,
        "n": 150
      },
      "number": {
        "avg_l2": 84.0324986076355,
        "std_l2": 80.61730969932287,
        "avg_cos_sim": 0.9966577140490214,
        "n": 150
      }
    },
    "L18": {
      "tense": {
        "avg_l2": 59.35539363861084,
        "std_l2": 81.17681907050374,
        "avg_cos_sim": 0.9987690246105194,
        "n": 150
      },
      "polarity": {
        "avg_l2": 59.17680653889974,
        "std_l2": 29.079699507323706,
        "avg_cos_sim": 0.9989915259679158,
        "n": 150
      },
      "number": {
        "avg_l2": 95.88824961344402,
        "std_l2": 139.16393832042007,
        "avg_cos_sim": 0.9963637638092041,
        "n": 150
      }
    },
    "L27": {
      "tense": {
        "avg_l2": 51.46936091105143,
        "std_l2": 55.21071777898592,
        "avg_cos_sim": 0.9991053509712219,
        "n": 150
      },
      "polarity": {
        "avg_l2": 63.66622599283854,
        "std_l2": 32.85014736782029,
        "avg_cos_sim": 0.9986956242720286,
        "n": 150
      },
      "number": {
        "avg_l2": 79.03298243204753,
        "std_l2": 85.1449383123441,
        "avg_cos_sim": 0.9973321024576823,
        "n": 150
      }
    },
    "L35": {
      "tense": {
        "avg_l2": 320.97163519541425,
        "std_l2": 280.13733323011945,
        "avg_cos_sim": 0.9630371312300364,
        "n": 150
      },
      "polarity": {
        "avg_l2": 175.62479629516602,
        "std_l2": 154.82856424298862,
        "avg_cos_sim": 0.9902453696727753,
        "n": 150
      },
      "number": {
        "avg_l2": 284.9579847717285,
        "std_l2": 372.9324552531961,
        "avg_cos_sim": 0.9580451683203379,
        "n": 150
      }
    }
  }
}