{
  "L0": {
    "tense": {
      "avg_l2": 33.20505356470744,
      "std_l2": 75.74623846272578,
      "avg_cos_sim": 0.9983752246697744,
      "n": 150
    },
    "polarity": {
      "avg_l2": 16.364945233662922,
      "std_l2": 5.633539665400617,
      "avg_cos_sim": 0.9999322474002839,
      "n": 150
    },
    "number": {
      "avg_l2": 32.26906489690145,
      "std_l2": 46.915163800528674,
      "avg_cos_sim": 0.9994500029087067,
      "n": 150
    }
  },
  "L9": {
    "tense": {
      "avg_l2": 55.13642691294352,
      "std_l2": 50.31210268370056,
      "avg_cos_sim": 0.9990362989902496,
      "n": 150
    },
    "polarity": {
      "avg_l2": 52.84922766367595,
      "std_l2": 25.84782333613745,
      "avg_cos_sim": 0.9992198753356933,
      "n": 150
    },
    "number": {
      "avg_l2": 84.0324986076355,
      "std_l2": 80.61730969932287,
      "avg_cos_sim": 0.9966577140490214,
      "n": 150
    }
  },
  "L18": {
    "tense": {
      "avg_l2": 59.35539363861084,
      "std_l2": 81.17681907050374,
      "avg_cos_sim": 0.9987690246105194,
      "n": 150
    },
    "polarity": {
      "avg_l2": 59.17680653889974,
      "std_l2": 29.079699507323706,
      "avg_cos_sim": 0.9989915259679158,
      "n": 150
    },
    "number": {
      "avg_l2": 95.88824961344402,
      "std_l2": 139.16393832042007,
      "avg_cos_sim": 0.9963637638092041,
      "n": 150
    }
  },
  "L27": {
    "tense": {
      "avg_l2": 51.46936091105143,
      "std_l2": 55.21071777898592,
      "avg_cos_sim": 0.9991053509712219,
      "n": 150
    },
    "polarity": {
      "avg_l2": 63.66622599283854,
      "std_l2": 32.85014736782029,
      "avg_cos_sim": 0.9986956242720286,
      "n": 150
    },
    "number": {
      "avg_l2": 79.03298243204753,
      "std_l2": 85.1449383123441,
      "avg_cos_sim": 0.9973321024576823,
      "n": 150
    }
  },
  "L35": {
    "tense": {
      "avg_l2": 320.97163519541425,
      "std_l2": 280.13733323011945,
      "avg_cos_sim": 0.9630371312300364,
      "n": 150
    },
    "polarity": {
      "avg_l2": 175.62479629516602,
      "std_l2": 154.82856424298862,
      "avg_cos_sim": 0.9902453696727753,
      "n": 150
    },
    "number": {
      "avg_l2": 284.9579847717285,
      "std_l2": 372.9324552531961,
      "avg_cos_sim": 0.9580451683203379,
      "n": 150
    }
  }
}