{
  "L0": {
    "tense": {
      "avg_l2": 36.96624332427979,
      "std_l2": 83.798356977888,
      "avg_cos_sim": 0.9980114837487538,
      "n": 150
    },
    "polarity": {
      "avg_l2": 17.40322640101115,
      "std_l2": 7.6982527267547605,
      "avg_cos_sim": 0.9999228807290396,
      "n": 150
    },
    "number": {
      "avg_l2": 37.25527318318685,
      "std_l2": 61.291971102961035,
      "avg_cos_sim": 0.9992592600981395,
      "n": 150
    }
  },
  "L9": {
    "tense": {
      "avg_l2": 117.49116863250732,
      "std_l2": 75.920744608845,
      "avg_cos_sim": 0.9959380745887756,
      "n": 150
    },
    "polarity": {
      "avg_l2": 112.2802282969157,
      "std_l2": 71.27757364888157,
      "avg_cos_sim": 0.9959713637828826,
      "n": 150
    },
    "number": {
      "avg_l2": 128.9888203684489,
      "std_l2": 113.25014247963288,
      "avg_cos_sim": 0.9934353546301524,
      "n": 150
    }
  },
  "L18": {
    "tense": {
      "avg_l2": 151.30819918314617,
      "std_l2": 143.73858487373758,
      "avg_cos_sim": 0.990300223827362,
      "n": 150
    },
    "polarity": {
      "avg_l2": 167.52414271036784,
      "std_l2": 88.01285479537437,
      "avg_cos_sim": 0.992065574725469,
      "n": 150
    },
    "number": {
      "avg_l2": 187.6055982208252,
      "std_l2": 160.1492837176523,
      "avg_cos_sim": 0.9869401514530182,
      "n": 150
    }
  },
  "L27": {
    "tense": {
      "avg_l2": 210.82603909810385,
      "std_l2": 154.08232514721354,
      "avg_cos_sim": 0.9847936060031255,
      "n": 150
    },
    "polarity": {
      "avg_l2": 227.36723882039388,
      "std_l2": 108.52353430559093,
      "avg_cos_sim": 0.984505756298701,
      "n": 150
    },
    "number": {
      "avg_l2": 258.7220866394043,
      "std_l2": 194.55634832965418,
      "avg_cos_sim": 0.9762188037236531,
      "n": 150
    }
  },
  "L35": {
    "tense": {
      "avg_l2": 291.35328755696617,
      "std_l2": 188.24319258359188,
      "avg_cos_sim": 0.9724066119392712,
      "n": 150
    },
    "polarity": {
      "avg_l2": 274.43246709187827,
      "std_l2": 124.78595457462771,
      "avg_cos_sim": 0.9778984979788462,
      "n": 150
    },
    "number": {
      "avg_l2": 359.04827224731446,
      "std_l2": 320.34269324878727,
      "avg_cos_sim": 0.9442038182417551,
      "n": 150
    }
  }
}