{
  "L0": {
    "attn_ratio": 0.3678533732891083,
    "mlp_ratio": 0.2886579632759094,
    "attn_avg_cos": 0.9684568643569946,
    "mlp_avg_cos": 0.9766038060188293,
    "total_avg_cos": 0.9803863167762756,
    "attn_mlp_align": 0.5273436307907104,
    "is_fracture": false
  },
  "L1": {
    "attn_ratio": 0.584011971950531,
    "mlp_ratio": 0.5726631283760071,
    "attn_avg_cos": 0.9705520868301392,
    "mlp_avg_cos": 0.9913211464881897,
    "total_avg_cos": 0.9778962731361389,
    "attn_mlp_align": -0.13572436571121216,
    "is_fracture": false
  },
  "L2": {
    "attn_ratio": 0.5695801377296448,
    "mlp_ratio": 0.7829987406730652,
    "attn_avg_cos": 0.95595782995224,
    "mlp_avg_cos": 0.9879237413406372,
    "total_avg_cos": 0.96708083152771,
    "attn_mlp_align": -0.2638809382915497,
    "is_fracture": false
  },
  "L3": {
    "attn_ratio": 0.8313807249069214,
    "mlp_ratio": 0.3398934304714203,
    "attn_avg_cos": 0.859890878200531,
    "mlp_avg_cos": 0.8898063898086548,
    "total_avg_cos": 0.8444798588752747,
    "attn_mlp_align": -0.16201898455619812,
    "is_fracture": false
  },
  "L4": {
    "attn_ratio": 0.23125988245010376,
    "mlp_ratio": 0.8992109894752502,
    "attn_avg_cos": 0.7977982759475708,
    "mlp_avg_cos": 0.8877161741256714,
    "total_avg_cos": 0.8567348122596741,
    "attn_mlp_align": -0.14434336125850677,
    "is_fracture": false
  },
  "L5": {
    "attn_ratio": 0.4119032323360443,
    "mlp_ratio": 1.3107777833938599,
    "attn_avg_cos": 0.9529072642326355,
    "mlp_avg_cos": 0.9432481527328491,
    "total_avg_cos": 0.9132493138313293,
    "attn_mlp_align": -0.4914552867412567,
    "is_fracture": false
  },
  "L6": {
    "attn_ratio": 0.2575700283050537,
    "mlp_ratio": 0.800632894039154,
    "attn_avg_cos": 0.8917033672332764,
    "mlp_avg_cos": 0.854487955570221,
    "total_avg_cos": 0.8613148331642151,
    "attn_mlp_align": -0.06435631215572357,
    "is_fracture": false
  },
  "L7": {
    "attn_ratio": 0.35778552293777466,
    "mlp_ratio": 1.108136773109436,
    "attn_avg_cos": 0.8120653033256531,
    "mlp_avg_cos": 0.8165457844734192,
    "total_avg_cos": 0.7292701005935669,
    "attn_mlp_align": -0.3709573745727539,
    "is_fracture": true
  },
  "L8": {
    "attn_ratio": 0.4282872974872589,
    "mlp_ratio": 1.125511884689331,
    "attn_avg_cos": 0.9068464636802673,
    "mlp_avg_cos": 0.7765384316444397,
    "total_avg_cos": 0.711630642414093,
    "attn_mlp_align": -0.40000206232070923,
    "is_fracture": false
  },
  "L9": {
    "attn_ratio": 1.13906729221344,
    "mlp_ratio": 2.653169870376587,
    "attn_avg_cos": 0.9559677243232727,
    "mlp_avg_cos": 0.9077296853065491,
    "total_avg_cos": 0.7341083884239197,
    "attn_mlp_align": -0.8040634989738464,
    "is_fracture": false
  },
  "L10": {
    "attn_ratio": 0.8834836483001709,
    "mlp_ratio": 1.8659402132034302,
    "attn_avg_cos": 0.9513270854949951,
    "mlp_avg_cos": 0.8680965900421143,
    "total_avg_cos": 0.722593367099762,
    "attn_mlp_align": -0.6815901398658752,
    "is_fracture": false
  },
  "L11": {
    "attn_ratio": 1.4513963460922241,
    "mlp_ratio": 1.807451605796814,
    "attn_avg_cos": 0.9835854768753052,
    "mlp_avg_cos": 0.8716586232185364,
    "total_avg_cos": 0.745707094669342,
    "attn_mlp_align": -0.6980614066123962,
    "is_fracture": false
  },
  "L12": {
    "attn_ratio": 0.8521503210067749,
    "mlp_ratio": 1.9253697395324707,
    "attn_avg_cos": 0.9757367372512817,
    "mlp_avg_cos": 0.8969058394432068,
    "total_avg_cos": 0.7826566696166992,
    "attn_mlp_align": -0.6941630244255066,
    "is_fracture": false
  },
  "L13": {
    "attn_ratio": 1.1900582313537598,
    "mlp_ratio": 1.942199945449829,
    "attn_avg_cos": 0.9582907557487488,
    "mlp_avg_cos": 0.9211887717247009,
    "total_avg_cos": 0.8080232739448547,
    "attn_mlp_align": -0.7012633681297302,
    "is_fracture": false
  },
  "L14": {
    "attn_ratio": 1.1990540027618408,
    "mlp_ratio": 1.6546190977096558,
    "attn_avg_cos": 0.989700973033905,
    "mlp_avg_cos": 0.8964431881904602,
    "total_avg_cos": 0.819331169128418,
    "attn_mlp_align": -0.658501386642456,
    "is_fracture": false
  },
  "L15": {
    "attn_ratio": 0.5868350863456726,
    "mlp_ratio": 1.0778459310531616,
    "attn_avg_cos": 0.9660125970840454,
    "mlp_avg_cos": 0.8990901112556458,
    "total_avg_cos": 0.8751068115234375,
    "attn_mlp_align": -0.41784384846687317,
    "is_fracture": false
  }
}