{
  "model": "GLM4-9B-Chat",
  "results": {
    "5": {
      "layer": 5,
      "activation_norm": 2.157707929611206,
      "tense_dir_norm": 0.6768924593925476,
      "quest_dir_norm": 0.7248508334159851,
      "tense_sep_ratio": 0.3137090289523777,
      "quest_sep_ratio": 0.33593556543725606,
      "tense_accuracy": 1.0,
      "quest_accuracy": 0.9583333333333334,
      "mean_curvature": 14.223481861607775,
      "tense_efficiency": 0.0220557126590037,
      "quest_efficiency": 0.023618377602860823,
      "tense_curv_to_sep": 45.339727404635795,
      "quest_curv_to_sep": 42.339910747051746
    },
    "10": {
      "layer": 10,
      "activation_norm": 4.112107753753662,
      "tense_dir_norm": 1.3733381032943726,
      "quest_dir_norm": 1.5877918004989624,
      "tense_sep_ratio": 0.33397425006855636,
      "quest_sep_ratio": 0.3861260199251742,
      "tense_accuracy": 0.9583333333333334,
      "quest_accuracy": 0.9583333333333334,
      "mean_curvature": 3.961734686743206,
      "tense_efficiency": 0.08430000403047537,
      "quest_efficiency": 0.09746387641945997,
      "tense_curv_to_sep": 11.862395633027768,
      "quest_curv_to_sep": 10.260211644076495
    },
    "20": {
      "layer": 20,
      "activation_norm": 12.03503704071045,
      "tense_dir_norm": 3.5107545852661133,
      "quest_dir_norm": 5.104069232940674,
      "tense_sep_ratio": 0.29171115746143944,
      "quest_sep_ratio": 0.42410083289589623,
      "tense_accuracy": 0.9583333333333334,
      "quest_accuracy": 0.9583333333333334,
      "mean_curvature": 1.3162446791396538,
      "tense_efficiency": 0.2216238075355034,
      "quest_efficiency": 0.32220516411954936,
      "tense_curv_to_sep": 4.512150615502013,
      "quest_curv_to_sep": 3.103612576852426
    },
    "30": {
      "layer": 30,
      "activation_norm": 62.065216064453125,
      "tense_dir_norm": 14.962414741516113,
      "quest_dir_norm": 22.954774856567383,
      "tense_sep_ratio": 0.24107568925489478,
      "quest_sep_ratio": 0.3698492700435048,
      "tense_accuracy": 0.9583333333333334,
      "quest_accuracy": 1.0,
      "mean_curvature": 0.21773776599986425,
      "tense_efficiency": 1.1071836253905845,
      "quest_efficiency": 1.698599543240815,
      "tense_curv_to_sep": 0.9031925474630746,
      "quest_curv_to_sep": 0.5887202803330667
    },
    "38": {
      "layer": 38,
      "activation_norm": 286.733642578125,
      "tense_dir_norm": 49.6490592956543,
      "quest_dir_norm": 86.1374740600586,
      "tense_sep_ratio": 0.17315393774244447,
      "quest_sep_ratio": 0.3004093739595244,
      "tense_accuracy": 0.7916666666666666,
      "quest_accuracy": 1.0,
      "mean_curvature": 0.0375326051773695,
      "tense_efficiency": 4.613427084606052,
      "quest_efficiency": 8.00395740555367,
      "tense_curv_to_sep": 0.216758600151046,
      "quest_curv_to_sep": 0.12493819573663713
    }
  }
}