{
  "r_before": -0.033206161111593246,
  "r_after": 0.9972605109214783,
  "snr_before": 0.0011038662632927299,
  "snr_after": 181.7663116455078,
  "snr_gain": 164663.34375,
  "var_ratio_before": 7065.9794921875,
  "var_ratio_after": 250238.046875,
  "r_top_before": 0.28823089599609375,
  "r_top_after": 0.24915535748004913,
  "r_bottom_before": 0.35419604182243347,
  "r_bottom_after": 0.2786705493927002
}