{
  "cos_ln_mlp": 0.4780448433756828,
  "r_ln": 0.5269438028335571,
  "r_mlp": 0.05029775947332382,
  "snr_ln": 0.3844083249568939,
  "snr_mlp": 0.0025362810119986534,
  "var_ratio": 52.18146514892578
}