{
  "r_whitened": -0.038314834237098694,
  "r_mean_DW": 0.412664532661438,
  "r_per_text": -0.10490836948156357
}