{
  "model": "deepseek7b",
  "n_samples": 180,
  "alpha_mean": 0.04875477775931358,
  "beta_mean": 0.9680525660514832,
  "r_alpha_prob": 0.14192001810755475,
  "r_alpha_ent": -0.20313384157947262,
  "r_beta_prob": -0.15074539337633877,
  "r_beta_ent": 0.20122225994629464,
  "r_alpha_beta": -0.9569760383550933,
  "r_delta_wu_prob": -0.07706410691688013,
  "r_delta_wu_ent": 0.06870788193051225,
  "r_combined_prob": -0.02434012570415554,
  "r_alpha_prob_high_beta": 0.05952175165658312,
  "r_alpha_prob_low_beta": 0.09300736716467053
}