{
  "model": "deepseek7b",
  "n_texts": 50,
  "PR_coupling": 1.0360082071055594,
  "diag_mean": 33198.33465043924,
  "off_diag_mean": 2356.8941048446186,
  "diag_offdiag_ratio": 14.085628447285066,
  "max_pos_corr": 0.972738243026514,
  "max_neg_corr": -0.588662819461738,
  "mean_abs_corr": 0.4400296379540311,
  "n_strong_couplings": 741,
  "var_ratio": 2.475377321243286,
  "corr_contribution_pct": 147.53773498535156,
  "top5_eigval_ratio": 0.99644180883799
}