{
  "model": "deepseek7b",
  "n_directions": 21,
  "direction_analysis": {
    "0": {
      "top_pos": [
        [
          "????",
          1.1344258785247803
        ],
        [
          "?using",
          1.1318559646606445
        ],
        [
          "Jeste?",
          1.099351167678833
        ],
        [
          "???",
          1.0842019319534302
        ],
        [
          "?",
          0.9984590411186218
        ]
      ],
      "top_neg": [
        [
          " ",
          -0.8778034448623657
        ],
        [
          ",",
          -0.7803102731704712
        ],
        [
          " (",
          -0.7332935333251953
        ],
        [
          "1",
          -0.6807036995887756
        ],
        [
          ".",
          -0.6578564643859863
        ]
      ],
      "category_counts": {
        "punctuation": 1
      },
      "s_weight": 178.65359497070312
    },
    "1": {
      "top_pos": [
        [
          "??",
          0.25042247772216797
        ],
        [
          " ",
          0.2500012218952179
        ],
        [
          "??",
          0.2383793294429779
        ],
        [
          "????",
          0.2380102425813675
        ],
        [
          "????",
          0.23666226863861084
        ]
      ],
      "top_neg": [
        [
          ")?.",
          -0.4428585171699524
        ],
        [
          "\"..",
          -0.4383850395679474
        ],
        [
          ".${",
          -0.43526145815849304
        ],
        [
          "?):",
          -0.4307476282119751
        ],
        [
          "?",
          -0.4194977879524231
        ]
      ],
      "category_counts": {
        "punctuation": 1
      },
      "s_weight": 37.1301155090332
    },
    "2": {
      "top_pos": [
        [
          "=?,",
          0.3732200860977173
        ],
        [
          "\"w",
          0.3713319003582001
        ],
        [
          "\"h",
          0.36579182744026184
        ],
        [
          "%X",
          0.3444928824901581
        ],
        [
          "$max",
          0.34230661392211914
        ]
      ],
      "top_neg": [
        [
          "2",
          -0.3517816662788391
        ],
        [
          "4",
          -0.34065908193588257
        ],
        [
          " inconsist",
          -0.3387836813926697
        ],
        [
          "3",
          -0.3374272882938385
        ],
        [
          "1",
          -0.3358847200870514
        ]
      ],
      "category_counts": {
        "punctuation": 3
      },
      "s_weight": 24.11515998840332
    },
    "3": {
      "top_pos": [
        [
          "?):",
          0.3100850582122803
        ],
        [
          " promot",
          0.30301153659820557
        ],
        [
          " __(",
          0.30292969942092896
        ],
        [
          " isr",
          0.2918863296508789
        ],
        [
          " withd",
          0.28654685616493225
        ]
      ],
      "top_neg": [
        [
          " and",
          -0.20131930708885193
        ],
        [
          " &",
          -0.19134579598903656
        ],
        [
          "?",
          -0.1867523044347763
        ],
        [
          "<?end?of?sentence?>",
          -0.18635638058185577
        ],
        [
          "\n",
          -0.1836559772491455
        ]
      ],
      "category_counts": {
        "punctuation": 5
      },
      "s_weight": 18.08983612060547
    },
    "4": {
      "top_pos": [
        [
          " Crafting",
          0.22473400831222534
        ],
        [
          " Invoke",
          0.20892219245433807
        ],
        [
          " Assertions",
          0.2086278796195984
        ],
        [
          " Saying",
          0.20219653844833374
        ],
        [
          " Portions",
          0.2014365792274475
        ]
      ],
      "top_neg": [
        [
          "'s",
          -0.17134878039360046
        ],
        [
          " Communist",
          -0.1688447892665863
        ],
        [
          "if",
          -0.1652860790491104
        ],
        [
          "re",
          -0.16343775391578674
        ],
        [
          " Marxist",
          -0.16217660903930664
        ]
      ],
      "category_counts": {
        "function": 1
      },
      "s_weight": 14.114108085632324
    },
    "5": {
      "top_pos": [
        [
          " SPD",
          0.16582411527633667
        ],
        [
          " Sharia",
          0.16222569346427917
        ],
        [
          " OSS",
          0.1601918637752533
        ],
        [
          " Caucasian",
          0.1597253680229187
        ],
        [
          " PLA",
          0.15820357203483582
        ]
      ],
      "top_neg": [
        [
          " Worse",
          -0.21819357573986053
        ],
        [
          " Alloc",
          -0.2142968475818634
        ],
        [
          " Leads",
          -0.20700189471244812
        ],
        [
          " Losing",
          -0.2041974663734436
        ],
        [
          " Incre",
          -0.2024940848350525
        ]
      ],
      "category_counts": {},
      "s_weight": 12.39120101928711
    },
    "6": {
      "top_pos": [
        [
          "?",
          0.16811437904834747
        ],
        [
          "?",
          0.16632945835590363
        ],
        [
          "?",
          0.1433647871017456
        ],
        [
          "?",
          0.14333893358707428
        ],
        [
          "?",
          0.13821475207805634
        ]
      ],
      "top_neg": [
        [
          " ?\n\n",
          -0.19743961095809937
        ],
        [
          "??\n\n",
          -0.1956610381603241
        ],
        [
          " .\n\n\n\n",
          -0.18034768104553223
        ],
        [
          ".\n\n\n\n\n\n\n\n",
          -0.17063772678375244
        ],
        [
          " $\r\n",
          -0.1682795286178589
        ]
      ],
      "category_counts": {
        "punctuation": 11
      },
      "s_weight": 12.052693367004395
    },
    "7": {
      "top_pos": [
        [
          "Uvs",
          0.35161805152893066
        ],
        [
          "Jvm",
          0.327938437461853
        ],
        [
          "Ymd",
          0.3079834580421448
        ],
        [
          "/Dk",
          0.2976891100406647
        ],
        [
          "Mvc",
          0.294256329536438
        ]
      ],
      "top_neg": [
        [
          "xdd",
          -0.2017471194267273
        ],
        [
          "xab",
          -0.19793762266635895
        ],
        [
          "xcc",
          -0.19277209043502808
        ],
        [
          " bluetooth",
          -0.1878577619791031
        ],
        [
          "xaf",
          -0.18346033990383148
        ]
      ],
      "category_counts": {
        "punctuation": 7
      },
      "s_weight": 11.559579849243164
    },
    "8": {
      "top_pos": [
        [
          ".\n\n\n\n\n\n\n\n",
          0.18171077966690063
        ],
        [
          " ...\"\n\n",
          0.17035551369190216
        ],
        [
          "/workspace",
          0.15576601028442383
        ],
        [
          "...)\n\n",
          0.154740571975708
        ],
        [
          " irres",
          0.15234708786010742
        ]
      ],
      "top_neg": [
        [
          "/Dk",
          -0.2659750282764435
        ],
        [
          "Uvs",
          -0.2489161193370819
        ],
        [
          "Slf",
          -0.2364177703857422
        ],
        [
          "IFn",
          -0.22910723090171814
        ],
        [
          "Jvm",
          -0.22520622611045837
        ]
      ],
      "category_counts": {
        "punctuation": 3
      },
      "s_weight": 11.21723747253418
    },