{
  "model": "deepseek7b",
  "n_layers": 28,
  "shallow_alpha": 1.3322073221206665,
  "mid_alpha": 1.0064493417739868,
  "deep_alpha": 1.0424120426177979,
  "mean_alpha": 1.124001145362854,
  "alpha_trend": -0.021262883885137068,
  "r_alpha_beta_layer": 0.24356869184455393,
  "r_alpha_ratio_layer": 0.39025725232621783,
  "r_alpha_func_layer": 0.4893267651888341,
  "layer_alphas_mean": [
    3.5964503288269043,
    1.1882826089859009,
    1.1331313848495483,
    1.0737589597702026,
    1.0410739183425903,
    0.9505068063735962,
    0.9758197069168091,
    1.0045652389526367,
    1.0262773036956787,
    0.8997122049331665,
    0.9798263311386108,
    0.9863479733467102,
    1.0161521434783936,
    1.0425556898117065,
    0.9960650205612183,
    1.09262216091156,
    1.011109709739685,
    1.033653736114502,
    1.097312331199646,
    1.0640227794647217,
    1.131877064704895,
    1.1077979803085327,
    1.1374114751815796,
    1.2401841878890991,
    1.1593447923660278,
    1.1733100414276123,
    1.2621415853500366,
    0.050717465579509735
  ],
  "layer_alphas_std": [
    0.45711496472358704,
    0.04127192124724388,
    0.05326656624674797,
    0.022268259897828102,
    0.013164454139769077,
    0.012037120759487152,
    0.04453388974070549,
    0.030334727838635445,
    0.026677388697862625,
    0.016018984839320183,
    0.016762476414442062,
    0.016300130635499954,
    0.02099689282476902,
    0.01976856403052807,
    0.026239491999149323,
    0.022784605622291565,
    0.013733112253248692,
    0.017969824373722076,
    0.03920522332191467,
    0.025579145178198814,
    0.04320681840181351,
    0.011110293678939342,
    0.03403502702713013,
    0.03843918442726135,
    0.02324623055756092,
    0.0057723503559827805,
    0.035925429314374924,
    0.010315020568668842
  ]
}