{
  "model": "glm4",
  "n_directions": 21,
  "direction_analysis": {
    "0": {
      "top_pos": [
        [
          " ",
          0.4939572215080261
        ],
        [
          ",",
          0.42593711614608765
        ],
        [
          " (",
          0.41118085384368896
        ],
        [
          "-",
          0.40881025791168213
        ],
        [
          ".",
          0.3943157494068146
        ]
      ],
      "top_neg": [
        [
          "????",
          -0.7765693068504333
        ],
        [
          "????",
          -0.7697153091430664
        ],
        [
          ":semicolon",
          -0.7050568461418152
        ],
        [
          "?c",
          -0.6975308656692505
        ],
        [
          "?n",
          -0.6968815326690674
        ]
      ],
      "category_counts": {
        "punctuation": 2
      },
      "s_weight": 66.48661804199219
    },
    "1": {
      "top_pos": [
        [
          " conquista",
          0.12296871840953827
        ],
        [
          " mooie",
          0.12107828259468079
        ],
        [
          " compag",
          0.11280848830938339
        ],
        [
          " pione",
          0.11064447462558746
        ],
        [
          " corrup",
          0.10992161184549332
        ]
      ],
      "top_neg": [
        [
          "????",
          -0.5143429040908813
        ],
        [
          "????",
          -0.5083770751953125
        ],
        [
          "??????",
          -0.4818459749221802
        ],
        [
          "Intialized",
          -0.44725683331489563
        ],
        [
          "eboten",
          -0.4409393072128296
        ]
      ],
      "category_counts": {
        "punctuation": 2
      },
      "s_weight": 16.16206169128418
    },
    "2": {
      "top_pos": [
        [
          "??",
          0.22996170818805695
        ],
        [
          "???",
          0.2213532030582428
        ],
        [
          "??",
          0.21770064532756805
        ],
        [
          "??",
          0.21487128734588623
        ],
        [
          "??",
          0.21150189638137817
        ]
      ],
      "top_neg": [
        [
          "?",
          -0.15680937469005585
        ],
        [
          "?",
          -0.1528460681438446
        ],
        [
          "?",
          -0.14835524559020996
        ],
        [
          "TML",
          -0.14546850323677063
        ],
        [
          "?",
          -0.145417258143425
        ]
      ],
      "category_counts": {},
      "s_weight": 12.513181686401367
    },
    "3": {
      "top_pos": [
        [
          " abier",
          0.2176036238670349
        ],
        [
          " dikke",
          0.19836395978927612
        ],
        [
          " verschill",
          0.19799023866653442
        ],
        [
          " p??s",
          0.18636998534202576
        ],
        [
          " ajus",
          0.18415771424770355
        ]
      ],
      "top_neg": [
        [
          " reg",
          -0.17131823301315308
        ],
        [
          " im",
          -0.16017960011959076
        ],
        [
          " r",
          -0.15915226936340332
        ],
        [
          " v",
          -0.1551738679409027
        ],
        [
          " log",
          -0.15512707829475403
        ]
      ],
      "category_counts": {},
      "s_weight": 10.629159927368164
    },
    "4": {
      "top_pos": [
        [
          "einen",
          0.1600273847579956
        ],
        [
          "moins",
          0.14408859610557556
        ],
        [
          "????",
          0.13392633199691772
        ],
        [
          "m?me",
          0.13337469100952148
        ],
        [
          "k?ad",
          0.13277748227119446
        ]
      ],
      "top_neg": [
        [
          "??????",
          -0.317055881023407
        ],
        [
          "????",
          -0.3025580048561096
        ],
        [
          "???????????",
          -0.2918629050254822
        ],
        [
          "?n",
          -0.28537970781326294
        ],
        [
          "?????",
          -0.2781727910041809
        ]
      ],
      "category_counts": {
        "function": 1
      },
      "s_weight": 10.040502548217773
    },
    "5": {
      "top_pos": [
        [
          "_",
          0.16241103410720825
        ],
        [
          " =",
          0.1587914228439331
        ],
        [
          " +",
          0.13912434875965118
        ],
        [
          "__",
          0.12858784198760986
        ],
        [
          " profission",
          0.12850022315979004
        ]
      ],
      "top_neg": [
        [
          "\"):\r\n",
          -0.22257599234580994
        ],
        [
          "'):\r\n",
          -0.2160387933254242
        ],
        [
          "\"},\r\n",
          -0.21591395139694214
        ],
        [
          ";\")\n",
          -0.21241997182369232
        ],
        [
          "%\";\n",
          -0.208743155002594
        ]
      ],
      "category_counts": {
        "punctuation": 4
      },
      "s_weight": 9.497074127197266
    },
    "6": {
      "top_pos": [
        [
          " porr",
          0.16461706161499023
        ],
        [
          " dynami",
          0.15067508816719055
        ],
        [
          " sperma",
          0.128824844956398
        ],
        [
          " ?n",
          0.1263830065727234
        ],
        [
          "?",
          0.12520074844360352
        ]
      ],
      "top_neg": [
        [
          " tieten",
          -0.17743268609046936
        ],
        [
          " k?y",
          -0.16055956482887268
        ],
        [
          " przeb",
          -0.15680986642837524
        ],
        [
          " pracow",
          -0.14287838339805603
        ],
        [
          " n?g",
          -0.14265061914920807
        ]
      ],
      "category_counts": {
        "punctuation": 1
      },
      "s_weight": 8.758040428161621
    },
    "7": {
      "top_pos": [
        [
          "SBN",
          0.14990873634815216
        ],
        [
          "TML",
          0.1481979787349701
        ],
        [
          "WSC",
          0.14323732256889343
        ],
        [
          "PPO",
          0.13203522562980652
        ],
        [
          "BCM",
          0.1273667812347412
        ]
      ],
      "top_neg": [
        [
          "STANCE",
          -0.17116394639015198
        ],
        [
          "CRET",
          -0.15848633646965027
        ],
        [
          "STRU",
          -0.14928260445594788
        ],
        [
          " cons?qu",
          -0.14106939733028412
        ],
        [
          " n?g",
          -0.13849838078022003
        ]
      ],
      "category_counts": {},
      "s_weight": 8.562000274658203
    },
    "8": {
      "top_pos": [
        [
          "FunctionFlags",
          0.15043142437934875
        ],
        [
          "lpVtbl",
          0.13855496048927307
        ],
        [
          "localctx",
          0.13697980344295502
        ],
        [
          " ???",
          0.13337525725364685
        ],
        [
          " ??",
          0.12894128262996674
        ]
      ],
      "top_neg": [
        [
          "?\n\n",
          -0.12112359702587128
        ],
        [
          "_c",
          -0.12033826112747192
        ],
        [
          "_p",
          -0.11899717152118683
        ],
        [
          "_f",
          -0.11411294341087341
        ],
        [
          "_m",
          -0.1134897917509079
        ]
      ],
      "category_counts": {
        "punctuation": 2
      },
      "s_weight": 8.22858715057373
    },