{
  "model": "glm4",
  "n_samples": 180,
  "alpha_mean": 0.2869502305984497,
  "beta_mean": 0.9402009844779968,
  "r_alpha_prob": -0.19783943948887311,
  "r_alpha_ent": 0.21631326069734663,
  "r_beta_prob": 0.011008570223360804,
  "r_beta_ent": 0.06354722882393489,
  "r_alpha_beta": -0.21035011368663642,
  "r_delta_wu_prob": -0.10905892157165345,
  "r_delta_wu_ent": 0.1167484593145879,
  "r_combined_prob": -0.14594599613597128,
  "r_alpha_prob_high_beta": -0.18277976704942994,
  "r_alpha_prob_low_beta": -0.21050335432357903
}