{
  "model": "glm4",
  "n_texts": 50,
  "PR_coupling": 4.052278181945704,
  "diag_mean": 286.4889607766882,
  "off_diag_mean": 31.132121948593475,
  "diag_offdiag_ratio": 9.202358941315637,
  "max_pos_corr": 0.686931776267397,
  "max_neg_corr": -0.6241040385636316,
  "mean_abs_corr": 0.16363171893736989,
  "n_strong_couplings": 198,
  "var_ratio": 0.6062414050102234,
  "corr_contribution_pct": -39.375858306884766,
  "top5_eigval_ratio": 0.7664399845602501
}