{
  "model": "glm4",
  "n_layers": 40,
  "shallow_alpha": 1.100219488143921,
  "mid_alpha": 1.082021951675415,
  "deep_alpha": 1.1076089143753052,
  "mean_alpha": 1.0968916416168213,
  "alpha_trend": -0.0008063750911161586,
  "r_alpha_beta_layer": 0.1407129455909944,
  "r_alpha_ratio_layer": 0.5763602251407131,
  "r_alpha_func_layer": 0.6213883677298312,
  "layer_alphas_mean": [
    1.7072118520736694,
    1.2784327268600464,
    1.1881587505340576,
    1.161344051361084,
    1.0592421293258667,
    0.9441457986831665,
    0.9921342134475708,
    1.0149940252304077,
    1.021120309829712,
    1.002742886543274,
    0.95703125,
    1.0127708911895752,
    0.963525116443634,
    0.991263747215271,
    1.0310299396514893,
    1.0348498821258545,
    1.0531049966812134,
    1.0696990489959717,
    1.0880184173583984,
    1.053444743156433,
    1.095240592956543,
    1.0498075485229492,
    1.1688939332962036,
    1.147826910018921,
    1.1214678287506104,
    1.1616379022598267,
    1.11745285987854,
    1.1832215785980225,
    1.0945348739624023,
    1.0713894367218018,
    1.110705018043518,
    1.0948232412338257,
    1.0393835306167603,
    1.0717743635177612,
    1.0795555114746094,
    1.1237517595291138,
    1.1398426294326782,
    1.2717962265014648,
    1.8020379543304443,
    0.30625468492507935
  ],
  "layer_alphas_std": [
    0.18405099213123322,
    0.11352875083684921,
    0.04980289563536644,
    0.02881668508052826,
    0.03486824780702591,
    0.03456950932741165,
    0.030352644622325897,
    0.04605318605899811,
    0.027919486165046692,
    0.023201072588562965,
    0.009062780998647213,
    0.031364358961582184,
    0.02996956929564476,
    0.019230172038078308,
    0.027916064485907555,
    0.034689635038375854,
    0.02538253553211689,
    0.02838699147105217,
    0.022884661331772804,
    0.022193502634763718,
    0.0313476100564003,
    0.006799605209380388,
    0.04468752443790436,
    0.02444573864340782,
    0.010887165553867817,
    0.013061227276921272,
    0.01861649937927723,
    0.025678014382719994,
    0.02459738776087761,
    0.024028491228818893,
    0.01904248259961605,
    0.013966592960059643,
    0.016169248148798943,
    0.014218751341104507,
    0.009765374474227428,
    0.030805857852101326,
    0.020239904522895813,
    0.02112938091158867,
    0.05924876406788826,
    0.024552779272198677
  ]
}