{
  "model": "qwen3",
  "n_samples": 180,
  "alpha_mean": 0.07997113466262817,
  "beta_mean": 0.9402011632919312,
  "r_alpha_prob": 0.10152988260954557,
  "r_alpha_ent": -0.07503112235974362,
  "r_beta_prob": -0.07587476979742172,
  "r_beta_ent": 0.006691564554461558,
  "r_alpha_beta": -0.9300945502433203,
  "r_delta_wu_prob": 0.2098994824943157,
  "r_delta_wu_ent": -0.39341337695607886,
  "r_combined_prob": 0.07146332049357085,
  "r_alpha_prob_high_beta": -0.01421574680001646,
  "r_alpha_prob_low_beta": 0.35134378729884347
}