{
  "model": "qwen3",
  "n_layers": 36,
  "shallow_alpha": 1.0386134386062622,
  "mid_alpha": 1.0220763683319092,
  "deep_alpha": 1.0446388721466064,
  "mean_alpha": 1.0351096391677856,
  "alpha_trend": -0.0015245288974836768,
  "r_alpha_beta_layer": 0.11969111969111969,
  "r_alpha_ratio_layer": 0.03577863577863578,
  "r_alpha_func_layer": 0.2628056628056628,
  "layer_alphas_mean": [
    1.2828375101089478,
    1.1366007328033447,
    1.1035348176956177,
    1.1084487438201904,
    1.1165945529937744,
    1.1237512826919556,
    1.021614670753479,
    0.9774202108383179,
    0.9167881011962891,
    0.867445170879364,
    0.8899716138839722,
    0.9183540344238281,
    0.9321411848068237,
    0.9475359916687012,
    0.9667970538139343,
    0.9895270466804504,
    1.0020477771759033,
    0.9927091598510742,
    0.9932490587234497,
    1.133922815322876,
    1.0080287456512451,
    1.0052006244659424,
    1.10163414478302,
    1.192122459411621,
    1.1430847644805908,
    1.0847591161727905,
    1.087721347808838,
    1.0785493850708008,
    1.1020119190216064,
    1.106173038482666,
    1.1809909343719482,
    1.1377109289169312,
    1.1114970445632935,
    1.158301830291748,
    1.2615187168121338,
    0.08334864675998688
  ],
  "layer_alphas_std": [
    0.285482257604599,
    0.03480614349246025,
    0.04816323146224022,
    0.016624968498945236,
    0.05755617469549179,
    0.0705517828464508,
    0.04712844267487526,
    0.06295372545719147,
    0.05704454705119133,
    0.03369946777820587,
    0.05117246136069298,
    0.02944156527519226,
    0.045339155942201614,
    0.015859542414546013,
    0.0197589173913002,
    0.01830555684864521,
    0.015967514365911484,
    0.02905515767633915,
    0.020655697211623192,
    0.04317811504006386,
    0.017992526292800903,
    0.02317715808749199,
    0.031232686713337898,
    0.03530266508460045,
    0.02111012116074562,
    0.02103244513273239,
    0.010027310810983181,
    0.009022374637424946,
    0.008809724822640419,
    0.013121520169079304,
    0.027335260063409805,
    0.012874025851488113,
    0.016911230981349945,
    0.026174260303378105,
    0.01693507470190525,
    0.02353452518582344
  ]
}