{
  "model": "qwen3",
  "n_directions": 21,
  "direction_analysis": {
    "0": {
      "top_pos": [
        [
          " ",
          0.7987816333770752
        ],
        [
          ",",
          0.646241307258606
        ],
        [
          "\n",
          0.6292803883552551
        ],
        [
          "1",
          0.6180222630500793
        ],
        [
          ".",
          0.6037302017211914
        ]
      ],
      "top_neg": [
        [
          ",?\n\n",
          -0.6751912832260132
        ],
        [
          " :\n\n\n\n",
          -0.6334543228149414
        ],
        [
          "??\n\n",
          -0.6333796977996826
        ],
        [
          " ?\n\n",
          -0.628899335861206
        ],
        [
          " sodom",
          -0.6192225217819214
        ]
      ],
      "category_counts": {
        "punctuation": 7
      },
      "s_weight": 126.67115783691406
    },
    "1": {
      "top_pos": [
        [
          "?",
          0.1544232964515686
        ],
        [
          "?",
          0.15052668750286102
        ],
        [
          "?",
          0.14473199844360352
        ],
        [
          "?",
          0.14437207579612732
        ],
        [
          "?",
          0.14419260621070862
        ]
      ],
      "top_neg": [
        [
          ":';\n",
          -0.328673392534256
        ],
        [
          ",\");\n",
          -0.3279750943183899
        ],
        [
          "...\");\r\n",
          -0.32612675428390503
        ],
        [
          ":');\n",
          -0.32260507345199585
        ],
        [
          "??\n\n",
          -0.319487065076828
        ]
      ],
      "category_counts": {},
      "s_weight": 24.20530891418457
    },
    "2": {
      "top_pos": [
        [
          "??\n\n",
          0.3911287188529968
        ],
        [
          ":\",\n",
          0.3888554573059082
        ],
        [
          " ?\n\n",
          0.3689301908016205
        ],
        [
          ",?\n\n",
          0.3668980002403259
        ],
        [
          ".\"\r\n",
          0.3644176423549652
        ]
      ],
      "top_neg": [
        [
          "_FILENO",
          -0.16644911468029022
        ],
        [
          "elsius",
          -0.16317614912986755
        ],
        [
          "_drvdata",
          -0.15959453582763672
        ],
        [
          "URIComponent",
          -0.15903273224830627
        ],
        [
          " MaterialPageRoute",
          -0.15764808654785156
        ]
      ],
      "category_counts": {
        "punctuation": 10
      },
      "s_weight": 20.911556243896484
    },
    "3": {
      "top_pos": [
        [
          " disastr",
          0.2578257918357849
        ],
        [
          " impover",
          0.25003838539123535
        ],
        [
          " nostalg",
          0.239322230219841
        ],
        [
          " blackmail",
          0.23395688831806183
        ],
        [
          " incompet",
          0.23259420692920685
        ]
      ],
      "top_neg": [
        [
          "ations",
          -0.20845651626586914
        ],
        [
          "ials",
          -0.20808391273021698
        ],
        [
          "ation",
          -0.20563501119613647
        ],
        [
          "ions",
          -0.20282325148582458
        ],
        [
          "ATION",
          -0.1993531435728073
        ]
      ],
      "category_counts": {},
      "s_weight": 20.527925491333008
    },
    "4": {
      "top_pos": [
        [
          "():\r\n",
          0.22072182595729828
        ],
        [
          "():\n\n",
          0.21281588077545166
        ],
        [
          ":\r\n\r\n",
          0.2081659436225891
        ],
        [
          "()\r\n\r\n",
          0.2057350128889084
        ],
        [
          "`\n\n",
          0.20545947551727295
        ]
      ],
      "top_neg": [
        [
          "cps",
          -0.2106090784072876
        ],
        [
          " cps",
          -0.20294857025146484
        ],
        [
          "TPL",
          -0.20088133215904236
        ],
        [
          " PSP",
          -0.19760282337665558
        ],
        [
          " CPS",
          -0.1945127546787262
        ]
      ],
      "category_counts": {
        "punctuation": 10
      },
      "s_weight": 18.53591537475586
    },
    "5": {
      "top_pos": [
        [
          " HttpServletResponse",
          0.15361888706684113
        ],
        [
          " Football",
          0.1477280855178833
        ],
        [
          "webpack",
          0.14467981457710266
        ],
        [
          " pthread",
          0.1432594656944275
        ],
        [
          "Chem",
          0.14238274097442627
        ]
      ],
      "top_neg": [
        [
          "????",
          -0.2127380222082138
        ],
        [
          "???",
          -0.21147282421588898
        ],
        [
          "???",
          -0.2114115059375763
        ],
        [
          "????",
          -0.2110920250415802
        ],
        [
          "???",
          -0.20989814400672913
        ]
      ],
      "category_counts": {},
      "s_weight": 16.53957748413086
    },
    "6": {
      "top_pos": [
        [
          " Emails",
          0.16278043389320374
        ],
        [
          " Fonts",
          0.1618366539478302
        ],
        [
          "/videos",
          0.16163229942321777
        ],
        [
          "boards",
          0.16056737303733826
        ],
        [
          "_videos",
          0.15368282794952393
        ]
      ],
      "top_neg": [
        [
          " undert",
          -0.1617010533809662
        ],
        [
          " applic",
          -0.15370900928974152
        ],
        [
          " unsus",
          -0.15344315767288208
        ],
        [
          " incre",
          -0.15000098943710327
        ],
        [
          " unbe",
          -0.148820698261261
        ]
      ],
      "category_counts": {},
      "s_weight": 16.115373611450195
    },
    "7": {
      "top_pos": [
        [
          "????",
          0.15343520045280457
        ],
        [
          ",No",
          0.13906073570251465
        ],
        [
          "??",
          0.13884243369102478
        ],
        [
          "???",
          0.13866963982582092
        ],
        [
          "$I",
          0.13754577934741974
        ]
      ],
      "top_neg": [
        [
          "...\n\n",
          -0.16272029280662537
        ],
        [
          "\n",
          -0.15986822545528412
        ],
        [
          " bombs",
          -0.15844137966632843
        ],
        [
          "?\n",
          -0.15834876894950867
        ],
        [
          "']),\n",
          -0.15708185732364655
        ]
      ],
      "category_counts": {},
      "s_weight": 15.787110328674316
    },
    "8": {
      "top_pos": [
        [
          " koje",
          0.1931186467409134
        ],
        [
          " quienes",
          0.18105654418468475
        ],
        [
          " kako",
          0.17882300913333893
        ],
        [
          " czy",
          0.17827141284942627
        ],
        [
          " poate",
          0.1774170696735382
        ]
      ],
      "top_neg": [
        [
          "????",
          -0.17521876096725464
        ],
        [
          "????",
          -0.16424685716629028
        ],
        [
          "???",
          -0.1574535071849823
        ],
        [
          "???",
          -0.15493358671665192
        ],
        [
          "????",
          -0.15334659814834595
        ]
      ],
      "category_counts": {},
      "s_weight": 15.428223609924316
    },