{
  "model": "qwen3",
  "n_texts": 50,
  "PR_coupling": 1.3045961605446628,
  "diag_mean": 4173.883937634959,
  "off_diag_mean": 374.32493583088626,
  "diag_offdiag_ratio": 11.150429848786603,
  "max_pos_corr": 0.9191996986464402,
  "max_neg_corr": -0.7079971979312609,
  "mean_abs_corr": 0.21867118611233072,
  "n_strong_couplings": 336,
  "var_ratio": 1.3529757261276245,
  "corr_contribution_pct": 35.29757308959961,
  "top5_eigval_ratio": 0.9408510958587651
}