{
  "model": "GLM4-9B-Chat",
  "model_id": "glm4",
  "phase": "CCXVII",
  "n_pairs": 40,
  "n_layers": 40,
  "n_heads": 32,
  "d_model": 4096,
  "layer_indices": [
    0,
    4,
    8,
    12,
    16,
    20,
    24,
    28,
    32,
    36,
    39
  ],
  "key_layers": [
    0,
    20,
    39
  ],
  "feature_names": [
    "tense",
    "polarity",
    "number",
    "negation",
    "question",
    "person",
    "definiteness",
    "info_structure",
    "sentiment",
    "semantic_topic",
    "voice",
    "formality"
  ],
  "layer_pca": {
    "0": {
      "pc1": 0.03855947405099869,
      "cum5": 0.1428690254688263,
      "cum10": 0.2250034660100937,
      "centroid_cos": 0.7753396370831847,
      "syn_mean_norm": 0.1951078474521637,
      "sem_mean_norm": 0.448133647441864,
      "n_syn": 319,
      "n_sem": 160,
      "feat_pc1": {
        "tense": 0.0060683912597596645,
        "polarity": -0.010663365013897419,
        "number": -0.003836906747892499,
        "negation": 0.0023447994608432055,
        "question": 0.029737239703536034,
        "person": 0.005399932619184256,
        "definiteness": 0.0016603742260485888,
        "info_structure": 0.0007017251336947083,
        "sentiment": 0.06671978533267975,
        "semantic_topic": -0.007428733166307211,
        "voice": 0.0025266469456255436,
        "formality": 0.040702447295188904
      }
    },
    "4": {
      "pc1": 0.04039113596081734,
      "cum5": 0.12819027714431286,
      "cum10": 0.19275902211666107,
      "centroid_cos": 0.35295265474131365,
      "syn_mean_norm": 0.9295296669006348,
      "sem_mean_norm": 1.6500756740570068,
      "n_syn": 319,
      "n_sem": 160,
      "feat_pc1": {
        "tense": -0.00022130708384793252,
        "polarity": -0.1685580313205719,
        "number": -0.03171554207801819,
        "negation": -0.053509194403886795,
        "question": -0.3399764895439148,
        "person": 0.019626576453447342,
        "definiteness": -0.008538218215107918,
        "info_structure": -0.17861977219581604,
        "sentiment": -0.03203698992729187,
        "semantic_topic": -0.0015971206594258547,
        "voice": -0.8582998514175415,
        "formality": 0.03712587431073189
      }
    },
    "8": {
      "pc1": 0.04244998097419739,
      "cum5": 0.14394235983490944,
      "cum10": 0.2095327079296112,
      "centroid_cos": 0.35172072680789107,
      "syn_mean_norm": 1.9487801790237427,
      "sem_mean_norm": 3.064619779586792,
      "n_syn": 319,
      "n_sem": 160,
      "feat_pc1": {
        "tense": 0.013204383663833141,
        "polarity": -0.31843024492263794,
        "number": -0.04150233790278435,
        "negation": -0.12897226214408875,
        "question": -0.8774974942207336,
        "person": 0.0825766921043396,
        "definiteness": -0.04765080660581589,
        "info_structure": -0.5623626708984375,
        "sentiment": -0.09638538211584091,
        "semantic_topic": 0.011282886378467083,
        "voice": -1.525708794593811,
        "formality": -0.05444564297795296
      }
    },
    "12": {
      "pc1": 0.04496532678604126,
      "cum5": 0.14552947878837585,
      "cum10": 0.2131078541278839,
      "centroid_cos": 0.3645464670022691,
      "syn_mean_norm": 2.8733022212982178,
      "sem_mean_norm": 4.140113830566406,
      "n_syn": 319,
      "n_sem": 160,
      "feat_pc1": {
        "tense": 0.12180420011281967,
        "polarity": -0.5398744940757751,
        "number": -0.015854565426707268,
        "negation": -0.2903442978858948,
        "question": -1.4929897785186768,
        "person": 0.3224211037158966,
        "definiteness": 0.20302729308605194,
        "info_structure": 0.41266441345214844,
        "sentiment": -0.20193171501159668,
        "semantic_topic": 0.01919248327612877,
        "voice": -1.5430352687835693,
        "formality": -0.06383873522281647
      }
    },
    "16": {
      "pc1": 0.037850722670555115,
      "cum5": 0.15801255963742733,
      "cum10": 0.22533920407295227,
      "centroid_cos": 0.28223046019883685,
      "syn_mean_norm": 4.227005481719971,
      "sem_mean_norm": 5.745107173919678,
      "n_syn": 319,
      "n_sem": 160,
      "feat_pc1": {
        "tense": 0.15205331146717072,
        "polarity": 0.31718456745147705,
        "number": 0.21340827643871307,
        "negation": 0.25402551889419556,
        "question": 0.6372135281562805,
        "person": 0.4303913116455078,
        "definiteness": 0.5707306265830994,
        "info_structure": 3.0986995697021484,
        "sentiment": -0.08806245028972626,
        "semantic_topic": -0.04504391551017761,
        "voice": 1.4569895267486572,
        "formality": 0.17322894930839539
      }
    },
    "20": {
      "pc1": 0.041110213845968246,
      "cum5": 0.16152852028608322,
      "cum10": 0.2296498715877533,
      "centroid_cos": 0.21802914979777538,
      "syn_mean_norm": 6.525237560272217,
      "sem_mean_norm": 8.957479476928711,
      "n_syn": 319,
      "n_sem": 160,
      "feat_pc1": {
        "tense": -0.028962554410099983,
        "polarity": -0.8299644589424133,
        "number": -0.1540730893611908,
        "negation": -0.5304595828056335,
        "question": -2.481206178665161,
        "person": -0.027713675051927567,
        "definiteness": -0.30840063095092773,
        "info_structure": -2.3025519847869873,
        "sentiment": -0.08616874366998672,
        "semantic_topic": 0.07090947777032852,
        "voice": -4.717062950134277,
        "formality": -0.1385510414838791
      }
    },
    "24": {
      "pc1": 0.0494876429438591,
      "cum5": 0.16048154421150684,
      "cum10": 0.22463779151439667,
      "centroid_cos": 0.1539142138131531,
      "syn_mean_norm": 13.339357376098633,
      "sem_mean_norm": 19.81191635131836,
      "n_syn": 319,
      "n_sem": 160,
      "feat_pc1": {
        "tense": 0.0017872881144285202,
        "polarity": 1.5702482461929321,
        "number": -0.2063203752040863,
        "negation": 1.0575031042099,
        "question": 6.592687129974365,
        "person": -0.6651427149772644,
        "definiteness": -0.5012319684028625,
        "info_structure": 2.2100486755371094,
        "sentiment": 0.8273798823356628,
        "semantic_topic": -0.10984662920236588,
        "voice": 10.271868705749512,
        "formality": -0.35701262950897217
      }
    },
    "28": {
      "pc1": 0.050012633204460144,
      "cum5": 0.1480997744947672,
      "cum10": 0.20960304141044617,
      "centroid_cos": 0.09152939155510902,
      "syn_mean_norm": 26.003263473510742,
      "sem_mean_norm": 39.41395950317383,
      "n_syn": 319,
      "n_sem": 160,
      "feat_pc1": {
        "tense": 0.19113048911094666,
        "polarity": 2.331537961959839,
        "number": -1.253177523612976,
        "negation": 1.738613486289978,
        "question": 12.933609008789062,
        "person": -1.555349588394165,
        "definiteness": -1.672824501991272,
        "info_structure": 2.2145328521728516,
        "sentiment": 1.9057897329330444,
        "semantic_topic": -0.268307626247406,
        "voice": 18.678264617919922,
        "formality": -0.5075086951255798
      }
    },
    "32": {
      "pc1": 0.06710905581712723,
      "cum5": 0.15919672697782516,
      "cum10": 0.21347032487392426,
      "centroid_cos": 0.06235333599503307,
      "syn_mean_norm": 38.06269454956055,
      "sem_mean_norm": 57.86296844482422,
      "n_syn": 319,
      "n_sem": 160,
      "feat_pc1": {
        "tense": 0.08379847556352615,
        "polarity": 4.0838470458984375,
        "number": -4.303225994110107,
        "negation": 4.958224296569824,
        "question": 28.16522789001465,
        "person": -1.9574670791625977,
        "definiteness": -5.234038352966309,
        "info_structure": 4.992630481719971,
        "sentiment": 5.205231666564941,
        "semantic_topic": -0.26518046855926514,
        "voice": 16.96071434020996,
        "formality": -0.6695968508720398
      }
    },
    "36": {
      "pc1": 0.07796746492385864,
      "cum5": 0.16532580647617579,