{
  "model": "DeepSeek-R1-Distill-Qwen-7B",
  "spiral_type": "\u9ad8\u7ef4\u7a7a\u95f4\u66f2\u7ebf(\u524d3PC=53%)",
  "s2_ratio": 0.4217172861099243,
  "s3_ratio": 0.5275895595550537,
  "total_rotation_deg": 123.73340272903442,
  "total_rotation_turns": 0.3437038964695401,
  "radius_cv": 0.2681305878813972,
  "singular_values_pc1": [
    3.0522892475128174,
    1.3328028917312622,
    1.100879192352295,
    1.001560091972351,
    0.695647656917572,
    0.6345899105072021,
    0.4776143431663513,
    0.37011393904685974,
    0.30908578634262085,
    0.2845045328140259
  ],
  "singular_values_pc2": [
    2.8958206176757812,
    1.3495666980743408,
    1.2491132020950317,
    0.9982520937919617,
    0.8854694366455078
  ],
  "singular_values_pc3": [
    2.444047451019287,
    1.751922369003296,
    1.1535937786102295,
    1.0664985179901123,
    1.0052173137664795
  ],
  "rotation_early": 0.8726455434382955,
  "rotation_mid": 0.8460640732025922,
  "rotation_late": 0.8479698105406261,
  "axis_svd0_cos": 0.235401451587677,
  "plane_svd0_cos_max": 0.071133092045784
}