{
  "key_layers": [
    0,
    20,
    39
  ],
  "n_permutations": 200,
  "real_cross_cos": {
    "0": -0.1519225835800171,
    "20": 0.008862359449267387,
    "39": 0.04072446748614311
  },
  "permutation_stats": {
    "0": {
      "mean": 0.0036200127529446035,
      "std": 0.04305193906145574,
      "max": 0.12813898921012878,
      "min": -0.1071372777223587,
      "max_abs": 0.12813898921012878,
      "percentile_95": 0.08796479888260364,
      "percentile_99": 0.11098528012633313,
      "p_two_sided": 0.0,
      "p_one_sided": 0.0,
      "z_score": -3.6129057070095705
    },
    "20": {
      "mean": 0.0037181186175439507,
      "std": 0.039015674442146105,
      "max": 0.1048232689499855,
      "min": -0.08606544137001038,
      "max_abs": 0.1048232689499855,
      "percentile_95": 0.07029755562543863,
      "percentile_99": 0.10091268062591552,
      "p_two_sided": 0.81,
      "p_one_sided": 0.445,
      "z_score": 0.13185061914927315
    },
    "39": {
      "mean": -0.000727754031540826,
      "std": 0.11132186449164429,
      "max": 0.3387399911880493,
      "min": -0.4314672648906708,
      "max_abs": 0.4314672648906708,
      "percentile_95": 0.19866701364517206,
      "percentile_99": 0.31444992780685405,
      "p_two_sided": 0.745,
      "p_one_sided": 0.38,
      "z_score": 0.37236370147928394
    }
  }
}