{
  "last_layer": 39,
  "n_perm": 50,
  "real_causal_matrix": [
    [
      0.9999997019767761,
      0.04072446748614311,
      0.09161510318517685,
      0.22131085395812988,
      0.17725957930088043
    ],
    [
      0.04072446748614311,
      0.9999997615814209,
      -0.045122355222702026,
      0.10323675721883774,
      0.06288041174411774
    ],
    [
      0.09161510318517685,
      -0.045122355222702026,
      0.9999998807907104,
      0.1265687793493271,
      -0.22392013669013977
    ],
    [
      0.22131085395812988,
      0.10323675721883774,
      0.1265687793493271,
      0.9999997615814209,
      -0.031224584206938744
    ],
    [
      0.17725957930088043,
      0.06288041174411774,
      -0.22392013669013977,
      -0.031224584206938744,
      1.000000238418579
    ]
  ],
  "real_offdiag_abs_mean": 0.11238630283623934,
  "rand_offdiag_abs_means": [
    0.07426854129880667,
    0.0732812574133277,
    0.05336885973811149,
    0.06280956445261836,
    0.08296702858060598,
    0.04743416937999427,
    0.05917902416549623,
    0.11043893909081817,
    0.07639172719791532,
    0.05849436707794666,
    0.07336086332798004,
    0.08282794551923871,
    0.08180926442146301,
    0.09399691089056432,
    0.07437173565849661,
    0.10261816531419754,
    0.06147324852645397,
    0.03558518923819065,
    0.056726720882579684,
    0.07115603061392903,
    0.09459172561764717,
    0.08758808616548777,
    0.08276048488914967,
    0.07165494607761502,
    0.06856927946209908,
    0.10693356022238731,
    0.05301805175840855,
    0.06172934491187334,
    0.06169719994068146,
    0.06502744331955909,
    0.11405337937176227,
    0.06741623152047396,
    0.08234221786260605,
    0.0951003449037671,
    0.11439611595124007,
    0.08660228420048952,
    0.09925337079912425,
    0.06930279470980168,
    0.08618535809218883,
    0.10977378506213427,
    0.06977532389573753,
    0.07623579949140549,
    0.06822774056345224,
    0.10934633985161782,
    0.08875170964747667,
    0.06157277505844831,
    0.044992192555218934,
    0.059946772456169126,
    0.06399166081100702,
    0.07386858500540257
  ],
  "rand_mean": 0.07654528913926333,
  "rand_std": 0.0187564600898486,
  "rand_max": 0.11439611595124007,
  "p_value": 0.04,
  "ratio": 1.4682327821868744
}