{
  "model": "DeepSeek-R1-Distill-Qwen-7B",
  "n_layers": 28,
  "d_model": 3584,
  "L1": 7,
  "L2": 14,
  "pairs": {
    "tense_x_question": {
      "pair": "tense_x_question",
      "feature_A": "tense",
      "feature_B": "question",
      "n_samples": 30,
      "n_interventions": 30,
      "L1": 7,
      "L2": 14,
      "pc1_dirs": {
        "L1": {
          "cos_pc1A_pc1B": 0.5387731194496155,
          "pc1_A_var": 0.11824457347393036,
          "pc1_B_var": 0.19592054188251495,
          "mean_dhA_norm": 36.215999603271484,
          "mean_dhB_norm": 42.614036560058594
        },
        "L2": {
          "cos_pc1A_pc1B": 0.5238028764724731,
          "pc1_A_var": 0.11042271554470062,
          "pc1_B_var": 0.15314166247844696,
          "mean_dhA_norm": 70.74579620361328,
          "mean_dhB_norm": 96.07565307617188
        },
        "last": {
          "cos_pc1A_pc1B": 0.9236191511154175,
          "pc1_A_var": 0.37310874462127686,
          "pc1_B_var": 0.37303608655929565,
          "mean_dhA_norm": 63.896114349365234,
          "mean_dhB_norm": 121.94820404052734
        }
      },
      "alpha_results": {
        "1.0": {
          "curvature_norm_mean": 76.27151489257812,
          "curvature_norm_std": 41.28047180175781,
          "curvature_A_proj_mean": -10.826186180114746,
          "curvature_B_proj_mean": -13.47579574584961,
          "curvature_cos_A_mean": -0.02944263257086277,
          "curvature_cos_B_mean": -0.05391465872526169,
          "mean_single_effect": 50.1195068359375,
          "relative_curvature": 1.5217930045101025,
          "n_valid": 30,
          "AB_A_proj_mean": 12.573446273803711,
          "AB_B_proj_mean": 9.648896217346191,
          "BA_A_proj_mean": 23.39963150024414,
          "BA_B_proj_mean": 23.124696731567383
        },
        "2.0": {
          "curvature_norm_mean": 126.7612533569336,
          "curvature_norm_std": 44.83527374267578,
          "curvature_A_proj_mean": 1.636915683746338,
          "curvature_B_proj_mean": -4.496401786804199,
          "curvature_cos_A_mean": 0.047911252826452255,
          "curvature_cos_B_mean": 0.00989502016454935,
          "mean_single_effect": 95.17146301269531,
          "relative_curvature": 1.3319250260962279,
          "n_valid": 30,
          "AB_A_proj_mean": 46.78617477416992,
          "AB_B_proj_mean": 39.31317138671875,
          "BA_A_proj_mean": 45.14926528930664,
          "BA_B_proj_mean": 43.8095703125
        }
      }
    },
    "tense_x_polarity": {
      "pair": "tense_x_polarity",
      "feature_A": "tense",
      "feature_B": "polarity",
      "n_samples": 30,
      "n_interventions": 30,
      "L1": 7,
      "L2": 14,
      "pc1_dirs": {
        "L1": {
          "cos_pc1A_pc1B": 0.2180911749601364,
          "pc1_A_var": 0.12145331501960754,
          "pc1_B_var": 0.16830921173095703,
          "mean_dhA_norm": 36.78194808959961,
          "mean_dhB_norm": 48.42766571044922
        },
        "L2": {
          "cos_pc1A_pc1B": 0.5903066396713257,
          "pc1_A_var": 0.14183570444583893,
          "pc1_B_var": 0.1082979366183281,
          "mean_dhA_norm": 74.5224838256836,
          "mean_dhB_norm": 102.311279296875
        },
        "last": {
          "cos_pc1A_pc1B": 0.9296290874481201,
          "pc1_A_var": 0.3370109796524048,
          "pc1_B_var": 0.37698858976364136,
          "mean_dhA_norm": 61.341915130615234,
          "mean_dhB_norm": 94.67948913574219
        }
      },
      "alpha_results": {
        "1.0": {
          "curvature_norm_mean": 61.39515686035156,
          "curvature_norm_std": 35.40278244018555,
          "curvature_A_proj_mean": 2.1667184829711914,
          "curvature_B_proj_mean": 2.9918100833892822,
          "curvature_cos_A_mean": -0.02024540863931179,
          "curvature_cos_B_mean": -0.011631878092885017,
          "mean_single_effect": 42.70091247558594,
          "relative_curvature": 1.4377949627027338,
          "n_valid": 30,
          "AB_A_proj_mean": 5.9010820388793945,
          "AB_B_proj_mean": 7.836052417755127,
          "BA_A_proj_mean": 3.734361171722412,
          "BA_B_proj_mean": 4.844243049621582
        },
        "2.0": {
          "curvature_norm_mean": 105.60601043701172,
          "curvature_norm_std": 38.44462966918945,
          "curvature_A_proj_mean": -9.008718490600586,
          "curvature_B_proj_mean": -7.1000165939331055,
          "curvature_cos_A_mean": -0.07820911705493927,
          "curvature_cos_B_mean": -0.06454285979270935,
          "mean_single_effect": 74.607421875,
          "relative_curvature": 1.4154893411785001,
          "n_valid": 30,
          "AB_A_proj_mean": 7.784692764282227,
          "AB_B_proj_mean": 11.442249298095703,
          "BA_A_proj_mean": 16.793411254882812,
          "BA_B_proj_mean": 18.542261123657227
        }
      }
    },
    "voice_x_question": {
      "pair": "voice_x_question",
      "feature_A": "voice",
      "feature_B": "question",
      "n_samples": 30,
      "n_interventions": 30,
      "L1": 7,
      "L2": 14,
      "pc1_dirs": {
        "L1": {
          "cos_pc1A_pc1B": 0.05941205471754074,
          "pc1_A_var": 0.13493187725543976,
          "pc1_B_var": 0.19328708946704865,
          "mean_dhA_norm": 117.89785766601562,
          "mean_dhB_norm": 35.14226150512695
        },
        "L2": {
          "cos_pc1A_pc1B": -0.05531302094459534,
          "pc1_A_var": 0.1294672042131424,
          "pc1_B_var": 0.1680075079202652,
          "mean_dhA_norm": 194.57000732421875,
          "mean_dhB_norm": 88.57203674316406
        },
        "last": {
          "cos_pc1A_pc1B": 0.8885626792907715,
          "pc1_A_var": 0.37760525941848755,
          "pc1_B_var": 0.4397726058959961,
          "mean_dhA_norm": 181.63877868652344,
          "mean_dhB_norm": 135.69265747070312
        }
      },
      "alpha_results": {
        "1.0": {
          "curvature_norm_mean": 124.50065612792969,
          "curvature_norm_std": 42.614620208740234,
          "curvature_A_proj_mean": -14.44719123840332,
          "curvature_B_proj_mean": -17.879369735717773,
          "curvature_cos_A_mean": -0.13388165831565857,
          "curvature_cos_B_mean": -0.15001019835472107,
          "mean_single_effect": 90.86035919189453,
          "relative_curvature": 1.370241733965092,
          "n_valid": 30,
          "AB_A_proj_mean": 16.531503677368164,
          "AB_B_proj_mean": 3.083505392074585,
          "BA_A_proj_mean": 30.978694915771484,
          "BA_B_proj_mean": 20.96287727355957
        },
        "2.0": {
          "curvature_norm_mean": 204.7978515625,
          "curvature_norm_std": 24.378311157226562,
          "curvature_A_proj_mean": -43.31403732299805,
          "curvature_B_proj_mean": -61.94740676879883,
          "curvature_cos_A_mean": -0.19912372529506683,
          "curvature_cos_B_mean": -0.28745022416114807,
          "mean_single_effect": 144.09674072265625,
          "relative_curvature": 1.4212524900652221,
          "n_valid": 30,
          "AB_A_proj_mean": 12.731228828430176,
          "AB_B_proj_mean": -0.37023481726646423,
          "BA_A_proj_mean": 56.045265197753906,
          "BA_B_proj_mean": 61.577171325683594
        }
      }
    }
  },
  "timestamp": "2026-04-24T22:25:08.193922"
}