{
  "L0": {
    "tense": {
      "avg_l2": 225.67631937662762,
      "std_l2": 234.53599580443975,
      "avg_cos_sim": 0.9876954877376556,
      "n": 150
    },
    "polarity": {
      "avg_l2": 208.52198624928792,
      "std_l2": 211.1443980701884,
      "avg_cos_sim": 0.9920268527666728,
      "n": 150
    },
    "number": {
      "avg_l2": 176.04908884684244,
      "std_l2": 173.11220117393856,
      "avg_cos_sim": 0.9863743273417155,
      "n": 150
    }
  },
  "L7": {
    "tense": {
      "avg_l2": 236.21310484568278,
      "std_l2": 270.5989454125343,
      "avg_cos_sim": 0.9806185499827067,
      "n": 150
    },
    "polarity": {
      "avg_l2": 242.1315732828776,
      "std_l2": 259.22751374858,
      "avg_cos_sim": 0.988173063993454,
      "n": 150
    },
    "number": {
      "avg_l2": 193.67262505849203,
      "std_l2": 211.35686392717653,
      "avg_cos_sim": 0.9835772184530894,
      "n": 150
    }
  },
  "L14": {
    "tense": {
      "avg_l2": 180.4276096725464,
      "std_l2": 206.93914535393117,
      "avg_cos_sim": 0.991604954401652,
      "n": 150
    },
    "polarity": {
      "avg_l2": 202.9741763051351,
      "std_l2": 223.20802912289486,
      "avg_cos_sim": 0.9914038642247518,
      "n": 150
    },
    "number": {
      "avg_l2": 150.88497233072917,
      "std_l2": 200.34708736076928,
      "avg_cos_sim": 0.9930356212457021,
      "n": 150
    }
  },
  "L21": {
    "tense": {
      "avg_l2": 183.94832317352294,
      "std_l2": 229.69682176949922,
      "avg_cos_sim": 0.9845924524466196,
      "n": 150
    },
    "polarity": {
      "avg_l2": 239.03068239847818,
      "std_l2": 221.12623170985154,
      "avg_cos_sim": 0.9871609191099803,
      "n": 150
    },
    "number": {
      "avg_l2": 165.3976324081421,
      "std_l2": 177.2945465370248,
      "avg_cos_sim": 0.990243970155716,
      "n": 150
    }
  },
  "L27": {
    "tense": {
      "avg_l2": 544.9614705912272,
      "std_l2": 516.6344573998379,
      "avg_cos_sim": 0.9046404883265495,
      "n": 150
    },
    "polarity": {
      "avg_l2": 891.3257225290935,
      "std_l2": 833.0902169620663,
      "avg_cos_sim": 0.8165866929789384,
      "n": 150
    },
    "number": {
      "avg_l2": 416.6721040089925,
      "std_l2": 429.4082800886114,
      "avg_cos_sim": 0.9203735737005869,
      "n": 150
    }
  }
}