{
  "L0": {
    "tense": {
      "avg_l2": 236.22032384872438,
      "std_l2": 272.97039811016236,
      "avg_cos_sim": 0.9875131726264954,
      "n": 200
    },
    "polarity": {
      "avg_l2": 191.27236633300782,
      "std_l2": 208.99528576104018,
      "avg_cos_sim": 0.9902857774496079,
      "n": 200
    },
    "number": {
      "avg_l2": 183.01897288322448,
      "std_l2": 223.72631172558883,
      "avg_cos_sim": 0.9843270611763001,
      "n": 200
    }
  },
  "L7": {
    "tense": {
      "avg_l2": 273.3233930015564,
      "std_l2": 321.570333065582,
      "avg_cos_sim": 0.9824490880966187,
      "n": 200
    },
    "polarity": {
      "avg_l2": 330.9173624420166,
      "std_l2": 328.72800118490113,
      "avg_cos_sim": 0.9830828467011452,
      "n": 200
    },
    "number": {
      "avg_l2": 201.05817790985108,
      "std_l2": 213.87906216587095,
      "avg_cos_sim": 0.9826381689310074,
      "n": 200
    }
  },
  "L14": {
    "tense": {
      "avg_l2": 251.81265064239503,
      "std_l2": 255.41659830541857,
      "avg_cos_sim": 0.9799870008230209,
      "n": 200
    },
    "polarity": {
      "avg_l2": 266.3133331108093,
      "std_l2": 265.2679760774228,
      "avg_cos_sim": 0.9853073409199715,
      "n": 200
    },
    "number": {
      "avg_l2": 211.2609350681305,
      "std_l2": 206.49029132680056,
      "avg_cos_sim": 0.9812526625394821,
      "n": 200
    }
  },
  "L21": {
    "tense": {
      "avg_l2": 276.67403665542605,
      "std_l2": 314.2073571857965,
      "avg_cos_sim": 0.9746105283498764,
      "n": 200
    },
    "polarity": {
      "avg_l2": 244.1369871520996,
      "std_l2": 217.94873089894645,
      "avg_cos_sim": 0.989183207154274,
      "n": 200
    },
    "number": {
      "avg_l2": 188.32052320480346,
      "std_l2": 191.83979338151647,
      "avg_cos_sim": 0.9875727736949921,
      "n": 200
    }
  },
  "L27": {
    "tense": {
      "avg_l2": 610.1431759738922,
      "std_l2": 525.7751926561101,
      "avg_cos_sim": 0.8919937121868133,
      "n": 200
    },
    "polarity": {
      "avg_l2": 867.1776038360596,
      "std_l2": 807.4803212612746,
      "avg_cos_sim": 0.8434820626862347,
      "n": 200
    },
    "number": {
      "avg_l2": 410.1737823152542,
      "std_l2": 394.8612608194977,
      "avg_cos_sim": 0.945537883117795,
      "n": 200
    }
  }
}