{
  "L0": {
    "tense": {
      "avg_l2": 247.7534166908264,
      "std_l2": 308.8735761282875,
      "avg_cos_sim": 0.97765096488595,
      "n": 500
    },
    "polarity": {
      "avg_l2": 203.08342212677002,
      "std_l2": 225.90080222985327,
      "avg_cos_sim": 0.9909970576763153,
      "n": 500
    },
    "number": {
      "avg_l2": 170.1946507501602,
      "std_l2": 176.30891014685352,
      "avg_cos_sim": 0.9876218198239803,
      "n": 400
    }
  },
  "L4": {
    "tense": {
      "avg_l2": 353.8950629959106,
      "std_l2": 410.2166661021706,
      "avg_cos_sim": 0.9629965461939574,
      "n": 500
    },
    "polarity": {
      "avg_l2": 343.35352652740477,
      "std_l2": 385.40882827332734,
      "avg_cos_sim": 0.9658075206279755,
      "n": 500
    },
    "number": {
      "avg_l2": 229.09737716674806,
      "std_l2": 211.28270496827142,
      "avg_cos_sim": 0.9812617264688015,
      "n": 400
    }
  },
  "L9": {
    "tense": {
      "avg_l2": 415.48503326416017,
      "std_l2": 426.9432666849557,
      "avg_cos_sim": 0.952831894164905,
      "n": 500
    },
    "polarity": {
      "avg_l2": 514.9932724151612,
      "std_l2": 486.5439463557243,
      "avg_cos_sim": 0.9423487262129784,
      "n": 500
    },
    "number": {
      "avg_l2": 338.4667794418335,
      "std_l2": 289.16446910419285,
      "avg_cos_sim": 0.9626527136564255,
      "n": 400
    }
  },
  "L14": {
    "tense": {
      "avg_l2": 519.9702466125489,
      "std_l2": 488.309441419332,
      "avg_cos_sim": 0.9294208215177059,
      "n": 500
    },
    "polarity": {
      "avg_l2": 539.4813330230713,
      "std_l2": 535.7707558856697,
      "avg_cos_sim": 0.9384888467490673,
      "n": 500
    },
    "number": {
      "avg_l2": 404.4846617221832,
      "std_l2": 348.36791933666365,
      "avg_cos_sim": 0.9518345195055008,
      "n": 400
    }
  },
  "L18": {
    "tense": {
      "avg_l2": 554.4644970550537,
      "std_l2": 541.3741951946151,
      "avg_cos_sim": 0.9198168951496482,
      "n": 500
    },
    "polarity": {
      "avg_l2": 620.9239755249023,
      "std_l2": 564.1353190794363,
      "avg_cos_sim": 0.924317785345018,
      "n": 500
    },
    "number": {
      "avg_l2": 438.00353510856627,
      "std_l2": 393.02680094544144,
      "avg_cos_sim": 0.9422709622606635,
      "n": 400
    }
  },
  "L23": {
    "tense": {
      "avg_l2": 591.1641259613037,
      "std_l2": 534.6753081026063,
      "avg_cos_sim": 0.907226921632886,
      "n": 500
    },
    "polarity": {
      "avg_l2": 671.040110321045,
      "std_l2": 605.1723006943719,
      "avg_cos_sim": 0.9057062697932124,
      "n": 500
    },
    "number": {
      "avg_l2": 485.7530419921875,
      "std_l2": 412.7233830913273,
      "avg_cos_sim": 0.9269776826538145,
      "n": 400
    }
  },
  "L27": {
    "tense": {
      "avg_l2": 658.0315570068359,
      "std_l2": 542.1508403919879,
      "avg_cos_sim": 0.878535679154098,
      "n": 500
    },
    "polarity": {
      "avg_l2": 1004.7477857513428,
      "std_l2": 824.3276719656235,
      "avg_cos_sim": 0.7983115380797535,
      "n": 500
    },
    "number": {
      "avg_l2": 500.27144514083864,
      "std_l2": 425.6820771457441,
      "avg_cos_sim": 0.9173075433867052,
      "n": 400
    }
  }
}