{
  "experiment": "exp1_rotation_structure",
  "model": "deepseek7b",
  "n_words": 64,
  "timestamp": "2026-04-29T23:16:56.698255",
  "results": [
    {
      "layer_pair": "L0->L1",
      "l1": 0,
      "l2": 1,
      "n_words": 64,
      "R_deviation_from_I": 1.4245472688764564,
      "n_significant_rotations": 50,
      "frac_significant": 1.0,
      "mean_diag_abs": 0.2235875129699707,
      "singular_values_top10": [
        43748.80859375,
        13228.1435546875,
        10440.29296875,
        8850.853515625,
        8646.24609375,
        7553.50390625,
        7088.19140625,
        5593.24951171875,
        5245.13818359375,
        4905.92138671875
      ],
      "det_R": 1.0,
      "fit_cos": 0.8243663376197219
    },
    {
      "layer_pair": "L1->L2",
      "l1": 1,
      "l2": 2,
      "n_words": 64,
      "R_deviation_from_I": 1.384982740844262,
      "n_significant_rotations": 50,
      "frac_significant": 1.0,
      "mean_diag_abs": 0.2556338608264923,
      "singular_values_top10": [
        158786.34375,
        33389.44140625,
        27450.45703125,
        23000.478515625,
        19609.794921875,
        18028.09375,
        15581.533203125,
        14614.0654296875,
        12517.171875,
        10872.259765625
      ],
      "det_R": 0.9999997019767761,
      "fit_cos": 0.8752314001321793
    },
    {
      "layer_pair": "L2->L3",
      "l1": 2,
      "l2": 3,
      "n_words": 64,
      "R_deviation_from_I": 1.4049315874109563,
      "n_significant_rotations": 50,
      "frac_significant": 1.0,
      "mean_diag_abs": 0.19206224381923676,
      "singular_values_top10": [
        166421.234375,
        49995.24609375,
        46818.03515625,
        39167.7734375,
        35129.0390625,
        31440.31640625,
        29993.521484375,
        27904.955078125,
        25484.70703125,
        22860.3359375
      ],
      "det_R": -1.0000001192092896,
      "fit_cos": 0.8947473419830203
    },
    {
      "layer_pair": "L3->L4",
      "l1": 3,
      "l2": 4,
      "n_words": 64,
      "R_deviation_from_I": 1.3608991277349354,
      "n_significant_rotations": 50,
      "frac_significant": 1.0,
      "mean_diag_abs": 0.2382292002439499,
      "singular_values_top10": [
        275160.84375,
        95689.2890625,
        88370.0390625,
        73301.21875,
        71835.1328125,
        65713.828125,
        53278.78515625,
        49396.0234375,
        46896.7265625,
        41782.73046875
      ],
      "det_R": -0.9999995827674866,
      "fit_cos": 0.9416975900530815
    },
    {
      "layer_pair": "L4->L5",
      "l1": 4,
      "l2": 5,
      "n_words": 64,
      "R_deviation_from_I": 1.3881759237241704,
      "n_significant_rotations": 50,
      "frac_significant": 1.0,
      "mean_diag_abs": 0.2259795218706131,
      "singular_values_top10": [
        319861.90625,
        118141.4140625,
        114410.6953125,
        100995.6171875,
        80495.65625,
        71862.7890625,
        70039.1484375,
        54942.5390625,
        49660.58984375,
        47692.09765625
      ],
      "det_R": -0.9999992847442627,
      "fit_cos": 0.9463252760469913
    },
    {
      "layer_pair": "L5->L6",
      "l1": 5,
      "l2": 6,
      "n_words": 64,
      "R_deviation_from_I": 1.4317929882481093,
      "n_significant_rotations": 50,
      "frac_significant": 1.0,
      "mean_diag_abs": 0.28658562898635864,
      "singular_values_top10": [
        159300.5,
        69419.3359375,
        65337.58203125,
        55786.52734375,
        45458.73828125,
        41216.6953125,
        41006.98046875,
        33913.05859375,
        31682.154296875,
        28998.21484375
      ],
      "det_R": -0.9999997019767761,
      "fit_cos": 0.9445197125896811
    },
    {
      "layer_pair": "L6->L7",
      "l1": 6,
      "l2": 7,
      "n_words": 64,
      "R_deviation_from_I": 1.38101052497757,
      "n_significant_rotations": 50,
      "frac_significant": 1.0,
      "mean_diag_abs": 0.2463722825050354,
      "singular_values_top10": [
        79649.453125,
        37561.4765625,
        36542.91015625,
        30477.27734375,
        28231.63671875,
        25160.453125,
        23653.80078125,
        20108.205078125,
        18774.03515625,
        16600.796875
      ],
      "det_R": -0.9999998211860657,
      "fit_cos": 0.946607737801969
    },
    {
      "layer_pair": "L7->L8",
      "l1": 7,
      "l2": 8,
      "n_words": 64,
      "R_deviation_from_I": 1.4460100963109521,
      "n_significant_rotations": 49,
      "frac_significant": 0.98,
      "mean_diag_abs": 0.34804150462150574,
      "singular_values_top10": [
        120774.203125,
        65621.3125,
        53130.7421875,
        43134.3828125,
        40625.75,
        34420.46484375,
        32323.927734375,
        25508.349609375,
        23109.451171875,
        22416.2578125
      ],
      "det_R": 1.000000238418579,
      "fit_cos": 0.9602710418403149
    },
    {
      "layer_pair": "L8->L9",
      "l1": 8,
      "l2": 9,
      "n_words": 64,
      "R_deviation_from_I": 1.3936616477275212,
      "n_significant_rotations": 50,
      "frac_significant": 1.0,
      "mean_diag_abs": 0.26528605818748474,
      "singular_values_top10": [
        212138.875,
        125171.3359375,
        100423.1015625,
        85610.3984375,
        81474.4296875,
        62676.640625,
        58328.2265625,
        47247.80078125,
        44657.58984375,
        42019.796875
      ],
      "det_R": -1.0,
      "fit_cos": 0.9612607890740037
    },
    {
      "layer_pair": "L9->L10",
      "l1": 9,
      "l2": 10,
      "n_words": 64,
      "R_deviation_from_I": 1.3937356217858698,
      "n_significant_rotations": 50,
      "frac_significant": 1.0,
      "mean_diag_abs": 0.24479395151138306,
      "singular_values_top10": [
        211750.46875,
        123506.0703125,
        104397.703125,
        98402.4609375,
        84435.3125,
        69070.3671875,
        62944.9609375,
        50922.8359375,
        47465.9140625,
        46706.5078125
      ],
      "det_R": 0.9999995827674866,
      "fit_cos": 0.9576715789735317
    },
    {
      "layer_pair": "L10->L11",
      "l1": 10,
      "l2": 11,
      "n_words": 64,
      "R_deviation_from_I": 1.3942741161608665,
      "n_significant_rotations": 50,
      "frac_significant": 1.0,
      "mean_diag_abs": 0.27180731296539307,
      "singular_values_top10": [
        123264.140625,
        75603.46875,
        57264.49609375,
        51009.234375,
        47447.96875,
        42333.65234375,
        34511.640625,
        33661.0859375,
        30406.91015625,
        29267.21875
      ],
      "det_R": -0.9999994039535522,
      "fit_cos": 0.9692343352362514
    },
    {
      "layer_pair": "L11->L12",
      "l1": 11,
      "l2": 12,
      "n_words": 64,
      "R_deviation_from_I": 1.405047074452591,
      "n_significant_rotations": 49,
      "frac_significant": 0.98,
      "mean_diag_abs": 0.2618376910686493,
      "singular_values_top10": [
        119130.5859375,
        67047.59375,
        50721.31640625,
        48190.07421875,
        46884.37890625,
        41259.84375,
        33543.421875,
        31238.306640625,
        27170.16796875,
        26956.951171875
      ],
      "det_R": 1.000000238418579,
      "fit_cos": 0.9730484401807189
    },
    {
      "layer_pair": "L12->L13",
      "l1": 12,
      "l2": 13,
      "n_words": 64,
      "R_deviation_from_I": 1.4389368836308865,
      "n_significant_rotations": 49,
      "frac_significant": 0.98,
      "mean_diag_abs": 0.2994190454483032,
      "singular_values_top10": [
        110304.5390625,
        61934.734375,
        49691.53515625,
        48117.69140625,
        46742.6171875,
        40780.82421875,
        33885.90234375,
        29000.81640625,
        28661.212890625,
        24170.126953125
      ],
      "det_R": 0.9999993443489075,
      "fit_cos": 0.9734669541940093
    },
    {
      "layer_pair": "L13->L14",
      "l1": 13,
      "l2": 14,