{
  "resid": {
    "L0": {
      "tense": {
        "mean_l2": 250.17322605133057,
        "median_l2": 139.19490814208984,
        "std_l2": 301.9570897120486,
        "n": 200
      },
      "polarity": {
        "mean_l2": 209.45830503463745,
        "median_l2": 115.57851791381836,
        "std_l2": 212.86230736498936,
        "n": 200
      },
      "number": {
        "mean_l2": 136.44151611328124,
        "median_l2": 79.45363998413086,
        "std_l2": 126.31061809595492,
        "n": 20
      },
      "sentiment": {
        "mean_l2": 733.6228463745117,
        "median_l2": 610.6515502929688,
        "std_l2": 417.4013665313057,
        "n": 25
      },
      "semantic_topic": {
        "mean_l2": 796.7281032562256,
        "median_l2": 646.5257873535156,
        "std_l2": 644.5407888013186,
        "n": 20
      }
    },
    "L3": {
      "tense": {
        "mean_l2": 292.29741203308106,
        "median_l2": 174.44165802001953,
        "std_l2": 360.1494706939219,
        "n": 200
      },
      "polarity": {
        "mean_l2": 339.76910575866697,
        "median_l2": 179.85325622558594,
        "std_l2": 375.708890341695,
        "n": 200
      },
      "number": {
        "mean_l2": 183.63588218688966,
        "median_l2": 111.05451202392578,
        "std_l2": 161.2961087059609,
        "n": 20
      },
      "sentiment": {
        "mean_l2": 690.5686499023437,
        "median_l2": 694.3080444335938,
        "std_l2": 381.7859810115248,
        "n": 25
      },
      "semantic_topic": {
        "mean_l2": 855.1751991271973,
        "median_l2": 631.2254028320312,
        "std_l2": 691.528813825254,
        "n": 20
      }
    },
    "L7": {
      "tense": {
        "mean_l2": 383.38263866424563,
        "median_l2": 234.6375961303711,
        "std_l2": 370.22390932472683,
        "n": 200
      },
      "polarity": {
        "mean_l2": 481.0559073638916,
        "median_l2": 320.9656066894531,
        "std_l2": 501.20174025177863,
        "n": 200
      },
      "number": {
        "mean_l2": 301.72604713439944,
        "median_l2": 218.6949234008789,
        "std_l2": 283.11825131127347,
        "n": 20
      },
      "sentiment": {
        "mean_l2": 791.9805810546875,
        "median_l2": 748.8197631835938,
        "std_l2": 393.56415414989783,
        "n": 25
      },
      "semantic_topic": {
        "mean_l2": 1051.1213653564453,
        "median_l2": 892.3357238769531,
        "std_l2": 676.0075586099667,
        "n": 20
      }
    },
    "L11": {
      "tense": {
        "mean_l2": 458.8045676422119,
        "median_l2": 306.8588409423828,
        "std_l2": 470.1405423587972,
        "n": 200
      },
      "polarity": {
        "mean_l2": 635.6520088577271,
        "median_l2": 399.6988525390625,
        "std_l2": 590.0775695185074,
        "n": 200
      },
      "number": {
        "mean_l2": 380.54823837280276,
        "median_l2": 276.82723236083984,
        "std_l2": 337.7869623811951,
        "n": 20
      },
      "sentiment": {
        "mean_l2": 833.6713586425781,
        "median_l2": 782.2034301757812,
        "std_l2": 481.0340475659792,
        "n": 25
      },
      "semantic_topic": {
        "mean_l2": 1018.5045593261718,
        "median_l2": 853.3031005859375,
        "std_l2": 668.0012948771363,
        "n": 20
      }
    },
    "L15": {
      "tense": {
        "mean_l2": 530.7886327171326,
        "median_l2": 326.12696838378906,
        "std_l2": 524.3745098378126,
        "n": 200
      },
      "polarity": {
        "mean_l2": 687.6249988555908,
        "median_l2": 494.7566833496094,
        "std_l2": 591.1496825262711,
        "n": 200
      },
      "number": {
        "mean_l2": 477.61397819519044,
        "median_l2": 347.08453369140625,
        "std_l2": 377.03351165309834,
        "n": 20
      },
      "sentiment": {
        "mean_l2": 957.096196899414,
        "median_l2": 884.8856811523438,
        "std_l2": 616.0462527707967,
        "n": 25
      },
      "semantic_topic": {
        "mean_l2": 991.9919403076171,
        "median_l2": 797.0840454101562,
        "std_l2": 709.277406978723,
        "n": 20
      }
    },
    "L19": {
      "tense": {
        "mean_l2": 550.059437675476,
        "median_l2": 384.4296875,
        "std_l2": 482.60971242309614,
        "n": 200
      },
      "polarity": {
        "mean_l2": 770.1721762084961,
        "median_l2": 520.8551635742188,
        "std_l2": 684.8261396282762,
        "n": 200
      },
      "number": {
        "mean_l2": 404.32904891967775,
        "median_l2": 253.56209564208984,
        "std_l2": 335.56928153418914,
        "n": 20
      },
      "sentiment": {
        "mean_l2": 989.1766015625,
        "median_l2": 853.09619140625,
        "std_l2": 562.9378517347574,
        "n": 25
      },
      "semantic_topic": {
        "mean_l2": 1039.3508934020997,
        "median_l2": 856.0049133300781,
        "std_l2": 667.600438865493,
        "n": 20
      }
    },
    "L23": {
      "tense": {
        "mean_l2": 578.8124312973023,
        "median_l2": 409.10267639160156,
        "std_l2": 500.41873045091165,
        "n": 200
      },
      "polarity": {
        "mean_l2": 784.3133000946045,
        "median_l2": 486.55299377441406,
        "std_l2": 703.9149419115188,
        "n": 200
      },
      "number": {
        "mean_l2": 409.77324333190916,
        "median_l2": 296.1278381347656,
        "std_l2": 306.42402769749265,
        "n": 20
      },
      "sentiment": {
        "mean_l2": 991.7738763427734,
        "median_l2": 955.4795532226562,
        "std_l2": 597.1721393462753,
        "n": 25
      },
      "semantic_topic": {
        "mean_l2": 1003.5118614196778,
        "median_l2": 794.6791381835938,
        "std_l2": 696.755360920328,
        "n": 20
      }
    },
    "L27": {
      "tense": {
        "mean_l2": 683.7973490142822,
        "median_l2": 452.0817413330078,
        "std_l2": 569.884784477549,
        "n": 200
      },
      "polarity": {
        "mean_l2": 1110.2884832000732,
        "median_l2": 724.5795288085938,
        "std_l2": 942.7851058954546,
        "n": 200
      },
      "number": {
        "mean_l2": 342.22841720581056,
        "median_l2": 294.66278076171875,
        "std_l2": 176.1112669394017,
        "n": 20
      },
      "sentiment": {
        "mean_l2": 1090.3484161376953,
        "median_l2": 876.0087280273438,
        "std_l2": 678.3160056711388,
        "n": 25
      },
      "semantic_topic": {
        "mean_l2": 1089.661122894287,
        "median_l2": 935.1982727050781,
        "std_l2": 636.8827556661985,
        "n": 20
      }
    }
  },
  "components": {
    "attn": {
      "L0": {
        "tense": {
          "mean_l2": 238.33695494333904,
          "median_l2": 140.8050765991211,
          "n": 150
        },
        "polarity": {
          "mean_l2": 227.54751066843667,
          "median_l2": 142.07581329345703,
          "n": 150
        },
        "number": {
          "mean_l2": 179.93821716308594,
          "median_l2": 136.18162536621094,
          "n": 20
        }
      },
      "L7": {
        "tense": {
          "mean_l2": 223.19253481547037,
          "median_l2": 145.36005401611328,
          "n": 150
        },
        "polarity": {
          "mean_l2": 269.00554183959963,
          "median_l2": 188.26671600341797,
          "n": 150
        },
        "number": {
          "mean_l2": 167.7348876953125,
          "median_l2": 81.1697998046875,
          "n": 20
        }
      },
      "L14": {
        "tense": {
          "mean_l2": 173.3150249226888,
          "median_l2": 113.60037231445312,
          "n": 150
        },
        "polarity": {
          "mean_l2": 216.19831691741945,
          "median_l2": 145.21620178222656,
          "n": 150
        },
        "number": {
          "mean_l2": 179.3303689956665,
          "median_l2": 107.41002655029297,
          "n": 20
        }
      },
      "L21": {
        "tense": {
          "mean_l2": 194.44406809488933,