{
  "speed": {
    "animal": {
      "L0-L2": 4.778822898864746,
      "L2-L4": 5.552734375,
      "L4-L6": 7.110049724578857,
      "L6-L8": 8.184521675109863,
      "L8-L10": 9.151046752929688,
      "L10-L12": 8.636492729187012,
      "L12-L14": 7.908383846282959,
      "L14-L16": 7.201943397521973,
      "L16-L18": 7.484647274017334,
      "L18-L20": 7.686730861663818,
      "L20-L22": 9.225691795349121,
      "L22-L24": 13.38274097442627,
      "L24-L26": 14.033318519592285,
      "L26-L28": 11.721590042114258,
      "L28-L30": 11.55271053314209,
      "L30-L32": 10.38420581817627,
      "L32-L34": 9.892877578735352,
      "L34-L36": 12.4573335647583,
      "L36-L38": 27.622344970703125,
      "L38-L39": 97.66417694091797
    },
    "bird": {
      "L0-L2": 4.728527545928955,
      "L2-L4": 5.37966251373291,
      "L4-L6": 7.111338138580322,
      "L6-L8": 8.17837142944336,
      "L8-L10": 8.78273868560791,
      "L10-L12": 8.320181846618652,
      "L12-L14": 7.502588748931885,
      "L14-L16": 7.022538185119629,
      "L16-L18": 7.161765098571777,
      "L18-L20": 7.283796787261963,
      "L20-L22": 9.036080360412598,
      "L22-L24": 13.1522216796875,
      "L24-L26": 14.107015609741211,
      "L26-L28": 11.620924949645996,
      "L28-L30": 12.40260124206543,
      "L30-L32": 10.542281150817871,
      "L32-L34": 9.652853965759277,
      "L34-L36": 12.8677396774292,
      "L36-L38": 28.123422622680664,
      "L38-L39": 99.55325317382812
    },
    "body_part": {
      "L0-L2": 4.8951287269592285,
      "L2-L4": 5.658801555633545,
      "L4-L6": 6.911833763122559,
      "L6-L8": 7.594357490539551,
      "L8-L10": 7.814894199371338,
      "L10-L12": 7.076632022857666,
      "L12-L14": 6.666143894195557,
      "L14-L16": 6.448952674865723,
      "L16-L18": 6.263306140899658,
      "L18-L20": 6.7104644775390625,
      "L20-L22": 8.785141944885254,
      "L22-L24": 12.521260261535645,
      "L24-L26": 13.657133102416992,
      "L26-L28": 12.267325401306152,
      "L28-L30": 11.329591751098633,
      "L30-L32": 9.838845252990723,
      "L32-L34": 8.917794227600098,
      "L34-L36": 12.251335144042969,
      "L36-L38": 26.583663940429688,
      "L38-L39": 92.8026123046875
    },
    "clothing": {
      "L0-L2": 4.78194522857666,
      "L2-L4": 5.236870288848877,
      "L4-L6": 6.572486400604248,
      "L6-L8": 7.787535190582275,
      "L8-L10": 8.487921714782715,
      "L10-L12": 7.8280463218688965,
      "L12-L14": 7.354019641876221,
      "L14-L16": 7.090627193450928,
      "L16-L18": 7.0283522605896,
      "L18-L20": 7.174502849578857,
      "L20-L22": 8.797708511352539,
      "L22-L24": 12.331521034240723,
      "L24-L26": 13.715300559997559,
      "L26-L28": 11.49351978302002,
      "L28-L30": 11.347912788391113,
      "L30-L32": 10.726480484008789,
      "L32-L34": 9.408394813537598,
      "L34-L36": 12.264558792114258,
      "L36-L38": 27.099748611450195,
      "L38-L39": 95.26670837402344
    },
    "fish": {
      "L0-L2": 4.64194393157959,
      "L2-L4": 4.916061878204346,
      "L4-L6": 6.673027992248535,
      "L6-L8": 7.6503214836120605,
      "L8-L10": 8.019233703613281,
      "L10-L12": 7.306192398071289,
      "L12-L14": 6.357642650604248,
      "L14-L16": 6.3206915855407715,
      "L16-L18": 6.453782081604004,
      "L18-L20": 6.797107696533203,
      "L20-L22": 8.520668029785156,
      "L22-L24": 12.328792572021484,
      "L24-L26": 13.712430953979492,
      "L26-L28": 12.569601058959961,
      "L28-L30": 11.062527656555176,
      "L30-L32": 10.555872917175293,
      "L32-L34": 9.37113094329834,
      "L34-L36": 12.356611251831055,
      "L36-L38": 27.427587509155273,
      "L38-L39": 97.4233169555664
    },
    "fruit": {
      "L0-L2": 4.819085597991943,
      "L2-L4": 5.328846454620361,
      "L4-L6": 6.972009181976318,
      "L6-L8": 8.029633522033691,
      "L8-L10": 8.624419212341309,
      "L10-L12": 7.618516445159912,
      "L12-L14": 7.23257303237915,
      "L14-L16": 7.240509986877441,
      "L16-L18": 6.913855075836182,
      "L18-L20": 7.168371200561523,
      "L20-L22": 9.046673774719238,
      "L22-L24": 12.95960521697998,
      "L24-L26": 14.283647537231445,
      "L26-L28": 13.220412254333496,
      "L28-L30": 12.016275405883789,
      "L30-L32": 11.369571685791016,
      "L32-L34": 10.511627197265625,
      "L34-L36": 14.227371215820312,
      "L36-L38": 27.550800323486328,
      "L38-L39": 96.43402862548828
    },
    "furniture": {
      "L0-L2": 4.906862735748291,
      "L2-L4": 5.350386619567871,
      "L4-L6": 6.678476333618164,
      "L6-L8": 7.778616428375244,
      "L8-L10": 8.41323184967041,
      "L10-L12": 7.826175212860107,
      "L12-L14": 7.706238746643066,
      "L14-L16": 7.5307841300964355,
      "L16-L18": 7.230062484741211,
      "L18-L20": 7.2852959632873535,
      "L20-L22": 9.044062614440918,
      "L22-L24": 12.387911796569824,
      "L24-L26": 13.255350112915039,
      "L26-L28": 11.686969757080078,
      "L28-L30": 10.576367378234863,
      "L30-L32": 9.756596565246582,
      "L32-L34": 8.458847999572754,
      "L34-L36": 11.239370346069336,
      "L36-L38": 26.881467819213867,
      "L38-L39": 92.2552490234375
    },
    "insect": {
      "L0-L2": 4.553259372711182,
      "L2-L4": 5.083487033843994,
      "L4-L6": 6.67685604095459,
      "L6-L8": 7.781030654907227,
      "L8-L10": 8.829485893249512,
      "L10-L12": 7.828334331512451,
      "L12-L14": 7.2472968101501465,
      "L14-L16": 6.825541973114014,
      "L16-L18": 6.839893341064453,
      "L18-L20": 7.26239538192749,
      "L20-L22": 8.910189628601074,
      "L22-L24": 12.863518714904785,
      "L24-L26": 14.07138729095459,
      "L26-L28": 12.167451858520508,
      "L28-L30": 10.816904067993164,
      "L30-L32": 9.925873756408691,
      "L32-L34": 9.279969215393066,
      "L34-L36": 12.474604606628418,
      "L36-L38": 27.346515655517578,
      "L38-L39": 97.26171875
    },
    "plant": {
      "L0-L2": 4.817464828491211,
      "L2-L4": 5.2575364112854,
      "L4-L6": 6.887403964996338,
      "L6-L8": 7.590477466583252,
      "L8-L10": 7.873102188110352,
      "L10-L12": 7.2362847328186035,
      "L12-L14": 6.728704929351807,
      "L14-L16": 6.531040191650391,
      "L16-L18": 6.503536701202393,
      "L18-L20": 6.773628234863281,
      "L20-L22": 8.46412181854248,
      "L22-L24": 11.992780685424805,
      "L24-L26": 12.931654930114746,
      "L26-L28": 11.305169105529785,
      "L28-L30": 10.354130744934082,
      "L30-L32": 9.823266983032227,
      "L32-L34": 8.522882461547852,
      "L34-L36": 11.581573486328125,
      "L36-L38": 26.60114288330078,
      "L38-L39": 93.73526763916016
    },
    "tool": {
      "L0-L2": 4.692039966583252,
      "L2-L4": 4.991273403167725,
      "L4-L6": 6.431549072265625,
      "L6-L8": 7.330826282501221,
      "L8-L10": 7.865828514099121,
      "L10-L12": 7.048259735107422,
      "L12-L14": 6.494381904602051,
      "L14-L16": 6.450894355773926,
      "L16-L18": 6.382645606994629,
      "L18-L20": 6.629963397979736,
      "L20-L22": 8.589700698852539,
      "L22-L24": 12.250358581542969,
      "L24-L26": 13.109596252441406,
      "L26-L28": 11.19615650177002,
      "L28-L30": 10.456429481506348,
      "L30-L32": 9.125185012817383,
      "L32-L34": 8.291833877563477,
      "L34-L36": 11.616986274719238,
      "L36-L38": 27.025379180908203,
      "L38-L39": 92.83055877685547
    },
    "vegetable": {
      "L0-L2": 4.9309821128845215,
      "L2-L4": 5.256769180297852,
      "L4-L6": 6.971857070922852,
      "L6-L8": 8.086654663085938,
      "L8-L10": 8.581913948059082,
      "L10-L12": 8.072705268859863,
      "L12-L14": 7.177151679992676,
      "L14-L16": 6.710649490356445,
      "L16-L18": 6.792581558227539,
      "L18-L20": 7.267456531524658,
      "L20-L22": 8.920111656188965,
      "L22-L24": 13.244168281555176,
      "L24-L26": 13.838273048400879,
      "L26-L28": 12.474766731262207,
      "L28-L30": 11.664904594421387,
      "L30-L32": 11.127908706665039,