{
  "model": "DeepSeek-R1-Distill-Qwen-7B",
  "results": {
    "3": {
      "layer": 3,
      "activation_norm": 77.12703704833984,
      "tense_dir_norm": 24.416250228881836,
      "quest_dir_norm": 25.64832878112793,
      "tense_sep_ratio": 0.31657186848169916,
      "quest_sep_ratio": 0.3325465331310397,
      "tense_accuracy": 0.9583333333333334,
      "quest_accuracy": 1.0,
      "mean_curvature": 0.21275761303030602,
      "tense_efficiency": 1.487946136563446,
      "quest_efficiency": 1.5630300050760932,
      "tense_curv_to_sep": 0.6720673380850285,
      "quest_curv_to_sep": 0.6397829830404238
    },
    "7": {
      "layer": 7,
      "activation_norm": 124.69625091552734,
      "tense_dir_norm": 44.93605041503906,
      "quest_dir_norm": 49.63651657104492,
      "tense_sep_ratio": 0.3603640854081807,
      "quest_sep_ratio": 0.39805941402865636,
      "tense_accuracy": 1.0,
      "quest_accuracy": 1.0,
      "mean_curvature": 0.1851914985050871,
      "tense_efficiency": 1.945899720681248,
      "quest_efficiency": 2.1494475557838695,
      "tense_curv_to_sep": 0.5139010960094219,
      "quest_curv_to_sep": 0.4652358214174318
    },
    "14": {
      "layer": 14,
      "activation_norm": 197.2500762939453,
      "tense_dir_norm": 76.58296203613281,
      "quest_dir_norm": 99.82146453857422,
      "tense_sep_ratio": 0.3882531427869706,
      "quest_sep_ratio": 0.5060655306909388,
      "tense_accuracy": 1.0,
      "quest_accuracy": 1.0,
      "mean_curvature": 0.06450437926384704,
      "tense_efficiency": 6.019019896261121,
      "quest_efficiency": 7.845444536973174,
      "tense_curv_to_sep": 0.16614000542070498,
      "quest_curv_to_sep": 0.12746250305376855
    },
    "21": {
      "layer": 21,
      "activation_norm": 387.8622741699219,
      "tense_dir_norm": 140.2326202392578,
      "quest_dir_norm": 198.89637756347656,
      "tense_sep_ratio": 0.36155261694202817,
      "quest_sep_ratio": 0.5128015556271633,
      "tense_accuracy": 0.9583333333333334,
      "quest_accuracy": 1.0,
      "mean_curvature": 0.026352977231653807,
      "tense_efficiency": 13.719611730844173,
      "quest_efficiency": 19.458960905006098,
      "tense_curv_to_sep": 0.07288835978357873,
      "quest_curv_to_sep": 0.051390205309117545
    },
    "26": {
      "layer": 26,
      "activation_norm": 1106.4285888671875,
      "tense_dir_norm": 277.0889587402344,
      "quest_dir_norm": 394.2383117675781,
      "tense_sep_ratio": 0.2504354655404428,
      "quest_sep_ratio": 0.3563160928182286,
      "tense_accuracy": 0.75,
      "quest_accuracy": 1.0,
      "mean_curvature": 0.006560824259799237,
      "tense_efficiency": 38.17134125323639,
      "quest_efficiency": 54.30965276277142,
      "tense_curv_to_sep": 0.02619766430853206,
      "quest_curv_to_sep": 0.018412932758849282
    }
  }
}