{
  "target_layer": 18,
  "n_test_prompts": 50,
  "n_random_dirs": 30,
  "betas": [
    1.0,
    2.0,
    4.0,
    8.0,
    16.0
  ],
  "polarity_injection": {
    "1.0": {
      "delta_logit_mean": 0.071875,
      "delta_logit_std": 0.34861612573861245,
      "effect_norm_mean": 115.12320022583008
    },
    "2.0": {
      "delta_logit_mean": 0.1628125,
      "delta_logit_std": 1.3004659997117378,
      "effect_norm_mean": 905.7694470214843
    },
    "4.0": {
      "delta_logit_mean": -0.669375,
      "delta_logit_std": 1.8036322943230418,
      "effect_norm_mean": 986.1190637207031
    },
    "8.0": {
      "delta_logit_mean": -0.7940625,
      "delta_logit_std": 1.531803758288329,
      "effect_norm_mean": 987.7315625
    },
    "16.0": {
      "delta_logit_mean": -0.935546875,
      "delta_logit_std": 1.6942332123938888,
      "effect_norm_mean": 1060.0981201171876
    }
  },
  "probe_injection": {
    "1.0": {
      "delta_logit_mean": 0.103125,
      "delta_logit_std": 0.29143033580085653,
      "effect_norm_mean": 109.940765914917
    },
    "2.0": {
      "delta_logit_mean": 0.426875,
      "delta_logit_std": 1.4451915152065486,
      "effect_norm_mean": 950.4628375244141
    },
    "4.0": {
      "delta_logit_mean": 0.035,
      "delta_logit_std": 1.4773767926632662,
      "effect_norm_mean": 1008.1629309082032
    },
    "8.0": {
      "delta_logit_mean": -0.1434375,
      "delta_logit_std": 1.5828107724571028,
      "effect_norm_mean": 1030.6361511230468
    },
    "16.0": {
      "delta_logit_mean": -0.3509375,
      "delta_logit_std": 2.1824069281414955,
      "effect_norm_mean": 1000.1848864746094
    }
  },
  "random_injection": {
    "1.0": {
      "delta_logit_mean": 0.0575625,
      "delta_logit_std": 0.0646473506643286,
      "effect_norm_mean": 104.39112776819864,
      "effect_norm_std": 27.232171513543992
    },
    "2.0": {
      "delta_logit_mean": 0.29944791666666665,
      "delta_logit_std": 0.38286927881082083,
      "effect_norm_mean": 646.1085015157063,
      "effect_norm_std": 236.8442275685354
    },
    "4.0": {
      "delta_logit_mean": 0.6663662109375,
      "delta_logit_std": 0.727405368450247,
      "effect_norm_mean": 1043.1694317423503,
      "effect_norm_std": 96.86047273662174
    },
    "8.0": {
      "delta_logit_mean": 0.7267509765624998,
      "delta_logit_std": 0.8606758471257752,
      "effect_norm_mean": 1076.3524912109376,
      "effect_norm_std": 97.86926162939562
    },
    "16.0": {
      "delta_logit_mean": 1.2186541137695313,
      "delta_logit_std": 0.5789472039882135,
      "effect_norm_mean": 1091.5593732910156,
      "effect_norm_std": 77.71586430838667
    }
  },
  "comparison": {
    "1.0": {
      "delta_logit_ratio": 1.2486427795874049,
      "effect_norm_ratio": 1.102806365704393,
      "polarity_vs_random_z": 0.2213934500474032
    },
    "2.0": {
      "delta_logit_ratio": 0.5437089087556963,
      "effect_norm_ratio": 1.4018844279198297,
      "polarity_vs_random_z": -0.3568722387208806
    },
    "4.0": {
      "delta_logit_ratio": 1.004515218528663,
      "effect_norm_ratio": 0.9453105446865339,
      "polarity_vs_random_z": -1.836309255983807
    },
    "8.0": {
      "delta_logit_ratio": 1.0926197908338298,
      "effect_norm_ratio": 0.9176655143788113,
      "polarity_vs_random_z": -1.7669991340424533
    },
    "16.0": {
      "delta_logit_ratio": 0.7676886037057503,
      "effect_norm_ratio": 0.9711776986725208,
      "polarity_vs_random_z": -3.7208936737751093
    }
  }
}