{
  "key_layers": [
    0,
    9,
    18,
    27,
    35
  ],
  "n_patches": 20,
  "polarity_patch": {
    "0": {
      "mean": -0.0125,
      "std": 0.15761900266148116,
      "abs_mean": 0.11875
    },
    "9": {
      "mean": -0.478125,
      "std": 0.9049074106642071,
      "abs_mean": 0.878125
    },
    "18": {
      "mean": -0.3875,
      "std": 0.9693747985170649,
      "abs_mean": 0.975
    },
    "27": {
      "mean": -1.08125,
      "std": 0.9623985336127647,
      "abs_mean": 1.33125
    },
    "35": {
      "mean": -1.490625,
      "std": 1.0584989002710394,
      "abs_mean": 1.640625
    }
  },
  "random_patch": {
    "0": {
      "mean": -0.8671875,
      "std": 1.9632332179261713,
      "abs_mean": 1.7546875
    },
    "9": {
      "mean": -3.125,
      "std": 3.7805526216414447,
      "abs_mean": 4.39375
    },
    "18": {
      "mean": -1.546875,
      "std": 4.099536702101227,
      "abs_mean": 3.590625
    },
    "27": {
      "mean": -2.465625,
      "std": 3.078623056152702,
      "abs_mean": 2.915625
    },
    "35": {
      "mean": -1.665625,
      "std": 4.1383909067263085,
      "abs_mean": 3.253125
    }
  },
  "comparison": {
    "0": {
      "ratio": 0.014414414414414415,
      "z_score": 0.43534690234247103
    },
    "9": {
      "ratio": 0.153,
      "z_score": 0.7001291252628503
    },
    "18": {
      "ratio": 0.2505050505050505,
      "z_score": 0.28280634721620124
    },
    "27": {
      "ratio": 0.4385297845373891,
      "z_score": 0.4496734334634744
    },
    "35": {
      "ratio": 0.8949343339587243,
      "z_score": 0.042286967071081816
    }
  }
}