{
  "key_layers": [
    0,
    9,
    18,
    27,
    35
  ],
  "polarity_causal_dir": {
    "0": {
      "norm": 1.4741216897964478
    },
    "9": {
      "norm": 9.687549591064453
    },
    "18": {
      "norm": 13.584515571594238
    },
    "27": {
      "norm": 39.26401901245117
    },
    "35": {
      "norm": 86.97760772705078
    }
  },
  "tense_causal_dir": {
    "0": {
      "norm": 9.312694549560547
    },
    "9": {
      "norm": 38.027915954589844
    },
    "18": {
      "norm": 40.952205657958984
    },
    "27": {
      "norm": 110.25564575195312
    },
    "35": {
      "norm": 197.33741760253906
    }
  },
  "causal_cosine": {
    "0": -0.029628973454236984,
    "9": -0.016550587490200996,
    "18": 0.027519963681697845,
    "27": 0.03221195191144943,
    "35": 0.009424610994756222
  },
  "decode_cosine": {
    "0": -0.016901546653309313,
    "9": 0.01853430907189985,
    "18": 0.029081038499258048,
    "27": 0.008087807284702478,
    "35": 0.0034732816592705886
  }
}