{
  "sample_layers": [
    0,
    3,
    6,
    9,
    12,
    15,
    18,
    21,
    24,
    27,
    30,
    33,
    35
  ],
  "n_patches": 10,
  "polarity_effect": {
    "0": {
      "mean": 0.05,
      "abs_mean": 0.125
    },
    "3": {
      "mean": 0.05625,
      "abs_mean": 0.15625
    },
    "6": {
      "mean": 0.0625,
      "abs_mean": 0.7125
    },
    "9": {
      "mean": -0.21875,
      "abs_mean": 1.01875
    },
    "12": {
      "mean": -0.26875,
      "abs_mean": 1.01875
    },
    "15": {
      "mean": -0.2375,
      "abs_mean": 1.05
    },
    "18": {
      "mean": -0.18125,
      "abs_mean": 1.05625
    },
    "21": {
      "mean": -0.4375,
      "abs_mean": 1.2
    },
    "24": {
      "mean": -0.60625,
      "abs_mean": 1.16875
    },
    "27": {
      "mean": -0.98125,
      "abs_mean": 1.34375
    },
    "30": {
      "mean": -1.04375,
      "abs_mean": 1.39375
    },
    "33": {
      "mean": -1.1375,
      "abs_mean": 1.45
    },
    "35": {
      "mean": -1.3625,
      "abs_mean": 1.5875
    }
  },
  "random_effect": {
    "0": {
      "mean": -0.25,
      "abs_mean": 2.0
    },
    "3": {
      "mean": -0.5875,
      "abs_mean": 1.1875
    },
    "6": {
      "mean": -0.88125,
      "abs_mean": 2.55625
    },
    "9": {
      "mean": -1.93125,
      "abs_mean": 2.28125
    },
    "12": {
      "mean": -2.50625,
      "abs_mean": 4.21875
    },
    "15": {
      "mean": -1.8875,
      "abs_mean": 2.9375
    },
    "18": {
      "mean": -1.96875,
      "abs_mean": 3.80625
    },
    "21": {
      "mean": -2.31875,
      "abs_mean": 3.20625
    },
    "24": {
      "mean": -3.10625,
      "abs_mean": 4.53125
    },
    "27": {
      "mean": 0.15625,
      "abs_mean": 1.85625
    },
    "30": {
      "mean": -3.125,
      "abs_mean": 4.1875
    },
    "33": {
      "mean": -2.83125,
      "abs_mean": 4.01875
    },
    "35": {
      "mean": -3.0375,
      "abs_mean": 3.775
    }
  },
  "effect_ratio": {
    "0": 0.0625,
    "3": 0.13157894736842105,
    "6": 0.2787286063569682,
    "9": 0.4465753424657534,
    "12": 0.2414814814814815,
    "15": 0.3574468085106383,
    "18": 0.277504105090312,
    "21": 0.3742690058479532,
    "24": 0.2579310344827586,
    "27": 0.7239057239057239,
    "30": 0.3328358208955224,
    "33": 0.3608087091757387,
    "35": 0.4205298013245033
  }
}