{
  "experiment": "P543",
  "model": "deepseek7b",
  "avg_rotation_angle": 19.04885541992817,
  "avg_rotation_ratio": 0.32497651336742595,
  "PR_delta": 0.14120128750801086,
  "avg_inter_layer_corr": 0.9329771779255364,
  "min_inter_layer_corr": -0.05305281843832938,
  "h_norm_change_pct": 16710.083549220548
}