{
  "experiment": "P543",
  "model": "glm4",
  "avg_rotation_angle": 23.657868961053698,
  "avg_rotation_ratio": 0.414003309858583,
  "PR_delta": 0.14921334385871887,
  "avg_inter_layer_corr": 0.9518330239492752,
  "min_inter_layer_corr": -0.0062210884483907365,
  "h_norm_change_pct": 340844.321677574
}