{
  "experiment": "P543",
  "model": "qwen3",
  "avg_rotation_angle": 25.705704080267544,
  "avg_rotation_ratio": 0.5305708955736214,
  "PR_delta": 0.19843031466007233,
  "avg_inter_layer_corr": 0.927434246195205,
  "min_inter_layer_corr": -0.021433475801729558,
  "h_norm_change_pct": 14326.505332470106
}