{
  "experiment": "P544",
  "model": "qwen3",
  "avg_inter_text_corr": 0.905081546879142,
  "avg_first_last_corr": 0.027764261649051374,
  "variance_reduction": -189162.80205841415,
  "first_layer_var": 3.9644640646998414e-20,
  "final_layer_var": 1.8916380213340744e-05,
  "spectral_exponent": -0.6528892489490188
}