{
  "experiment": "P544",
  "model": "deepseek7b",
  "avg_inter_text_corr": 0.9990230574057839,
  "avg_first_last_corr": -0.06728634887492693,
  "variance_reduction": -16895.014938775108,
  "first_layer_var": 6.014834001409567e-19,
  "final_layer_var": 1.6896015040401835e-06,
  "spectral_exponent": -1.3094551373251828
}