{
  "experiment": "P545",
  "model": "deepseek7b",
  "avg_trained_PR": 0.9490994493166606,
  "avg_random_PR": 0.999961272875468,
  "low_rank_ratio": 0.9491362066327327,
  "avg_wu_alignment": 0.026176512024054924,
  "expected_random_alignment": 0.011799709970693701,
  "alignment_enhancement": 2.2184030021981984,
  "corr_depth_pr": -0.2802399688325973
}