{
  "experiment": "P545",
  "model": "glm4",
  "avg_trained_PR": 0.9592315608804877,
  "avg_random_PR": 0.9999613490971652,
  "low_rank_ratio": 0.9592686374793874,
  "avg_wu_alignment": 0.016704651072028686,
  "expected_random_alignment": 0.010885572674982127,
  "alignment_enhancement": 1.5345679617224284,
  "corr_depth_pr": -0.26279793323456324
}