{
  "experiment": "P545",
  "model": "qwen3",
  "avg_trained_PR": 0.9504408652965839,
  "avg_random_PR": 0.9999335270661575,
  "low_rank_ratio": 0.9505040480892896,
  "avg_wu_alignment": 0.013673446571024565,
  "expected_random_alignment": 0.01750555411559191,
  "alignment_enhancement": 0.7810919026462493,
  "corr_depth_pr": 0.526450514410536
}