{
  "experiment": "P546",
  "model": "deepseek7b",
  "ratio_50_mean": 0.9896717166900635,
  "ratio_50_std": 0.001037652516756849,
  "ratio_50_cv": 0.0010484815309488766,
  "avg_cross_lang_corr": 0.9999773690252385,
  "lang_details": {
    "en": {
      "ratio_50": 0.9906300067901611
    },
    "zh": {
      "ratio_50": 0.988363254070282
    },
    "ja": {
      "ratio_50": 0.9884555459022522
    },
    "fr": {
      "ratio_50": 0.9906088888645173
    },
    "de": {
      "ratio_50": 0.9903008878231049
    }
  }
}