{
  "experiment": "P546",
  "model": "qwen3",
  "ratio_50_mean": 0.9452338898181913,
  "ratio_50_std": 0.0017754410261015408,
  "ratio_50_cv": 0.0018783086863878766,
  "avg_cross_lang_corr": 0.9425641926877473,
  "lang_details": {
    "en": {
      "ratio_50": 0.943155837059021
    },
    "zh": {
      "ratio_50": 0.9460596919059754
    },
    "ja": {
      "ratio_50": 0.9457198917865753
    },
    "fr": {
      "ratio_50": 0.9433552742004394
    },
    "de": {
      "ratio_50": 0.9478787541389465
    }
  }
}