{
  "experiment": "P546",
  "model": "glm4",
  "ratio_50_mean": 0.9687920954492357,
  "ratio_50_std": 0.0044172231651161955,
  "ratio_50_cv": 0.004559516108161418,
  "avg_cross_lang_corr": 0.9973561753093894,
  "lang_details": {
    "en": {
      "ratio_50": 0.9724265933036804
    },
    "zh": {
      "ratio_50": 0.967440644900004
    },
    "ja": {
      "ratio_50": 0.9607342878977457
    },
    "fr": {
      "ratio_50": 0.9723581208123101
    },
    "de": {
      "ratio_50": 0.9710008303324381
    }
  }
}