{
  "model": "Qwen3-4B",
  "results": {
    "4": {
      "layer": 4,
      "features": {
        "tense": {
          "mean_curvature": 0.19193123677062038,
          "mean_dir_norm": 3.4734020233154297,
          "curvatures": [
            0.2367952733980804,
            0.15416376757315184,
            0.1438568947207927,
            0.23290901139045658
          ],
          "alignment_ratio": 0.655375753807065
        },
        "question": {
          "mean_curvature": 0.1779151932569695,
          "mean_dir_norm": 5.514003753662109,
          "curvatures": [
            0.17373092356654418,
            0.16175122548845886,
            0.1492834254447026,
            0.22689519852817233
          ],
          "alignment_ratio": 0.6075160346820868
        },
        "number": {
          "mean_curvature": 0.20278956255281494,
          "mean_dir_norm": 4.4911675453186035,
          "curvatures": [
            0.23640614522123135,
            0.1997335552736726,
            0.22918238431966875,
            0.1458361653966871
          ],
          "alignment_ratio": 0.6924530089966057
        }
      },
      "random_curvatures": [
        0.296919632303911,
        0.2950655244123421,
        0.35326335082898697,
        0.2645869542595158,
        0.27736190656366133,
        0.2660916978555804,
        0.3542482877349471,
        0.26087277122850455,
        0.30857376132971426,
        0.2515839707793261
      ],
      "mean_random_curvature": 0.29285678572964896
    },
    "9": {
      "layer": 9,
      "features": {
        "tense": {
          "mean_curvature": 0.07494830694669563,
          "mean_dir_norm": 10.849111557006836,
          "curvatures": [
            0.06866774768419462,
            0.07574068897433056,
            0.06326139660395529,
            0.0921233945243021
          ],
          "alignment_ratio": 0.7632031546742534
        },
        "question": {
          "mean_curvature": 0.07463425288406156,
          "mean_dir_norm": 14.879598617553711,
          "curvatures": [
            0.07299120222929133,
            0.07402214270452318,
            0.060445820078082205,
            0.09107784652434955
          ],
          "alignment_ratio": 0.7600051231094969
        },
        "number": {
          "mean_curvature": 0.06884181324096979,
          "mean_dir_norm": 12.92075252532959,
          "curvatures": [
            0.07151743243046187,
            0.07640066372926646,
            0.07466835569578222,
            0.05278080110836856
          ],
          "alignment_ratio": 0.7010203589571593
        }
      },
      "random_curvatures": [
        0.10422696040891509,
        0.09381890106908006,
        0.1013056412043352,
        0.09166868387174833,
        0.09533677660204722,
        0.1159819502296209,
        0.09209119524522838,
        0.09803434491012636,
        0.09075464050895099,
        0.09880392840933962
      ],
      "mean_random_curvature": 0.0982023022459392
    },
    "18": {
      "layer": 18,
      "features": {
        "tense": {
          "mean_curvature": 0.054142309414526094,
          "mean_dir_norm": 15.944944381713867,
          "curvatures": [
            0.047165065763172254,
            0.052726180128943055,
            0.05891341051042609,
            0.057764581255562976
          ],
          "alignment_ratio": 0.8970959877886321
        },
        "question": {
          "mean_curvature": 0.05318320300129928,
          "mean_dir_norm": 26.653881072998047,
          "curvatures": [
            0.05119436373968283,
            0.05033066403002149,
            0.0522484088171174,
            0.058959375418375384
          ],
          "alignment_ratio": 0.8812043399355526
        },
        "number": {
          "mean_curvature": 0.04989035361670039,
          "mean_dir_norm": 17.82668685913086,
          "curvatures": [
            0.04439530405954703,
            0.05230013904538668,
            0.05873560158781883,
            0.04413036977404902
          ],
          "alignment_ratio": 0.8266443848235642
        }
      },
      "random_curvatures": [
        0.06081178234721054,
        0.05740704482742071,
        0.06804602995328508,
        0.055534053667774474,
        0.05560892776928172,
        0.05862162712895453,
        0.056591379493572964,
        0.060245702760213356,
        0.05913258564414034,
        0.07152947496071464
      ],
      "mean_random_curvature": 0.06035286085525683
    },
    "27": {
      "layer": 27,
      "features": {
        "tense": {
          "mean_curvature": 0.015855023781892262,
          "mean_dir_norm": 38.96433639526367,
          "curvatures": [
            0.015609120578257843,
            0.013516400137755655,
            0.017262125690329286,
            0.017032448721226258
          ],
          "alignment_ratio": 0.9553794262954598
        },
        "question": {
          "mean_curvature": 0.015189271695856255,
          "mean_dir_norm": 70.95165252685547,
          "curvatures": [
            0.015047431274126942,
            0.014027467145446433,
            0.01593317596632007,
            0.015749012397531573
          ],
          "alignment_ratio": 0.9152630660325063
        },
        "number": {
          "mean_curvature": 0.016456642322401634,
          "mean_dir_norm": 41.03633117675781,
          "curvatures": [
            0.015677064387783136,
            0.014343187478858517,
            0.015155363667010525,
            0.020650953755954354
          ],
          "alignment_ratio": 0.991631278325918
        }
      },
      "random_curvatures": [
        0.016033223727078574,
        0.015573201492123542,
        0.015752588803541794,
        0.01625469028922478,
        0.018477435944821034,
        0.016634438334209772,
        0.01828869478616226,
        0.015462769997906444,
        0.015455979198539652,
        0.01802223300304937
      ],
      "mean_random_curvature": 0.016595525557665722
    },
    "34": {
      "layer": 34,
      "features": {
        "tense": {
          "mean_curvature": 0.006157418487098936,
          "mean_dir_norm": 114.20006561279297,
          "curvatures": [
            0.006070288226435227,
            0.005628171424948444,
            0.0059535902842856574,
            0.0069776240127264145
          ],
          "alignment_ratio": 0.7246639378717513
        },
        "question": {
          "mean_curvature": 0.006664154730130265,
          "mean_dir_norm": 198.80809020996094,
          "curvatures": [
            0.00709814315385038,
            0.0060986384926272315,
            0.006188458174422977,
            0.00727137909962047
          ],
          "alignment_ratio": 0.7843015087314886
        },
        "number": {
          "mean_curvature": 0.006648193474109833,
          "mean_dir_norm": 113.34774780273438,
          "curvatures": [
            0.005945750009935224,
            0.006127109437875998,
            0.0070341985234467445,
            0.007485715925181366
          ],
          "alignment_ratio": 0.7824230353638948
        }
      },
      "random_curvatures": [
        0.007824982245526553,
        0.007809196844818554,
        0.007730852091450049,
        0.007759883396470608,
        0.009856660787739722,
        0.009688886491169182,
        0.006596185991335101,
        0.010529916508121967,
        0.006671191039680716,
        0.010501539925821606
      ],
      "mean_random_curvature": 0.008496929532213404
    }
  }
}