{
  "all_layers": [
    0,
    2,
    4,
    6,
    8,
    10,
    12,
    14,
    16,
    18,
    20,
    22,
    24,
    26,
    28,
    30,
    32,
    34,
    36,
    38,
    39
  ],
  "n_pairs": 150,
  "pol_rotation": {
    "0_2": 0.42403218150138855,
    "2_4": 0.7354734539985657,
    "4_6": 0.7705860137939453,
    "6_8": 0.8389396667480469,
    "8_10": 0.8743888139724731,
    "10_12": 0.9300038814544678,
    "12_14": 0.9074099063873291,
    "14_16": 0.8891804218292236,
    "16_18": 0.8677140474319458,
    "18_20": 0.9150712490081787,
    "20_22": 0.8586671352386475,
    "22_24": 0.8982148170471191,
    "24_26": 0.9039572477340698,
    "26_28": 0.9237193465232849,
    "28_30": 0.9447669982910156,
    "30_32": 0.9545376896858215,
    "32_34": 0.9658071994781494,
    "34_36": 0.9379653930664062,
    "36_38": 0.756168007850647,
    "38_39": 0.8964352607727051
  },
  "tense_rotation": {
    "0_2": 0.5863422155380249,
    "2_4": 0.768731415271759,
    "4_6": 0.7806949615478516,
    "6_8": 0.8092565536499023,
    "8_10": 0.8492993712425232,
    "10_12": 0.8960655927658081,
    "12_14": 0.88800448179245,
    "14_16": 0.895143985748291,
    "16_18": 0.890857994556427,
    "18_20": 0.8912610411643982,
    "20_22": 0.8259302377700806,
    "22_24": 0.8565652370452881,
    "24_26": 0.8748373985290527,
    "26_28": 0.9169537425041199,
    "28_30": 0.9312080144882202,
    "30_32": 0.9563998579978943,
    "32_34": 0.9636869430541992,
    "34_36": 0.9516392946243286,
    "36_38": 0.7943001389503479,
    "38_39": 0.9071575403213501
  },
  "cross_cos": {
    "0": -0.1560811996459961,
    "2": -0.08214712142944336,
    "4": -0.05409462749958038,
    "6": -0.01579201966524124,
    "8": -0.020215632393956184,
    "10": -0.01713322289288044,
    "12": -0.01887473091483116,
    "14": 0.002842412330210209,
    "16": -0.012095307931303978,
    "18": 0.009831096976995468,
    "20": 0.009152011014521122,
    "22": -0.015093113295733929,
    "24": 3.3517368137836456e-05,
    "26": -0.0015722229145467281,
    "28": -0.005867661442607641,
    "30": -0.008301783353090286,
    "32": -0.0023932100739330053,
    "34": 0.00437134550884366,
    "36": 0.017667265608906746,
    "38": 0.035277385264635086,
    "39": 0.04556514322757721
  },
  "pol_cumulative": {
    "0": 1.0,
    "2": 0.42403218150138855,
    "4": 0.27289268374443054,
    "6": 0.20709700882434845,
    "8": 0.1370587944984436,
    "10": 0.1270328164100647,
    "12": 0.139015331864357,
    "14": 0.1379866600036621,
    "16": 0.16850295662879944,
    "18": 0.10067685693502426,
    "20": 0.08610928058624268,
    "22": 0.1017903983592987,
    "24": 0.09713023900985718,
    "26": 0.08637706935405731,
    "28": 0.07393361628055573,
    "30": 0.0946245938539505,
    "32": 0.10557229816913605,
    "34": 0.11941756308078766,
    "36": 0.08269600570201874,
    "38": 0.0449560172855854,
    "39": 0.032733254134655
  },
  "tense_cumulative": {
    "0": 1.0000001192092896,
    "2": 0.5863422155380249,
    "4": 0.48156899213790894,
    "6": 0.4211462736129761,
    "8": 0.35843151807785034,
    "10": 0.3230086863040924,
    "12": 0.31371450424194336,
    "14": 0.27134835720062256,
    "16": 0.26157182455062866,
    "18": 0.23268333077430725,
    "20": 0.23809999227523804,
    "22": 0.2486034780740738,
    "24": 0.22505810856819153,
    "26": 0.2163822054862976,
    "28": 0.21568018198013306,
    "30": 0.1981273889541626,
    "32": 0.17613330483436584,
    "34": 0.16367340087890625,
    "36": 0.12664295732975006,
    "38": 0.08148612082004547,
    "39": 0.07977411150932312
  },
  "pol_norms": {
    "0": 0.09514684975147247,
    "2": 0.2563369572162628,
    "4": 0.5452329516410828,
    "6": 0.6859690546989441,
    "8": 0.8802493810653687,
    "10": 1.060799479484558,
    "12": 1.1337337493896484,
    "14": 1.4170663356781006,
    "16": 1.8243743181228638,
    "18": 2.476421356201172,
    "20": 2.932422637939453,
    "22": 4.716585159301758,
    "24": 6.357907772064209,
    "26": 8.418233871459961,
    "28": 10.73356819152832,
    "30": 12.371101379394531,
    "32": 13.515653610229492,
    "34": 14.5950288772583,
    "36": 15.945610046386719,
    "38": 30.845111846923828,
    "39": 38.386375427246094
  },
  "tense_norms": {
    "0": 0.4836069941520691,
    "2": 1.0733968019485474,
    "4": 1.6515281200408936,
    "6": 2.0506680011749268,
    "8": 2.746490001678467,
    "10": 3.068060874938965,
    "12": 3.2806289196014404,
    "14": 3.888733148574829,
    "16": 4.588650703430176,
    "18": 5.822811126708984,
    "20": 7.399791240692139,
    "22": 11.772995948791504,
    "24": 17.775165557861328,
    "26": 23.175596237182617,
    "28": 28.877796173095703,
    "30": 33.00468063354492,
    "32": 34.44841003417969,
    "34": 35.96223831176758,
    "36": 36.96089553833008,
    "38": 63.372928619384766,
    "39": 75.01304626464844
  },
  "max_cross_layer": 0,
  "max_cross_cos": -0.1560811996459961,
  "pol_avg_rotation": 29.005335272419956,
  "tense_avg_rotation": 29.323759359015657
}