{
  "key_layers": [
    0,
    10,
    20,
    30,
    39
  ],
  "n_permutations": 50,
  "real_cross_cos": {
    "0": -0.15192463994026184,
    "10": -0.008419490419328213,
    "20": 0.009139406494796276,
    "30": -0.0026596966199576855,
    "39": 0.041244931519031525
  },
  "random_cross_cos": {
    "0": [
      0.0577155165374279,
      0.008454452268779278,
      -0.00731503963470459,
      0.028173578903079033,
      -0.03604758530855179,
      -0.01752912998199463,
      -0.06197214126586914,
      -0.022034313529729843,
      0.006111736875027418,
      -0.027759581804275513,
      0.013493852689862251,
      -0.007722083479166031,
      -0.02442760393023491,
      0.007436424493789673,
      -0.0034170662984251976,
      0.11073540896177292,
      0.021776627749204636,
      0.028553038835525513,
      -0.01813749223947525,
      0.019357528537511826,
      0.0036868005990982056,
      0.07493598014116287,
      -0.00027939025312662125,
      0.001927604665979743,
      0.06920503079891205,
      -0.031285226345062256,
      -0.03360607102513313,
      0.03464669734239578,
      -0.100745290517807,
      -0.053613319993019104,
      -0.031156184151768684,
      -0.053743258118629456,
      0.05234570428729057,
      0.002819301560521126,
      -0.03740281984210014,
      -0.040829941630363464,
      0.03624967485666275,
      0.004528619349002838,
      0.02942754700779915,
      -0.0490218847990036,
      -0.02333274856209755,
      -0.07765994220972061,
      -0.06823877990245819,
      0.03338766098022461,
      -0.06922587752342224,
      -0.00509906280785799,
      -0.010050135664641857,
      0.035255491733551025,
      -0.07299758493900299,
      0.03551218658685684
    ],
    "10": [
      0.0017514352221041918,
      0.06116582825779915,
      0.03149622306227684,
      -0.0003548143431544304,
      -0.04159528762102127,
      -0.052913255989551544,
      0.004287318792194128,
      -0.04869191348552704,
      -0.061742909252643585,
      0.03246887028217316,
      0.002621971070766449,
      -0.011143326759338379,
      -0.03471273183822632,
      -0.001051219180226326,
      -0.02201281487941742,
      0.008444884791970253,
      -0.009444236755371094,
      0.0755063146352768,
      -0.011043832637369633,
      -0.00037282565608620644,
      -0.002161840908229351,
      -0.023711059242486954,
      0.025592809543013573,
      -0.001873241737484932,
      -0.02311636507511139,
      -0.06230557709932327,
      -0.0038231960497796535,
      0.013007664121687412,
      -0.0016779638826847076,
      0.02333548292517662,
      0.004406375344842672,
      0.024354897439479828,
      0.04416035860776901,
      -0.019618922844529152,
      -0.018702995032072067,
      -0.031860485672950745,
      0.01774267479777336,
      0.07661429047584534,
      0.04397182911634445,
      0.09203973412513733,
      0.0773281529545784,
      0.03708263486623764,
      -0.013486716896295547,
      -0.003011920489370823,
      0.01348838023841381,
      0.0006911784876137972,
      0.020472440868616104,
      0.02089107781648636,
      0.020055601373314857,
      0.005926419049501419
    ],
    "20": [
      -0.06121065095067024,
      -0.025751005858182907,
      -0.0850435271859169,
      -0.05949490889906883,
      -0.012113400734961033,
      -0.0450403168797493,
      -0.02068495750427246,
      0.03924116492271423,
      -0.03169617801904678,
      -0.0529700443148613,
      0.06899863481521606,
      0.02638126164674759,
      0.0175645649433136,
      0.015782173722982407,
      0.04701267182826996,
      -0.007601745426654816,
      -0.03412594273686409,
      -0.023206712678074837,
      -0.06507296115159988,
      0.008010849356651306,
      -0.013735160231590271,
      -0.06594200432300568,
      0.010801266878843307,
      0.01611078903079033,
      -0.06516064703464508,
      0.10184935480356216,
      -0.015675468370318413,
      -0.034039389342069626,
      0.022364681586623192,
      -0.01895357295870781,
      0.06812097132205963,
      -0.06921303272247314,
      0.020471561700105667,
      -0.006507618352770805,
      0.041957154870033264,
      -0.07156109064817429,
      -0.03591445833444595,
      0.06325741857290268,
      -0.020817186683416367,
      0.06861898303031921,
      0.101936474442482,
      0.003375515341758728,
      0.02439240738749504,
      -0.029937995597720146,
      0.0608905665576458,
      0.0311467032879591,
      0.026159897446632385,
      0.006670426111668348,
      0.04512934386730194,
      -0.006805924233049154
    ],
    "30": [
      0.018624454736709595,
      -0.0211155004799366,
      0.03905534744262695,
      0.021778861060738564,
      -0.03886396065354347,
      0.01354341022670269,
      -0.013070335611701012,
      -0.028059257194399834,
      -0.05122130364179611,
      -0.022393368184566498,
      -0.0073900423012673855,
      -0.04075325280427933,
      -0.0032739941962063313,
      -0.04009977728128433,
      0.00463034026324749,
      0.03903275728225708,
      0.059220828115940094,
      -0.04517307132482529,
      -0.021843688562512398,
      0.03816443681716919,
      -0.008778124116361141,
      -0.04991007223725319,
      -0.030412815511226654,
      -0.07507313787937164,
      -0.016868101432919502,
      -0.01515141036361456,
      0.007808906026184559,
      0.03642775118350983,
      0.009903661906719208,
      -0.009556688368320465,
      -0.015393979847431183,
      -0.028583701699972153,
      -0.05647354573011398,
      0.10140033066272736,
      -0.030591970309615135,
      -0.0028164018876850605,
      -0.049753494560718536,
      -0.0004996936768293381,
      0.05803971737623215,
      0.050066255033016205,
      -0.040794555097818375,
      -0.0512344166636467,
      -0.0715881735086441,
      0.09862330555915833,
      0.002462101634591818,
      0.024412697181105614,
      0.03309111297130585,
      -0.06014932692050934,
      -0.0007460012566298246,
      0.0450286902487278
    ],
    "39": [
      0.02193306013941765,
      0.03319913148880005,
      -0.1874101758003235,
      0.009985237382352352,
      -0.05962946638464928,
      0.10691341757774353,
      0.09785585105419159,
      0.10559138655662537,
      0.1363907903432846,
      0.0640319213271141,
      -0.12079761922359467,
      0.11684032529592514,
      -0.03733842074871063,
      0.1738259345293045,
      0.08064188808202744,
      0.0710727870464325,
      0.04342781752347946,
      0.11840276420116425,
      -0.13307960331439972,
      0.024486014619469643,
      -0.09268300980329514,
      -0.0991053655743599,
      -0.07727258652448654,
      -0.07258246839046478,
      -0.06951633095741272,
      0.13353818655014038,
      -0.029207097366452217,
      0.06698519736528397,
      -0.434420108795166,
      0.2208576202392578,
      -0.05508654564619064,
      0.04990168660879135,
      -0.08470337092876434,
      -0.15060174465179443,
      0.0327712707221508,
      -0.10876010358333588,
      -0.10959728062152863,
      -0.06171204522252083,
      -0.0603710412979126,
      0.1121225357055664,
      0.3407202363014221,
      0.04092976450920105,
      0.14645636081695557,
      0.11698471754789352,
      -0.03467337042093277,
      0.043018244206905365,
      -0.2336287647485733,
      0.0016147606074810028,
      -0.15089458227157593,
      -0.04201348498463631
    ]
  },
  "random_stats": {
    "0": {
      "mean": -0.005378261799924075,
      "std": 0.042622830999089575,
      "max_abs": 0.11073540896177292,
      "p_value": 0.0
    },
    "10": {
      "mean": 0.005569507898762822,
      "std": 0.03437223981849842,
      "max_abs": 0.09203973412513733,
      "p_value": 0.72
    },
    "20": {
      "mean": -0.0008406212739646435,
      "std": 0.04599366226054608,
      "max_abs": 0.101936474442482,
      "p_value": 0.88
    },
    "30": {
      "mean": -0.004926363951526582,
      "std": 0.040308981656236136,
      "max_abs": 0.10140033066272736,
      "p_value": 0.94
    },