{
  "feature_names": [
    "polarity",
    "tense",
    "semantic",
    "grammar",
    "sentiment"
  ],
  "key_layers": [
    0,
    20,
    39
  ],
  "causal_cos_matrix": {
    "0": [
      [
        0.9999998807907104,
        -0.15192463994026184,
        0.08182249218225479,
        -0.108120396733284,
        0.04038926959037781
      ],
      [
        -0.15192463994026184,
        1.0,
        0.013875358738005161,
        0.10738731920719147,
        0.03269485384225845
      ],
      [
        0.08182249218225479,
        0.013875358738005161,
        0.9999999403953552,
        -0.14925748109817505,
        -0.1027911826968193
      ],
      [
        -0.108120396733284,
        0.10738731920719147,
        -0.14925748109817505,
        0.9999998807907104,
        0.08282681554555893
      ],
      [
        0.04038926959037781,
        0.03269485384225845,
        -0.1027911826968193,
        0.08282681554555893,
        0.9999998807907104
      ]
    ],
    "20": [
      [
        1.0,
        0.009139406494796276,
        -0.02123033069074154,
        0.00418436573818326,
        0.3400609493255615
      ],
      [
        0.009139406494796276,
        0.9999998211860657,
        0.0244203619658947,
        0.03673224523663521,
        0.06878218054771423
      ],
      [
        -0.02123033069074154,
        0.0244203619658947,
        1.0,
        -0.08825075626373291,
        -0.1218954548239708
      ],
      [
        0.00418436573818326,
        0.03673224523663521,
        -0.08825075626373291,
        0.9999998211860657,
        0.015006829984486103
      ],
      [
        0.3400609493255615,
        0.06878218054771423,
        -0.1218954548239708,
        0.015006829984486103,
        1.0
      ]
    ],
    "39": [
      [
        1.0,
        0.041244931519031525,
        0.1151946485042572,
        0.23255197703838348,
        0.19118477404117584
      ],
      [
        0.041244931519031525,
        0.9999997615814209,
        -0.05147062987089157,
        0.059461504220962524,
        0.05322842299938202
      ],
      [
        0.1151946485042572,
        -0.05147062987089157,
        1.0,
        0.05974661558866501,
        -0.2378629893064499
      ],
      [
        0.23255197703838348,
        0.059461504220962524,
        0.05974661558866501,
        1.0,
        0.006797965615987778
      ],
      [
        0.19118477404117584,
        0.05322842299938202,
        -0.2378629893064499,
        0.006797965615987778,
        0.9999998211860657
      ]
    ]
  },
  "decode_cos_matrix": {
    "0": [
      [
        0.9999999999999998,
        -0.061079573869078946,
        0.046162567889248385,
        0.12642666376382555,
        0.062393248290463346
      ],
      [
        -0.061079573869078946,
        1.0,
        -0.032946988878905355,
        0.014064001054331086,
        -0.012679704642040162
      ],
      [
        0.046162567889248385,
        -0.032946988878905355,
        0.9999999999999996,
        -0.028138809091533136,
        -0.06087457504777749
      ],
      [
        0.12642666376382555,
        0.014064001054331086,
        -0.028138809091533136,
        1.0000000000000004,
        0.025806333380661798
      ],
      [
        0.062393248290463346,
        -0.012679704642040162,
        -0.06087457504777749,
        0.025806333380661798,
        1.0
      ]
    ],
    "20": [
      [
        1.0000000000000004,
        -0.007435820842794753,
        0.0077123278515476125,
        0.0028987225249003054,
        0.24229093903950139
      ],
      [
        -0.007435820842794753,
        0.9999999999999999,
        0.006490041934704073,
        0.009114059823299433,
        0.005028546067442561
      ],
      [
        0.0077123278515476125,
        0.006490041934704073,
        0.9999999999999999,
        -0.0019155988360441134,
        -0.05436418666530976
      ],
      [
        0.0028987225249003054,
        0.009114059823299433,
        -0.0019155988360441134,
        0.9999999999999994,
        -0.013485736306204567
      ],
      [
        0.24229093903950139,
        0.005028546067442561,
        -0.05436418666530976,
        -0.013485736306204567,
        1.0
      ]
    ],
    "39": [
      [
        0.9999999999999998,
        0.026698527585976975,
        0.018823413632491508,
        0.05945295374230763,
        0.19356848685875155
      ],
      [
        0.026698527585976975,
        1.0,
        -0.026665725096717403,
        0.00987517036320275,
        0.0654149536481445
      ],
      [
        0.018823413632491508,
        -0.026665725096717403,
        0.9999999999999996,
        0.014869140824570134,
        -0.07868179412762283
      ],
      [
        0.05945295374230763,
        0.00987517036320275,
        0.014869140824570134,
        1.0,
        0.014016984856349706
      ],
      [
        0.19356848685875155,
        0.0654149536481445,
        -0.07868179412762283,
        0.014016984856349706,
        0.9999999999999996
      ]
    ]
  }
}