{
  "model": "qwen3",
  "n_pairs": 120,
  "sampled_layers": [
    0,
    3,
    6,
    9,
    12,
    15,
    18,
    21,
    24,
    27,
    30,
    33,
    35
  ],
  "feature_names": [
    "tense",
    "polarity",
    "voice",
    "semantic_valence",
    "semantic_topic"
  ],
  "peak_var_layer": 35,
  "peak_causal_layer": 35,
  "peak_align_layer": 35,
  "layers_with_1d": [],
  "layer_summary": {
    "0": {
      "avg_pc1_var": 0.1308892197906971,
      "avg_pc1_vs_random": 9.697653101360551,
      "avg_alignment": 0.11626891046762466,
      "per_feat": {
        "tense": {
          "pc1_var": 0.2586587071418762,
          "pc1_vs_random": 2.7281087307124054,
          "cross_feat_alignment_mean": 0.11626891046762466
        },
        "polarity": {
          "pc1_var": 0.19569756090641022,
          "pc1_vs_random": 11.793866446489705,
          "cross_feat_alignment_mean": 0.11626891046762466
        },
        "voice": {
          "pc1_var": 0.06354285776615143,
          "pc1_vs_random": 10.116146739878602,
          "cross_feat_alignment_mean": 0.11626891046762466
        },
        "semantic_valence": {
          "pc1_var": 0.042563144117593765,
          "pc1_vs_random": 8.746750045951673,
          "cross_feat_alignment_mean": 0.11626891046762466
        },
        "semantic_topic": {
          "pc1_var": 0.09398382902145386,
          "pc1_vs_random": 15.103393543770375,
          "cross_feat_alignment_mean": 0.11626891046762466
        }
      }
    },
    "3": {
      "avg_pc1_var": 0.11322570145130158,
      "avg_pc1_vs_random": 10.382488489086597,
      "avg_alignment": 0.021768637001514435,
      "per_feat": {
        "tense": {
          "pc1_var": 0.253080278635025,
          "pc1_vs_random": 3.027630366172248,
          "cross_feat_alignment_mean": 0.021768637001514435
        },
        "polarity": {
          "pc1_var": 0.15728594362735748,
          "pc1_vs_random": 17.60107113842718,
          "cross_feat_alignment_mean": 0.021768637001514435
        },
        "voice": {
          "pc1_var": 0.05100397393107414,
          "pc1_vs_random": 10.908911278422153,
          "cross_feat_alignment_mean": 0.021768637001514435
        },
        "semantic_valence": {
          "pc1_var": 0.03543078526854515,
          "pc1_vs_random": 6.802395605765063,
          "cross_feat_alignment_mean": 0.021768637001514435
        },
        "semantic_topic": {
          "pc1_var": 0.06932752579450607,
          "pc1_vs_random": 13.572434056646344,
          "cross_feat_alignment_mean": 0.021768637001514435
        }
      }
    },
    "6": {
      "avg_pc1_var": 0.09563135355710983,
      "avg_pc1_vs_random": 11.187653348959568,
      "avg_alignment": 0.06947540491819382,
      "per_feat": {
        "tense": {
          "pc1_var": 0.17016249895095825,
          "pc1_vs_random": 4.075021515615966,
          "cross_feat_alignment_mean": 0.06947540491819382
        },
        "polarity": {
          "pc1_var": 0.12761083245277405,
          "pc1_vs_random": 13.442149639780105,
          "cross_feat_alignment_mean": 0.06947540491819382
        },
        "voice": {
          "pc1_var": 0.06543904542922974,
          "pc1_vs_random": 14.25996805525124,
          "cross_feat_alignment_mean": 0.06947540491819382
        },
        "semantic_valence": {
          "pc1_var": 0.04519122838973999,
          "pc1_vs_random": 9.30740518373895,
          "cross_feat_alignment_mean": 0.06947540491819382
        },
        "semantic_topic": {
          "pc1_var": 0.06975316256284714,
          "pc1_vs_random": 14.853722350411577,
          "cross_feat_alignment_mean": 0.06947540491819382
        }
      }
    },
    "9": {
      "avg_pc1_var": 0.0731887899339199,
      "avg_pc1_vs_random": 10.872706578431448,
      "avg_alignment": 0.0842103362083435,
      "per_feat": {
        "tense": {
          "pc1_var": 0.11144576966762543,
          "pc1_vs_random": 2.8982498515146657,
          "cross_feat_alignment_mean": 0.0842103362083435
        },
        "polarity": {
          "pc1_var": 0.07001073658466339,
          "pc1_vs_random": 12.236203174848752,
          "cross_feat_alignment_mean": 0.0842103362083435
        },
        "voice": {
          "pc1_var": 0.06621655076742172,
          "pc1_vs_random": 14.435910182195258,
          "cross_feat_alignment_mean": 0.0842103362083435
        },
        "semantic_valence": {
          "pc1_var": 0.048607971519231796,
          "pc1_vs_random": 9.914368530483353,
          "cross_feat_alignment_mean": 0.0842103362083435
        },
        "semantic_topic": {
          "pc1_var": 0.0696629211306572,
          "pc1_vs_random": 14.878801153115209,
          "cross_feat_alignment_mean": 0.0842103362083435
        }
      }
    },
    "12": {
      "avg_pc1_var": 0.069752436876297,
      "avg_pc1_vs_random": 11.87078379055282,
      "avg_alignment": 0.13466496765613556,
      "per_feat": {
        "tense": {
          "pc1_var": 0.08727938681840897,
          "pc1_vs_random": 4.909123986873126,
          "cross_feat_alignment_mean": 0.13466496765613556
        },
        "polarity": {
          "pc1_var": 0.060405585914850235,
          "pc1_vs_random": 11.7542693621926,
          "cross_feat_alignment_mean": 0.13466496765613556
        },
        "voice": {
          "pc1_var": 0.07836771011352539,
          "pc1_vs_random": 16.909894250790053,
          "cross_feat_alignment_mean": 0.13466496765613556
        },
        "semantic_valence": {
          "pc1_var": 0.051332760602235794,
          "pc1_vs_random": 9.47476595950589,
          "cross_feat_alignment_mean": 0.13466496765613556
        },
        "semantic_topic": {
          "pc1_var": 0.0713767409324646,
          "pc1_vs_random": 16.305865393402442,
          "cross_feat_alignment_mean": 0.13466496765613556
        }
      }
    },
    "15": {
      "avg_pc1_var": 0.07106368690729141,
      "avg_pc1_vs_random": 11.016920218981635,
      "avg_alignment": 0.09369641542434692,
      "per_feat": {
        "tense": {
          "pc1_var": 0.07333340495824814,
          "pc1_vs_random": 7.709790396909205,
          "cross_feat_alignment_mean": 0.09369641542434692
        },
        "polarity": {
          "pc1_var": 0.08059223741292953,
          "pc1_vs_random": 4.579007367851483,
          "cross_feat_alignment_mean": 0.09369641542434692
        },
        "voice": {
          "pc1_var": 0.07602714747190475,
          "pc1_vs_random": 16.778974982960367,
          "cross_feat_alignment_mean": 0.09369641542434692
        },
        "semantic_valence": {
          "pc1_var": 0.05230879783630371,
          "pc1_vs_random": 9.154690793709854,
          "cross_feat_alignment_mean": 0.09369641542434692
        },
        "semantic_topic": {
          "pc1_var": 0.07305684685707092,
          "pc1_vs_random": 16.86213755347727,
          "cross_feat_alignment_mean": 0.09369641542434692
        }
      }
    },
    "18": {
      "avg_pc1_var": 0.06576821431517602,
      "avg_pc1_vs_random": 14.078316798425675,
      "avg_alignment": 0.13358232378959656,
      "per_feat": {
        "tense": {
          "pc1_var": 0.0634721964597702,
          "pc1_vs_random": 12.87234525287041,
          "cross_feat_alignment_mean": 0.13358232378959656
        },
        "polarity": {
          "pc1_var": 0.0548832081258297,
          "pc1_vs_random": 12.273172335692383,
          "cross_feat_alignment_mean": 0.13358232378959656
        },
        "voice": {
          "pc1_var": 0.07788362354040146,
          "pc1_vs_random": 18.30644495703144,
          "cross_feat_alignment_mean": 0.13358232378959656
        },
        "semantic_valence": {
          "pc1_var": 0.05212108790874481,
          "pc1_vs_random": 11.306054218914792,
          "cross_feat_alignment_mean": 0.13358232378959656
        },
        "semantic_topic": {
          "pc1_var": 0.08048095554113388,
          "pc1_vs_random": 15.63356722761935,