{
  "model": "deepseek7b",
  "d_model": 3584,
  "n_layers": 28,
  "timestamp": "2026-04-17T14:05:53.679933",
  "config": {
    "n_random": 100,
    "seed": 42,
    "n_func": 5,
    "labels": [
      "syntax",
      "semantic",
      "style",
      "tense",
      "polarity"
    ]
  },
  "p801": {
    "W_Q": {
      "func": 0.0013690295163542032,
      "rand_mean": 0.001397240311410341,
      "rand_std": 2.5363650781707217e-05,
      "p95": 0.001441045846294816,
      "p99": 0.0014590363618661075,
      "z": -1.112252936256478,
      "p": 0.87
    },
    "W_K": {
      "func": 0.0014255410060286522,
      "rand_mean": 0.001398751837624421,
      "rand_std": 5.723362080518749e-05,
      "p95": 0.001492978426998071,
      "p99": 0.001526175482012872,
      "z": 0.4680669862809581,
      "p": 0.31
    },
    "W_V": {
      "func": 0.0014225238701328635,
      "rand_mean": 0.0013956527810598874,
      "rand_std": 4.1194150648508193e-05,
      "p95": 0.001460259793896463,
      "p99": 0.0014675451962541449,
      "z": 0.6523035103273636,
      "p": 0.27
    },
    "W_O": {
      "func": 0.00136939634103328,
      "rand_mean": 0.0013975836700646038,
      "rand_std": 2.2742349971519575e-05,
      "p95": 0.0014321743018378987,
      "p99": 0.0014463975506531957,
      "z": -1.239420247539201,
      "p": 0.89
    }
  },
  "p802": {
    "func": 0.001167849637567997,
    "rand_mean": 0.0014100581417027832,
    "rand_std": 0.00016185752489484813,
    "p95": 0.0017592374163093111,
    "p99": 0.0018881253570922753,
    "z": -1.496430297523323,
    "p": 0.99,
    "theory": 0.0013950892857142857
  },
  "p804": {
    "5": {
      "mean": 0.001397240311410341,
      "std": 2.5363650781707217e-05,
      "theory": 0.0013950892857142857
    },
    "10": {
      "mean": 0.0027901447614839515,
      "std": 3.620481491223075e-05,
      "theory": 0.0027901785714285715
    },
    "20": {
      "mean": 0.005584753642701748,
      "std": 5.788902859516644e-05,
      "theory": 0.005580357142857143
    },
    "50": {
      "mean": 0.01395181205744802,
      "std": 9.374903291036133e-05,
      "theory": 0.013950892857142858
    },
    "100": {
      "mean": 0.027889405180425503,
      "std": 9.879000621142807e-05,
      "theory": 0.027901785714285716
    }
  },
  "verdict": "STATISTICAL ARTIFACT - functional-content separation is NOT real!"
}