{
  "model": "glm4",
  "d_model": 4096,
  "n_layers": 40,
  "timestamp": "2026-04-17T13:57:46.020879",
  "config": {
    "n_random": 100,
    "seed": 42,
    "n_func": 5,
    "labels": [
      "syntax",
      "semantic",
      "style",
      "tense",
      "polarity"
    ]
  },
  "p801": {
    "W_Q": {
      "func": 0.001226236461661756,
      "rand_mean": 0.001223199262132102,
      "rand_std": 2.606064488700779e-05,
      "p95": 0.001269629165769597,
      "p99": 0.0012799664440120593,
      "z": 0.11654352924966362,
      "p": 0.45
    },
    "W_K": {
      "func": 0.0012338625965639949,
      "rand_mean": 0.0012174851063995618,
      "rand_std": 5.434365901195829e-05,
      "p95": 0.0012970817619434385,
      "p99": 0.0013568885089473356,
      "z": 0.3013689262408555,
      "p": 0.43
    },
    "W_V": {
      "func": 0.001253161346539855,
      "rand_mean": 0.0012202691527872173,
      "rand_std": 5.0159628120201514e-05,
      "p95": 0.001293489283204522,
      "p99": 0.0013376331845874386,
      "z": 0.65575035113529,
      "p": 0.25
    },
    "W_O": {
      "func": 0.001226451131515205,
      "rand_mean": 0.0012148332938689858,
      "rand_std": 2.2079468567453707e-05,
      "p95": 0.0012500245035005255,
      "p99": 0.0012565625941739083,
      "z": 0.5261828476861262,
      "p": 0.32
    }
  },
  "p802": {
    "func": 0.0012052831007167697,
    "rand_mean": 0.0012235891827411028,
    "rand_std": 4.240849892244983e-05,
    "p95": 0.0013098186608946384,
    "p99": 0.0013344630909220634,
    "z": -0.4316606927731275,
    "p": 0.61,
    "theory": 0.001220703125
  },
  "p804": {
    "5": {
      "mean": 0.001223199262132102,
      "std": 2.606064488700779e-05,
      "theory": 0.001220703125
    },
    "10": {
      "mean": 0.002449463477258371,
      "std": 3.4973659129999054e-05,
      "theory": 0.00244140625
    },
    "20": {
      "mean": 0.004886127618192722,
      "std": 5.28273388584949e-05,
      "theory": 0.0048828125
    },
    "50": {
      "mean": 0.0122062980080593,
      "std": 7.790288112301005e-05,
      "theory": 0.01220703125
    },
    "100": {
      "mean": 0.02442364277562064,
      "std": 0.00011370144631686945,
      "theory": 0.0244140625
    }
  },
  "verdict": "STATISTICAL ARTIFACT - functional-content separation is NOT real!"
}