{
  "model": "qwen3",
  "d_model": 2560,
  "n_layers": 36,
  "timestamp": "2026-04-17T14:01:16.868936",
  "config": {
    "n_random": 100,
    "seed": 42,
    "n_func": 5,
    "labels": [
      "syntax",
      "semantic",
      "style",
      "tense",
      "polarity"
    ]
  },
  "p801": {
    "W_Q": {
      "func": 0.0018717830535024405,
      "rand_mean": 0.001948277626634548,
      "rand_std": 4.5907365796758795e-05,
      "p95": 0.00202842581726536,
      "p99": 0.00204474889094675,
      "z": -1.6662810380095556,
      "p": 0.95
    },
    "W_K": {
      "func": 0.001847998471930623,
      "rand_mean": 0.00195683668870166,
      "rand_std": 6.618766879156675e-05,
      "p95": 0.002076772165608002,
      "p99": 0.002106727242380119,
      "z": -1.6443881278517611,
      "p": 0.95
    },
    "W_V": {
      "func": 0.0018928301287814975,
      "rand_mean": 0.001955370581633837,
      "rand_std": 4.4518538144000644e-05,
      "p95": 0.0020316188418801834,
      "p99": 0.00205844726780691,
      "z": -1.4048182051720772,
      "p": 0.92
    },
    "W_O": {
      "func": 0.001938209286890924,
      "rand_mean": 0.0019500471973128933,
      "rand_std": 2.9375295445770194e-05,
      "p95": 0.0019993192562171394,
      "p99": 0.0020229031589161094,
      "z": -0.4029886420656897,
      "p": 0.65
    }
  },
  "p802": {
    "func": 0.014932006597518921,
    "rand_mean": 0.0019546492506487606,
    "rand_std": 0.00010219144447358832,
    "p95": 0.0021710662530997392,
    "p99": 0.002232704848873438,
    "z": 126.99064401838645,
    "p": 0.0,
    "theory": 0.001953125
  },
  "p804": {
    "5": {
      "mean": 0.001948277626634548,
      "std": 4.5907365796758795e-05,
      "theory": 0.001953125
    },
    "10": {
      "mean": 0.003907863837016179,
      "std": 6.731400401454117e-05,
      "theory": 0.00390625
    },
    "20": {
      "mean": 0.007815401369972734,
      "std": 8.991806170708477e-05,
      "theory": 0.0078125
    },
    "50": {
      "mean": 0.019536092020431568,
      "std": 0.00013784993929123109,
      "theory": 0.01953125
    },
    "100": {
      "mean": 0.03906808180697716,
      "std": 0.00019642477188950089,
      "theory": 0.0390625
    }
  },
  "verdict": "QKV alignment is artifact, but W_U energy is real"
}