{
  "pattern": "tempdata/deepseek7b_mass_noun_scan_n120_mech_v4fix_seed*/mass_noun_encoding_scan.json",
  "n_bootstrap": 3000,
  "runs": [
    {
      "path": "tempdata\\deepseek7b_mass_noun_scan_n120_mech_v4fix_seed101\\mass_noun_encoding_scan.json",
      "seed": 101,
      "n_records": 60,
      "n_prompts_per_record_mean": 3.0,
      "mean_prompt_std_seq_margin": 0.058398019928767045,
      "mean_prompt_range_seq_margin": 0.13725184400876358,
      "bootstrap_seq_margin_mean": 0.026284868114892335,
      "bootstrap_seq_margin_ci_low": 0.025845756521142602,
      "bootstrap_seq_margin_ci_high": 0.026723979708642067,
      "bootstrap_positive_ratio": 0.9923333333333333,
      "bootstrap_prob_margin_mean": -5.524912632901941e-09,
      "necessity_ratio": 0.5833333333333334,
      "sufficiency_ratio": 1.0,
      "overshoot_ratio": 0.8333333333333334,
      "counterfactual_positive_ratio": 0.7857142857142857,
      "counterfactual_mean_specificity": 0.051338604518345425,
      "causal_seq_z_reported": 0.9436388063703497,
      "overall_score_reported": 0.2858734085471339
    },
    {
      "path": "tempdata\\deepseek7b_mass_noun_scan_n120_mech_v4fix_seed202\\mass_noun_encoding_scan.json",
      "seed": 202,
      "n_records": 60,
      "n_prompts_per_record_mean": 3.0,
      "mean_prompt_std_seq_margin": 0.06179574124892219,
      "mean_prompt_range_seq_margin": 0.14404224753379802,
      "bootstrap_seq_margin_mean": 0.027490441090236545,
      "bootstrap_seq_margin_ci_low": 0.027046033547003457,
      "bootstrap_seq_margin_ci_high": 0.027934848633469633,
      "bootstrap_positive_ratio": 0.994,
      "bootstrap_prob_margin_mean": -6.1695105826487744e-09,
      "necessity_ratio": 0.5833333333333334,
      "sufficiency_ratio": 1.0,
      "overshoot_ratio": 0.8333333333333334,
      "counterfactual_positive_ratio": 0.7857142857142857,
      "counterfactual_mean_specificity": 0.051338604518345425,
      "causal_seq_z_reported": 0.9724864574008009,
      "overall_score_reported": 0.289835641570946
    },
    {
      "path": "tempdata\\deepseek7b_mass_noun_scan_n120_mech_v4fix_seed303\\mass_noun_encoding_scan.json",
      "seed": 303,
      "n_records": 60,
      "n_prompts_per_record_mean": 3.0,
      "mean_prompt_std_seq_margin": 0.05848703211028418,
      "mean_prompt_range_seq_margin": 0.13728404243787143,
      "bootstrap_seq_margin_mean": 0.026007887106158884,
      "bootstrap_seq_margin_ci_low": 0.025568633824634344,
      "bootstrap_seq_margin_ci_high": 0.026447140387683424,
      "bootstrap_positive_ratio": 0.9933333333333333,
      "bootstrap_prob_margin_mean": -4.915550428360338e-09,
      "necessity_ratio": 0.5833333333333334,
      "sufficiency_ratio": 1.0,
      "overshoot_ratio": 0.8333333333333334,
      "counterfactual_positive_ratio": 0.7857142857142857,
      "counterfactual_mean_specificity": 0.051338604518345425,
      "causal_seq_z_reported": 0.9292620130751805,
      "overall_score_reported": 0.28706789831863144
    },
    {
      "path": "tempdata\\deepseek7b_mass_noun_scan_n120_mech_v4fix_seed404\\mass_noun_encoding_scan.json",
      "seed": 404,
      "n_records": 60,
      "n_prompts_per_record_mean": 3.0,
      "mean_prompt_std_seq_margin": 0.06231770209541201,
      "mean_prompt_range_seq_margin": 0.1456750882996455,
      "bootstrap_seq_margin_mean": 0.028030662744372725,
      "bootstrap_seq_margin_ci_low": 0.027585766536524614,
      "bootstrap_seq_margin_ci_high": 0.028475558952220835,
      "bootstrap_positive_ratio": 0.994,
      "bootstrap_prob_margin_mean": 4.8903576039638074e-09,
      "necessity_ratio": 0.5833333333333334,
      "sufficiency_ratio": 1.0,
      "overshoot_ratio": 0.8333333333333334,
      "counterfactual_positive_ratio": 0.7857142857142857,
      "counterfactual_mean_specificity": 0.051338604518345425,
      "causal_seq_z_reported": 0.992974984539765,
      "overall_score_reported": 0.2900415480075889
    },
    {
      "path": "tempdata\\deepseek7b_mass_noun_scan_n120_mech_v4fix_seed505\\mass_noun_encoding_scan.json",
      "seed": 505,
      "n_records": 60,
      "n_prompts_per_record_mean": 3.0,
      "mean_prompt_std_seq_margin": 0.05807000763498809,
      "mean_prompt_range_seq_margin": 0.13618112405141175,
      "bootstrap_seq_margin_mean": 0.027903853157898624,
      "bootstrap_seq_margin_ci_low": 0.02745505263032641,
      "bootstrap_seq_margin_ci_high": 0.02835265368547084,
      "bootstrap_positive_ratio": 0.996,
      "bootstrap_prob_margin_mean": 5.280680236535123e-10,
      "necessity_ratio": 0.5833333333333334,
      "sufficiency_ratio": 1.0,
      "overshoot_ratio": 0.8333333333333334,
      "counterfactual_positive_ratio": 0.7857142857142857,
      "counterfactual_mean_specificity": 0.051338604518345425,
      "causal_seq_z_reported": 0.9840196364139936,
      "overall_score_reported": 0.2988013951529068
    }
  ],
  "aggregate": {
    "n_runs": 5,
    "stats": {
      "n_prompts_per_record_mean": {
        "n": 5,
        "mean": 3.0,
        "std": 0.0,
        "sem": 0.0,
        "ci_low": 3.0,
        "ci_high": 3.0
      },
      "mean_prompt_std_seq_margin": {
        "n": 5,
        "mean": 0.059813700603674705,
        "std": 0.002061745305787365,
        "sem": 0.0009220405312063277,
        "ci_low": 0.058006501162510306,
        "ci_high": 0.061620900044839104
      },
      "mean_prompt_range_seq_margin": {
        "n": 5,
        "mean": 0.14008686926629804,
        "std": 0.004416482235000258,
        "sem": 0.0019751108997761555,
        "ci_low": 0.13621565190273677,
        "ci_high": 0.14395808662985932
      },
      "bootstrap_seq_margin_mean": {
        "n": 5,
        "mean": 0.02714354244271182,
        "std": 0.0009370736536685222,
        "sem": 0.0004190720779053821,
        "ci_low": 0.02632216117001727,
        "ci_high": 0.027964923715406372
      },
      "bootstrap_positive_ratio": {
        "n": 5,
        "mean": 0.9939333333333333,
        "std": 0.0013416407864998902,
        "sem": 0.0006000000000000073,
        "ci_low": 0.9927573333333333,
        "ci_high": 0.9951093333333334
      },
      "bootstrap_prob_margin_mean": {
        "n": 5,
        "mean": -2.238309603258747e-09,
        "std": 4.793079917350077e-09,
        "sem": 2.143530503356769e-09,
        "ci_low": -6.439629389838014e-09,
        "ci_high": 1.96301018332052e-09
      },
      "necessity_ratio": {
        "n": 5,
        "mean": 0.5833333333333334,
        "std": 0.0,
        "sem": 0.0,
        "ci_low": 0.5833333333333334,
        "ci_high": 0.5833333333333334
      },
      "sufficiency_ratio": {
        "n": 5,
        "mean": 1.0,
        "std": 0.0,
        "sem": 0.0,
        "ci_low": 1.0,
        "ci_high": 1.0
      },
      "overshoot_ratio": {
        "n": 5,
        "mean": 0.8333333333333334,
        "std": 0.0,
        "sem": 0.0,
        "ci_low": 0.8333333333333334,
        "ci_high": 0.8333333333333334
      },
      "counterfactual_positive_ratio": {
        "n": 5,
        "mean": 0.7857142857142857,
        "std": 0.0,
        "sem": 0.0,
        "ci_low": 0.7857142857142857,
        "ci_high": 0.7857142857142857
      },
      "counterfactual_mean_specificity": {
        "n": 5,
        "mean": 0.05133860451834542,
        "std": 7.757919228897728e-18,
        "sem": 3.469446951953614e-18,
        "ci_low": 0.05133860451834541,
        "ci_high": 0.051338604518345425
      },
      "causal_seq_z_reported": {
        "n": 5,
        "mean": 0.9644763795600179,
        "std": 0.02707640478641298,
        "sem": 0.01210893633774402,
        "ci_low": 0.9407428643380396,
        "ci_high": 0.9882098947819962
      },
      "overall_score_reported": {
        "n": 5,
        "mean": 0.29032397831944146,
        "std": 0.005064446270303374,
        "sem": 0.0022648892257587233,
        "ci_low": 0.28588479543695433,
        "ci_high": 0.2947631612019286
      }
    }
  }
}