{
  "model": "glm4",
  "model_name": "GLM4-9B-Chat",
  "timestamp": "2026-04-24T11:38:12.606064",
  "n_pairs": 40,
  "key_layers": [
    0,
    1,
    10,
    20,
    30,
    40
  ],
  "summary": {
    "erank_A_mean": 34.223636627197266,
    "erank_int_mean": 35.688907623291016,
    "rank_ratio_mean": 1.044630765914917,
    "cumvar_int_k1_mean": 0.08888328820466995,
    "cumvar_int_k3_mean": 0.18995638191699982,
    "interaction_ratio_mean": 0.6664050916830698,
    "cos_int_A_mean": -0.5130102386077245,
    "cross_pair_overlap_mean": 0.12385594795147578,
    "cross_pair_angle_mean": 72.72467956542968
  },
  "per_pair_last_layer": {
    "tense_x_question": {
      "erank_A": 