{
  "experiment": "exp1_delta_decomposition",
  "model": "qwen3",
  "timestamp": "2026-04-28T13:38:54.635671",
  "layer_results": [
    {
      "layer": 0,
      "n_pairs": 276,
      "gate_frac": 0.09644592553377151,
      "up_frac": 0.991521418094635,
      "cross_frac": 0.08871902525424957,
      "mean_gate_norm": 0.4826546907424927,
      "mean_up_norm": 4.963348865509033,
      "mean_cross_norm": 0.4521240293979645,
      "mean_total_norm": 5.006904125213623,
      "mean_gate_cos": 0.5659324711431628,
      "mean_up_cos": 0.024042581601373757,
      "mean_cross_cos": -0.03438934070088536,
      "diff_gate_cos": 0.5715012983591469,
      "diff_up_cos": 0.025135298222907027,
      "diff_cross_cos": -0.04189687022719429,
      "same_gate_cos": 0.5458846931656202,
      "same_up_cos": 0.02010880176385399,
      "same_cross_cos": -0.007362234406173229
    },
    {
      "layer": 6,
      "n_pairs": 276,
      "gate_frac": 0.19539432227611542,
      "up_frac": 0.9506411552429199,
      "cross_frac": 0.22269797325134277,
      "mean_gate_norm": 2.580763101577759,
      "mean_up_norm": 12.629080772399902,
      "mean_cross_norm": 3.040771961212158,
      "mean_total_norm": 13.305712699890137,
      "mean_gate_cos": 0.4262438826802848,
      "mean_up_cos": 0.38159401034531387,
      "mean_cross_cos": -0.013362781017507508,
      "diff_gate_cos": 0.43230695622386756,
      "diff_up_cos": 0.3864160200787915,
      "diff_cross_cos": -0.0167265587307931,
      "same_gate_cos": 0.4044168179233869,
      "same_up_cos": 0.3642347753047943,
      "same_cross_cos": -0.0012531812496793767
    },
    {
      "layer": 12,
      "n_pairs": 276,
      "gate_frac": 0.19140096008777618,
      "up_frac": 0.934586763381958,
      "cross_frac": 0.24695385992527008,
      "mean_gate_norm": 4.936781406402588,
      "mean_up_norm": 24.12179183959961,
      "mean_cross_norm": 6.604441165924072,
      "mean_total_norm": 25.907487869262695,
      "mean_gate_cos": 0.3562853576048561,
      "mean_up_cos": 0.3292514863221542,
      "mean_cross_cos": 0.0004721412528390605,
      "diff_gate_cos": 0.3593638010874943,
      "diff_up_cos": 0.3278428720379317,
      "diff_cross_cos": -0.011868860025801783,
      "same_gate_cos": 0.34520296106735865,
      "same_up_cos": 0.334322497745355,
      "same_cross_cos": 0.0448997458559461
    },
    {
      "layer": 18,
      "n_pairs": 276,
      "gate_frac": 0.19175821542739868,
      "up_frac": 0.9540481567382812,
      "cross_frac": 0.20438966155052185,
      "mean_gate_norm": 4.218055248260498,
      "mean_up_norm": 21.046995162963867,
      "mean_cross_norm": 4.764444828033447,
      "mean_total_norm": 22.131853103637695,
      "mean_gate_cos": 0.3211017738541831,
      "mean_up_cos": 0.2732008176761261,
      "mean_cross_cos": 0.005450526428382769,
      "diff_gate_cos": 0.32185993516058836,
      "diff_up_cos": 0.2701001239043695,
      "diff_cross_cos": 0.005098425302330051,
      "same_gate_cos": 0.3183723931511243,
      "same_up_cos": 0.28436331525444986,
      "same_cross_cos": 0.006718090482172557
    },
    {
      "layer": 24,
      "n_pairs": 276,
      "gate_frac": 0.33686506748199463,
      "up_frac": 0.8426196575164795,
      "cross_frac": 0.3305363953113556,
      "mean_gate_norm": 10.316569328308105,
      "mean_up_norm": 25.970685958862305,
      "mean_cross_norm": 10.634093284606934,
      "mean_total_norm": 31.080686569213867,
      "mean_gate_cos": 0.428206031413182,
      "mean_up_cos": 0.17479471543776817,
      "mean_cross_cos": 0.006050156616897701,
      "diff_gate_cos": 0.43702484253380036,
      "diff_up_cos": 0.1702356600995969,
      "diff_cross_cos": 0.004401295926611594,
      "same_gate_cos": 0.3964583113789558,
      "same_up_cos": 0.19120731465518476,
      "same_cross_cos": 0.01198605510192768
    },
    {
      "layer": 30,
      "n_pairs": 276,
      "gate_frac": 0.4130811393260956,
      "up_frac": 0.7598244547843933,
      "cross_frac": 0.4432501196861267,
      "mean_gate_norm": 23.103572845458984,
      "mean_up_norm": 43.122650146484375,
      "mean_cross_norm": 25.992788314819336,
      "mean_total_norm": 57.160987854003906,
      "mean_gate_cos": 0.3667951950236507,
      "mean_up_cos": 0.12868643334925012,
      "mean_cross_cos": -0.032970075522641404,
      "diff_gate_cos": 0.37635319783455795,
      "diff_up_cos": 0.12466488844775422,
      "diff_cross_cos": -0.03765791416272232,
      "same_gate_cos": 0.3323863849043846,
      "same_up_cos": 0.1431639949946354,
      "same_cross_cos": -0.01609385641835009
    },
    {
      "layer": 35,
      "n_pairs": 276,
      "gate_frac": 0.6247914433479309,
      "up_frac": 0.7382104992866516,
      "cross_frac": 0.45504191517829895,
      "mean_gate_norm": 40.018333435058594,
      "mean_up_norm": 43.93147659301758,
      "mean_cross_norm": 32.905887603759766,
      "mean_total_norm": 62.50435256958008,
      "mean_gate_cos": 0.31266000798559224,
      "mean_up_cos": -0.16809710915212223,
      "mean_cross_cos": -0.0024127960531968974,
      "diff_gate_cos": 0.30798122068625633,
      "diff_up_cos": -0.1752194826587112,
      "diff_cross_cos": -0.022452564756518027,
      "same_gate_cos": 0.3295036422632014,
      "same_up_cos": -0.14245656452840194,
      "same_cross_cos": 0.06973037127875917
    }
  ]
}