{
  "experiment": "exp3_gate_delta_dimensionality",
  "model": "qwen3",
  "timestamp": "2026-04-28T13:41:17.606375",
  "layer_results": [
    {
      "layer": 0,
      "n_inter": 9728,
      "n_pairs": 496,
      "mean_nonzero_per_pair": 9727.58064516129,
      "mean_significant_per_pair": 6024.427419354839,
      "mean_strong_per_pair": 39.766129032258064,
      "frac_nonzero": 0.9999568919779286,
      "frac_significant": 0.6192873580751274,
      "frac_strong": 0.004087801092954159,
      "n90_dg": 22,
      "n95_dg": 26,
      "top5_var_dg": 0.4225406050682068,
      "top10_var_dg": 0.6408933401107788,
      "norm_corr_wdown_dg": 0.9921898330212333,
      "mean_wdown_delta_norm": 2.8168482780456543,
      "mean_delta_g_norm": 2.376180410385132,
      "col_corr_dg_wdown": -0.04084008095696009,
      "same_nonzero": 5756.651785714285,
      "diff_nonzero": 6102.528645833333,
      "diff_same_ratio": 1.0600829914669108
    },
    {
      "layer": 6,
      "n_inter": 9728,
      "n_pairs": 496,
      "mean_nonzero_per_pair": 9727.625,
      "mean_significant_per_pair": 7135.818548387097,
      "mean_strong_per_pair": 1237.108870967742,
      "frac_nonzero": 0.9999614514802632,
      "frac_significant": 0.7335339790693972,
      "frac_strong": 0.1271699086109932,
      "n90_dg": 20,
      "n95_dg": 25,
      "top5_var_dg": 0.5056575536727905,
      "top10_var_dg": 0.7029752135276794,
      "norm_corr_wdown_dg": 0.9952690200624945,
      "mean_wdown_delta_norm": 7.2784199714660645,
      "mean_delta_g_norm": 6.589181900024414,
      "col_corr_dg_wdown": -0.24251564552935365,
      "same_nonzero": 6872.491071428572,
      "diff_nonzero": 7212.622395833333,
      "diff_same_ratio": 1.0494917084459825
    },
    {
      "layer": 12,
      "n_inter": 9728,
      "n_pairs": 496,
      "mean_nonzero_per_pair": 9727.905241935483,
      "mean_significant_per_pair": 8910.633064516129,
      "mean_strong_per_pair": 3076.2560483870966,
      "frac_nonzero": 0.9999902592450126,
      "frac_significant": 0.9159779054806876,
      "frac_strong": 0.31622697865821303,
      "n90_dg": 21,
      "n95_dg": 25,
      "top5_var_dg": 0.46606242656707764,
      "top10_var_dg": 0.6719781756401062,
      "norm_corr_wdown_dg": 0.996743440451325,
      "mean_wdown_delta_norm": 12.090361595153809,
      "mean_delta_g_norm": 10.401847839355469,
      "col_corr_dg_wdown": -0.056900024395745256,
      "same_nonzero": 8744.19642857143,
      "diff_nonzero": 8959.177083333334,
      "diff_same_ratio": 1.0245855244124504
    },
    {
      "layer": 18,
      "n_inter": 9728,
      "n_pairs": 496,
      "mean_nonzero_per_pair": 9727.899193548386,
      "mean_significant_per_pair": 8756.625,
      "mean_strong_per_pair": 2361.4939516129034,
      "frac_nonzero": 0.9999896374946943,
      "frac_significant": 0.900146484375,
      "frac_strong": 0.24275225653915536,
      "n90_dg": 20,
      "n95_dg": 24,
      "top5_var_dg": 0.47758471965789795,
      "top10_var_dg": 0.6978532671928406,
      "norm_corr_wdown_dg": 0.9980111284926257,
      "mean_wdown_delta_norm": 10.071932792663574,
      "mean_delta_g_norm": 8.805116653442383,
      "col_corr_dg_wdown": 0.06737434636901486,
      "same_nonzero": 8602.410714285714,
      "diff_nonzero": 8801.604166666666,
      "diff_same_ratio": 1.0231555384876194
    },
    {
      "layer": 24,
      "n_inter": 9728,
      "n_pairs": 496,
      "mean_nonzero_per_pair": 9727.911290322581,
      "mean_significant_per_pair": 8844.241935483871,
      "mean_strong_per_pair": 3164.2580645161293,
      "frac_nonzero": 0.9999908809953312,
      "frac_significant": 0.9091531594864177,
      "frac_strong": 0.32527323853989815,
      "n90_dg": 19,
      "n95_dg": 24,
      "top5_var_dg": 0.5484416484832764,
      "top10_var_dg": 0.733719527721405,
      "norm_corr_wdown_dg": 0.9973979392961277,
      "mean_wdown_delta_norm": 13.550675392150879,
      "mean_delta_g_norm": 11.563684463500977,
      "col_corr_dg_wdown": 0.061589964263114166,
      "same_nonzero": 8671.419642857143,
      "diff_nonzero": 8894.6484375,
      "diff_same_ratio": 1.0257430506003404
    },
    {
      "layer": 30,
      "n_inter": 9728,
      "n_pairs": 496,
      "mean_nonzero_per_pair": 9727.9375,
      "mean_significant_per_pair": 9052.086693548386,
      "mean_strong_per_pair": 4600.540322580645,
      "frac_nonzero": 0.9999935752467105,
      "frac_significant": 0.9305187801756154,
      "frac_strong": 0.4729173851337012,
      "n90_dg": 20,
      "n95_dg": 25,
      "top5_var_dg": 0.5265583395957947,
      "top10_var_dg": 0.7214749455451965,
      "norm_corr_wdown_dg": 0.9961633634386533,
      "mean_wdown_delta_norm": 21.833736419677734,
      "mean_delta_g_norm": 17.2872314453125,
      "col_corr_dg_wdown": 0.08116179912855477,
      "same_nonzero": 8901.080357142857,
      "diff_nonzero": 9096.130208333334,
      "diff_same_ratio": 1.0219130536254462
    },
    {
      "layer": 35,
      "n_inter": 9728,
      "n_pairs": 496,
      "mean_nonzero_per_pair": 9709.879032258064,
      "mean_significant_per_pair": 7887.5625,
      "mean_strong_per_pair": 2994.842741935484,
      "frac_nonzero": 0.9981372360462648,
      "frac_significant": 0.8108102898848685,
      "frac_strong": 0.3078580121233022,
      "n90_dg": 19,
      "n95_dg": 24,
      "top5_var_dg": 0.5767254829406738,
      "top10_var_dg": 0.7429072260856628,
      "norm_corr_wdown_dg": 0.9976789169967013,
      "mean_wdown_delta_norm": 15.33293628692627,
      "mean_delta_g_norm": 13.915465354919434,
      "col_corr_dg_wdown": -0.21385813423033576,
      "same_nonzero": 7619.517857142857,
      "diff_nonzero": 7965.7421875,
      "diff_same_ratio": 1.0454391389125204
    }
  ]
}