{
  "target_layer": 14,
  "n_test_prompts": 50,
  "n_random_dirs": 30,
  "betas": [
    1.0,
    2.0,
    4.0,
    8.0,
    16.0
  ],
  "polarity_injection": {
    "1.0": {
      "delta_logit_mean": -0.038212890625,
      "delta_logit_std": 0.4535748675256769,
      "effect_norm_mean": 417.6547286987305
    },
    "2.0": {
      "delta_logit_mean": 0.1950634765625,
      "delta_logit_std": 0.6475668938521494,
      "effect_norm_mean": 679.3631837463379
    },
    "4.0": {
      "delta_logit_mean": 0.72466552734375,
      "delta_logit_std": 1.1607267733273683,
      "effect_norm_mean": 1297.2920697021484
    },
    "8.0": {
      "delta_logit_mean": 0.36312744140625,
      "delta_logit_std": 1.3823381562570922,
      "effect_norm_mean": 1834.9365963745117
    },
    "16.0": {
      "delta_logit_mean": 0.07610595703125,
      "delta_logit_std": 1.4813020596852324,
      "effect_norm_mean": 1922.2779174804687
    }
  },
  "probe_injection": {
    "1.0": {
      "delta_logit_mean": -0.032568359375,
      "delta_logit_std": 0.4738981473527505,
      "effect_norm_mean": 382.4741615104675
    },
    "2.0": {
      "delta_logit_mean": 0.14388671875,
      "delta_logit_std": 0.6436832347246675,
      "effect_norm_mean": 618.544970703125
    },
    "4.0": {
      "delta_logit_mean": 0.8824493408203125,
      "delta_logit_std": 1.291952787336994,
      "effect_norm_mean": 1058.613095397949
    },
    "8.0": {
      "delta_logit_mean": 1.32401123046875,
      "delta_logit_std": 1.869256077093738,
      "effect_norm_mean": 1854.4012603759766
    },
    "16.0": {
      "delta_logit_mean": 0.49299072265625,
      "delta_logit_std": 1.9613813062324812,
      "effect_norm_mean": 1885.32875
    }
  },
  "random_injection": {
    "1.0": {
      "delta_logit_mean": -0.05775553385416666,
      "delta_logit_std": 0.05138069071787369,
      "effect_norm_mean": 348.61809532610573,
      "effect_norm_std": 61.16928894950756
    },
    "2.0": {
      "delta_logit_mean": 0.17540093485514324,
      "delta_logit_std": 0.1169194661898887,
      "effect_norm_mean": 658.8476088294982,
      "effect_norm_std": 64.84576490243988
    },
    "4.0": {
      "delta_logit_mean": 1.075250274658203,
      "delta_logit_std": 0.36180869598336807,
      "effect_norm_mean": 1266.39261676534,
      "effect_norm_std": 222.78662663710958
    },
    "8.0": {
      "delta_logit_mean": 1.0002012329101562,
      "delta_logit_std": 0.6269817973643951,
      "effect_norm_mean": 1854.860277791341,
      "effect_norm_std": 225.90583659737842
    },
    "16.0": {
      "delta_logit_mean": 0.9615593770345051,
      "delta_logit_std": 0.6801103225704467,
      "effect_norm_mean": 1879.5081640167236,
      "effect_norm_std": 213.70543335687768
    }
  },
  "comparison": {
    "1.0": {
      "delta_logit_ratio": 0.6616316753557843,
      "effect_norm_ratio": 1.198029403230048,
      "polarity_vs_random_z": 0.3803499516281979
    },
    "2.0": {
      "delta_logit_ratio": 1.1121005525061498,
      "effect_norm_ratio": 1.0311385738399923,
      "polarity_vs_random_z": 0.16817166848352577
    },
    "4.0": {
      "delta_logit_ratio": 0.6739505624159029,
      "effect_norm_ratio": 1.0243995839266125,
      "polarity_vs_random_z": -0.9689782230401922
    },
    "8.0": {
      "delta_logit_ratio": 0.36305438291623077,
      "effect_norm_ratio": 0.9892586618758404,
      "polarity_vs_random_z": -1.0160961517255114
    },
    "16.0": {
      "delta_logit_ratio": 0.07914847366572868,
      "effect_norm_ratio": 1.0227558221254762,
      "polarity_vs_random_z": -1.301926159063023
    }
  }
}