{
  "key_layers": [
    0,
    7,
    14,
    21,
    27
  ],
  "n_patches": 20,
  "polarity_patch": {
    "0": {
      "mean": -0.1759765625,
      "std": 0.18751820793753726,
      "abs_mean": 0.2009765625
    },
    "7": {
      "mean": -0.87763671875,
      "std": 1.4332052376898694,
      "abs_mean": 1.32744140625
    },
    "14": {
      "mean": -1.07666015625,
      "std": 1.2920318066901069,
      "abs_mean": 1.40224609375
    },
    "21": {
      "mean": -1.14013671875,
      "std": 1.245933919480008,
      "abs_mean": 1.33212890625
    },
    "27": {
      "mean": -0.87822265625,
      "std": 1.3814202354783776,
      "abs_mean": 1.29443359375
    }
  },
  "random_patch": {
    "0": {
      "mean": 0.42119140625,
      "std": 2.402497873216019,
      "abs_mean": 1.92626953125
    },
    "7": {
      "mean": -0.66044921875,
      "std": 2.560030628483058,
      "abs_mean": 2.28525390625
    },
    "14": {
      "mean": -0.59189453125,
      "std": 1.2829095987239025,
      "abs_mean": 1.09638671875
    },
    "21": {
      "mean": -1.07255859375,
      "std": 2.1953942790699625,
      "abs_mean": 2.01376953125
    },
    "27": {
      "mean": -1.13955078125,
      "std": 2.187962551804197,
      "abs_mean": 2.02431640625
    }
  },
  "comparison": {
    "0": {
      "ratio": 0.417806631115233,
      "z_score": -0.24856128923461737
    },
    "7": {
      "ratio": 1.3288481443146534,
      "z_score": -0.08483785216612592
    },
    "14": {
      "ratio": 1.8190067645603034,
      "z_score": -0.3778642123203315
    },
    "21": {
      "ratio": 1.0630064645361013,
      "z_score": -0.030781771476888535
    },
    "27": {
      "ratio": 0.7706744365412631,
      "z_score": 0.1194390300622415
    }
  }
}