{
  "key_layers": [
    0,
    7,
    14,
    21,
    27
  ],
  "polarity_causal_dir": {
    "0": {
      "norm": 8.170625686645508
    },
    "7": {
      "norm": 38.42485809326172
    },
    "14": {
      "norm": 54.49661636352539
    },
    "21": {
      "norm": 107.75399017333984
    },
    "27": {
      "norm": 265.5633850097656
    }
  },
  "tense_causal_dir": {
    "0": {
      "norm": 37.120479583740234
    },
    "7": {
      "norm": 115.14688873291016
    },
    "14": {
      "norm": 144.5834197998047
    },
    "21": {
      "norm": 248.34811401367188
    },
    "27": {
      "norm": 926.1646118164062
    }
  },
  "causal_cosine": {
    "0": -0.015914462506771088,
    "7": 0.009570794180035591,
    "14": 0.000757178757339716,
    "21": -0.010617313906550407,
    "27": 0.42993834614753723
  },
  "decode_cosine": {
    "0": -0.009057494578212123,
    "7": -0.010777493698996731,
    "14": 0.0025034129266699595,
    "21": 0.011902889484446871,
    "27": -0.014402249832974279
  }
}