{
  "model": "glm4",
  "n_pairs": 150,
  "analysis_layers": [
    20,
    37,
    38,
    39
  ],
  "last_layer": 39,
  "svd_singular_top20": [
    66.48661804199219,
    16.162059783935547,
    12.513178825378418,
    10.62910270690918,
    10.04033088684082,
    9.495250701904297,
    8.752735137939453,
    8.55570125579834,
    8.215152740478516,
    8.067367553710938,
    7.995835304260254,
    7.657247066497803,
    7.546746730804443,
    7.366835117340088,
    7.142347812652588,
    7.07036828994751,
    6.986538410186768,
    6.8379364013671875,
    6.6900634765625,
    6.578771114349365
  ],
  "layer_pca_summary": {
    "20": {
      "tense": {
        "pc1_var": 0.07226645946502686,
        "explained_var_top5": [
          0.07226645946502686,
          0.04905468598008156,
          0.03295886144042015,
          0.030474631115794182,
          0.02914668805897236
        ]
      },
      "polarity": {
        "pc1_var": 0.08325345069169998,
        "explained_var_top5": [
          0.08325345069169998,
          0.05303477868437767,
          0.03548962250351906,
          0.029511936008930206,
          0.023552706465125084
        ]
      },
      "voice": {
        "pc1_var": 0.07740829139947891,
        "explained_var_top5": [
          0.07740829139947891,
          0.04253455623984337,
          0.04064541682600975,
          0.03161799535155296,
          0.02786296047270298
        ]
      },
      "semantic_valence": {
        "pc1_var": 0.05385934188961983,
        "explained_var_top5": [
          0.05385934188961983,
          0.04259457066655159,
          0.032524701207876205,
          0.02892611362040043,
          0.025406384840607643
        ]
      },
      "semantic_topic": {
        "pc1_var": 0.04238392040133476,
        "explained_var_top5": [
          0.04238392040133476,
          0.0346735380589962,
          0.03041033260524273,
          0.024456853047013283,
          0.023774893954396248
        ]
      }
    },
    "37": {
      "tense": {
        "pc1_var": 0.08693694323301315,
        "explained_var_top5": [
          0.08693694323301315,
          0.04499359428882599,
          0.03235520422458649,
          0.028536247089505196,
          0.027126522734761238
        ]
      },
      "polarity": {
        "pc1_var": 0.11184299737215042,
        "explained_var_top5": [
          0.11184299737215042,
          0.07058966159820557,
          0.0341358482837677,
          0.029139546677470207,
          0.026655033230781555
        ]
      },
      "voice": {
        "pc1_var": 0.06340062618255615,
        "explained_var_top5": [
          0.06340062618255615,
          0.049642033874988556,
          0.027744146063923836,
          0.02401265688240528,
          0.021510139107704163
        ]
      },
      "semantic_valence": {
        "pc1_var": 0.08450855314731598,
        "explained_var_top5": [
          0.08450855314731598,
          0.038096264004707336,
          0.028796488419175148,
          0.02656039595603943,
          0.02494770474731922
        ]
      },
      "semantic_topic": {
        "pc1_var": 0.04364154860377312,
        "explained_var_top5": [
          0.04364154860377312,
          0.02638292871415615,
          0.02300192043185234,
          0.02205083519220352,
          0.018796082586050034
        ]
      }
    },
    "38": {
      "tense": {
        "pc1_var": 0.09173833578824997,
        "explained_var_top5": [
          0.09173833578824997,
          0.05318354815244675,
          0.03401927649974823,
          0.03134899586439133,
          0.02825605310499668
        ]
      },
      "polarity": {
        "pc1_var": 0.08260874450206757,
        "explained_var_top5": [
          0.08260874450206757,
          0.07236994057893753,
          0.03772282600402832,
          0.031189771369099617,
          0.02777043730020523
        ]
      },
      "voice": {
        "pc1_var": 0.08511566370725632,
        "explained_var_top5": [
          0.08511566370725632,
          0.04392823204398155,
          0.031403955072164536,
          0.028758853673934937,
          0.023615283891558647
        ]
      },
      "semantic_valence": {
        "pc1_var": 0.0680917426943779,
        "explained_var_top5": [
          0.0680917426943779,
          0.040618330240249634,
          0.03669552877545357,
          0.028656866401433945,
          0.02803509496152401
        ]
      },
      "semantic_topic": {
        "pc1_var": 0.03987141326069832,
        "explained_var_top5": [
          0.03987141326069832,
          0.03153720498085022,
          0.028932850807905197,
          0.0263859573751688,
          0.0229581780731678
        ]
      }
    },
    "39": {
      "tense": {
        "pc1_var": 0.10072905570268631,
        "explained_var_top5": [
          0.10072905570268631,
          0.05911974236369133,
          0.039184704422950745,
          0.03491185978055,
          0.03232649341225624
        ]
      },
      "polarity": {
        "pc1_var": 0.08674689382314682,
        "explained_var_top5": [
          0.08674689382314682,
          0.08297257870435715,
          0.04477429389953613,
          0.04052609205245972,
          0.032941918820142746
        ]
      },
      "voice": {
        "pc1_var": 0.1719796508550644,
        "explained_var_top5": [
          0.1719796508550644,
          0.0473952479660511,
          0.03370851278305054,
          0.028658632189035416,
          0.026112930849194527
        ]
      },
      "semantic_valence": {
        "pc1_var": 0.07544880360364914,
        "explained_var_top5": [
          0.07544880360364914,
          0.05214238539338112,
          0.040908098220825195,
          0.03937307000160217,
          0.034915100783109665
        ]
      },
      "semantic_topic": {
        "pc1_var": 0.04798480123281479,
        "explained_var_top5": [
          0.04798480123281479,
          0.04417318478226662,
          0.036108873784542084,
          0.03412220627069473,
          0.02861151285469532
        ]
      }
    }
  }
}