{
  "model_id": "deepseek-ai/DeepSeek-R1-Distill-Qwen-7B",
  "device": "cpu",
  "runtime_sec": 69.02691769599915,
  "config": {
    "n_nodes": 118,
    "n_layers": 28,
    "d_ff": 18944,
    "bridge_top_m": 12,
    "edge_alpha": 0.5
  },
  "graph_geometry_alignment": {
    "spearman": 0.460260285765111
  },
  "compression_alignment": {
    "spearman_k4": 0.2932662744796644,
    "spearman_k8": 0.40286993408828176,
    "spearman_k16": 0.3942551675370317,
    "spearman_k24": 0.37799623804025156,
    "spearman_k32": 0.3752893254462663,
    "spearman_k48": 0.3765837315407266,
    "effective_rank_sample": 33.540653228759766,
    "k95_sample": 51
  },
  "sparse_basis_efficiency": {
    "k80_bridge_mass": 336926,
    "k90_bridge_mass": 409441,
    "bridge_mass_total": 121521.7421875,
    "top_bridge_indices": [
      467889,
      82572,
      503358,
      487954,
      47998,
      470595,
      408485,
      182456,
      140838,
      77620,
      465895,
      7371,
      447644,
      456159,
      121422,
      510900,
      5998,
      415936,
      74184,
      507790,
      410465,
      475335,
      424044,
      405090,
      89546,
      132069,
      457003,
      130337,
      401344,
      417207,
      81516,
      509822,
      92850,
      420524,
      505171,
      94850,
      430618,
      498243,
      252474,
      470821,
      75318,
      384806,
      509182,
      490269,
      200623,
      259479,
      168579,
      294248,
      119093,
      80253,
      468881,
      27674,
      450266,
      468099,
      459870,
      504534,
      66646,
      167847,
      81840,
      182754,
      187175,
      502679,
      459201,
      3636,
      217042,
      329168,
      11656,
      90553,
      499917,
      7073,
      372520,
      470909,
      137791,
      30967,
      163757,
      447207,
      114204,
      11106,
      479216,
      217775,
      125631,
      461995,
      501496,
      352409,
      116377,
      513395,
      468081,
      469656,
      467290,
      415438,
      513232,
      463864,
      453690,
      511422,
      359478,
      377765,
      11200,
      132763,
      444595,
      466190,
      179654,
      436037,
      281950,
      43972,
      121017,
      465541,
      17550,
      28593,
      11669,
      186446,
      131970,
      182620,
      404403,
      93170,
      425519,
      474093,
      446833,
      413385,
      436883,
      171039,
      85210,
      455098,
      438845,
      343172,
      426806,
      470574,
      113557,
      466947,
      411087,
      140587,
      79707,
      504800,
      6322,
      18328,
      63023,
      450762,
      453326,
      434735,
      443851,
      479586,
      292937,
      259621,
      46725,
      447030,
      92244,
      391460,
      55386,
      437337,
      424333,
      474207,
      57045,
      451969,
      195468,
      486676,
      92023,
      9912,
      185895,
      409918,
      19244,
      499010,
      381912,
      9424,
      41691,
      154777,
      6650,
      439202,
      421394,
      420493,
      129144,
      165952,
      419841,
      99356,
      436366,
      88208,
      469650,
      185811,
      55871,
      130407,
      69170,
      391515,
      469012,
      445360,
      437481,
      88138,
      446138,
      456169,
      108098,
      73542,
      428861,
      192605,
      429255,
      45399,
      63648,
      103156,
      121600,
      30814,
      123144,
      463976,
      439607,
      6472,
      493638,
      11561,
      29258,
      407801,
      454235,
      432544,
      511052,
      15105,
      118986,
      415411,
      403686,
      210641,
      121045,
      129569,
      264530,
      22194,
      172228,
      435486,
      497333,
      92473,
      33158,
      134473,
      458947,
      435804,
      37355,
      323157,
      450614,
      497513,
      426395,
      104701,
      198680,
      278410,
      83949,
      451070,
      433491,
      123415,
      387174,
      435039,
      86058,
      60272,
      462928,
      119734,
      68177,
      304089,
      444758,
      124834,
      348070,
      465248,
      14219,
      436540,
      93315,
      183843,
      113268,
      100409,
      383779,
      508841
    ],