{
  "n_diffs": 38,
  "n_components": 37,
  "explained_variance_ratio": [
    0.7464419603347778,
    0.08231335133314133,
    0.04049297049641609,
    0.029204145073890686,
    0.0189290102571249,
    0.009653408080339432,
    0.00816938653588295,
    0.006769229657948017,
    0.005398132372647524,
    0.004962601233273745,
    0.003891643136739731,
    0.003755981335416436,
    0.003269878216087818,
    0.003057333640754223,
    0.0027824603021144867,
    0.0025469460524618626,
    0.002489146078005433,
    0.0023218109272420406,
    0.0020698949228972197,
    0.002046559937298298,
    0.0018086438067257404,
    0.0017356387106701732,
    0.0016300982097163796,
    0.001489382004365325,
    0.0013955621980130672,
    0.0013267575995996594,
    0.001252774498425424,
    0.0011719564208760858,
    0.001036662608385086,
    0.00099763844627887,
    0.0009856750257313251,
    0.0008832892053760588,
    0.0008543923613615334,
    0.000822144967969507,
    0.0007690704660490155,
    0.0006901449523866177,
    0.0005843138787895441
  ],
  "cumulative_variance": [
    0.7464419603347778,
    0.8287553191184998,
    0.8692482709884644,
    0.8984524011611938,
    0.9173814058303833,
    0.9270347952842712,
    0.9352042078971863,
    0.9419734477996826,
    0.9473716020584106,
    0.9523342251777649,
    0.9562258720397949,
    0.9599818587303162,
    0.9632517099380493,
    0.9663090705871582,
    0.969091534614563,
    0.9716385006904602,
    0.9741276502609253,
    0.9764494895935059,
    0.9785193800926208,
    0.9805659651756287,
    0.9823746085166931,
    0.9841102361679077,
    0.9857403635978699,
    0.9872297644615173,
    0.9886253476142883,
    0.9899520874023438,
    0.9912048578262329,
    0.9923768043518066,
    0.9934134483337402,
    0.9944111108779907,
    0.9953967928886414,
    0.9962800741195679,
    0.9971344470977783,
    0.9979565739631653,
    0.9987256526947021,
    0.9994158148765564,
    1.0000001192092896
  ],
  "feature_pc_means": {
    "polarity": [
      -130.0806427001953,
      -221.7806396484375,
      55.2661018371582,
      -6.176358222961426,
      -17.465620040893555
    ],
    "tense": [
      -630.7442626953125,
      165.51100158691406,
      -5.530714988708496,
      15.426324844360352,
      2.7294342517852783
    ],
    "semantic": [
      624.5445556640625,
      87.361328125,
      93.785888671875,
      166.05958557128906,
      -54.06215286254883
    ],
    "sentiment": [
      310.2638854980469,
      -13.395398139953613,
      -5.5646586418151855,
      -47.851802825927734,
      143.27439880371094
    ],
    "number": [
      374.84906005859375,
      29.466018676757812,
      -133.27076721191406,
      -90.8123779296875,
      -63.13911056518555
    ]
  },
  "diff_labels": [
    "polarity",
    "polarity",
    "polarity",
    "polarity",
    "polarity",
    "polarity",
    "polarity",
    "polarity",
    "polarity",
    "polarity",
    "tense",
    "tense",
    "tense",
    "tense",
    "tense",
    "tense",
    "tense",
    "tense",
    "tense",
    "tense",
    "semantic",
    "semantic",
    "semantic",
    "semantic",
    "semantic",
    "sentiment",
    "sentiment",
    "sentiment",
    "sentiment",
    "sentiment",
    "sentiment",
    "number",
    "number",
    "number",
    "number",
    "number",
    "number",
    "number"
  ],
  "pca_components_shape": [
    37,
    3584
  ],
  "effective_dim_90": 5,
  "effective_dim_95": 10,
  "effective_dim_99": 27
}