{
  "L0": {
    "best_single_feature_alignment": 0.6241494059562683,
    "best_cross_feature_alignment": 0.3706434369087219,
    "best_head": 6
  },
  "L3": {
    "best_single_feature_alignment": 0.6276699185371399,
    "best_cross_feature_alignment": 0.3663185238838196,
    "best_head": 21
  },
  "L6": {
    "best_single_feature_alignment": 0.5580030024051666,
    "best_cross_feature_alignment": 0.3469955325126648,
    "best_head": 25
  },
  "L9": {
    "best_single_feature_alignment": 0.4908056318759918,
    "best_cross_feature_alignment": 0.27451199293136597,
    "best_head": 12
  },
  "L12": {
    "best_single_feature_alignment": 0.4571913182735443,
    "best_cross_feature_alignment": 0.2934599220752716,
    "best_head": 21
  },
  "L15": {
    "best_single_feature_alignment": 0.4799911558628082,
    "best_cross_feature_alignment": 0.28522753715515137,
    "best_head": 6
  },
  "L18": {
    "best_single_feature_alignment": 0.4719953954219818,
    "best_cross_feature_alignment": 0.281492680311203,
    "best_head": 2
  },
  "L20": {
    "best_single_feature_alignment": 0.5377882421016693,
    "best_cross_feature_alignment": 0.2915298342704773,
    "best_head": 7
  },
  "L21": {
    "best_single_feature_alignment": 0.6130449056625367,
    "best_cross_feature_alignment": 0.31016743183135986,
    "best_head": 9
  },
  "L22": {
    "best_single_feature_alignment": 0.5447801053524017,
    "best_cross_feature_alignment": 0.29042497277259827,
    "best_head": 23
  },
  "L23": {
    "best_single_feature_alignment": 0.5079556494951248,
    "best_cross_feature_alignment": 0.2984957695007324,
    "best_head": 8
  },
  "L24": {
    "best_single_feature_alignment": 0.48113777935504914,
    "best_cross_feature_alignment": 0.29284700751304626,
    "best_head": 9
  },
  "L25": {
    "best_single_feature_alignment": 0.4832495987415314,
    "best_cross_feature_alignment": 0.3110295236110687,
    "best_head": 24
  },
  "L26": {
    "best_single_feature_alignment": 0.5296542286872864,
    "best_cross_feature_alignment": 0.3141803443431854,
    "best_head": 11
  },
  "L27": {
    "best_single_feature_alignment": 0.5112519830465316,
    "best_cross_feature_alignment": 0.3078807592391968,
    "best_head": 25
  }
}