{
  "sample_layers": [
    0,
    2,
    4,
    6,
    8,
    10,
    12,
    14,
    16,
    18,
    20,
    22,
    24,
    26,
    27
  ],
  "n_pairs": 150,
  "0": {
    "pol_norm": 9.569877624511719,
    "tense_norm": 36.766517639160156,
    "cross_cos": -0.016047123819589615,
    "cumulative_rotation": 0.0,
    "adjacent_rotation": 0.0
  },
  "2": {
    "pol_norm": 16.64238929748535,
    "tense_norm": 75.61424255371094,
    "cross_cos": -0.029062945395708084,
    "cumulative_rotation": 39.11818101022887,
    "adjacent_rotation": 39.11818101022887
  },
  "4": {
    "pol_norm": 25.998905181884766,
    "tense_norm": 89.57084655761719,
    "cross_cos": -0.030056072399020195,
    "cumulative_rotation": 50.76537150998926,
    "adjacent_rotation": 36.242313974171246
  },
  "6": {
    "pol_norm": 36.86164855957031,
    "tense_norm": 100.15751647949219,
    "cross_cos": -0.0034175682812929153,
    "cumulative_rotation": 60.740410276375854,
    "adjacent_rotation": 35.070343533872496
  },
  "8": {
    "pol_norm": 43.3597412109375,
    "tense_norm": 118.73674011230469,
    "cross_cos": 0.020194385200738907,
    "cumulative_rotation": 64.59276527915357,
    "adjacent_rotation": 28.536927017823647
  },
  "10": {
    "pol_norm": 45.34873962402344,
    "tense_norm": 119.87474060058594,
    "cross_cos": 0.025925826281309128,
    "cumulative_rotation": 66.71073937147642,
    "adjacent_rotation": 23.78664210327024
  },
  "12": {
    "pol_norm": 50.54806137084961,
    "tense_norm": 129.63694763183594,
    "cross_cos": 0.018874332308769226,
    "cumulative_rotation": 68.83243781331466,
    "adjacent_rotation": 20.37824252338779
  },
  "14": {
    "pol_norm": 57.70539855957031,
    "tense_norm": 137.31320190429688,
    "cross_cos": -0.009529128670692444,
    "cumulative_rotation": 69.16752042620475,
    "adjacent_rotation": 19.33029756552721
  },
  "16": {
    "pol_norm": 68.46770477294922,
    "tense_norm": 149.4960479736328,
    "cross_cos": -0.02129565179347992,
    "cumulative_rotation": 70.20044556180176,
    "adjacent_rotation": 20.09533993740598
  },
  "18": {
    "pol_norm": 75.5482177734375,
    "tense_norm": 167.79339599609375,
    "cross_cos": -0.016257405281066895,
    "cumulative_rotation": 72.43519392115364,
    "adjacent_rotation": 22.76665765861745
  },
  "20": {
    "pol_norm": 92.88288879394531,
    "tense_norm": 209.0983123779297,
    "cross_cos": 0.01949479803442955,
    "cumulative_rotation": 73.53613713433005,
    "adjacent_rotation": 24.64285128858633
  },
  "22": {
    "pol_norm": 120.0684585571289,
    "tense_norm": 268.6003723144531,
    "cross_cos": -0.0363752581179142,
    "cumulative_rotation": 75.6377428087709,
    "adjacent_rotation": 28.332929386547804
  },
  "24": {
    "pol_norm": 135.6983184814453,
    "tense_norm": 317.8622131347656,
    "cross_cos": -0.00507315993309021,
    "cumulative_rotation": 77.17309261208284,
    "adjacent_rotation": 23.174466136985355
  },
  "26": {
    "pol_norm": 159.60165405273438,
    "tense_norm": 363.3614807128906,
    "cross_cos": 0.01035066694021225,
    "cumulative_rotation": 78.97326597514235,
    "adjacent_rotation": 26.455796592276485
  },
  "27": {
    "pol_norm": 408.74749755859375,
    "tense_norm": 876.15087890625,
    "cross_cos": 0.6924059391021729,
    "cumulative_rotation": 87.85359513809884,
    "adjacent_rotation": 71.19311366902251
  }
}