{
  "key_layers": [
    0,
    14,
    27
  ],
  "n_permutations": 500,
  "0": {
    "real_cos": -0.016047123819589615,
    "perm_mean": -0.001592883924022317,
    "perm_std": 0.0405225738179025,
    "perm_p95": 0.0790354773402214,
    "perm_p99": 0.10546111486852168,
    "p_two_sided": 0.672,
    "p_one_sided": 0.346,
    "z_score": -0.356695997656041
  },
  "14": {
    "real_cos": -0.009529128670692444,
    "perm_mean": 0.0009114024778828025,
    "perm_std": 0.038304194338473437,
    "perm_p95": 0.07327305376529691,
    "perm_p99": 0.0936760128289461,
    "p_two_sided": 0.78,
    "p_one_sided": 0.378,
    "z_score": -0.2725688747377878
  },
  "27": {
    "real_cos": 0.6924059391021729,
    "perm_mean": -1.1195050552487373e-05,
    "perm_std": 0.425051511444358,
    "perm_p95": 0.7657614409923553,
    "perm_p99": 0.8231669819355011,
    "p_two_sided": 0.088,
    "p_one_sided": 0.042,
    "z_score": 1.629019343561062
  }
}