{
  "prev_layer": 26,
  "last_layer": 27,
  "rotation_angle": 68.02899650050543,
  "prev_norm": 152.66397094726562,
  "last_norm": 358.62835693359375,
  "delta_norm": 333.09588623046875,
  "tang_mag": 18.487743377685547,
  "norm_mag": 332.5824279785156,
  "W_o_shape": [
    6422528,
    1
  ],
  "use_weight_proj": false,
  "attn_cos": 0.9273735284805298,
  "attn_proj_norm": 332.5824279785156,
  "mlp_cos": -0.3741373121738434,
  "mlp_proj_norm": 18.487743377685547,
  "attn_frac": 0.9473389387130737,
  "mlp_frac": 0.05266110599040985
}