{
  "model_id": "deepseek-ai/DeepSeek-R1-Distill-Qwen-7B",
  "probe_json": "tempdata/deepseek7b_multidim_encoding_probe_seed101_n30_smoke/multidim_encoding_probe.json",
  "top_n": 128,
  "ablate_all_positions": true,
  "baseline_pair_delta_l2": {
    "style": [
      634.9645385742188,
      925.1204223632812,
      703.6240844726562,
      696.3572387695312,
      687.7081298828125,
      727.608154296875,
      687.5482788085938,
      645.5509643554688,
      653.7793579101562,
      905.5209350585938
    ],
    "logic": [
      599.140869140625,
      587.0189208984375,
      605.5751342773438,
      617.986328125,
      604.7685546875,
      602.1188354492188,
      579.4111938476562,
      546.502197265625,
      605.7307739257812,
      577.9566040039062
    ],
    "syntax": [
      242.8723602294922,
      598.4022216796875,
      279.63226318359375,
      269.4122314453125,
      922.1404418945312,
      865.8849487304688,
      595.7857055664062,
      872.1389770507812,
      881.3878173828125,
      872.8447265625
    ]
  },
  "suppression_matrix_raw": {
    "style": {
      "style": [
        0.04813808826637883,
        -0.012223585493152318,
        0.004680792114833074,
        0.032380770571464906,
        0.004587300897011824,
        -0.0032173119129961817,
        -0.11070014525791025,
        -0.07755400617602436,
        0.034378684409058245,
        0.027327615056698024
      ],
      "logic": [
        -0.0026975474729644213,
        0.0023146862904485244,
        -0.001975761718480311,
        0.003229107737137692,
        0.0022506874885956825,
        0.0016243094986728487,
        -0.0030641289706715624,
        0.001074169757687495,
        0.00273571124915397,
        -0.003096974720571585
      ],
      "syntax": [
        0.003263138894719525,
        -0.18767343293532113,
        0.00022252561663823708,
        0.016418255343731945,
        -0.0006520897816167736,
        -0.0015790187104659384,
        0.01833680228550284,
        -0.05411821927514806,
        -0.017975496684430863,
        -0.009204242481200905
      ]
    },
    "logic": {
      "style": [
        0.0029348495505110467,
        -0.0071713900738613985,
        0.001586113745477711,
        -0.003066232031804039,
        0.001164153962623176,
        0.002460252935711139,
        -0.025599498472719112,
        0.003449466833107885,
        -0.009310255751727508,
        0.00198192848435787
      ],
      "logic": [
        0.040506405452794755,
        0.03950594101428218,
        0.04497284398517478,
        0.039411015489445624,
        0.025834715307864093,
        0.03452549716855809,
        0.047871958848309706,
        0.05194579072430179,
        0.04468670967292078,
        0.04556627083416717
      ],
      "syntax": [
        -0.001009431306368213,
        0.07373252054064056,
        -0.0022333321328518313,
        0.02383570643739876,
        -0.0011229552613591333,
        0.002952703663350194,
        0.00106276250843505,
        -0.037924925424055005,
        0.009222225192231545,
        0.004028547437717682
      ]
    },
    "syntax": {
      "style": [
        0.0,
        0.0,
        0.0,
        0.0,
        0.0,
        0.0,
        0.0,
        0.0,
        0.0,
        0.0
      ],
      "logic": [
        0.0,
        0.0,
        0.0,
        0.0,
        0.0,
        0.0,
        0.0,
        0.0,
        0.0,
        0.0
      ],
      "syntax": [
        0.0,
        0.0,
        0.0,
        0.0,
        0.0,
        0.0,
        0.0,
        0.0,
        0.0,
        0.0
      ]
    }
  },
  "suppression_matrix_mean": {
    "style": {
      "style": -0.0052201797524638206,
      "logic": 0.00023942591390083324,
      "syntax": -0.02329617777275911
    },
    "logic": {
      "style": -0.0031570610818323235,
      "logic": 0.0414827148497819,
      "syntax": 0.007254382165513959
    },
    "syntax": {
      "style": 0.0,
      "logic": 0.0,
      "syntax": 0.0
    }
  },
  "diagonal_advantage": {
    "style": 0.006308196176965318,
    "logic": 0.039434054307941085,
    "syntax": 0.0
  }
}