{
  "model": "GLM4-9B-Chat",
  "bottleneck_layer": 30,
  "global_pc_variance": [
    0.05724432319402695,
    0.03748036175966263,
    0.017347313463687897,
    0.014893930405378342,
    0.013198775239288807,
    0.012745527550578117,
    0.011284141801297665,
    0.011124648153781891,
    0.010523371398448944,
    0.00995123852044344
  ],
  "per_feature_pc1_variance": {
    "tense": 0.11987162381410599,
    "polarity": 0.1738051474094391,
    "number": 0.06587568670511246,
    "question": 0.13499899208545685,
    "info_structure": 0.0647139623761177,
    "formality": 0.09562932699918747,
    "semantic_valence": 0.13520683348178864,
    "semantic_topic": 0.053841546177864075,
    "voice": 0.08511260896921158
  },
  "projection_ratios": {
    "pc1_mean": 0.15287844836711884,
    "pc2_5_mean": 0.36269885862910495,
    "random_mean": 0.01310875317759494
  },
  "pc1_alignment": {
    "syn_syn": 0.07456818968057632,
    "sem_sem": 0.48678287863731384,
    "syn_sem": 0.17810142040252686
  },
  "hook_intervention": {
    "pc1_ablation_effect": 46.901329040527344,
    "pc2_5_ablation_effect": 35.214744567871094,
    "causal_ratio": 5.327464914604975,
    "p_value": 1.6836043046655566e-70
  }
}