{
  "per_layer_analysis": {
    "L0_L1": {
      "dim_90": 8,
      "sc_recon_rate": 0.9992799028987065,
      "avg_speed": 68.21997833251953,
      "avg_cos": 0.9982004899245042
    },
    "L1_L2": {
      "dim_90": 8,
      "sc_recon_rate": 0.9981815307401121,
      "avg_speed": 42.17951965332031,
      "avg_cos": 0.9953895272352756
    },
    "L2_L3": {
      "dim_90": 8,
      "sc_recon_rate": 0.9969649370759726,
      "avg_speed": 38.37751007080078,
      "avg_cos": 0.9927740058837793
    },
    "L3_L4": {
      "dim_90": 9,
      "sc_recon_rate": 0.996610410278663,
      "avg_speed": 30.497987747192383,
      "avg_cos": 0.991886786925487
    },
    "L4_L5": {
      "dim_90": 8,
      "sc_recon_rate": 0.9971434632316232,
      "avg_speed": 32.476959228515625,
      "avg_cos": 0.9927186415745661
    },
    "L5_L6": {
      "dim_90": 8,
      "sc_recon_rate": 0.9894971176981926,
      "avg_speed": 22.438669204711914,
      "avg_cos": 0.9703556490250123
    },
    "L6_L7": {
      "dim_90": 8,
      "sc_recon_rate": 0.929254062473774,
      "avg_speed": 8.856512069702148,
      "avg_cos": 0.7924877244692582
    },
    "L7_L8": {
      "dim_90": 8,
      "sc_recon_rate": 0.9860528623685241,
      "avg_speed": 25.490947723388672,
      "avg_cos": 0.9590847369952079
    },
    "L8_L9": {
      "dim_90": 9,
      "sc_recon_rate": 0.874945878982544,
      "avg_speed": 12.666637420654297,
      "avg_cos": 0.6884178851659482
    },
    "L9_L10": {
      "dim_90": 9,
      "sc_recon_rate": 0.8496918380260468,
      "avg_speed": 12.632018089294434,
      "avg_cos": 0.6413558755929654
    },
    "L10_L11": {
      "dim_90": 9,
      "sc_recon_rate": 0.8304353207349777,
      "avg_speed": 11.533462524414062,
      "avg_cos": 0.6062966355910668
    }
  },
  "decomposition": {}
}