{
  "model": "deepseek7b",
  "spectral_slope": -0.734294039324863,
  "logit_reconstruction_cos": 0.9559077620506287,
  "full_entropy": 0.9288166165351868,
  "var_ratio": 2.5321340560913086
}