{
  "model": "deepseek7b",
  "alpha": 0.04745466634631157,
  "beta": 0.17875373363494873,
  "spectral_slope": -0.5726646801159172,
  "ratio_50": 0.08528516441583633,
  "func_energy_ratio": 0.45646873116493225,
  "cos_k5": 0.9263734817504883,
  "cos_k10": 0.9353685975074768,
  "cos_k50": 0.9521162509918213,
  "corr_r10_prob": 0.6545454545454547,
  "corr_r50_prob": 0.6363636363636364
}