{
  "model": "deepseek7b",
  "func_func_degree_mean": 0.37346571683883667,
  "content_func_degree_mean": 0.49691376090049744,
  "t_stat": -4.083123683929443,
  "p_val": 0.0001507525594206527,
  "bic_single": -165.14680213539444,
  "bic_dual": -172.29987563309356,
  "dual_better": true
}