{
  "model": "glm4",
  "spectral_slope": -0.4316717324870296,
  "logit_reconstruction_cos": 0.929341733455658,
  "full_entropy": 0.9314848184585571,
  "var_ratio": 0.6491475701332092
}