{
  "model": "glm4",
  "alpha": 0.28741946816444397,
  "beta": 0.6179195642471313,
  "spectral_slope": -0.39401593616219377,
  "ratio_50": 0.03410564363002777,
  "func_energy_ratio": 0.19236010313034058,
  "cos_k5": 0.9105353951454163,
  "cos_k10": 0.9136306643486023,
  "cos_k50": 0.9219822287559509,
  "corr_r10_prob": -0.5,
  "corr_r50_prob": -0.2967032967032967
}