{
  "model": "glm4",
  "func_func_degree_mean": 0.4183611273765564,
  "content_func_degree_mean": 0.275996595621109,
  "t_stat": 4.706310749053955,
  "p_val": 1.849658292485401e-05,
  "bic_single": -160.92622108070694,
  "bic_dual": -177.83803786453888,
  "dual_better": true
}