{
  "model": "qwen3",
  "spectral_slope": -0.5601786020685522,
  "logit_reconstruction_cos": 0.9408907294273376,
  "full_entropy": 0.39081132411956787,
  "var_ratio": 1.5130460262298584
}