{
  "model": "qwen3",
  "func_func_degree_mean": 0.24101699888706207,
  "content_func_degree_mean": 0.2293596714735031,
  "t_stat": 0.3788456320762634,
  "p_val": 0.7063158750534058,
  "bic_single": -178.10447425453506,
  "bic_dual": -171.59566725907013,
  "dual_better": false
}