{
  "model": "qwen3",
  "alpha": 0.0550973154604435,
  "beta": 0.19711722433567047,
  "spectral_slope": -0.6200621216602709,
  "ratio_50": 0.13914592564105988,
  "func_energy_ratio": 0.1696891188621521,
  "cos_k5": 0.8661863207817078,
  "cos_k10": 0.8973271250724792,
  "cos_k50": 0.9272030591964722,
  "corr_r10_prob": 0.3090909090909091,
  "corr_r50_prob": 0.5272727272727273
}