{
  "model": "Qwen3-4B",
  "n_features": 10,
  "mean_cos_10feat": 0.11242636293172836,
  "max_cos_10feat": 0.6171863079071045,
  "random_expected_cos": 0.01976423537605237,
  "syn_syn_mean_cos": 0.10013391077518463,
  "sem_sem_mean_cos": 0.05274643376469612,
  "syn_sem_mean_cos": 0.1376681625843048
}