{
  "key_layers": [
    0,
    7,
    14,
    21,
    27
  ],
  "feature_pairs": [
    "polarity",
    "tense",
    "semantic"
  ],
  "subspace_overlap": {
    "('polarity', 'tense', 0)": {
      "jaccard_top50": 0.010101010101010102,
      "expected_jaccard_top50": 0.0001946274115114796,
      "jaccard_top100": 0.02564102564102564,
      "expected_jaccard_top100": 0.0007785096460459184,
      "jaccard_top200": 0.04712041884816754,
      "expected_jaccard_top200": 0.0031140385841836736,
      "cos_diff": 0.04197312146425247,
      "cos_probe": 0.031126289335784076,
      "min_angle_deg": 0.0,
      "mean_angle_deg": 0.0,
      "max_angle_deg": 0.0
    },
    "('polarity', 'semantic', 0)": {
      "jaccard_top50": 0.02040816326530612,
      "expected_jaccard_top50": 0.0001946274115114796,
      "jaccard_top100": 0.02564102564102564,
      "expected_jaccard_top100": 0.0007785096460459184,
      "jaccard_top200": 0.03896103896103896,
      "expected_jaccard_top200": 0.0031140385841836736,
      "cos_diff": -0.0007560225203633308,
      "cos_probe": 0.015248163658590063,
      "min_angle_deg": 0.0,
      "mean_angle_deg": 0.0,
      "max_angle_deg": 0.0
    },
    "('tense', 'semantic', 0)": {
      "jaccard_top50": 0.0,
      "expected_jaccard_top50": 0.0001946274115114796,
      "jaccard_top100": 0.005025125628140704,
      "expected_jaccard_top100": 0.0007785096460459184,
      "jaccard_top200": 0.028277634961439587,
      "expected_jaccard_top200": 0.0031140385841836736,
      "cos_diff": -0.06291061639785767,
      "cos_probe": -0.03178726409136053,
      "min_angle_deg": 0.0,
      "mean_angle_deg": 0.0,
      "max_angle_deg": 0.0
    },
    "('polarity', 'tense', 7)": {
      "jaccard_top50": 0.030927835051546393,
      "expected_jaccard_top50": 0.0001946274115114796,
      "jaccard_top100": 0.030927835051546393,
      "expected_jaccard_top100": 0.0007785096460459184,
      "jaccard_top200": 0.04712041884816754,
      "expected_jaccard_top200": 0.0031140385841836736,
      "cos_diff": 0.04166865348815918,
      "cos_probe": 0.04114577960133258,
      "min_angle_deg": 0.0,
      "mean_angle_deg": 0.0,
      "max_angle_deg": 0.0
    },
    "('polarity', 'semantic', 7)": {
      "jaccard_top50": 0.010101010101010102,
      "expected_jaccard_top50": 0.0001946274115114796,
      "jaccard_top100": 0.010101010101010102,
      "expected_jaccard_top100": 0.0007785096460459184,
      "jaccard_top200": 0.023017902813299233,
      "expected_jaccard_top200": 0.0031140385841836736,
      "cos_diff": 0.025717953220009804,
      "cos_probe": 0.00693847315869259,
      "min_angle_deg": 0.0,
      "mean_angle_deg": 0.0,
      "max_angle_deg": 0.0
    },
    "('tense', 'semantic', 7)": {
      "jaccard_top50": 0.0,
      "expected_jaccard_top50": 0.0001946274115114796,
      "jaccard_top100": 0.0,
      "expected_jaccard_top100": 0.0007785096460459184,
      "jaccard_top200": 0.02040816326530612,
      "expected_jaccard_top200": 0.0031140385841836736,
      "cos_diff": 0.039487045258283615,
      "cos_probe": 0.043726591872280514,
      "min_angle_deg": 0.0,
      "mean_angle_deg": 0.0,
      "max_angle_deg": 0.0
    },
    "('polarity', 'tense', 14)": {
      "jaccard_top50": 0.02040816326530612,
      "expected_jaccard_top50": 0.0001946274115114796,
      "jaccard_top100": 0.02564102564102564,
      "expected_jaccard_top100": 0.0007785096460459184,
      "jaccard_top200": 0.049868766404199474,
      "expected_jaccard_top200": 0.0031140385841836736,
      "cos_diff": 0.01662241667509079,
      "cos_probe": 0.015311053609651199,
      "min_angle_deg": 0.0,
      "mean_angle_deg": 0.0,
      "max_angle_deg": 0.0
    },
    "('polarity', 'semantic', 14)": {
      "jaccard_top50": 0.02040816326530612,
      "expected_jaccard_top50": 0.0001946274115114796,
      "jaccard_top100": 0.015228426395939087,
      "expected_jaccard_top100": 0.0007785096460459184,
      "jaccard_top200": 0.017811704834605598,
      "expected_jaccard_top200": 0.0031140385841836736,
      "cos_diff": 0.07821207493543625,
      "cos_probe": 0.04526359829538287,
      "min_angle_deg": 0.0,
      "mean_angle_deg": 6.830189170012751e-07,
      "max_angle_deg": 8.537736462515939e-07
    },
    "('tense', 'semantic', 14)": {
      "jaccard_top50": 0.0,
      "expected_jaccard_top50": 0.0001946274115114796,
      "jaccard_top100": 0.005025125628140704,
      "expected_jaccard_top100": 0.0007785096460459184,
      "jaccard_top200": 0.023017902813299233,
      "expected_jaccard_top200": 0.0031140385841836736,
      "cos_diff": -0.07766865193843842,
      "cos_probe": -0.025448313924338346,
      "min_angle_deg": 0.0,
      "mean_angle_deg": 0.0,
      "max_angle_deg": 0.0
    },
    "('polarity', 'tense', 21)": {
      "jaccard_top50": 0.030927835051546393,
      "expected_jaccard_top50": 0.0001946274115114796,
      "jaccard_top100": 0.041666666666666664,
      "expected_jaccard_top100": 0.0007785096460459184,
      "jaccard_top200": 0.044386422976501305,
      "expected_jaccard_top200": 0.0031140385841836736,
      "cos_diff": 0.04764082282781601,
      "cos_probe": 0.02618358821644202,
      "min_angle_deg": 0.0,
      "mean_angle_deg": 0.0,
      "max_angle_deg": 0.0
    },
    "('polarity', 'semantic', 21)": {
      "jaccard_top50": 0.010101010101010102,
      "expected_jaccard_top50": 0.0001946274115114796,
      "jaccard_top100": 0.010101010101010102,
      "expected_jaccard_top100": 0.0007785096460459184,
      "jaccard_top200": 0.02564102564102564,
      "expected_jaccard_top200": 0.0031140385841836736,
      "cos_diff": 0.07775644958019257,
      "cos_probe": 0.03899790781081181,
      "min_angle_deg": 0.0,
      "mean_angle_deg": 0.0,
      "max_angle_deg": 0.0
    },
    "('tense', 'semantic', 21)": {
      "jaccard_top50": 0.0,
      "expected_jaccard_top50": 0.0001946274115114796,
      "jaccard_top100": 0.010101010101010102,
      "expected_jaccard_top100": 0.0007785096460459184,
      "jaccard_top200": 0.02040816326530612,
      "expected_jaccard_top200": 0.0031140385841836736,
      "cos_diff": -0.07150857150554657,
      "cos_probe": -0.036546748012412006,
      "min_angle_deg": 0.0,
      "mean_angle_deg": 0.0,
      "max_angle_deg": 0.0
    },
    "('polarity', 'tense', 27)": {
      "jaccard_top50": 0.030927835051546393,
      "expected_jaccard_top50": 0.0001946274115114796,
      "jaccard_top100": 0.03626943005181347,
      "expected_jaccard_top100": 0.0007785096460459184,
      "jaccard_top200": 0.03626943005181347,
      "expected_jaccard_top200": 0.0031140385841836736,
      "cos_diff": 0.5248898863792419,
      "cos_probe": -0.025792561010506296,
      "min_angle_deg": 0.0,
      "mean_angle_deg": 0.0,
      "max_angle_deg": 0.0
    },
    "('polarity', 'semantic', 27)": {
      "jaccard_top50": 0.0,
      "expected_jaccard_top50": 0.0001946274115114796,
      "jaccard_top100": 0.015228426395939087,
      "expected_jaccard_top100": 0.0007785096460459184,
      "jaccard_top200": 0.030927835051546393,
      "expected_jaccard_top200": 0.0031140385841836736,
      "cos_diff": -0.38473254442214966,
      "cos_probe": 0.05113912588078928,
      "min_angle_deg": 0.0,
      "mean_angle_deg": 0.0,
      "max_angle_deg": 0.0
    },
    "('tense', 'semantic', 27)": {
      "jaccard_top50": 0.010101010101010102,
      "expected_jaccard_top50": 0.0001946274115114796,
      "jaccard_top100": 0.005025125628140704,
      "expected_jaccard_top100": 0.0007785096460459184,
      "jaccard_top200": 0.028277634961439587,
      "expected_jaccard_top200": 0.0031140385841836736,
      "cos_diff": -0.3615604043006897,
      "cos_probe": -0.040443416108602505,
      "min_angle_deg": 0.0,
      "mean_angle_deg": 0.0,
      "max_angle_deg": 0.0
    }
  },
  "subspace_dim": {
    "('polarity', 0)": {
      "dim_50": 837,
      "dim_90": 2291,
      "dim_95": 2661,
      "accuracy": 1.0
    },
    "('tense', 0)": {
      "dim_50": 815,
      "dim_90": 2289,
      "dim_95": 2661,
      "accuracy": 1.0
    },