{
  "r_gap_Lm1": -0.40446677803993225,
  "r_gap_attn": 0.4696487784385681,
  "r_gap_mlp": -0.20905573666095734,
  "r_gap_L": 0.9943111538887024,
  "r_delta_attn": 0.4518679082393646,
  "r_delta_mlp": -0.33224648237228394,
  "r_delta_final_ln": 0.21273429691791534,
  "sign_attn": 0.975,
  "sign_mlp": 0.125,
  "sign_final_ln": 0.975,
  "var_frac_attn": 1.86232590675354,
  "var_frac_mlp": 1.4595794677734375,
  "var_frac_final_ln": 0.8155884146690369,
  "r_exact_model": 0.9944372177124023,
  "r_simple_model": 0.40446674823760986,
  "decomposition_error": 2.19345088225964e-06,
  "mean_delta_attn": -20.91649055480957,
  "mean_delta_mlp": 31.7135009765625,
  "mean_delta_final_ln": -23.66884422302246,
  "model": "deepseek7b",
  "experiment": "p650",
  "n_texts": 40,
  "d_model": 3584,
  "n_layers": 28
}