{
  "r_gap_Lm1": -0.2174866795539856,
  "r_gap_attn": -0.2071833312511444,
  "r_gap_mlp": -0.17997576296329498,
  "r_gap_L": 0.9996849298477173,
  "r_delta_attn": 0.28863096237182617,
  "r_delta_mlp": 0.24360930919647217,
  "r_delta_final_ln": 0.32169944047927856,
  "sign_attn": 0.975,
  "sign_mlp": 0.95,
  "sign_final_ln": 1.0,
  "var_frac_attn": 0.007081354968249798,
  "var_frac_mlp": 0.10524997860193253,
  "var_frac_final_ln": 0.3945982754230499,
  "r_exact_model": 0.9997162222862244,
  "r_simple_model": 0.21748663485050201,
  "decomposition_error": 1.4305115314527939e-07,
  "mean_delta_attn": 0.6064893007278442,
  "mean_delta_mlp": 1.6342182159423828,
  "mean_delta_final_ln": 3.9377434253692627,
  "model": "glm4",
  "experiment": "p650",
  "n_texts": 40,
  "d_model": 4096,
  "n_layers": 40
}