{
  "r_gap_Lm1": -0.07414470613002777,
  "r_gap_attn": -0.06100430712103844,
  "r_gap_mlp": 0.013908477500081062,
  "r_gap_L": 0.9952261447906494,
  "r_delta_attn": 0.16306060552597046,
  "r_delta_mlp": 0.12140911817550659,
  "r_delta_final_ln": 0.029564183205366135,
  "sign_attn": 0.55,
  "sign_mlp": 0.975,
  "sign_final_ln": 0.925,
  "var_frac_attn": 0.006944990251213312,
  "var_frac_mlp": 0.30243316292762756,
  "var_frac_final_ln": 0.20684270560741425,
  "r_exact_model": 0.9954608082771301,
  "r_simple_model": 0.07414478063583374,
  "decomposition_error": 6.705522537231445e-07,
  "mean_delta_attn": 1.1523988246917725,
  "mean_delta_mlp": -4.412449836730957,
  "mean_delta_final_ln": -5.191117763519287,
  "model": "qwen3",
  "experiment": "p650",
  "n_texts": 40,
  "d_model": 2560,
  "n_layers": 36
}