{
  "stage_results": {
    "h_L_minus_1": {
      "best_k": 30,
      "r_loo": 0.4851450026035309
    },
    "h_attn_out": {
      "best_k": 30,
      "r_loo": 0.4236313998699188
    },
    "h_mlp_out": {
      "best_k": 13,
      "r_loo": 0.20940525829792023
    },
    "h_L": {
      "best_k": 11,
      "r_loo": 0.4094771444797516
    }
  },
  "r_Lm1": 0.4851450026035309,
  "r_attn": 0.4236313998699188,
  "r_mlp": 0.20940525829792023,
  "r_L": 0.4094771444797516,
  "model": "deepseek7b",
  "experiment": "p651",
  "n_texts": 40,
  "d_model": 3584,
  "n_layers": 28
}