{
  "stage_results": {
    "h_L_minus_1": {
      "best_k": 15,
      "r_loo": 0.2783908545970917
    },
    "h_attn_out": {
      "best_k": 15,
      "r_loo": 0.30417612195014954
    },
    "h_mlp_out": {
      "best_k": 18,
      "r_loo": 0.31043320894241333
    },
    "h_L": {
      "best_k": 10,
      "r_loo": 0.35332077741622925
    }
  },
  "r_Lm1": 0.2783908545970917,
  "r_attn": 0.30417612195014954,
  "r_mlp": 0.31043320894241333,
  "r_L": 0.35332077741622925,
  "model": "glm4",
  "experiment": "p651",
  "n_texts": 40,
  "d_model": 4096,
  "n_layers": 40
}