{
  "stage_results": {
    "h_L_minus_1": {
      "best_k": 28,
      "r_loo": 0.3271651268005371
    },
    "h_attn_out": {
      "best_k": 29,
      "r_loo": 0.23346298933029175
    },
    "h_mlp_out": {
      "best_k": 29,
      "r_loo": 0.36757397651672363
    },
    "h_L": {
      "best_k": 26,
      "r_loo": 0.254987508058548
    }
  },
  "r_Lm1": 0.3271651268005371,
  "r_attn": 0.23346298933029175,
  "r_mlp": 0.36757397651672363,
  "r_L": 0.254987508058548,
  "model": "qwen3",
  "experiment": "p651",
  "n_texts": 40,
  "d_model": 2560,
  "n_layers": 36
}