{
  "dominant_component": "LN",
  "dominant_counts": {
    "Attn": 0,
    "MLP": 0,
    "LN": 20
  },
  "abs_attn": 0.9271379709243774,
  "abs_mlp": 3.204003095626831,
  "abs_ln": 6.915605068206787,
  "sign_attn": 0.975,
  "sign_mlp": 0.95,
  "sign_ln": 1.0,
  "sign_attn_ci": [
    0.925,
    1.0
  ],
  "sign_mlp_ci": [
    0.85,
    1.0
  ],
  "sign_ln_ci": [
    1.0,
    1.0
  ],
  "r_Lm1_vs_gap": -0.21748106181621552,
  "reconstruction_error": 1.668930025289228e-07,
  "model": "glm4",
  "experiment": "p652",
  "n_texts": 40,
  "d_model": 4096,
  "n_layers": 40
}