{
  "dominant_component": "MLP",
  "dominant_counts": {
    "Attn": 0,
    "MLP": 20,
    "LN": 0
  },
  "abs_attn": 2.0859732627868652,
  "abs_mlp": 15.167577743530273,
  "abs_ln": 12.596047401428223,
  "sign_attn": 0.55,
  "sign_mlp": 0.975,
  "sign_ln": 0.925,
  "sign_attn_ci": [
    0.386875,
    0.6881249999999998
  ],
  "sign_mlp_ci": [
    0.925,
    1.0
  ],
  "sign_ln_ci": [
    0.825,
    0.975
  ],
  "r_Lm1_vs_gap": -0.07414470613002777,
  "reconstruction_error": 6.705522537231445e-07,
  "model": "qwen3",
  "experiment": "p652",
  "n_texts": 40,
  "d_model": 2560,
  "n_layers": 36
}