{
  "dominant_component": "Attn",
  "dominant_counts": {
    "Attn": 19,
    "MLP": 1,
    "LN": 0
  },
  "abs_attn": 119.84260559082031,
  "abs_mlp": 103.3414535522461,
  "abs_ln": 77.1207504272461,
  "sign_attn": 0.975,
  "sign_mlp": 0.125,
  "sign_ln": 0.975,
  "sign_attn_ci": [
    0.925,
    1.0
  ],
  "sign_mlp_ci": [
    0.036875000000000005,
    0.23812499999999978
  ],
  "sign_ln_ci": [
    0.925,
    1.0
  ],
  "r_Lm1_vs_gap": -0.40446677803993225,
  "reconstruction_error": 2.19345088225964e-06,
  "model": "deepseek7b",
  "experiment": "p652",
  "n_texts": 40,
  "d_model": 3584,
  "n_layers": 28
}