{
  "model": "deepseek7b",
  "n_texts": 210,
  "baseline": {
    "ratio50_to_gap_r": NaN,
    "alpha_to_gap_r": 0.060396614368718675
  },
  "new_path": {
    "exact_r": 0.07494441075399232,
    "approx_v1_r": 0.2170520336075218,
    "approx_v2_r": 0.20577998579817863,
    "sqrt_energy_r": 0.20193797846920952,
    "mean_delta_r": 0.22383806813764365,
    "median_delta_r": 0.20685160133310526
  },
  "spectral_mechanics": {
    "alpha_c_corrs": {
      "0": {
        "r": 0.14520325708924858,
        "p": 0.03548387714319935
      },
      "1": {
        "r": 0.20795820310677798,
        "p": 0.0024553066585108123
      },
      "2": {
        "r": 0.2509640652454479,
        "p": 0.00023870565725099007
      },
      "5": {
        "r": 0.11770666500805978,
        "p": 0.08885470979058017
      },
      "10": {
        "r": 0.27052914742423534,
        "p": 7.149807908614022e-05
      },
      "20": {
        "r": 0.29225560168555925,
        "p": 1.6754792039630614e-05
      }
    },
    "energy_to_contrib_mean_r": 0.6881140862371912,
    "energy_to_contrib_per_dir": [
      0.8335341802594682,
      0.7746186499976675,
      0.8448062280688116,
      0.24857852207761244,
      0.18731113910010208,
      0.7539145713797017,
      0.526688021230168,
      0.3184784355190662,
      0.6679145091819438,
      0.6246274613466851,
      0.3500982206258131,
      0.36833123415900854,
      0.8605616975841355,
      0.8767240440982103,
      0.7299295610393244,
      0.6153055724007817,
      0.7262585975442252,
      0.8075458838042221,
      0.898897544743512,
      0.8503236874977322,
      0.6674998574634717,
      0.7072843940642606,
      0.49699766240093707,
      0.8878405975131263,
      0.44154836134824005,
      0.6836440629648634,
      0.8244170255995605,
      0.5596411707691271,
      0.7140147097697127,
      0.6767491823586426,
      0.8898464752012356,
      0.7936148818501759,
      0.32682589292656,
      0.8149163181000658,
      0.6264895067199494,
      0.5912933505413795,
      0.8166889541965345,
      0.8150031358036208,
      0.8472539689944177,
      0.8735960151969854,
      0.6453885545759408,
      0.6570026900530236,
      0.8799816516614576,
      0.7107285949008205,
      0.7782857261329061,
      0.8319170385574267,
      0.6315158630198047,
      0.6688707997076705,
      0.8933269580631619,
      0.789073149746285
    ]
  },
  "dir_gap_corrs": [
    -0.05220465135565196,
    -0.06559142292920339,
    0.2985686740992987,
    0.08876656663193959,
    0.007760466068531562,
    -0.030828059481789016,
    0.07331560697236864,
    -0.22251636578501344,
    0.31032145874474554,
    -0.08433238481752733,
    0.039042050867399564,
    -0.06892807347628452,
    0.041015533890003265,
    -0.24312326040646234,
    -0.26747109100050276,
    -0.1576337381370735,
    -0.2626585394929846,
    -0.23113593838275462,
    0.2655960877610362,
    -0.0564159578713854,
    -0.010661732311216848,
    -0.15558380370387648,
    0.06143065209165876,
    -0.08821456153172344,
    -0.2018770764980589,
    -0.07648380525882041,
    0.2882192263635562,
    -0.01527084531935957,
    0.1477417030782707,
    0.044273141453250606,
    -0.17838964821984832,
    -0.08529645006297522,
    -0.117242773398019,
    0.04828230525622884,
    0.18624341092503613,
    0.2664642647965874,
    0.019492518128054817,
    -0.11022608884949697,
    0.12360508570332704,
    0.12121176781577023,
    0.01910248635536689,
    -0.14996527291857795,
    -0.024692509835020447,
    -0.11341372393525213,
    0.13627528727589372,
    -0.008137539975017233,
    -0.2048211036992116,
    -0.29296180539358224,
    -0.01641502490501884,
    0.2334372554202754
  ],
  "sorted_dirs_by_pred": [
    8,
    2,
    47,
    26,
    14,
    35,
    18,
    16,
    13,
    49,
    17,
    7,
    46,
    24,
    34,
    30,
    15,
    21,
    41,
    28,
    44,
    38,
    39,
    32,
    43,
    37,
    3,
    23,
    31,
    9,
    25,
    6,
    11,
    1,
    22,
    19,
    0,
    33,
    29,
    12,
    10,
    5,
    42,
    36,
    40,
    48,
    27,
    20,
    45,
    4
  ],
  "delta_k_stats": {
    "Delta_k_mean": [
      0.06176460683345795,
      0.003459206720193227,
      0.052681528231395144,
      0.01486765369772911,
      -0.00149337062168689,
      0.00028944892720097587,
      -0.02051566048037438,
      -0.019827546108336674,
      0.02133711739664986,
      0.011947491782761756,
      -0.0006683714155639921,
      -0.01150193384715489,
      -0.0038395327227633623,
      -0.01740627265978782,
      -0.011130026149164354,
      -0.007232332801712411,
      -0.009281025505402968,
      0.01035200336814991,
      -0.018303786501997994,
      -0.0001479974537644358,
      -0.008481187302441824,
      -0.00707327105725805,
      -0.0202737519074054,
      -0.005039484776733887,
      0.008810655069759204,
      -0.004411407553457788,
      -0.010092224723969897,
      8.519180119037628e-05,
      0.014321888828029235,
      -0.0012262693306963359,
      0.009819750913551875,
      -0.0009794874848531826,
      -0.00183524875679896,
      0.001726525407727985,
      0.007383292744911852,
      -0.005861307520951544,
      -0.004037428505363918,
      -0.005749995811354546,
      -0.0013782859735545659,
      -0.0015764590951481035,
      -0.00717267653949204,
      0.005104125484025904,
      -0.00026480743794568947,
      -0.0008969905897087994,
      0.0069076368097393285,
      -0.0030789863140810105,
      0.004457543730469687,
      0.003007183097569006,
      0.0015580695787710804,
      0.0010543692114186429
    ],
    "Delta_k_sq_mean": [
      0.08877618846781427,
      0.006209909533762293,
      0.010048883653486934,
      0.0029784675998529766,
      0.0007652775240871828,
      0.0005802402420927226,
      0.003941711266395063,
      0.0033821000447699957,
      0.00221188501410763,
      0.001375683540218578,
      0.0005753536537364998,
      0.0009214531249361197,
      0.0020534138912285324,
      0.0009060916085057377,
      0.00078393516196724,
      0.00023495758115871506,
      0.0003328478344751817,
      0.00036899906992175286,
      0.0015909435180033469,
      0.0005504682668479523,
      0.0007896495608223215,
      0.00023462826289571387,
      0.00279450794967522,
      0.00021324507310687028,
      0.0004977594623231798,
      0.0002871781918790669,
      0.0002937920386341652,
      0.0003148487232231792,
      0.001298320800435929,
      0.00032579193379369333,
      0.00045570518348976477,
      0.00022683156474676973,
      0.0001367939808023065,
      0.00045939926175510835,
      0.0005626942321527647,
      0.000439910287537599,
      0.000448421176194919,
      0.0002111130670074304,
      0.00021841032234367117,
      0.00023762616087608446,
      0.0006995019245767265,
      0.00020953421665499076,
      0.0004202777278631562,
      0.00017153633224995643,
      0.00022000261459975665,
      0.0004905093280704135,
      0.00014055712106953366,
      6.532364008683987e-05,
      0.0006236236418969252,
      5.942094834614362e-05
    ]
  }
}