{
  "model": "deepseek7b",
  "n_texts": 210,
  "n_layers": 28,
  "sample_layers": [
    0,
    1,
    2,
    3,
    4,
    5,
    6,
    7,
    8,
    9,
    10,
    11,
    12,
    13,
    14,
    15,
    16,
    17,
    18,
    19,
    20,
    21,
    22,
    23,
    24,
    25,
    26,
    27
  ],
  "layer_gap_stats": {
    "0": {
      "mean": 0.006617532577365637,
      "std": 0.007846124470233917
    },
    "1": {
      "mean": 0.17300084233283997,
      "std": 0.16018883883953094
    },
    "2": {
      "mean": 0.2286328822374344,
      "std": 0.18603584170341492
    },
    "3": {
      "mean": 0.2678898274898529,
      "std": 0.24976615607738495
    },
    "4": {
      "mean": 0.35561856627464294,
      "std": 0.34590038657188416
    },
    "5": {
      "mean": 0.41581976413726807,
      "std": 0.39839068055152893
    },
    "6": {
      "mean": 0.4172114431858063,
      "std": 0.3447543680667877
    },
    "7": {
      "mean": 0.47504040598869324,
      "std": 0.40121182799339294
    },
    "8": {
      "mean": 0.5639510154724121,
      "std": 0.5554674863815308
    },
    "9": {
      "mean": 0.7179194688796997,
      "std": 0.5637833476066589
    },
    "10": {
      "mean": 0.7211415767669678,
      "std": 0.6641073226928711
    },
    "11": {
      "mean": 0.7247421145439148,
      "std": 0.6551580429077148
    },
    "12": {
      "mean": 0.7495964169502258,
      "std": 0.6726356148719788
    },
    "13": {
      "mean": 0.9524780511856079,
      "std": 0.786808967590332
    },
    "14": {
      "mean": 1.0322901010513306,
      "std": 0.7966504693031311
    },
    "15": {
      "mean": 1.0296318531036377,
      "std": 0.8286547660827637
    },
    "16": {
      "mean": 1.3371176719665527,
      "std": 1.0376336574554443
    },
    "17": {
      "mean": 1.358512043952942,
      "std": 1.1227515935897827
    },
    "18": {
      "mean": 1.5136137008666992,
      "std": 1.1777145862579346
    },
    "19": {
      "mean": 2.1660146713256836,
      "std": 1.5060548782348633
    },
    "20": {
      "mean": 2.4264979362487793,
      "std": 1.662479281425476
    },
    "21": {
      "mean": 3.819547176361084,
      "std": 2.082348585128784
    },
    "22": {
      "mean": 3.9539122581481934,
      "std": 2.414560317993164
    },
    "23": {
      "mean": 5.083354949951172,
      "std": 2.762356996536255
    },
    "24": {
      "mean": 8.183502197265625,
      "std": 3.257359266281128
    },
    "25": {
      "mean": 11.447221755981445,
      "std": 3.651017904281616
    },
    "26": {
      "mean": 14.744159698486328,
      "std": 4.14567232131958
    },
    "27": {
      "mean": 21.422256469726562,
      "std": 4.562341690063477
    }
  },
  "propagation": {
    "prev_to_final_r": 0.9302465104466316,
    "mean_adjacent_r": 0.5210905232578564,
    "layer_to_final_r": {
      "0": 0.048493577507118316,
      "1": -0.045942114620101275,
      "2": -0.09151233848019778,
      "3": -0.02079478368138162,
      "4": 0.01259893330845423,
      "5": -0.025494601752940136,
      "6": -0.029880839462404045,
      "7": -0.037659446543618774,
      "8": 0.037208512799780234,
      "9": -0.06655160081479061,
      "10": 0.11465767909066878,
      "11": 0.06564325439401243,
      "12": -0.0695941077990805,
      "13": -0.0772003752598052,
      "14": 0.08954922175055588,
      "15": 0.10070208981294869,
      "16": 0.2562145926306023,
      "17": 0.350981947100807,
      "18": 0.3070897669139028,
      "19": 0.4088932427319329,
      "20": 0.4324610097805974,
      "21": 0.6058761331653992,
      "22": 0.6117382718353004,
      "23": 0.6941684418943364,
      "24": 0.7699538181648551,
      "25": 0.8359093571343419,
      "26": 0.9302465104466316
    }
  },
  "layer_causal": {
    "0": {
      "ratio50_gap": NaN,
      "var_gap": 0.05606967388635231
    },
    "1": {
      "ratio50_gap": NaN,
      "var_gap": -0.03496291458692914
    },
    "2": {
      "ratio50_gap": NaN,
      "var_gap": 0.07793379048685295
    },
    "3": {
      "ratio50_gap": NaN,
      "var_gap": -0.03481260333898296
    },
    "4": {
      "ratio50_gap": NaN,
      "var_gap": 0.10373290209554611
    },
    "5": {
      "ratio50_gap": NaN,
      "var_gap": 0.12532200297512608
    },
    "6": {
      "ratio50_gap": NaN,
      "var_gap": 0.06728372025521813
    },
    "7": {
      "ratio50_gap": NaN,
      "var_gap": 0.0471394214571898
    },
    "8": {
      "ratio50_gap": NaN,
      "var_gap": 0.05700683657020831
    },
    "9": {
      "ratio50_gap": NaN,
      "var_gap": -0.019298150135020963
    },
    "10": {
      "ratio50_gap": NaN,
      "var_gap": -0.009318001586042823
    },
    "11": {
      "ratio50_gap": NaN,
      "var_gap": 0.05205822746756646
    },
    "12": {
      "ratio50_gap": NaN,
      "var_gap": 0.1459211228768536
    },
    "13": {
      "ratio50_gap": NaN,
      "var_gap": 0.13557815407421225
    },
    "14": {
      "ratio50_gap": NaN,
      "var_gap": 0.1900102626300322
    },
    "15": {
      "ratio50_gap": NaN,
      "var_gap": 0.1624903990279091
    },
    "16": {
      "ratio50_gap": NaN,
      "var_gap": 0.10795846226410204
    },
    "17": {
      "ratio50_gap": NaN,
      "var_gap": 0.20548195487552673
    },
    "18": {
      "ratio50_gap": NaN,
      "var_gap": 0.13729895870587197
    },
    "19": {
      "ratio50_gap": NaN,
      "var_gap": 0.1453963292956622
    },
    "20": {
      "ratio50_gap": NaN,
      "var_gap": 0.24165772573898708
    },
    "21": {
      "ratio50_gap": NaN,
      "var_gap": 0.287126878242706
    },
    "22": {
      "ratio50_gap": NaN,
      "var_gap": 0.2535737794985824
    },
    "23": {
      "ratio50_gap": NaN,
      "var_gap": 0.2610077073388171
    },
    "24": {
      "ratio50_gap": NaN,
      "var_gap": 0.22773061114480156
    },
    "25": {
      "ratio50_gap": NaN,
      "var_gap": 0.18646758201033517
    },
    "26": {
      "ratio50_gap": NaN,
      "var_gap": 0.09895144946691338
    },
    "27": {
      "ratio50_gap": NaN,
      "var_gap": 0.31059486972161315
    }
  },
  "gap_growth": {
    "first_mean": 0.006617532577365637,
    "final_mean": 21.422256469726562,
    "growth_mean": 21.41564178466797,
    "growth_to_prob_r": -0.134221465482836
  }
}