{
  "model": "deepseek7b",
  "n_texts": 210,
  "reconstruction": {
    "K50_error_pct": 1018.5365661983652,
    "K50_error_median": 226.87206717480834,
    "full_error_pct": 1003.9930506352775,
    "full_error_median": 240.12515115680645,
    "K50_explained_pct": -918.5365661983652
  },
  "c_k_stats": {
    "cv_mean": 0.7052200223341858,
    "cv_per_dir": [
      0.8094184901625145,
      0.5613113833725304,
      0.45213244390455304,
      0.44906730096659864,
      0.42602233668344924,
      0.4274736333543885,
      0.5279309972069417,
      0.36691133127368597,
      0.6882486919094654,
      0.37878691998963926,
      0.41197456586402265,
      0.39328343950128075,
      0.8769835605697334,
      0.34984202834975625,
      0.488689327024657,
      0.36607237819930244,
      0.6153227273745996,
      0.46449489683421946,
      0.5137074661356562,
      0.951823890260646,
      0.5643017990303576,
      0.7702461051592858,
      0.5575632910377798,
      1.0578415571492368,
      0.49447292568886575,
      0.8183400033153996,
      0.5525600785465486,
      1.0231016124943044,
      0.38049481064123347,
      0.5006028435443187,
      1.2325249257505781,
      1.2748736827778135,
      0.580896992253121,
      0.4067942132115368,
      0.568519627217246,
      0.667039810047857,
      0.9285424688622028,
      0.6379154968576752,
      1.2798426608297246,
      1.1719697919390062,
      1.1434162820238392,
      1.2503854701961903,
      1.1770971012212676,
      0.5516633130443661,
      1.1612282537240695,
      0.4470614861490937,
      0.7755748821714942,
      0.9368847626035737,
      0.9279165747543475,
      0.9018304855293122
    ],
    "alpha_corr_per_dir": [
      0.14520325708924858,
      0.20795820310677798,
      0.2509640652454479,
      0.10727169535538243,
      0.16972472309039927,
      0.11770666500805978,
      0.3969564563864139,
      -0.05661810058414061,
      0.23970756687554745,
      -0.437276152861356,
      0.27052914742423534,
      0.11136378950205512,
      -0.08243794477875739,
      0.0996433995221139,
      0.15870276209875966,
      0.06348447388471645,
      0.2447818672803512,
      0.21045518392395288,
      0.16411267123820183,
      -0.11628777865891268,
      0.29225560168555925,
      -0.023487428278210567,
      0.26500132170235263,
      0.08516168825447176,
      0.31050675623143786,
      0.13130076244084735,
      0.18383195202479616,
      0.04352028942689949,
      0.18722820875640764,
      0.222766452602717,
      0.14297191252921998,
      -0.3716549268398874,
      0.27733721032690106,
      0.11813168301949382,
      0.23547811934713087,
      0.1416877879885763,
      -0.2407752950506134,
      -0.030627212555654034,
      -0.11342409022821394,
      -0.25981040050172854,
      0.04786247039127573,
      0.11980583933282539,
      0.11898690218884275,
      -0.426343601146512,
      -0.015187914975665125,
      0.24740583518630818,
      0.24815739142603907,
      0.3480145957404902,
      0.19830848014595742,
      0.2685180865896451
    ]
  },
  "Delta_k_stats": {
    "cv_mean": 1.2144701435674055,
    "cv_per_dir": [
      1.2008840373430485,
      1.3101058619831891,
      0.9027350447461215,
      1.6238549285907493,
      1.8200408145275098,
      1.1138864056712279,
      1.2596705811139213,
      1.431341562316801,
      1.1690218064746898,
      1.3270045536729234,
      1.5517863365511668,
      1.2612910428643274,
      1.08137873262431,
      0.8725753567587284,
      1.072706998412356,
      1.0239144547676007,
      0.9960745285183102,
      0.9500153719372977,
      0.9315385213796713,
      1.1587397866998321,
      1.0865601753435417,
      1.20681880731174,
      1.1151597243940417,
      1.0251346082172303,
      1.3956909772251695,
      1.1892529550293955,
      0.88917581260968,
      1.4537000072780946,
      0.9996480452493058,
      1.2554520681464718,
      0.9805231214495439,
      1.5065505053468196,
      1.6963938635279259,
      1.0743705923003242,
      1.1792647194268537,
      2.072984619978417,
      1.1914031436605599,
      1.234399046528575,
      1.1176974287309516,
      1.2828695525865332,
      1.1291957910612371,
      1.1491738317881803,
      1.142130400105459,
      1.3307038446755295,
      1.01732937508142,
      1.0515555524839224,
      1.1440238721511278,
      1.2862820104990218,
      1.067629807413053,
      1.3938661918163662
    ],
    "sign_consistency": [
      0.5047619047619047,
      0.5047619047619047,
      0.7761904761904762,
      0.5523809523809524,
      0.5142857142857142,
      0.5285714285714286,
      0.5,
      0.7952380952380953,
      0.8142857142857143,
      0.5142857142857142,
      0.5095238095238095,
      0.5190476190476191,
      0.5095238095238095,
      0.7523809523809524,
      0.7523809523809524,
      0.7380952380952381,
      0.8,
      0.7571428571428571,
      0.7142857142857143,
      0.5666666666666667,
      0.5619047619047619,
      0.7714285714285715,
      0.5523809523809524,
      0.7238095238095238,
      0.8095238095238095,
      0.5142857142857142,
      0.7714285714285715,
      0.5857142857142856,
      0.7238095238095238,
      0.5238095238095238,
      0.7428571428571429,
      0.7380952380952381,
      0.7380952380952381,
      0.5619047619047619,
      0.719047619047619,
      0.780952380952381,
      0.5333333333333333,
      0.7380952380952381,
      0.5238095238095238,
      0.6952380952380952,
      0.5285714285714286,
      0.7333333333333333,
      0.5,
      0.6904761904761905,
      0.7476190476190476,
      0.5666666666666667,
      0.780952380952381,
      0.7714285714285715,
      0.5571428571428572,
      0.719047619047619
    ]
  },
  "prediction": {
    "energy_method_r": 0.20577998579817863,
    "gap_energy_r": 0.2170520336075218,
    "exact_r": 0.07494441075399232,
    "c_k_rms_r": 0.2037183892853996,
    "contrib_rms_r": 0.2298414475491492,
    "pos_contrib_r": 0.26349561764965035,
    "neg_contrib_r": -0.1293052510456998,
    "net_contrib_r": 0.07494441075399232
  },
  "concentration": {
    "top1_mean": 0.2356667667162538,
    "top5_mean": 0.578550302787561,
    "top10_mean": 0.7524997241978364,
    "top1_to_prob_r": 0.06744569358274634,
    "top5_to_prob_r": 0.21696392011734644
  },
  "dir_gap_corrs": [
    -0.05220465135565196,
    -0.06559142292920339,
    0.2985686740992987,
    0.08876656663193959,
    0.007760466068531562,
    -0.030828059481789016,
    0.07330264910616638,
    -0.22251636578501344,
    0.31032145874474554,
    -0.08433238481752733,
    0.039042050867399564,
    -0.06892807347628452,
    0.0412241555358596,
    -0.24278894745844412,
    -0.26747109100050276,
    -0.1576337381370735,
    -0.2626585394929846,
    -0.23113593838275462,
    0.2655960877610362,
    -0.0564159578713854,
    -0.010661732311216848,
    -0.15516915198540426,
    0.06143065209165876,
    -0.08821456153172344,
    -0.20196000684175336,
    -0.07663670808000705,
    0.2882192263635562,
    -0.01527084531935957,
    0.1477417030782707,
    0.044273141453250606,
    -0.17831319680925503,
    -0.08529645006297522,
    -0.11722204081209539,
    0.04828230525622884,
    0.1861915794602271,
    0.26622843163170634,
    0.019492518128054817,
    -0.11005504501562718,
    0.12370226969984399,
    0.12121176781577023,
    0.01910248635536689,
    -0.14996527291857795,
    -0.024644565730072097,
    -0.11341372393525213,
    0.13633359767380385,
    -0.008137539975017233,
    -0.20476797644778238,
    -0.29275188796110563,
    -0.01641502490501884,
    0.2334372554202754
  ],
  "top10_pred_dirs": [
    8,
    2,
    47,
    26,
    14,
    35,
    18,
    16,
    13,
    49
  ]
}