{
  "model": "deepseek7b",
  "n_texts": 210,
  "equation_precision": {
    "K50_error_pct": 1018.5362372221284,
    "K50_error_median": 226.87143922216217
  },
  "delta_k_structure": {
    "wu_diff_norm_mean": 0.8260018229484558,
    "wu_diff_norm_std": 0.18963466584682465,
    "c_delta_corr": [
      0.15645468673411164,
      0.2680473961225778,
      0.1663226310226851,
      -0.08763335675797614,
      -0.035161763956728216,
      0.01669190821018626,
      -0.1736544841084569,
      0.08622508812446268,
      0.025548770635632167,
      -0.10971747793030986,
      -0.23848851513796526,
      0.1391817586875163,
      0.033918542528476474,
      -0.20990247337135864,
      -0.1382391110314485,
      -0.2030114170898834,
      -0.06415170172970695,
      -0.29273201716318126,
      0.3005026542824536,
      -0.06378604836845644,
      -0.1351414567765978,
      0.02431494213776117,
      0.0475597611357158,
      -0.1202717770602765,
      -0.04120208911514724,
      0.07867988133432824,
      0.24906092920509476,
      -0.08043300469753484,
      0.3030119085413103,
      -0.03489406544087693,
      -0.1714692859477359,
      0.17126398332655673,
      -0.12075014558609597,
      -0.18336006488616316,
      0.3255596379202938,
      0.004669628246428569,
      -0.06773175005196885,
      0.10802943415616988,
      -0.05651994579534992,
      -0.15770797201634276,
      -0.13473756077022567,
      -0.05230587467238759,
      -0.19834447253784934,
      0.03835804398057674,
      0.18299910799010302,
      -0.23130426524389094,
      -0.19073150246425377,
      0.04149930826933802,
      -0.21178173037110667,
      0.14010226586482954
    ]
  },
  "contribution_stats": {
    "pos_mean": 6.012026322631946,
    "neg_mean": -4.661852875067037,
    "net_mean": 1.3501734475649079,
    "skew": 8.137561018299815,
    "kurtosis": 357.2290907004432,
    "mean_per_dir": [
      -0.03955545837959982,
      0.126601279655395,
      1.3485926105502537,
      0.27609719742663585,
      -0.10986835512350039,
      0.016269853124293673,
      0.12585236380791562,
      -0.1847469959841643,
      0.09296823970190154,
      -0.07732420983295445,
      -0.015607776980511898,
      -0.0604192623481149,
      -0.006815449459754665,
      -0.27054280895835847,
      -0.06943007905136024,
      -0.07357784183807103,
      -0.047749795668272754,
      -0.11001191001078148,
      0.2275669696041312,
      -0.0002334513923317807,
      -0.05521355984820688,
      -0.015203511247017704,
      0.08320363844974292,
      -0.009788361135370379,
      -0.06786131732137765,
      -0.007999695992320718,
      0.09669197382789586,
      -0.005007840563942076,
      0.20396519904745444,
      0.006308011554700645,
      -0.0005231077051461327,
      0.015580274383620637,
      -0.016415715451358556,
      -0.024489911817700848,
      0.052867401381144936,
      0.0299365287070621,
      0.006572876201405665,
      -0.01388614162833532,
      -0.0005416918858863032,
      -0.005467465176714873,
      -0.0006854216413044381,
      -0.0012014594982948476,
      -0.010685423131573538,
      -0.002777403204063389,
      0.01073971323563628,
      -0.029785788720926527,
      -0.025287338666842924,
      -0.0037812154643556734,
      -0.010952525104322203,
      0.00379760713855499
    ],
    "reliability_per_dir": [
      0.011779826137265529,
      0.13901182289982478,
      0.7338769710414635,
      0.1771822593003967,
      0.268982055860444,
      0.04336704014904132,
      0.2593540320632685,
      0.246314388828098,
      0.33860926302744526,
      0.3380860611214202,
      0.10959915007216522,
      0.29881195366876484,
      0.04153756922826625,
      0.6949713013825967,
      0.4620412303776896,
      0.5507124871678497,
      0.6616519762596561,
      0.6498118672741775,
      0.579284865835073,
      0.002339791955989042,
      0.35368548196259786,
      0.46953597046258655,
      0.40948380132426,
      0.27896623454759945,
      0.30641671707456974,
      0.17505833352464217,
      0.7041508508589678,
      0.11804153694953519,
      0.5463064101417523,
      0.06602971040931435,
      0.016970136889271233,
      0.2528851715655233,
      0.23642229110941945,
      0.14393299197113166,
      0.4459614335490049,
      0.3722502678478195,
      0.06619464835637236,
      0.27321294438035715,
      0.03475924577594997,
      0.13749675162393035,
      0.017983714172371223,
      0.0341540047355335,
      0.2042243651539411,
      0.0693496386276293,
      0.3650588934971618,
      0.21236735908360796,
      0.5352889178116865,
      0.3309707292476688,
      0.209825544860547,
      0.2669180130474481
    ]
  },
  "top_contrib_dirs": [
    2,
    0,
    3,
    7,
    4,
    9,
    47,
    46,
    41,
    40
  ],
  "top_dir_counts": [
    62,
    0,
    137,
    5,
    2,
    0,
    0,
    3,
    0,
    1
  ],
  "wu_diff_spectrum": {
    "ratio_10": 0.8461654559373659,
    "ratio_20": 0.9046895366629557,
    "ratio_50": 0.9999999992964472,
    "h_spectrum_corr": 0.578391356542617
  }
}