{
  "model": "glm4",
  "n_texts": 210,
  "reconstruction": {
    "K50_error_pct": 926.683266264485,
    "K50_error_median": 129.9184201725083,
    "full_error_pct": 852.0127828978168,
    "full_error_median": 119.57273837775442,
    "K50_explained_pct": -826.683266264485
  },
  "c_k_stats": {
    "cv_mean": 0.7696173073045904,
    "cv_per_dir": [
      0.07356238102156962,
      0.8133314008053948,
      0.6804155183040673,
      1.1562178696059555,
      1.115372264028632,
      1.077554882665952,
      0.28016327060630086,
      1.069335884645079,
      0.739473731618651,
      0.476364107814965,
      0.5239446653424533,
      0.9401710953250666,
      0.3625957657212937,
      1.1757920889423719,
      1.0366150857604475,
      1.2296211338655119,
      0.948261842307107,
      0.3678813363798456,
      0.6272358954214821,
      0.47846188840265524,
      0.2658161866140139,
      0.8260733968499971,
      0.5071212409763198,
      0.8979805618567741,
      0.8613694374754166,
      0.43190237226731687,
      0.40802687076317523,
      1.2641767167994324,
      1.2276921347158805,
      1.047078924657825,
      0.822446260215094,
      0.4131776525400344,
      0.8288144068747478,
      1.1669955294048902,
      0.8141609413713258,
      1.0765183274600647,
      1.3082905792083632,
      0.23405663730657475,
      1.118666902464788,
      1.126317372571866,
      0.59057186267331,
      0.4454121648842149,
      1.0051060503974196,
      0.862007446442863,
      0.5549102060393915,
      0.7217870407863699,
      1.0940655856107666,
      0.43868664453409933,
      0.4881287467548705,
      0.46113505612751826
    ],
    "alpha_corr_per_dir": [
      0.4552759248029108,
      -0.12114697848475896,
      0.12713610424344202,
      0.16593843458609986,
      0.16767478865720226,
      0.04942389326864766,
      0.06577542462927545,
      -0.2831514048918537,
      0.20230079872287268,
      0.3709564978515858,
      -0.2424144651251989,
      0.038685709546837505,
      0.3347107545106332,
      0.21932613912601784,
      0.21189869021888427,
      0.2041835766820606,
      -0.043306484634562256,
      0.3060712786304054,
      0.14668563698278678,
      -0.04086781421529753,
      -0.020531738997475808,
      -0.09767769121923155,
      0.32227379452970717,
      0.31417642393991696,
      0.23120331928700635,
      0.22106508477036066,
      0.23821611647566773,
      0.03534258006665526,
      0.09434104067215045,
      0.0889998082235802,
      0.41973638516998124,
      -0.0735967926689576,
      -0.308090114184717,
      0.18909154991629215,
      0.09061176677914094,
      0.025480348100117657,
      0.18319183343440468,
      0.21621178602540164,
      -0.08339941845096484,
      0.13293734094219237,
      -0.17721955290178454,
      0.13583212825177654,
      -0.03078400273670134,
      0.10250190480633171,
      0.09229240202557364,
      0.051950677178087726,
      -0.005285513623900525,
      0.09343399003799245,
      0.035408665184286765,
      -0.23508031285472156
    ]
  },
  "Delta_k_stats": {
    "cv_mean": 1.1129885683270155,
    "cv_per_dir": [
      1.1424762545336966,
      1.6162332168273856,
      0.872028027944928,
      1.001139375826187,
      1.1844411736698883,
      1.0140655807669834,
      1.33829793524973,
      0.9385893029949425,
      1.1004219842629839,
      0.926192624199799,
      1.0144611025848485,
      0.9291554952593749,
      1.0869042635224924,
      1.1715987596680137,
      1.3318356151945496,
      1.1302738673889798,
      1.3727278382505073,
      1.0895687107420662,
      0.9794527431715545,
      0.981282689677719,
      1.373353897435034,
      1.1076202486366493,
      0.8891707950924166,
      1.0472871965401616,
      0.975938822157583,
      1.2378434807686811,
      0.992313836271763,
      1.1636931218047126,
      1.321088614907525,
      0.9228462398203965,
      1.0393159251544342,
      1.1392908167346407,
      1.0557006538248315,
      0.9717839460615132,
      0.9328071977034974,
      1.1057636775529291,
      0.9005974556464111,
      1.1329802131600226,
      1.0300579891808013,
      1.0770466316442593,
      0.9893205350154849,
      1.1300807243684472,
      1.2927028584972444,
      1.2200275312681343,
      1.0374666223381428,
      1.2711237237428448,
      1.1049602612821556,
      1.482373850408245,
      1.1943676545633868,
      1.2893573330317956
    ],
    "sign_consistency": [
      0.6285714285714286,
      0.7428571428571429,
      0.780952380952381,
      0.7523809523809524,
      0.5476190476190477,
      0.6428571428571428,
      0.7619047619047619,
      0.7285714285714286,
      0.5761904761904761,
      0.7523809523809524,
      0.6952380952380952,
      0.7523809523809524,
      0.7047619047619048,
      0.5904761904761905,
      0.7714285714285715,
      0.7666666666666667,
      0.5714285714285714,
      0.7666666666666667,
      0.7523809523809524,
      0.7571428571428571,
      0.6238095238095238,
      0.5476190476190477,
      0.780952380952381,
      0.8,
      0.7571428571428571,
      0.680952380952381,
      0.7428571428571429,
      0.7904761904761904,
      0.7714285714285715,
      0.7238095238095238,
      0.7476190476190476,
      0.780952380952381,
      0.7523809523809524,
      0.7380952380952381,
      0.7619047619047619,
      0.7285714285714285,
      0.7523809523809524,
      0.5714285714285714,
      0.6857142857142857,
      0.7666666666666666,
      0.7428571428571429,
      0.5619047619047619,
      0.638095238095238,
      0.6190476190476191,
      0.7,
      0.6285714285714286,
      0.7476190476190476,
      0.5952380952380952,
      0.7523809523809524,
      0.7523809523809524
    ]
  },
  "prediction": {
    "energy_method_r": -0.2146807440925088,
    "gap_energy_r": 0.052330342657813854,
    "exact_r": 0.1375218340045508,
    "c_k_rms_r": -0.2829129801537321,
    "contrib_rms_r": -0.24567596004830694,
    "pos_contrib_r": 0.05728154333369615,
    "neg_contrib_r": 0.30506186085324954,
    "net_contrib_r": 0.1375218340045508
  },
  "concentration": {
    "top1_mean": 0.44986064527399355,
    "top5_mean": 0.6494006862124325,
    "top10_mean": 0.7728924590533361,
    "top1_to_prob_r": -0.0752566953294667,
    "top5_to_prob_r": -0.15630555685134218
  },
  "dir_gap_corrs": [
    0.1207906371641969,
    0.13840685626616495,
    -0.1528496939352003,
    -0.05948308480145958,
    -0.012565242856328361,
    -0.08474055760289842,
    -0.19923626336603897,
    0.3042740225881524,
    -0.10286472505999492,
    0.3082313549263216,
    -0.10684019841084728,
    -0.2619497442117212,
    0.17132372377975777,
    0.012369579076674285,
    0.20392053199815477,
    -0.07261329062420634,
    -0.08799039044642441,
    -0.3413218578470246,
    -0.36621780618142047,
    0.29033524591438475,
    0.01587597767100496,
    -0.1431740552419752,
    0.25517666754780155,
    0.26668714009526623,
    0.17942368594278843,
    -0.23032088859863267,
    0.3364186012760907,
    0.10622729133948053,
    0.02782701766934635,
    -0.0941635179051795,
    -0.13669253056760636,
    0.14198581891122825,
    0.24619557048301743,
    -0.22269907169846526,
    0.08411339687870918,
    0.12516910015393945,
    -0.11203630275795223,
    0.007296574458490771,
    0.06650624828308273,
    -0.1663453115848507,
    0.14240954113604204,
    -0.08537419726018877,
    0.04635417476533304,
    0.006831387061829754,
    -0.2817156733166436,
    0.08759258395401512,
    -0.09467017047368775,
    0.11007836917479125,
    0.19302685388191756,
    0.3367036743325403
  ],
  "top10_pred_dirs": [
    18,
    17,
    49,
    26,
    9,
    7,
    19,
    44,
    23,
    11
  ]
}