{
  "model": "glm4",
  "n_texts": 210,
  "n_layers": 40,
  "sample_layers": [
    0,
    2,
    4,
    6,
    8,
    10,
    12,
    14,
    16,
    18,
    20,
    22,
    24,
    26,
    28,
    30,
    32,
    34,
    36,
    38,
    39
  ],
  "layer_gap_stats": {
    "0": {
      "mean": 0.0003257467760704458,
      "std": 0.00031580572249367833
    },
    "2": {
      "mean": 0.0031320424750447273,
      "std": 0.003032948588952422
    },
    "4": {
      "mean": 0.006201840937137604,
      "std": 0.00667828693985939
    },
    "6": {
      "mean": 0.00874120183289051,
      "std": 0.009022396989166737
    },
    "8": {
      "mean": 0.011230438947677612,
      "std": 0.011412929743528366
    },
    "10": {
      "mean": 0.013024898245930672,
      "std": 0.013653751462697983
    },
    "12": {
      "mean": 0.01690926030278206,
      "std": 0.017458664253354073
    },
    "14": {
      "mean": 0.019139710813760757,
      "std": 0.019093738868832588
    },
    "16": {
      "mean": 0.026893284171819687,
      "std": 0.027220703661441803
    },
    "18": {
      "mean": 0.031069137156009674,
      "std": 0.029562242329120636
    },
    "20": {
      "mean": 0.04665115848183632,
      "std": 0.04413861036300659
    },
    "22": {
      "mean": 0.05613593012094498,
      "std": 0.052764344960451126
    },
    "24": {
      "mean": 0.08927740156650543,
      "std": 0.07813511788845062
    },
    "26": {
      "mean": 0.13719962537288666,
      "std": 0.12564872205257416
    },
    "28": {
      "mean": 0.1789158433675766,
      "std": 0.1562393307685852
    },
    "30": {
      "mean": 0.23317253589630127,
      "std": 0.20590171217918396
    },
    "32": {
      "mean": 0.2776173949241638,
      "std": 0.2501158118247986
    },
    "34": {
      "mean": 0.3293186128139496,
      "std": 0.3186805844306946
    },
    "36": {
      "mean": 0.4503304660320282,
      "std": 0.3619045615196228
    },
    "38": {
      "mean": 0.5993359684944153,
      "std": 0.48339465260505676
    },
    "39": {
      "mean": 1.255050539970398,
      "std": 0.946399986743927
    }
  },
  "propagation": {
    "prev_to_final_r": 0.37877786589126794,
    "mean_adjacent_r": 0.26547378503149144,
    "layer_to_final_r": {
      "0": 0.01896735315404611,
      "2": -0.15470396458874322,
      "4": -0.05306764524472227,
      "6": -0.08429999015202169,
      "8": -0.10292303545790507,
      "10": 0.03322785630244696,
      "12": -0.0741773050748187,
      "14": 0.040363753220029754,
      "16": -0.06488651500780063,
      "18": -0.15782551455686689,
      "20": -0.06494612119233101,
      "22": -0.045914903101076536,
      "24": -0.04503247241270285,
      "26": -0.03745989540410401,
      "28": 0.008140131548257684,
      "30": 0.019251501816692843,
      "32": -0.015206055988348286,
      "34": 0.06292469406477896,
      "36": 0.08776103621464447,
      "38": 0.37877786589126794
    }
  },
  "layer_causal": {
    "0": {
      "ratio50_gap": -0.02508554933150153,
      "var_gap": -0.05181677820475192
    },
    "2": {
      "ratio50_gap": NaN,
      "var_gap": 0.04989037645192891
    },
    "4": {
      "ratio50_gap": NaN,
      "var_gap": -0.012983781934661256
    },
    "6": {
      "ratio50_gap": NaN,
      "var_gap": 0.005100216137208254
    },
    "8": {
      "ratio50_gap": NaN,
      "var_gap": 0.11250796908771439
    },
    "10": {
      "ratio50_gap": NaN,
      "var_gap": -0.021910455961395927
    },
    "12": {
      "ratio50_gap": NaN,
      "var_gap": -0.005299767276723007
    },
    "14": {
      "ratio50_gap": NaN,
      "var_gap": 0.2323747103916904
    },
    "16": {
      "ratio50_gap": NaN,
      "var_gap": 0.1674558007183841
    },
    "18": {
      "ratio50_gap": NaN,
      "var_gap": 0.10079146646763384
    },
    "20": {
      "ratio50_gap": NaN,
      "var_gap": 0.059406633390866256
    },
    "22": {
      "ratio50_gap": NaN,
      "var_gap": 0.08310397910155339
    },
    "24": {
      "ratio50_gap": NaN,
      "var_gap": 0.08049296906179866
    },
    "26": {
      "ratio50_gap": NaN,
      "var_gap": 0.002949210347633635
    },
    "28": {
      "ratio50_gap": NaN,
      "var_gap": -0.0865054189796458
    },
    "30": {
      "ratio50_gap": NaN,
      "var_gap": -0.013196290940378266
    },
    "32": {
      "ratio50_gap": NaN,
      "var_gap": 0.07794415677981475
    },
    "34": {
      "ratio50_gap": NaN,
      "var_gap": 0.06234806901877854
    },
    "36": {
      "ratio50_gap": NaN,
      "var_gap": 0.058254679085485636
    },
    "38": {
      "ratio50_gap": NaN,
      "var_gap": -0.0332550678214717
    },
    "39": {
      "ratio50_gap": NaN,
      "var_gap": -0.08643674228877381
    }
  },
  "gap_growth": {
    "first_mean": 0.0003257467760704458,
    "final_mean": 1.255050539970398,
    "growth_mean": 1.2547247409820557,
    "growth_to_prob_r": 0.05786205573955726
  }
}