{
  "model": "glm4",
  "n_texts": 210,
  "equation_precision": {
    "K50_error_pct": 926.8550344722163,
    "K50_error_median": 129.91824576020196
  },
  "delta_k_structure": {
    "wu_diff_norm_mean": 0.5850771069526672,
    "wu_diff_norm_std": 0.1177271232008934,
    "c_delta_corr": [
      0.18857596341635846,
      -0.011751403604651873,
      0.3529128775360633,
      0.049857890418880196,
      -0.06763032418752464,
      -0.384915573160293,
      -0.06795607158588447,
      -0.3253600767581272,
      -0.29419227436424655,
      0.22469949604748166,
      0.11326078139801551,
      0.03875202281707556,
      -0.016654828873458663,
      -0.1926736273359703,
      0.11724655241046715,
      -0.3316042306482321,
      0.021776743250921445,
      -0.26495114865578695,
      -0.16976537533749406,
      -0.002439132958450476,
      0.07739281481519898,
      0.04180623572080304,
      0.1504079023987816,
      0.18932743353249346,
      -0.14556671342153138,
      0.10202845494847362,
      0.3949554787471396,
      -0.017643988656283045,
      -0.004765048833324667,
      0.12285774997367774,
      -0.08139248968001964,
      -0.12010147676357205,
      -0.09128408750826342,
      -0.24933381200434024,
      -0.015696125148204516,
      -0.2669645588964623,
      -0.104931049652558,
      -0.1516513040534966,
      -0.04684803742509196,
      0.06267856647953031,
      -0.1918168851947556,
      -0.09074713397153614,
      -0.09923642897513331,
      0.09360536876568128,
      0.1387763367597865,
      0.0376264728633932,
      0.2653179455230458,
      0.04814837866569911,
      0.011520334820042964,
      -0.15927657394559058
    ]
  },
  "contribution_stats": {
    "pos_mean": 3.252017753870043,
    "neg_mean": -2.223971224084186,
    "net_mean": 1.0280465297858568,
    "skew": 2.904209735253498,
    "kurtosis": 119.3018098037628,
    "mean_per_dir": [
      1.027562967558609,
      0.005393785804962852,
      -0.07334979446155455,
      0.012351728720557426,
      -0.001740067548101432,
      -0.06920870725918234,
      -0.07918063355581542,
      0.011290683337883705,
      -0.05160916279097997,
      0.09894132849102581,
      -0.05520545237723154,
      -0.01815088806561368,
      0.04117369811578078,
      -0.0095614923250358,
      0.008236706246870975,
      -0.02991547191358345,
      -0.0005334359085143056,
      -0.044571808485183134,
      -0.03417188146115213,
      0.04009931810282909,
      0.0010515375295562922,
      -0.00287657734769158,
      0.04698915152546299,
      0.02894548755157012,
      0.015428909045557887,
      -0.004168077958799551,
      0.14870254801952235,
      0.0008014799687005121,
      -0.0021910079978209726,
      -0.007007534640088601,
      -0.01014024181624044,
      0.017739886159646598,
      0.007372663735960334,
      -0.021576094795674523,
      0.019636229193364434,
      0.000983312827674316,
      -0.001673212994439286,
      -0.01245977364778076,
      0.00332693636983042,
      -0.006190332898731568,
      0.02212117169272615,
      -0.006009184504470248,
      -0.0010271064987253608,
      -0.0038627532961046053,
      -0.012476005856533039,
      0.004289056713218576,
      0.0007690152128658315,
      0.002794417573110588,
      0.00909398428510694,
      0.011807226408511083
    ],
    "reliability_per_dir": [
      0.33579912083907626,
      0.06287617308770684,
      0.4342488190396633,
      0.17090664082506257,
      0.03306104174956,
      0.5032588032246218,
      0.34068976957900265,
      0.12112064937601882,
      0.5222450633307012,
      0.7076167059010711,
      0.34622882165588115,
      0.300756931476697,
      0.3222083908382082,
      0.20067529972663029,
      0.1896503857704243,
      0.22278180379915866,
      0.012755950859283556,
      0.5813384766897894,
      0.6089112542144931,
      0.5325418278090625,
      0.006081077223370513,
      0.08975299320799242,
      0.6853472752306808,
      0.5007751479609175,
      0.30572421381227866,
      0.10551099371291059,
      0.6405206723212361,
      0.037007004763393976,
      0.09804397174756047,
      0.2111523680599505,
      0.36028544972634136,
      0.4251018205959976,
      0.23437190815314643,
      0.3972598828154686,
      0.4150196724491222,
      0.0324472252223218,
      0.06206933932407387,
      0.11141691544304527,
      0.12110523735690999,
      0.17274019987023195,
      0.32579629408868416,
      0.10111380150759314,
      0.11513427282877206,
      0.11908508643345045,
      0.25402322883240425,
      0.1134401645761236,
      0.014419347774730498,
      0.10842893726811294,
      0.3368177874078078,
      0.22717187335087588
    ]
  },
  "top_contrib_dirs": [
    0,
    26,
    10,
    15,
    37,
    46,
    48,
    47,
    45,
    44
  ],
  "top_dir_counts": [
    205,
    0,
    0,
    0,
    0,
    0,
    0,
    0,
    0,
    0
  ],
  "wu_diff_spectrum": {
    "ratio_10": 0.7311730382063016,
    "ratio_20": 0.8408291179849964,
    "ratio_50": 0.9999999984131753,
    "h_spectrum_corr": 0.18463385354141656
  }
}