{
  "model": "glm4",
  "n_texts": 210,
  "baseline": {
    "ratio50_to_gap_r": NaN,
    "alpha_to_gap_r": -0.08636547402466141
  },
  "new_path": {
    "exact_r": 0.1375218340045508,
    "approx_v1_r": 0.05336697195399439,
    "approx_v2_r": -0.21432958591842763,
    "sqrt_energy_r": -0.332470339444263,
    "mean_delta_r": -0.028445107887194,
    "median_delta_r": 0.030711438685968703
  },
  "spectral_mechanics": {
    "alpha_c_corrs": {
      "0": {
        "r": 0.454932541348551,
        "p": 4.011696336684287e-12
      },
      "1": {
        "r": -0.12141002316866477,
        "p": 0.07919152582444967
      },
      "2": {
        "r": 0.12702207502086216,
        "p": 0.06618234751423924
      },
      "5": {
        "r": 0.04953533091798707,
        "p": 0.47523396010615543
      },
      "10": {
        "r": -0.24249609968227312,
        "p": 0.00039082161133787346
      },
      "20": {
        "r": -0.020469541239704975,
        "p": 0.7680762183445929
      }
    },
    "energy_to_contrib_mean_r": 0.6750049758206217,
    "energy_to_contrib_per_dir": [
      0.0747111691623517,
      0.6899558395919827,
      0.6255306246209824,
      0.8368928591790933,
      0.83641471391623,
      0.7781431896046814,
      0.21250382257052966,
      0.7536826255746812,
      0.766031472065432,
      0.729771475071657,
      0.6398672077871592,
      0.8326362001316518,
      0.5727156577672042,
      0.9011211145838192,
      0.6377187935708251,
      0.6206429174894911,
      0.8003218733964641,
      0.5498903764519288,
      0.7424753670963495,
      0.5204462170805408,
      0.32995262604116454,
      0.7801335178533481,
      0.7796916546158511,
      0.7833548433912291,
      0.7954678567170986,
      0.6581974053168717,
      0.7036523041677681,
      0.7257506491890967,
      0.46505133906589335,
      0.7333219304110753,
      0.8099832584368667,
      0.45074844635184236,
      0.7933259214338656,
      0.7540376711086231,
      0.8681342745927343,
      0.49870939652625523,
      0.8537134652962427,
      0.548891324967735,
      0.8458622941642953,
      0.7291093281087216,
      0.704823695272452,
      0.6083277614508663,
      0.801205599871458,
      0.7076459185313037,
      0.7237382925678862,
      0.6783235631022168,
      0.7916128915219273,
      0.5969585296450062,
      0.6906218739147787,
      0.41842764068355337
    ]
  },
  "dir_gap_corrs": [
    0.1207906371641969,
    0.13858697060637631,
    -0.1528496939352003,
    -0.05923170219713579,
    -0.012504340885177755,
    -0.08474055760289842,
    -0.19909502262443438,
    0.3043725023712895,
    -0.10265351184089813,
    0.3082313549263216,
    -0.10698791808555301,
    -0.26214411220475503,
    0.17155048643829723,
    0.012285352946359615,
    0.20408768847216394,
    -0.07222325885151841,
    -0.08817957529297735,
    -0.3413218578470246,
    -0.36615172106378896,
    0.2904129931115983,
    0.01587597767100496,
    -0.14353687549563837,
    0.25517666754780155,
    0.2664189122648795,
    0.17942368594278843,
    -0.23029886022608884,
    0.3364186012760907,
    0.10610548739717932,
    0.02777777777777778,
    -0.0941065032938896,
    -0.13669253056760636,
    0.14198452312460802,
    0.246124302218905,
    -0.22238937869623132,
    0.083882746860309,
    0.12557208979282963,
    -0.1113987757408012,
    0.007142375850683916,
    0.06672912358176154,
    -0.16623905708199216,
    0.14240954113604204,
    -0.0851733503340538,
    0.046728657098578257,
    0.006377861744750768,
    -0.2817156733166436,
    0.08735545500251382,
    -0.09471422721877543,
    0.11020017311709247,
    0.19302685388191756,
    0.3367036743325403
  ],
  "sorted_dirs_by_pred": [
    18,
    17,
    49,
    26,
    9,
    7,
    19,
    44,
    23,
    11,
    22,
    32,
    25,
    33,
    14,
    6,
    48,
    24,
    12,
    39,
    2,
    21,
    40,
    31,
    1,
    30,
    35,
    0,
    36,
    47,
    10,
    27,
    8,
    46,
    29,
    16,
    45,
    41,
    5,
    34,
    15,
    38,
    3,
    42,
    28,
    20,
    4,
    13,
    37,
    43
  ],
  "delta_k_stats": {
    "Delta_k_mean": [
      -0.05500441406010872,
      0.0034374656510495006,
      -0.0248563281593046,
      0.017382498280633065,
      -0.0005385446500787068,
      0.025852182503080086,
      0.011302122615632557,
      -0.018500688370494615,
      -0.008629482345921653,
      0.015146788787872841,
      -0.009421574763421502,
      -0.011897547990970668,
      -0.008144018994200797,
      0.0017007715201803617,
      -0.00590681889582248,
      0.02565181680644552,
      0.00023437533084125746,
      -0.005710948775300668,
      0.008423882523285492,
      -0.010882761905945483,
      0.0002459019378182434,
      0.0027371618874548445,
      0.011609658329481526,
      0.010319354104632068,
      -0.012175105614144179,
      0.0015630408921944244,
      -0.021563444390804286,
      0.006086245414224409,
      -0.005202692119582068,
      0.010628173419363087,
      -0.004256423874314697,
      -0.004561899613500351,
      -0.005297553916240022,
      0.012370618658938579,
      0.012208553461269254,
      0.005889329655716816,
      -0.00993472747615583,
      0.0010477347654246148,
      0.005649074767937972,
      -0.008997289279830598,
      -0.009057218850302022,
      0.0006642399921215006,
      -0.0006323490735320818,
      -0.0029663312559326488,
      -0.005199753468678821,
      -0.00199136543198533,
      -0.006768933662568174,
      0.0005254209684651522,
      -0.003446491726762837,
      -0.004773546564614489
    ],
    "Delta_k_sq_mean": [
      0.034704853412642934,
      0.0005662475378512213,
      0.001787803983954182,
      0.0016019409135017899,
      0.00038159200710420816,
      0.0030120575361708055,
      0.001588604608634298,
      0.0011447764695739935,
      0.0005047164873893819,
      0.0007851043352595933,
      0.00045573874706220693,
      0.0005202062397354915,
      0.0006282461184102684,
      0.0002537646741286703,
      0.0003355268509670923,
      0.0034713470225111393,
      0.00028515153871138245,
      0.0001764633587795214,
      0.0002934733986078512,
      0.0004904802492331206,
      0.0005766903076126555,
      0.00020235036871648566,
      0.00038021450739279,
      0.0005039029199585868,
      0.0006104557453578545,
      9.798582676946628e-05,
      0.001907154313328296,
      0.00018943644086572367,
      0.00023864415571664014,
      0.00038586273368977517,
      0.0001271691670028863,
      0.0001260861186312856,
      0.00016763600545994273,
      0.0006964242473863058,
      0.0005568357864846406,
      0.00017259123911756886,
      0.0003171244186211043,
      0.0001608923527112847,
      0.00028862803089516466,
      0.0003663934897859133,
      0.00040024293764376323,
      0.00020378008797792394,
      3.485618715973862e-05,
      0.0001394107629820484,
      0.00019497871592838033,
      0.0002454006141840819,
      0.0003752108181074087,
      3.666652490414135e-05,
      8.191093285026282e-05,
      0.0002458404050591791
    ]
  }
}