{
  "model": "qwen3",
  "n_texts": 210,
  "reconstruction": {
    "K50_error_pct": 556.773748042459,
    "K50_error_median": 217.19204834337341,
    "full_error_pct": 640.9827688816881,
    "full_error_median": 241.4301834336623,
    "K50_explained_pct": -456.77374804245903
  },
  "c_k_stats": {
    "cv_mean": 0.6962359517254907,
    "cv_per_dir": [
      0.5460914887581312,
      0.27867841322825876,
      0.39310789856621686,
      0.5481378056843468,
      0.7230536557474804,
      0.4187680334673032,
      0.14887090467152356,
      0.2636595225348613,
      0.9452643374436248,
      1.200954499228129,
      0.20778717412460826,
      0.23488060722977216,
      0.6703084681303293,
      0.29495984494749283,
      0.3953819912338159,
      0.4881799816559182,
      0.8257264555257379,
      0.9401780049670942,
      0.8312650844137693,
      0.7157554882675814,
      0.5557252364447145,
      0.44485436426477176,
      0.48857176056573076,
      1.1950654680442911,
      1.0342242639263222,
      1.2034919388850396,
      0.3280149833579689,
      0.9090508928807143,
      0.3165562321092959,
      1.1792505887318632,
      0.6796159477246937,
      0.5197781397490823,
      0.39720171120830483,
      1.1095172023711024,
      1.2124595703151237,
      0.2960249761788976,
      1.0822499291911531,
      1.0633241524440809,
      0.6988239171244609,
      0.9430298569037487,
      0.9111022242357147,
      0.8642183882149145,
      1.1196484197809138,
      0.3419719404892493,
      0.7983329770219724,
      1.048086182911814,
      0.8479961305803659,
      0.38382735468273077,
      1.23846688699097,
      0.5303062891185345
    ],
    "alpha_corr_per_dir": [
      -0.6496659462093057,
      -0.38832651749571095,
      0.48970497530230706,
      -0.45559339252486614,
      0.2560837181819595,
      -0.6958335277013264,
      -0.2472516365785013,
      -0.4477163056605143,
      -0.2263505983942612,
      0.17619199411194558,
      -0.45681531930773894,
      -0.2768396282647344,
      -0.43636521486733737,
      -0.12643637946852015,
      -0.32926585913244494,
      0.12166010998636834,
      -0.1882803874920309,
      0.4491105720638771,
      -0.10301892366780178,
      -0.09865212275764124,
      -0.3847371885576858,
      -0.6627961520320526,
      -0.5555024283041262,
      0.038053365676167364,
      -0.40206315145672333,
      0.06299466654227115,
      0.19137472594112984,
      0.08774289520196131,
      -0.3416354382091192,
      0.22754660944472951,
      -0.044521932484333934,
      0.0026278552658176675,
      0.3225238813474108,
      0.15882327025444065,
      -0.09535823316902758,
      -0.10141344404534217,
      0.25713589691758276,
      0.28667205713900684,
      0.18433860459330442,
      -0.027332027180420146,
      0.19313699574463675,
      -0.3677053692214395,
      0.41810758138835763,
      0.5334066748560381,
      0.02066520501935905,
      0.36325304639434414,
      -0.141013978946059,
      -0.1611686440370491,
      0.10664712620443366,
      -0.4300845371191035
    ]
  },
  "Delta_k_stats": {
    "cv_mean": 1.3465556595659773,
    "cv_per_dir": [
      1.4995148449186695,
      1.1032855111189879,
      1.293516865359586,
      1.0359653299823144,
      1.3049664852464884,
      1.277845364508991,
      1.0956064218544737,
      1.0414465871258412,
      1.0424266427271935,
      1.354269408922179,
      1.068285368774184,
      1.321300148694617,
      1.7526179341857535,
      1.198158258648588,
      1.0185726353868934,
      1.2021907305408348,
      1.3485522120700912,
      1.146804995205104,
      1.2187736243904317,
      1.2339357360134702,
      1.0487338173837568,
      1.6455430724123006,
      1.9467153644257602,
      1.3031128255227702,
      1.046962711575556,
      1.142825087119804,
      1.8818536055090467,
      1.2500183203217328,
      1.353433984669722,
      1.6550922107315873,
      1.6756935566332791,
      2.3406713076737713,
      1.268012895267951,
      1.0759210365933718,
      2.1191837325327345,
      1.6057003954824818,
      1.406665084937969,
      1.6965539798594642,
      1.135517511875371,
      1.0901169918647393,
      1.3101334799036044,
      1.14689460902923,
      1.143831377612836,
      1.0999863794344975,
      1.6117119892087388,
      1.2297084598586467,
      1.3768415572027108,
      1.0738677286168157,
      2.0467401147598747,
      1.041704684604051
    ],
    "sign_consistency": [
      0.5619047619047619,
      0.5714285714285714,
      0.5714285714285714,
      0.5523809523809524,
      0.5714285714285714,
      0.5666666666666667,
      0.5857142857142856,
      0.6238095238095238,
      0.5333333333333333,
      0.5809523809523809,
      0.6428571428571428,
      0.5761904761904761,
      0.5619047619047619,
      0.5666666666666667,
      0.6238095238095238,
      0.6333333333333333,
      0.5666666666666667,
      0.6047619047619048,
      0.5571428571428572,
      0.5809523809523809,
      0.5714285714285714,
      0.5428571428571428,
      0.6142857142857143,
      0.6333333333333333,
      0.5571428571428572,
      0.5571428571428572,
      0.5714285714285714,
      0.6285714285714286,
      0.5714285714285714,
      0.5619047619047619,
      0.6285714285714286,
      0.6619047619047619,
      0.6428571428571428,
      0.5761904761904761,
      0.5666666666666667,
      0.5666666666666667,
      0.5523809523809524,
      0.5666666666666667,
      0.5476190476190477,
      0.5619047619047619,
      0.5904761904761905,
      0.6333333333333333,
      0.5714285714285714,
      0.5666666666666667,
      0.6619047619047619,
      0.6190476190476191,
      0.5666666666666667,
      0.5809523809523809,
      0.5857142857142856,
      0.5571428571428572
    ]
  },
  "prediction": {
    "energy_method_r": -0.057056076461776885,
    "gap_energy_r": -0.0539073149746285,
    "exact_r": -0.0909836575391457,
    "c_k_rms_r": -0.07700471148015114,
    "contrib_rms_r": 0.07578537627051878,
    "pos_contrib_r": -0.008670108275929986,
    "neg_contrib_r": -0.10378343777373493,
    "net_contrib_r": -0.0909836575391457
  },
  "concentration": {
    "top1_mean": 0.2031117203120893,
    "top5_mean": 0.6121428023868825,
    "top10_mean": 0.790494804951839,
    "top1_to_prob_r": -0.04119305665697419,
    "top5_to_prob_r": 0.13241643472086165
  },
  "dir_gap_corrs": [
    -0.1488470090653232,
    0.054371206584669284,
    -0.03532055169411142,
    0.020374948816428498,
    -0.044147450151088716,
    -0.0727026999010019,
    -0.015046674234060527,
    -0.0677514992251196,
    0.06941010609900847,
    0.08080654942389326,
    0.03867404746725547,
    0.04667552984714901,
    -0.0823627891547843,
    -0.09537119103522984,
    0.06036292391659281,
    0.07040138286348109,
    0.0819896026081593,
    -0.02809394971311284,
    0.09148512696117306,
    -0.015677722318110432,
    0.07938247992826523,
    0.0765939471215396,
    0.024185857266512206,
    0.001070319748306407,
    0.032796359357911815,
    -0.08106311517469796,
    0.11292650816604728,
    -0.03653729533050334,
    0.08833506968740443,
    0.06286638366686881,
    0.05004587084635599,
    -0.020006945416284408,
    -0.05744351666122437,
    0.02664785184494099,
    0.0071566295035063975,
    -0.0457010983087393,
    -0.14322718249340446,
    -0.020862164585633357,
    -0.03266159754940834,
    0.04856349095281781,
    0.09155250786542479,
    0.11643808990685885,
    -0.052345892097256555,
    -0.0333911254165954,
    -0.058467188091202646,
    0.17586286431040826,
    -0.14583171360005803,
    0.030426365629519055,
    0.07010594351406965,
    0.06930773895601064
  ],
  "top10_pred_dirs": [
    45,
    0,
    46,
    36,
    41,
    26,
    13,
    40,
    18,
    28
  ]
}