{
  "model": "qwen3",
  "n_texts": 210,
  "baseline": {
    "ratio50_to_gap_r": NaN,
    "alpha_to_gap_r": 0.022371755998196265
  },
  "new_path": {
    "exact_r": -0.0909836575391457,
    "approx_v1_r": -0.0539073149746285,
    "approx_v2_r": -0.057056076461776885,
    "sqrt_energy_r": -0.080207896005349,
    "mean_delta_r": 0.0027794623003840713,
    "median_delta_r": -0.07774460564029999
  },
  "spectral_mechanics": {
    "alpha_c_corrs": {
      "0": {
        "r": -0.6496659462093057,
        "p": 1.4529765473323813e-26
      },
      "1": {
        "r": -0.38832651749571095,
        "p": 5.746488946859016e-09
      },
      "2": {
        "r": 0.48970497530230706,
        "p": 4.591676235366327e-14
      },
      "5": {
        "r": -0.6958335277013264,
        "p": 9.934337354440553e-32
      },
      "10": {
        "r": -0.45681531930773894,
        "p": 3.1895962247242063e-12
      },
      "20": {
        "r": -0.3847371885576858,
        "p": 8.138592570868775e-09
      }
    },
    "energy_to_contrib_mean_r": 0.7276825374611912,
    "energy_to_contrib_per_dir": [
      0.28995039728817773,
      0.7809770749431151,
      0.8241138115304276,
      0.8857932546531697,
      0.9077153726941476,
      0.6665850321095925,
      0.757108685398558,
      0.7862418559810919,
      0.9315811706654642,
      0.8245621537010257,
      0.6246935464643167,
      0.2706898249651433,
      0.4350292588618847,
      0.672973260147305,
      0.872657865683942,
      0.7072351541726921,
      0.8475584788501708,
      0.7601589671025692,
      0.8844871017399821,
      0.8098018483100351,
      0.8904878895782473,
      0.4798038697371626,
      0.3427459273426526,
      0.7725104051665603,
      0.8948378452623449,
      0.843511737235206,
      0.27885068909932464,
      0.8546127412106793,
      0.4376415646882596,
      0.8807915182990986,
      0.7596302861615172,
      0.5899172251506999,
      0.6272643871188444,
      0.875270171510317,
      0.6573305240679407,
      0.49061073014984474,
      0.8118388248770299,
      0.7542696169136437,
      0.8108384776062156,
      0.9056447056750271,
      0.7760945509581045,
      0.8645190299223046,
      0.8916476186033494,
      0.7692735301892367,
      0.6644301389601571,
      0.8692745668185329,
      0.794494720965309,
      0.7282748415252963,
      0.669608102294579,
      0.8581865207092617
    ]
  },
  "dir_gap_corrs": [
    -0.1488470090653232,
    0.054371206584669284,
    -0.03532055169411142,
    0.020374948816428498,
    -0.044147450151088716,
    -0.0727026999010019,
    -0.015046674234060527,
    -0.0677514992251196,
    0.06941010609900847,
    0.08080654942389326,
    0.03867404746725547,
    0.04667552984714901,
    -0.0823627891547843,
    -0.09537119103522984,
    0.06036292391659281,
    0.07040138286348109,
    0.0819896026081593,
    -0.02809394971311284,
    0.09155898679852591,
    -0.015677722318110432,
    0.07938247992826523,
    0.0765939471215396,
    0.024425577791253955,
    0.001070319748306407,
    0.032796359357911815,
    -0.08125618738111158,
    0.11292650816604728,
    -0.03670963495099335,
    0.08833506968740443,
    0.06304390643383972,
    0.050006997247749214,
    -0.020010832776145085,
    -0.05744351666122437,
    0.026559738354765643,
    0.007354884856400926,
    -0.0457010983087393,
    -0.14322718249340446,
    -0.020862164585633357,
    -0.03266159754940834,
    0.04856349095281781,
    0.09155250786542479,
    0.11632924383075989,
    -0.052345892097256555,
    -0.0333911254165954,
    -0.058467188091202646,
    0.1763021359746648,
    -0.14583171360005803,
    0.030426365629519055,
    0.07042081966278449,
    0.069275344290505
  ],
  "sorted_dirs_by_pred": [
    45,
    0,
    46,
    36,
    41,
    26,
    13,
    18,
    40,
    28,
    12,
    16,
    25,
    9,
    20,
    21,
    5,
    48,
    15,
    8,
    49,
    7,
    29,
    14,
    44,
    32,
    1,
    42,
    30,
    39,
    11,
    35,
    4,
    10,
    27,
    2,
    43,
    24,
    38,
    47,
    17,
    33,
    22,
    37,
    3,
    31,
    19,
    6,
    34,
    23
  ],
  "delta_k_stats": {
    "Delta_k_mean": [
      0.011938500191484179,
      0.00694796300958842,
      0.0032382154571158547,
      0.010983863366501673,
      0.0002690670124831654,
      -0.00028359880227418174,
      0.005406666174530983,
      0.010718143908750442,
      0.00615439358211699,
      0.0005431108841938632,
      0.006459209181013561,
      -0.0022006554218629995,
      0.0020091650164907886,
      -7.705383801034518e-05,
      0.004602913755834812,
      0.0025795143740695147,
      -0.0014168850900161834,
      -0.002783236728005466,
      -0.0003194476965637434,
      0.001163983828432503,
      0.0023079530934670143,
      0.0015197750602272296,
      0.0001561380745399566,
      -0.003243562262061806,
      0.0023899340270353217,
      -8.876994473948366e-05,
      0.0014981467986390704,
      0.0016545976866923628,
      -0.0006910382481735378,
      -0.001416791221570401,
      0.0008300166044916425,
      -0.0004240572762986024,
      -0.002657301111945084,
      -0.002180547406896949,
      0.0001056522929242679,
      0.0017030452422442891,
      0.001770903892992508,
      0.001337212583582316,
      -0.00020251388750260784,
      -0.002753122255117411,
      0.00027966854561652457,
      0.003045789622479961,
      0.00032206416529204166,
      -0.0007265684194862843,
      0.0022956658265597765,
      -0.0007451840432449465,
      -0.00024010105324643,
      0.0021788180317907106,
      -0.00013725020634453922,
      0.0016925881683294262
    ],
    "Delta_k_sq_mean": [
      0.03495730069905561,
      0.0008283239343528021,
      0.0017457703436851825,
      0.0038758489051202863,
      0.00026739462453151706,
      0.00014949302223396185,
      0.0008093181090455581,
      0.0024100313143636874,
      0.0014064010652229968,
      8.902407623284411e-05,
      0.000928750440510492,
      0.0011138529205281206,
      0.0003081393973776295,
      0.00021817622506091638,
      0.00042135723714152926,
      0.00019018648988666502,
      8.514375225510712e-05,
      0.0003488374735276404,
      0.00015057199456429304,
      0.00010887135489991399,
      0.00022735735221263254,
      9.866386325623872e-05,
      3.925926585774635e-05,
      0.00023835939128862837,
      0.0002681959209953598,
      0.0004353804331506544,
      0.0001101266625783273,
      0.00010402177371039955,
      0.00016897997117807848,
      9.925616480683607e-05,
      4.65432747091563e-05,
      4.945680693134899e-05,
      0.00018003322189513404,
      0.00014794421666423726,
      4.025907437491887e-05,
      0.00022386324085901284,
      0.0003389237272281392,
      7.99975945273043e-05,
      0.00027669377239409015,
      0.0003090978922669256,
      0.00012801774522557736,
      0.00021718402859096647,
      0.00012242426773499205,
      0.0004661294282522955,
      0.00010861902814404857,
      2.3652770482218757e-05,
      0.00013567360901206813,
      0.00012437230242654958,
      5.760835830134678e-05,
      0.0002913856965234466
    ]
  }
}