{
  "model": "qwen3",
  "n_texts": 210,
  "equation_precision": {
    "K50_error_pct": 556.762356863231,
    "K50_error_median": 217.19218933284282
  },
  "delta_k_structure": {
    "wu_diff_norm_mean": 0.9292953610420227,
    "wu_diff_norm_std": 0.13788673281669617,
    "c_delta_corr": [
      0.0833855578648441,
      0.14124872373926117,
      -0.0952480012512251,
      -0.28918353953436654,
      -0.011969502688040106,
      0.1797723427706597,
      0.22448630791964652,
      -0.03452287429997188,
      -0.1699242508307819,
      0.11942567386030332,
      0.13387322433324272,
      -0.08177284927615755,
      0.17228228309280222,
      -0.02490526671653215,
      0.053011401980757586,
      0.07222138661157727,
      -0.15300478973036308,
      -0.002962201314695278,
      -0.18254020076705657,
      0.030479169466605633,
      0.012532757357915406,
      -0.12176938608834376,
      -0.0863088905158797,
      0.007007951867201515,
      -0.01257639936623504,
      -0.21017786634822594,
      -0.17295805231537656,
      0.020406730327709694,
      0.02226219758767421,
      -0.04782823158642084,
      0.17418821142488627,
      -0.001394498547088362,
      0.0061869365856883655,
      0.08349057144736323,
      -0.14158831311649833,
      -0.04423594877661083,
      -0.08128596812084161,
      0.11329056215949451,
      -0.045200846304302766,
      0.1279945094313118,
      0.04308693652632042,
      -0.06719437277825922,
      -0.22780991961573877,
      -0.11195675328022565,
      -0.06429831638242339,
      0.07316105360320942,
      -0.0046587843881211195,
      0.21118845160337746,
      0.13491313156273405,
      -0.0584127824166925
    ]
  },
  "contribution_stats": {
    "pos_mean": 2.5512056576245024,
    "neg_mean": -2.360462373018786,
    "net_mean": 0.19074328460571666,
    "skew": 1.6057591903217536,
    "kurtosis": 168.23023416393008,
    "mean_per_dir": [
      -0.05800738187983612,
      0.09607136952825016,
      -0.029184483893045215,
      -0.15260392324286418,
      -0.004804507538006254,
      0.007239099710044218,
      0.11765841870297189,
      0.11176223098454259,
      -0.02900943627778778,
      0.0004357840787393123,
      0.1156183908105592,
      0.012912443729001272,
      -0.0029184630633343586,
      -0.0009128342876015901,
      0.021653049824753724,
      0.01036082416003712,
      -0.004033447607355314,
      -0.004828338430766225,
      -0.004457235918664484,
      0.0027886629789582304,
      -0.006615160522046739,
      0.007382192759568687,
      -2.2187739992368406e-05,
      -0.000631964004984534,
      -0.0040753454046843635,
      -0.00747921688687021,
      0.005808425560621255,
      0.0034185383799668063,
      0.003922267426671073,
      -0.0025624169323564495,
      0.0014582956836163893,
      -0.0014044516669413773,
      -0.00814184414368154,
      0.0036161371849074853,
      -0.00025506306137436667,
      -0.009943351538991356,
      -0.0011122155617893776,
      -0.0024571955312040115,
      -0.0013348468302190857,
      0.006674658508243598,
      0.0013221968402723097,
      -0.006201731013845363,
      -0.005260832936124792,
      -0.0005724130407767388,
      0.00278389361534877,
      0.0007297279902796559,
      -0.001441583525702064,
      0.014157083991942104,
      0.000944778498913233,
      -0.007703313861646215
    ],
    "reliability_per_dir": [
      0.046200429349485594,
      0.28390700040683425,
      0.09028501794911852,
      0.25843068338893627,
      0.04707163907312456,
      0.09730266004664273,
      0.2168571903825287,
      0.19868972584991426,
      0.18659913711963008,
      0.015606930984585604,
      0.2366664198730513,
      0.04782306987624298,
      0.06421422239721371,
      0.010057723895104847,
      0.2393893266642493,
      0.22824797055822965,
      0.21641624573098855,
      0.08259060745834512,
      0.16145772841532555,
      0.1268161022199974,
      0.1115359147762755,
      0.13842053359237816,
      0.0011021431421240732,
      0.017656269813997105,
      0.10255293407369426,
      0.2180273450104568,
      0.12157716478500381,
      0.13159954120934195,
      0.05191798413111241,
      0.13609774266096133,
      0.0483092390575005,
      0.043786027820857665,
      0.1831472368663997,
      0.1477643436281509,
      0.028904646859727746,
      0.14074323093563607,
      0.02321494778244322,
      0.09913780302604883,
      0.026741748789639225,
      0.18314720425680248,
      0.04449617525972212,
      0.16973396407422842,
      0.1472812814476791,
      0.004038523590134669,
      0.09330877451786325,
      0.06072335522038874,
      0.04689096202241086,
      0.25796798408904276,
      0.09551862502562916,
      0.11578478761013948
    ]
  },
  "top_contrib_dirs": [
    3,
    0,
    7,
    6,
    2,
    10,
    47,
    46,
    41,
    40
  ],
  "top_dir_counts": [
    58,
    0,
    6,
    70,
    0,
    0,
    34,
    40,
    0,
    0
  ],
  "wu_diff_spectrum": {
    "ratio_10": 0.8374778538795199,
    "ratio_20": 0.9071899416084791,
    "ratio_50": 0.9999999982004787,
    "h_spectrum_corr": 0.4830252100840336
  }
}