{
  "model": "qwen3",
  "n_texts": 210,
  "n_layers": 36,
  "sample_layers": [
    0,
    2,
    4,
    6,
    8,
    10,
    12,
    14,
    16,
    18,
    20,
    22,
    24,
    26,
    28,
    30,
    32,
    34,
    35
  ],
  "layer_gap_stats": {
    "0": {
      "mean": 0.31175434589385986,
      "std": 0.17413023114204407
    },
    "2": {
      "mean": 0.2325282096862793,
      "std": 0.2565721273422241
    },
    "4": {
      "mean": 0.22694924473762512,
      "std": 0.24627305567264557
    },
    "6": {
      "mean": 0.18481405079364777,
      "std": 0.1875358372926712
    },
    "8": {
      "mean": 0.2727096676826477,
      "std": 0.26894402503967285
    },
    "10": {
      "mean": 0.2722302973270416,
      "std": 0.29920676350593567
    },
    "12": {
      "mean": 0.3569636642932892,
      "std": 0.37234553694725037
    },
    "14": {
      "mean": 0.32778051495552063,
      "std": 0.35967135429382324
    },
    "16": {
      "mean": 0.3339989185333252,
      "std": 0.36193525791168213
    },
    "18": {
      "mean": 0.36712291836738586,
      "std": 0.3771115839481354
    },
    "20": {
      "mean": 0.4711003005504608,
      "std": 0.43897512555122375
    },
    "22": {
      "mean": 0.5431259274482727,
      "std": 0.5292754769325256
    },
    "24": {
      "mean": 0.8501185774803162,
      "std": 0.9514490365982056
    },
    "26": {
      "mean": 1.344726800918579,
      "std": 1.520774483680725
    },
    "28": {
      "mean": 1.7696328163146973,
      "std": 1.8564904928207397
    },
    "30": {
      "mean": 2.0957486629486084,
      "std": 2.3420872688293457
    },
    "32": {
      "mean": 2.9530563354492188,
      "std": 2.9401466846466064
    },
    "34": {
      "mean": 3.5130457878112793,
      "std": 3.7382309436798096
    },
    "35": {
      "mean": 3.333181858062744,
      "std": 3.7604215145111084
    }
  },
  "propagation": {
    "prev_to_final_r": 0.3768536227602329,
    "mean_adjacent_r": 0.2741782314685393,
    "layer_to_final_r": {
      "0": -0.007743733728340189,
      "2": -0.021224984839296544,
      "4": -0.00229742967766012,
      "6": 0.02554384164450871,
      "8": -0.00993609180389047,
      "10": 0.06917170376883262,
      "12": 0.0591617297196436,
      "14": -0.024288224409510034,
      "16": -0.025411671409245693,
      "18": 0.05347970538995402,
      "20": 0.0633406415698714,
      "22": -0.00993868337713092,
      "24": 0.03397941254217785,
      "26": 0.1893701440396407,
      "28": 0.1485593444356331,
      "30": 0.2612344699973566,
      "32": 0.25847703606951633,
      "34": 0.3768536227602329
    }
  },
  "layer_causal": {
    "0": {
      "ratio50_gap": NaN,
      "var_gap": 0.6712039958041206
    },
    "2": {
      "ratio50_gap": NaN,
      "var_gap": 0.14172277422732243
    },
    "4": {
      "ratio50_gap": NaN,
      "var_gap": 0.30258690840861857
    },
    "6": {
      "ratio50_gap": NaN,
      "var_gap": -0.011106187121954252
    },
    "8": {
      "ratio50_gap": NaN,
      "var_gap": -0.05234718788387678
    },
    "10": {
      "ratio50_gap": NaN,
      "var_gap": -0.005264782743485949
    },
    "12": {
      "ratio50_gap": NaN,
      "var_gap": 0.06571970580460575
    },
    "14": {
      "ratio50_gap": NaN,
      "var_gap": 0.04935003343129481
    },
    "16": {
      "ratio50_gap": NaN,
      "var_gap": 0.018249858759258396
    },
    "18": {
      "ratio50_gap": NaN,
      "var_gap": 0.030155546225891887
    },
    "20": {
      "ratio50_gap": NaN,
      "var_gap": 0.016640491776938108
    },
    "22": {
      "ratio50_gap": NaN,
      "var_gap": 0.16958607392203512
    },
    "24": {
      "ratio50_gap": NaN,
      "var_gap": 0.0861179787801983
    },
    "26": {
      "ratio50_gap": NaN,
      "var_gap": 0.04097536450477627
    },
    "28": {
      "ratio50_gap": NaN,
      "var_gap": 0.09112489828075032
    },
    "30": {
      "ratio50_gap": NaN,
      "var_gap": 0.05920449067811105
    },
    "32": {
      "ratio50_gap": NaN,
      "var_gap": 0.18022836943394854
    },
    "34": {
      "ratio50_gap": NaN,
      "var_gap": 0.12626403984803014
    },
    "35": {
      "ratio50_gap": NaN,
      "var_gap": 0.14926166078379544
    }
  },
  "gap_growth": {
    "first_mean": 0.31175434589385986,
    "final_mean": 3.333181858062744,
    "growth_mean": 3.021427631378174,
    "growth_to_prob_r": -0.09666827344207575
  }
}