{
  "experiment": "exp1_n90_convergence",
  "model": "qwen3",
  "n_words": 64,
  "timestamp": "2026-04-29T22:04:10.816254",
  "layer_results": [
    {
      "layer": 0,
      "n_words": 64,
      "n_pairs": 2016,
      "n90_dg_full": 39,
      "n95_dg_full": 48,
      "n90_du_full": 42,
      "n95_du_full": 50,
      "top5_var_dg": 0.3717755675315857,
      "top5_var_du": 0.3336458206176758,
      "dg_convergence": {
        "16": {
          "n90_mean": 10.666666666666666,
          "n90_std": 0.4714045207910317,
          "n95_mean": 12.333333333333334,
          "top5_mean": 0.6604102253913879,
          "n_trials": 3
        },
        "24": {
          "n90_mean": 14.666666666666666,
          "n90_std": 0.4714045207910317,
          "n95_mean": 17.0,
          "top5_mean": 0.557746946811676,
          "n_trials": 3
        },
        "32": {
          "n90_mean": 17.333333333333332,
          "n90_std": 0.4714045207910317,
          "n95_mean": 21.0,
          "top5_mean": 0.5102566480636597,
          "n_trials": 3
        },
        "48": {
          "n90_mean": 22.0,
          "n90_std": 0.0,
          "n95_mean": 27.666666666666668,
          "top5_mean": 0.4904536008834839,
          "n_trials": 3
        },
        "64": {
          "n90_mean": 24.666666666666668,
          "n90_std": 0.4714045207910317,
          "n95_mean": 31.333333333333332,
          "top5_mean": 0.47082554300626117,
          "n_trials": 3
        }
      },
      "du_convergence": {
        "16": {
          "n90_mean": 11.0,
          "n90_std": 0.0,
          "n95_mean": 12.333333333333334,
          "top5_mean": 0.6305956840515137,
          "n_trials": 3
        },
        "24": {
          "n90_mean": 15.0,
          "n90_std": 0.0,
          "n95_mean": 17.666666666666668,
          "top5_mean": 0.552804152170817,
          "n_trials": 3
        },
        "32": {
          "n90_mean": 18.333333333333332,
          "n90_std": 0.4714045207910317,
          "n95_mean": 22.333333333333332,
          "top5_mean": 0.4869344234466553,
          "n_trials": 3
        },
        "48": {
          "n90_mean": 22.333333333333332,
          "n90_std": 1.247219128924647,
          "n95_mean": 28.0,
          "top5_mean": 0.4775405724843343,
          "n_trials": 3
        },
        "64": {
          "n90_mean": 27.333333333333332,
          "n90_std": 0.4714045207910317,
          "n95_mean": 34.0,
          "top5_mean": 0.41390261054039,
          "n_trials": 3
        }
      }
    },
    {
      "layer": 6,
      "n_words": 64,
      "n_pairs": 2016,
      "n90_dg_full": 34,
      "n95_dg_full": 45,
      "n90_du_full": 38,
      "n95_du_full": 48,
      "top5_var_dg": 0.47328075766563416,
      "top5_var_du": 0.42112401127815247,
      "dg_convergence": {
        "16": {
          "n90_mean": 10.0,
          "n90_std": 0.0,
          "n95_mean": 12.0,
          "top5_mean": 0.704481303691864,
          "n_trials": 3
        },
        "24": {
          "n90_mean": 13.333333333333334,
          "n90_std": 0.4714045207910317,
          "n95_mean": 16.666666666666668,
          "top5_mean": 0.6264662742614746,
          "n_trials": 3
        },
        "32": {
          "n90_mean": 16.666666666666668,
          "n90_std": 0.4714045207910317,
          "n95_mean": 20.666666666666668,
          "top5_mean": 0.5721653898557028,
          "n_trials": 3
        },
        "48": {
          "n90_mean": 20.0,
          "n90_std": 0.816496580927726,
          "n95_mean": 25.666666666666668,
          "top5_mean": 0.5595094164212545,
          "n_trials": 3
        },
        "64": {
          "n90_mean": 22.333333333333332,
          "n90_std": 0.4714045207910317,
          "n95_mean": 30.0,
          "top5_mean": 0.5483983556429545,
          "n_trials": 3
        }
      },
      "du_convergence": {
        "16": {
          "n90_mean": 10.666666666666666,
          "n90_std": 0.4714045207910317,
          "n95_mean": 12.333333333333334,
          "top5_mean": 0.6707484523455302,
          "n_trials": 3
        },
        "24": {
          "n90_mean": 13.666666666666666,
          "n90_std": 0.4714045207910317,
          "n95_mean": 17.0,
          "top5_mean": 0.6112337708473206,
          "n_trials": 3
        },
        "32": {
          "n90_mean": 16.333333333333332,
          "n90_std": 0.4714045207910317,
          "n95_mean": 20.0,
          "top5_mean": 0.5564514398574829,
          "n_trials": 3
        },
        "48": {
          "n90_mean": 21.666666666666668,
          "n90_std": 0.4714045207910317,
          "n95_mean": 27.333333333333332,
          "top5_mean": 0.5216911633809408,
          "n_trials": 3
        },
        "64": {
          "n90_mean": 24.666666666666668,
          "n90_std": 0.4714045207910317,
          "n95_mean": 31.333333333333332,
          "top5_mean": 0.48041585087776184,
          "n_trials": 3
        }
      }
    },
    {
      "layer": 12,
      "n_words": 64,
      "n_pairs": 2016,
      "n90_dg_full": 39,
      "n95_dg_full": 48,
      "n90_du_full": 40,
      "n95_du_full": 49,
      "top5_var_dg": 0.4070294499397278,
      "top5_var_du": 0.377334862947464,
      "dg_convergence": {
        "16": {
          "n90_mean": 10.333333333333334,
          "n90_std": 0.9428090415820634,
          "n95_mean": 12.333333333333334,
          "top5_mean": 0.637202243010203,
          "n_trials": 3
        },
        "24": {
          "n90_mean": 14.666666666666666,
          "n90_std": 0.4714045207910317,
          "n95_mean": 17.333333333333332,
          "top5_mean": 0.5649356643358866,
          "n_trials": 3
        },
        "32": {
          "n90_mean": 17.333333333333332,
          "n90_std": 0.4714045207910317,
          "n95_mean": 21.333333333333332,
          "top5_mean": 0.5370253721872965,
          "n_trials": 3
        },
        "48": {
          "n90_mean": 21.666666666666668,
          "n90_std": 0.9428090415820634,
          "n95_mean": 27.333333333333332,
          "top5_mean": 0.4913676381111145,
          "n_trials": 3
        },
        "64": {
          "n90_mean": 24.0,
          "n90_std": 0.816496580927726,
          "n95_mean": 31.333333333333332,
          "top5_mean": 0.48452651500701904,
          "n_trials": 3
        }
      },
      "du_convergence": {
        "16": {
          "n90_mean": 10.666666666666666,
          "n90_std": 0.4714045207910317,
          "n95_mean": 12.333333333333334,
          "top5_mean": 0.6350571314493815,
          "n_trials": 3
        },
        "24": {
          "n90_mean": 14.666666666666666,
          "n90_std": 0.4714045207910317,
          "n95_mean": 17.333333333333332,
          "top5_mean": 0.5470319390296936,
          "n_trials": 3
        },
        "32": {
          "n90_mean": 18.0,
          "n90_std": 0.816496580927726,
          "n95_mean": 21.333333333333332,
          "top5_mean": 0.5112377007802328,
          "n_trials": 3
        },
        "48": {
          "n90_mean": 21.666666666666668,
          "n90_std": 0.4714045207910317,
          "n95_mean": 27.0,
          "top5_mean": 0.47760847210884094,
          "n_trials": 3
        },
        "64": {
          "n90_mean": 25.666666666666668,
          "n90_std": 0.4714045207910317,
          "n95_mean": 33.0,
          "top5_mean": 0.45521602034568787,
          "n_trials": 3
        }
      }
    },
    {
      "layer": 18,
      "n_words": 64,
      "n_pairs": 2016,
      "n90_dg_full": 37,
      "n95_dg_full": 47,
      "n90_du_full": 38,
      "n95_du_full": 48,
      "top5_var_dg": 0.4359811842441559,
      "top5_var_du": 0.40809643268585205,
      "dg_convergence": {
        "16": {
          "n90_mean": 9.666666666666666,
          "n90_std": 0.4714045207910317,
          "n95_mean": 11.666666666666666,
          "top5_mean": 0.7092538277308146,
          "n_trials": 3
        },
        "24": {
          "n90_mean": 14.0,
          "n90_std": 0.0,
          "n95_mean": 17.0,