{
  "experiment": "exp4_semantic_consistency",
  "model": "qwen3",
  "n_words": 64,
  "timestamp": "2026-04-29T22:04:10.817230",
  "layer_results": [
    {
      "layer": 0,
      "cat_consistency": {
        "animal": {
          "n_words": 8,
          "mean_intra_cos": 0.9467103609016964
        },
        "food": {
          "n_words": 8,
          "mean_intra_cos": 0.9563276554856982
        },
        "tool": {
          "n_words": 8,
          "mean_intra_cos": 0.9322171019656318
        },
        "vehicle": {
          "n_words": 8,
          "mean_intra_cos": 0.9583457176174436
        },
        "clothing": {
          "n_words": 8,
          "mean_intra_cos": 0.9442594945430756
        },
        "weather": {
          "n_words": 8,
          "mean_intra_cos": 0.9562113497938428
        },
        "emotion": {
          "n_words": 8,
          "mean_intra_cos": 0.9018816926649639
        },
        "building": {
          "n_words": 8,
          "mean_intra_cos": 0.955311079110418
        }
      },
      "inter_cat_mean_cos": 0.9764000007084438,
      "n_categories": 8
    },
    {
      "layer": 6,
      "cat_consistency": {
        "animal": {
          "n_words": 8,
          "mean_intra_cos": 0.861172188605581
        },
        "food": {
          "n_words": 8,
          "mean_intra_cos": 0.8487898920263562
        },
        "tool": {
          "n_words": 8,
          "mean_intra_cos": 0.7943419728960309
        },
        "vehicle": {
          "n_words": 8,
          "mean_intra_cos": 0.8656690035547528
        },
        "clothing": {
          "n_words": 8,
          "mean_intra_cos": 0.8556670674255916
        },
        "weather": {
          "n_words": 8,
          "mean_intra_cos": 0.8266458617789405
        },
        "emotion": {
          "n_words": 8,
          "mean_intra_cos": 0.7646741079432624
        },
        "building": {
          "n_words": 8,
          "mean_intra_cos": 0.8897041124956948
        }
      },
      "inter_cat_mean_cos": 0.8428160165037427,
      "n_categories": 8
    },
    {
      "layer": 12,
      "cat_consistency": {
        "animal": {
          "n_words": 8,
          "mean_intra_cos": 0.7872954181262425
        },
        "food": {
          "n_words": 8,
          "mean_intra_cos": 0.662475589130606
        },
        "tool": {
          "n_words": 8,
          "mean_intra_cos": 0.6611819267272949
        },
        "vehicle": {
          "n_words": 8,
          "mean_intra_cos": 0.628999932536057
        },
        "clothing": {
          "n_words": 8,
          "mean_intra_cos": 0.6497578471899033
        },
        "weather": {
          "n_words": 8,
          "mean_intra_cos": 0.6105041546480996
        },
        "emotion": {
          "n_words": 8,
          "mean_intra_cos": 0.5081070863774845
        },
        "building": {
          "n_words": 8,
          "mean_intra_cos": 0.7041351412023816
        }
      },
      "inter_cat_mean_cos": 0.6738590502313205,
      "n_categories": 8
    },
    {
      "layer": 18,
      "cat_consistency": {
        "animal": {
          "n_words": 8,
          "mean_intra_cos": 0.8003142837967191
        },
        "food": {
          "n_words": 8,
          "mean_intra_cos": 0.784409088747842
        },
        "tool": {
          "n_words": 8,
          "mean_intra_cos": 0.7299563735723495
        },
        "vehicle": {
          "n_words": 8,
          "mean_intra_cos": 0.6519786289760044
        },
        "clothing": {
          "n_words": 8,
          "mean_intra_cos": 0.7385299131274223
        },
        "weather": {
          "n_words": 8,
          "mean_intra_cos": 0.7468813721622739
        },
        "emotion": {
          "n_words": 8,
          "mean_intra_cos": 0.7163445332220623
        },
        "building": {
          "n_words": 8,
          "mean_intra_cos": 0.8192585344825473
        }
      },
      "inter_cat_mean_cos": 0.80745587178639,
      "n_categories": 8
    },
    {
      "layer": 24,
      "cat_consistency": {
        "animal": {
          "n_words": 8,
          "mean_intra_cos": 0.8859208204916545
        },
        "food": {
          "n_words": 8,
          "mean_intra_cos": 0.8876481034926006
        },
        "tool": {
          "n_words": 8,
          "mean_intra_cos": 0.8720841854810715
        },
        "vehicle": {
          "n_words": 8,
          "mean_intra_cos": 0.8059788005692619
        },
        "clothing": {
          "n_words": 8,
          "mean_intra_cos": 0.8313292286225727
        },
        "weather": {
          "n_words": 8,
          "mean_intra_cos": 0.870412432721683
        },
        "emotion": {
          "n_words": 8,
          "mean_intra_cos": 0.8194185963698796
        },
        "building": {
          "n_words": 8,
          "mean_intra_cos": 0.8906897114855903
        }
      },
      "inter_cat_mean_cos": 0.8636485678809029,
      "n_categories": 8
    },
    {
      "layer": 30,
      "cat_consistency": {
        "animal": {
          "n_words": 8,
          "mean_intra_cos": 0.8586442875010627
        },
        "food": {
          "n_words": 8,
          "mean_intra_cos": 0.8466932816164834
        },
        "tool": {
          "n_words": 8,
          "mean_intra_cos": 0.9106073400803975
        },
        "vehicle": {
          "n_words": 8,
          "mean_intra_cos": 0.8140508128064019
        },
        "clothing": {
          "n_words": 8,
          "mean_intra_cos": 0.8499482699802944
        },
        "weather": {
          "n_words": 8,
          "mean_intra_cos": 0.8602836408785411
        },
        "emotion": {
          "n_words": 8,
          "mean_intra_cos": 0.8962304528270449
        },
        "building": {
          "n_words": 8,
          "mean_intra_cos": 0.8948745025055749
        }
      },
      "inter_cat_mean_cos": 0.8758669878755297,
      "n_categories": 8
    },
    {
      "layer": 35,
      "cat_consistency": {
        "animal": {
          "n_words": 8,
          "mean_intra_cos": 0.9722942880221775
        },
        "food": {
          "n_words": 8,
          "mean_intra_cos": 0.9739168052162442
        },
        "tool": {
          "n_words": 8,
          "mean_intra_cos": 0.9854891342776162
        },
        "vehicle": {
          "n_words": 8,
          "mean_intra_cos": 0.9663717235837664
        },
        "clothing": {
          "n_words": 8,
          "mean_intra_cos": 0.9757366499730519
        },
        "weather": {
          "n_words": 8,
          "mean_intra_cos": 0.9758015381438392
        },
        "emotion": {
          "n_words": 8,
          "mean_intra_cos": 0.9790908885853631
        },
        "building": {
          "n_words": 8,
          "mean_intra_cos": 0.9752386148486819
        }
      },
      "inter_cat_mean_cos": 0.9817752476249423,
      "n_categories": 8
    }
  ]
}