{
  "model": "DeepSeek-R1-Distill-Qwen-7B",
  "results": {
    "3": {
      "layer": 3,
      "features": {
        "tense": {
          "mean_curvature": 0.2191573615682241,
          "mean_dir_norm": 19.863779067993164,
          "curvatures": [
            0.1360943835822404,
            0.19251198797100338,
            0.1505279877727209,
            0.3974950869469317
          ],
          "alignment_ratio": 0.9925377405821314
        },
        "question": {
          "mean_curvature": 0.2462433272814832,
          "mean_dir_norm": 22.030508041381836,
          "curvatures": [
            0.154895104983476,
            0.23763105183801284,
            0.2008152399070577,
            0.39163191239738626
          ],
          "alignment_ratio": 1.1152068721054833
        },
        "number": {
          "mean_curvature": 0.26015459395333523,
          "mean_dir_norm": 23.97800064086914,
          "curvatures": [
            0.23316325986443803,
            0.2283489782422092,
            0.27065263762020497,
            0.3084535000864887
          ],
          "alignment_ratio": 1.1782093516585932
        }
      },
      "random_curvatures": [
        0.20055237773406884,
        0.2400018848745952,
        0.2296805582585639,
        0.21555951266493825,
        0.20721492521294096,
        0.19954999854417999,
        0.21912059298423708,
        0.22153276289804846,
        0.2377684330973405,
        0.2370696152649522
      ],
      "mean_random_curvature": 0.22080506615338652
    },
    "7": {
      "layer": 7,
      "features": {
        "tense": {
          "mean_curvature": 0.15185390594570408,
          "mean_dir_norm": 38.85279083251953,
          "curvatures": [
            0.1172286043510286,
            0.17068832488760088,
            0.1290587299681439,
            0.19043996457604295
          ],
          "alignment_ratio": 1.0706042042823603
        },
        "question": {
          "mean_curvature": 0.15501837386467954,
          "mean_dir_norm": 46.920875549316406,
          "curvatures": [
            0.10560850642417476,
            0.18927764918593737,
            0.1262012297077712,
            0.19898611014083478
          ],
          "alignment_ratio": 1.0929144151213435
        },
        "number": {
          "mean_curvature": 0.16707747460831143,
          "mean_dir_norm": 41.16707229614258,
          "curvatures": [
            0.10627780096754665,
            0.18041422331292367,
            0.20399825858103832,
            0.17761961557173714
          ],
          "alignment_ratio": 1.1779337886803816
        }
      },
      "random_curvatures": [
        0.1393670413928961,
        0.1402982817249639,
        0.14370227542738306,
        0.13949574449365,
        0.14312689297223868,
        0.14552189805727883,
        0.1371900711579732,
        0.14199995711088714,
        0.14410697992224883,
        0.14358530483153445
      ],
      "mean_random_curvature": 0.14183944470910542
    },
    "14": {
      "layer": 14,
      "features": {
        "tense": {
          "mean_curvature": 0.05810162831539245,
          "mean_dir_norm": 65.23475646972656,
          "curvatures": [
            0.04290058526176246,
            0.06558082546650354,
            0.053571795227616376,
            0.07035330730568742
          ],
          "alignment_ratio": 1.1354607327988488
        },
        "question": {
          "mean_curvature": 0.058186249669956065,
          "mean_dir_norm": 93.46312713623047,
          "curvatures": [
            0.04273542211531582,
            0.06667258598309413,
            0.05178027899921686,
            0.07155671158219745
          ],
          "alignment_ratio": 1.1371144596916936
        },
        "number": {
          "mean_curvature": 0.061542880517408693,
          "mean_dir_norm": 78.07182312011719,
          "curvatures": [
            0.04391538876386499,
            0.06479517463713191,
            0.07225267770250132,
            0.06520828096613653
          ],
          "alignment_ratio": 1.202711976186323
        }
      },
      "random_curvatures": [
        0.05266919591303128,
        0.05145292733053408,
        0.051228063985688715,
        0.05168672680074707,
        0.05014791973190639,
        0.05226516110447824,
        0.05116570605922755,
        0.05033327905824839,
        0.05013792470328591,
        0.0506139980700003
      ],
      "mean_random_curvature": 0.0511700902757148
    },
    "21": {
      "layer": 21,
      "features": {
        "tense": {
          "mean_curvature": 0.02304460016987364,
          "mean_dir_norm": 125.62811279296875,
          "curvatures": [
            0.019046355588478163,
            0.024087775614277256,
            0.021394713399714035,
            0.02764955607702511
          ],
          "alignment_ratio": 0.9669841245226625
        },
        "question": {
          "mean_curvature": 0.02306475647001791,
          "mean_dir_norm": 195.50559997558594,
          "curvatures": [
            0.020130789826641255,
            0.02489864080312758,
            0.02027447964322911,
            0.02695511560707368
          ],
          "alignment_ratio": 0.9678299114794742
        },
        "number": {
          "mean_curvature": 0.023836540271948994,
          "mean_dir_norm": 145.16603088378906,
          "curvatures": [
            0.021250499069407795,
            0.023829042290904934,
            0.02716794177895801,
            0.02309867794852525
          ],
          "alignment_ratio": 1.000215055006796
        }
      },
      "random_curvatures": [
        0.02353774950486043,
        0.023816522866532377,
        0.024134085591515364,
        0.024594094329965347,
        0.023336419365755937,
        0.02385087434000113,
        0.023518307699569474,
        0.023993482745355548,
        0.024189576261593463,
        0.02334303836274831
      ],
      "mean_random_curvature": 0.02383141510678974
    },
    "26": {
      "layer": 26,
      "features": {
        "tense": {
          "mean_curvature": 0.005523459426521363,
          "mean_dir_norm": 272.27911376953125,
          "curvatures": [
            0.00599018919737052,
            0.00564089443176236,
            0.004993071048533557,
            0.005469683028419012
          ],
          "alignment_ratio": 0.7641540903720752
        },
        "question": {
          "mean_curvature": 0.005763133984465036,
          "mean_dir_norm": 404.18267822265625,
          "curvatures": [
            0.006561318137140774,
            0.00542512766103033,
            0.005307086337726356,
            0.005759003801962681
          ],
          "alignment_ratio": 0.7973123485700759
        },
        "number": {
          "mean_curvature": 0.005597526800615142,
          "mean_dir_norm": 309.5389099121094,
          "curvatures": [
            0.006349624201330928,
            0.0053296834076487,
            0.005604564695181991,
            0.005106234898298952
          ],
          "alignment_ratio": 0.7744010900341195
        }
      },
      "random_curvatures": [
        0.007275156097215917,
        0.007132615402804777,
        0.00708625666157904,
        0.0072972297439694404,
        0.007376195394712935,
        0.007195692600853392,
        0.007420991147598011,
        0.007125828573678915,
        0.007108689629935905,
        0.007263354615799079
      ],
      "mean_random_curvature": 0.007228200986814741
    }
  }
}