{
  "tense": {
    "5": {
      "feat_linear_range": 0.005,
      "rand_linear_range_mean": 0.005222222222222224,
      "rand_linear_range_std": 0.001030402055055078,
      "lr_ratio": 0.957446808510638,
      "n_rand": 45
    },
    "15": {
      "feat_linear_range": 0.005,
      "rand_linear_range_mean": 0.005000000000000001,
      "rand_linear_range_std": 8.673617379884035e-19,
      "lr_ratio": 0.9999999999999998,
      "n_rand": 45
    },
    "24": {
      "feat_linear_range": 0.005,
      "rand_linear_range_mean": 0.005000000000000001,
      "rand_linear_range_std": 8.673617379884035e-19,
      "lr_ratio": 0.9999999999999998,
      "n_rand": 45
    },
    "34": {
      "feat_linear_range": 0.006666666666666667,
      "rand_linear_range_mean": 0.005222222222222224,
      "rand_linear_range_std": 0.001030402055055078,
      "lr_ratio": 1.276595744680851,
      "n_rand": 45
    }
  },
  "question": {
    "5": {
      "feat_linear_range": 0.005,
      "rand_linear_range_mean": 0.005000000000000001,
      "rand_linear_range_std": 8.673617379884035e-19,
      "lr_ratio": 0.9999999999999998,
      "n_rand": 45
    },
    "15": {
      "feat_linear_range": 0.005,
      "rand_linear_range_mean": 0.005000000000000001,
      "rand_linear_range_std": 8.673617379884035e-19,
      "lr_ratio": 0.9999999999999998,
      "n_rand": 45
    },
    "24": {
      "feat_linear_range": 0.005,
      "rand_linear_range_mean": 0.005111111111111112,
      "rand_linear_range_std": 0.000737027731190089,
      "lr_ratio": 0.9782608695652172,
      "n_rand": 45
    },
    "34": {
      "feat_linear_range": 0.005,
      "rand_linear_range_mean": 0.005222222222222224,
      "rand_linear_range_std": 0.001030402055055078,
      "lr_ratio": 0.957446808510638,
      "n_rand": 45
    }
  }
}