{
  "tense": {
    "5": {
      "feat_hess": 270.5110039421158,
      "feat_linear": 12.354166666666666,
      "rand_hess_mean": 312.98813173746925,
      "rand_hess_std": 109.7321161810378,
      "rand_linear_mean": 15.598611111111111,
      "hess_ratio": 0.864285180528881,
      "feat_rel_curv": 22.473686139509322,
      "rand_rel_curv": 6.080348710241776
    },
    "15": {
      "feat_hess": 117.09932473113959,
      "feat_linear": 18.4375,
      "rand_hess_mean": 92.34220353287809,
      "rand_hess_std": 27.88321380943148,
      "rand_linear_mean": 16.069444444444443,
      "hess_ratio": 1.2681019106225555,
      "feat_rel_curv": 6.356366093762592,
      "rand_rel_curv": 3.1273633587496734
    },
    "24": {
      "feat_hess": 14.278980171802644,
      "feat_linear": 17.0625,
      "rand_hess_mean": 15.413940607935722,
      "rand_hess_std": 7.175456367360055,
      "rand_linear_mean": 18.619444444444444,
      "hess_ratio": 0.9263679246597879,
      "feat_rel_curv": 0.8908720021366908,
      "rand_rel_curv": 1.0797673506772278
    },
    "34": {
      "feat_hess": 0.4037464603997303,
      "feat_linear": 13.375,
      "rand_hess_mean": 0.4471056457943798,
      "rand_hess_std": 0.13713919855122925,
      "rand_linear_mean": 16.625,
      "hess_ratio": 0.9030225053015992,
      "feat_rel_curv": 0.02982447663304423,
      "rand_rel_curv": 0.15834520220003373
    }
  },
  "question": {
    "5": {
      "feat_hess": 260.5338578572801,
      "feat_linear": 15.145833333333334,
      "rand_hess_mean": 312.54848006740707,
      "rand_hess_std": 103.96822939667182,
      "rand_linear_mean": 16.656944444444445,
      "hess_ratio": 0.8335790268475821,
      "feat_rel_curv": 18.26913738980902,
      "rand_rel_curv": 5.657193200821871
    },
    "15": {
      "feat_hess": 89.91087397821423,
      "feat_linear": 16.6875,
      "rand_hess_mean": 100.57242165304966,
      "rand_hess_std": 44.52182619619744,
      "rand_linear_mean": 16.92222222222222,
      "hess_ratio": 0.8939913397768707,
      "feat_rel_curv": 5.4820908027746675,
      "rand_rel_curv": 3.1444774468014347
    },
    "24": {
      "feat_hess": 18.56255924064409,
      "feat_linear": 26.958333333333332,
      "rand_hess_mean": 14.760658052123839,
      "rand_hess_std": 5.130082915800253,
      "rand_linear_mean": 18.565277777777776,
      "hess_ratio": 1.2575698979743803,
      "feat_rel_curv": 0.7241457143274683,
      "rand_rel_curv": 1.0570839819180755
    },
    "34": {
      "feat_hess": 0.43378831699781517,
      "feat_linear": 23.666666666666668,
      "rand_hess_mean": 0.42974346801799973,
      "rand_hess_std": 0.13830575568182463,
      "rand_linear_mean": 15.805555555555555,
      "hess_ratio": 1.0094122407455557,
      "feat_rel_curv": 0.01962336886090076,
      "rand_rel_curv": 0.15775099864560016
    }
  }
}