{
  "0": {
    "mean_norm": 0.6971035003662109,
    "total_var": 0.00010211691551376134,
    "var_per_dim_mean": 0.00010211691551376134,
    "var_per_dim_max": 0.0049195317551493645,
    "var_per_dim_min": 3.8512367609655485e-05,
    "avg_kurtosis": 1.5116856837272643,
    "avg_skewness": 0.05281000956892967
  },
  "1": {
    "mean_norm": 0.9890899658203125,
    "total_var": 0.00018897016707342118,
    "var_per_dim_mean": 0.00018897016707342118,
    "var_per_dim_max": 0.017849968746304512,
    "var_per_dim_min": 5.8821278798859566e-05,
    "avg_kurtosis": 0.37659458875656127,
    "avg_skewness": 0.013777651824057102
  },
  "2": {
    "mean_norm": 1.300620436668396,
    "total_var": 0.0003095300926361233,
    "var_per_dim_mean": 0.0003095300926361233,
    "var_per_dim_max": 0.014432535506784916,
    "var_per_dim_min": 8.690860704518855e-05,
    "avg_kurtosis": 0.11409449577331543,
    "avg_skewness": -0.01339731365442276
  },
  "3": {
    "mean_norm": 1.6915068626403809,
    "total_var": 0.0004790323437191546,
    "var_per_dim_mean": 0.0004790323437191546,
    "var_per_dim_max": 0.08124110847711563,
    "var_per_dim_min": 3.3383625122951344e-05,
    "avg_kurtosis": 0.12104218482971191,
    "avg_skewness": -0.00466733705252409
  },
  "4": {
    "mean_norm": 2.1613686084747314,
    "total_var": 0.0007427117088809609,
    "var_per_dim_mean": 0.0007427117088809609,
    "var_per_dim_max": 0.10622674971818924,
    "var_per_dim_min": 0.00017135011148639023,
    "avg_kurtosis": 0.13116185903549193,
    "avg_skewness": 0.00650468934327364
  },
  "5": {
    "mean_norm": 2.436378002166748,
    "total_var": 0.0009843811858445406,
    "var_per_dim_mean": 0.0009843811858445406,
    "var_per_dim_max": 0.0723559707403183,
    "var_per_dim_min": 0.0003082749608438462,
    "avg_kurtosis": 0.047664177417755124,
    "avg_skewness": 0.009338791482150555
  },
  "10": {
    "mean_norm": 4.954709053039551,
    "total_var": 0.0038338112644851208,
    "var_per_dim_mean": 0.0038338112644851208,
    "var_per_dim_max": 0.17477774620056152,
    "var_per_dim_min": 0.0013292258372530341,
    "avg_kurtosis": 0.11471415519714355,
    "avg_skewness": -0.007164280395954847
  },
  "15": {
    "mean_norm": 7.145972728729248,
    "total_var": 0.006485169753432274,
    "var_per_dim_mean": 0.006485169753432274,
    "var_per_dim_max": 0.17038385570049286,
    "var_per_dim_min": 0.0019869038369506598,
    "avg_kurtosis": 0.1525641393661499,
    "avg_skewness": -0.0027374362107366323
  },
  "20": {
    "mean_norm": 11.53780460357666,
    "total_var": 0.015368860214948654,
    "var_per_dim_mean": 0.015368860214948654,
    "var_per_dim_max": 0.7297332286834717,
    "var_per_dim_min": 0.004085445310920477,
    "avg_kurtosis": 0.028292844295501707,
    "avg_skewness": -0.015191313810646534
  },
  "25": {
    "mean_norm": 33.090675354003906,
    "total_var": 0.12395983189344406,
    "var_per_dim_mean": 0.12395983189344406,
    "var_per_dim_max": 3.9205212593078613,
    "var_per_dim_min": 0.04779040813446045,
    "avg_kurtosis": 0.06346767902374267,
    "avg_skewness": -0.006426366977393627
  },
  "30": {
    "mean_norm": 66.17184448242188,
    "total_var": 0.43045657873153687,
    "var_per_dim_mean": 0.43045657873153687,
    "var_per_dim_max": 16.35236358642578,
    "var_per_dim_min": 0.20691955089569092,
    "avg_kurtosis": 0.1133695387840271,
    "avg_skewness": 0.00403525959700346
  },
  "35": {
    "mean_norm": 100.11334228515625,
    "total_var": 0.7946053743362427,
    "var_per_dim_mean": 0.7946053743362427,
    "var_per_dim_max": 88.17237854003906,
    "var_per_dim_min": 0.1920260637998581,
    "avg_kurtosis": 0.37694583892822264,
    "avg_skewness": 0.005246064160019159
  },
  "39": {
    "mean_norm": 242.02821350097656,
    "total_var": 5.303483963012695,
    "var_per_dim_mean": 5.303483963012695,
    "var_per_dim_max": 1165.470458984375,
    "var_per_dim_min": 1.9710216522216797,
    "avg_kurtosis": 0.11390534877777099,
    "avg_skewness": 0.02750854194164276
  }
}