{
  "L0_input_ln": {
    "top20_dims": [
      3227,
      1380,
      3005,
      435,
      2740,
      172,
      2560,
      3046,
      178,
      2354,
      3269,
      2892,
      328,
      68,
      947,
      3704,
      2648,
      3864,
      4004,
      3414
    ],
    "top20_weights": [
      1.0234375,
      0.875,
      0.828125,
      0.796875,
      0.79296875,
      0.77734375,
      0.765625,
      0.7109375,
      0.69140625,
      0.6640625,
      0.66015625,
      0.6171875,
      0.609375,
      0.60546875,
      0.60546875,
      0.59765625,
      0.58984375,
      0.5859375,
      0.5546875,
      0.5546875
    ],
    "bottom20_dims": [
      1901,
      1829,
      3824,
      516,
      1663,
      545,
      499,
      3579,
      1691,
      2578,
      2388,
      3479,
      3295,
      2126,
      2488,
      1864,
      2630,
      3696,
      810,
      1810
    ],
    "bottom20_weights": [
      -0.03857421875,
      -0.037109375,
      -0.035888671875,
      -0.035888671875,
      -0.031982421875,
      -0.031005859375,
      -0.01953125,
      -0.0172119140625,
      -0.0162353515625,
      -0.01611328125,
      -0.01611328125,
      -0.013916015625,
      -0.0135498046875,
      -0.0135498046875,
      -0.01348876953125,
      -0.013427734375,
      -0.01336669921875,
      -0.0128173828125,
      -0.01275634765625,
      -0.0125732421875
    ],
    "mean": 0.011747232638299465,
    "std": 0.06790978461503983
  },
  "L0_post_attn_ln": {
    "top20_dims": [
      435,
      3529,
      1941,
      1111,
      1901,
      495,
      2405,
      701,
      1737,
      2650,
      839,
      297,
      1540,
      2648,
      1230,
      2807,
      1473,
      3340,
      532,
      469
    ],
    "top20_weights": [
      1.234375,
      1.015625,
      0.98828125,
      0.9296875,
      0.87109375,
      0.8515625,
      0.7890625,
      0.7421875,
      0.70703125,
      0.6953125,
      0.68359375,
      0.68359375,
      0.6796875,
      0.62890625,
      0.61328125,
      0.61328125,
      0.60546875,
      0.58203125,
      0.57421875,
      0.5703125
    ],
    "bottom20_dims": [
      1376,
      2319,
      3780,
      3542,
      3704,
      2488,
      787,
      1829,
      3576,
      2207,
      2203,
      429,
      1284,
      3429,
      2493,
      2509,
      3974,
      1195,
      1296,
      3773
    ],
    "bottom20_weights": [
      -0.000362396240234375,
      -0.00013637542724609375,
      0.0007476806640625,
      0.115234375,
      0.146484375,
      0.1611328125,
      0.18359375,
      0.1865234375,
      0.189453125,
      0.1904296875,
      0.1904296875,
      0.19140625,
      0.19140625,
      0.19140625,
      0.1923828125,
      0.1923828125,
      0.1923828125,
      0.1923828125,
      0.1923828125,
      0.1923828125
    ],
    "mean": 0.20530039072036743,
    "std": 0.05145219713449478
  },
  "L1_input_ln": {
    "top20_dims": [
      1494,
      2488,
      3576,
      296,
      2434,
      3518,
      2691,
      1076,
      3834,
      1685,
      1583,
      2269,
      2698,
      1587,
      3626,
      1909,
      1856,
      3531,
      517,
      3458
    ],
    "top20_weights": [
      1.3046875,
      1.296875,
      1.2890625,
      1.265625,
      1.2265625,
      1.21875,
      1.21875,
      1.1953125,
      1.171875,
      1.1484375,
      1.140625,
      1.1328125,
      1.1328125,
      1.1328125,
      1.1171875,
      1.109375,
      1.1015625,
      1.0859375,
      1.078125,
      1.078125
    ],
    "bottom20_dims": [
      2319,
      455,
      1064,
      1708,
      3892,
      2702,
      2325,
      891,
      3009,
      1154,
      1495,
      1589,
      3463,
      153,
      1210,
      2967,
      948,
      599,
      3939,
      171
    ],
    "bottom20_weights": [
      -0.010009765625,
      7.927417755126953e-06,
      0.02734375,
      0.031982421875,
      0.033447265625,
      0.03564453125,
      0.039306640625,
      0.03955078125,
      0.041015625,
      0.0419921875,
      0.04248046875,
      0.04248046875,
      0.042724609375,
      0.04296875,
      0.043212890625,
      0.0439453125,
      0.044189453125,
      0.045166015625,
      0.045166015625,
      0.045166015625
    ],
    "mean": 0.13734644651412964,
    "std": 0.13840870559215546
  },
  "L1_post_attn_ln": {
    "top20_dims": [
      3542,
      3626,
      3704,
      2434,
      1076,
      1259,
      3570,
      17,
      1085,
      1587,
      1866,
      1200,
      2663,
      3603,
      1941,
      1295,
      2774,
      2941,
      527,
      1449
    ],
    "top20_weights": [
      0.57421875,
      0.5703125,
      0.55078125,
      0.41015625,
      0.341796875,
      0.318359375,
      0.306640625,
      0.298828125,
      0.294921875,
      0.291015625,
      0.287109375,
      0.28515625,
      0.28515625,
      0.279296875,
      0.27734375,
      0.27734375,
      0.27734375,
      0.27734375,
      0.27734375,
      0.275390625
    ],
    "bottom20_dims": [
      2319,
      3780,
      1685,
      1376,
      1829,
      2488,
      571,
      3579,
      1153,
      3796,
      2272,
      606,
      499,
      2510,
      3261,
      2749,
      1862,
      2928,
      1682,
      1110
    ],
    "bottom20_weights": [
      -0.0002956390380859375,
      -0.0002765655517578125,
      0.024658203125,
      0.05517578125,
      0.057861328125,
      0.060546875,
      0.0703125,
      0.07080078125,
      0.08740234375,
      0.08984375,
      0.09033203125,
      0.099609375,
      0.1005859375,
      0.10400390625,
      0.10693359375,
      0.10791015625,
      0.1083984375,
      0.1083984375,
      0.10986328125,
      0.111328125
    ],
    "mean": 0.24515876173973083,
    "std": 0.02636152133345604
  },
  "L2_input_ln": {
    "top20_dims": [
      2488,
      3576,
      3274,
      517,
      3405,
      455,
      296,
      928,
      3360,
      3838,
      1941,
      2207,
      232,
      925,
      3796,
      3376,
      220,
      2015,
      787,
      3685
    ],
    "top20_weights": [
      1.4375,
      1.328125,
      1.2578125,
      1.1328125,
      1.046875,
      0.9140625,
      0.90625,
      0.83203125,
      0.8203125,
      0.78515625,
      0.77734375,
      0.7734375,
      0.7421875,
      0.73828125,
      0.73828125,
      0.73046875,
      0.7265625,
      0.7109375,
      0.70703125,
      0.70703125
    ],
    "bottom20_dims": [
      2319,
      3780,
      17,
      2930,
      171,
      1444,
      909,
      1634,
      3880,
      3707,
      1121,
      1095,
      1511,
      246,
      1370,
      1457,
      1196,
      3313,
      2494,
      2878
    ],
    "bottom20_weights": [
      0.049560546875,
      0.1357421875,
      0.1474609375,
      0.2119140625,
      0.212890625,
      0.21484375,
      0.2158203125,
      0.216796875,
      0.21875,
      0.2197265625,
      0.2197265625,
      0.220703125,
      0.2216796875,
      0.22265625,
      0.2236328125,
      0.224609375,
      0.2265625,
      0.2265625,
      0.2265625,
      0.2275390625
    ],
    "mean": 0.32878631353378296,
    "std": 0.0862821489572525
  },
  "L2_post_attn_ln": {
    "top20_dims": [
      3626,
      3542,
      3704,
      2434,
      3274,
      17,
      1259,
      1685,
      1076,
      3116,
      3774,
      2078,
      3059,
      2579,
      2733,
      3570,
      3350,
      2663,
      93,
      3619
    ],
    "top20_weights": [
      0.81640625,
      0.54296875,
      0.45703125,
      0.4453125,
      0.380859375,
      0.37890625,
      0.353515625,
      0.34375,
      0.330078125,
      0.3203125,
      0.3203125,
      0.31640625,
      0.314453125,
      0.3125,
      0.3125,
      0.3125,
      0.3125,
      0.3125,
      0.3125,
      0.310546875
    ],