{
  "model": "Qwen3-4B",
  "spiral_type": "\u9ad8\u7ef4\u7a7a\u95f4\u66f2\u7ebf(\u524d3PC=47%)",
  "s2_ratio": 0.3767034411430359,
  "s3_ratio": 0.4694215655326843,
  "total_rotation_deg": 114.5686264038086,
  "total_rotation_turns": 0.3182461844550239,
  "radius_cv": 0.23690012603794366,
  "singular_values_pc1": [
    3.2475171089172363,
    1.7247240543365479,
    1.223819375038147,
    1.0039902925491333,
    0.9411405324935913,
    0.6832484006881714,
    0.5548173785209656,
    0.5085586905479431,
    0.44080591201782227,
    0.39953815937042236
  ],
  "singular_values_pc2": [
    2.7682459354400635,
    1.9350030422210693,
    1.3406305313110352,
    1.16600501537323,
    0.9862948656082153
  ],
  "singular_values_pc3": [
    2.5932154655456543,
    1.8866630792617798,
    1.3854854106903076,
    1.1678541898727417,
    1.0312309265136719
  ],
  "rotation_early": 0.8690974097155132,
  "rotation_mid": 0.9549797968133662,
  "rotation_late": 0.8571660924272719,
  "axis_svd0_cos": 0.009832496754825115,
  "plane_svd0_cos_max": 0.016124404966831207
}