{
  "model": "Qwen3-4B",
  "feat_spiral": {
    "tense": {
      "s2": 0.24495451152324677,
      "s3": 0.331000953912735,
      "total_angle": -271.02665424346924,
      "turns": -0.7528518173429701,
      "r_sq": 0.17936987972739382,
      "spiral_type": "\u9ad8\u7ef4\u66f2\u7ebf",
      "radius_cv": 0.29269677694682567
    },
    "polarity": {
      "s2": 0.36315837502479553,
      "s3": 0.4494066834449768,
      "total_angle": 695.8436431884766,
      "turns": 1.9328990088568794,
      "r_sq": 0.8178717224375989,
      "spiral_type": "\u9ad8\u7ef4\u66f2\u7ebf",
      "radius_cv": 0.22614986841173584
    },
    "voice": {
      "s2": 0.3621600270271301,
      "s3": 0.4568708539009094,
      "total_angle": 145.49419784545898,
      "turns": 0.4041505495707194,
      "r_sq": 0.2759391405535059,
      "spiral_type": "\u9ad8\u7ef4\u66f2\u7ebf",
      "radius_cv": 0.2197074796292412
    },
    "semantic_valence": {
      "s2": 0.33955127000808716,
      "s3": 0.4286693334579468,
      "total_angle": 7.713343620300293,
      "turns": 0.021425954500834146,
      "r_sq": 0.02797779653046506,
      "spiral_type": "\u9ad8\u7ef4\u66f2\u7ebf",
      "radius_cv": 0.2860292237327971
    },
    "semantic_topic": {
      "s2": 0.33443397283554077,
      "s3": 0.4196995198726654,
      "total_angle": 90.48571538925171,
      "turns": 0.2513492094145881,
      "r_sq": 0.45177308787900916,
      "spiral_type": "\u9ad8\u7ef4\u66f2\u7ebf",
      "radius_cv": 0.3861473156906391
    }
  },
  "grand_mean_cos": 0.0915207788348198
}