{
  "experiment": "P620",
  "model": "deepseek7b",
  "phase_diff_mean": -0.00017522407870274037,
  "phase_diff_cv": 65.0384521484375,
  "r_phase_prop": 0.9787766933441162,
  "r_phase_reg": 0.9580037593841553,
  "phase_a": 0.9962956309318542,
  "phase_b": 0.005624294281005859,
  "cnr_mean": 1.387518048286438,
  "cnr_cv": 1.1630860567092896
}