{
  "experiment": "P624",
  "model": "deepseek7b",
  "r_sigmoid": 1.0,
  "r_sig_complex": 0.2590562701225281,
  "r_born": 0.3220692146825235,
  "r_sig_phase": 0.7492719292640686,
  "r_classical_only": 0.9814340822411133,
  "r_quantum": 0.37031884534684456,
  "r_class_phase": 0.9826400912272719,
  "r_full": 0.9837610374115436,
  "phase_contribution": 0.0012060089861586354,
  "quantum_contribution": 0.002326955170430356,
  "coefficients": {
    "gap": 0.20136049006433432,
    "complex_amp": -1.2323552057417064e-05,
    "complex_phase": -0.029584858271264145,
    "h_norm": 0.00013790537237971378,
    "amp_ratio": 0.004904050683665452,
    "cos_phase": -0.014033648624663142,
    "sin_phase": 0.04192393250911268
  }
}