{
  "experiment": "P619",
  "model": "deepseek7b",
  "r2i_mean": 1.5180883407592773,
  "r2i_cv": 1.5598400831222534,
  "norm_pres_mean": 1.5079331398010254,
  "r_amp_prob": 0.28606303143957895,
  "r_amp_gap": 0.2825578141937638,
  "r_phase_prob": 0.2275666002451113,
  "r_phase_gap": 0.24165279003660475,
  "r_re_gap": 0.9942726492881775,
  "r_im_gap": -0.404464453458786,
  "r_modulus_gap": 0.282557874917984,
  "r_combined_amp_phase": 0.16704208355547723
}