{
  "experiment": "P621",
  "model": "deepseek7b",
  "r_amp_c": -0.14021897008306258,
  "r_hnorm_signcorr": 0.2485358422331066,
  "r_delta_c": -0.09074003364818953,
  "top3_ratio": 0.294772388798764,
  "PR": 16.449888051536618,
  "top5_eigenvalues": [
    3.3507647266274145,
    2.8433575536944513,
    2.6490493836410547,
    2.191509500927983,
    2.027879302249593
  ]
}