{
  "experiment": "P623",
  "model": "deepseek7b",
  "r_groups": 0.9892414808273315,
  "r_with_int": 0.9899209141731262,
  "int_improvement": 0.0006794333457946777,
  "r_int12_prob": 0.5083528757095337,
  "r_int13_prob": 0.292192280292511,
  "r_int23_prob": 0.32861337065696716,
  "r_coherence_prob": -0.001409317464776915,
  "r_coherence_gap": 0.0036018792126324764
}