{
  "experiment": "P619",
  "model": "glm4",
  "r2i_mean": 1.1931352615356445,
  "r2i_cv": 0.12627829611301422,
  "norm_pres_mean": 1.1909472942352295,
  "r_amp_prob": -0.4847974968345626,
  "r_amp_gap": -0.5113980839302086,
  "r_phase_prob": 0.40584867291809623,
  "r_phase_gap": 0.30061338736191656,
  "r_re_gap": 0.9996814727783203,
  "r_im_gap": -0.21748106181621552,
  "r_modulus_gap": -0.5113980770111084,
  "r_combined_amp_phase": 0.30185197994442026
}