{
  "experiment": "P623",
  "model": "glm4",
  "r_groups": 0.9993722438812256,
  "r_with_int": 0.9993966221809387,
  "int_improvement": 2.4378299713134766e-05,
  "r_int12_prob": 0.21307793259620667,
  "r_int13_prob": 0.016649140045046806,
  "r_int23_prob": -0.12524579465389252,
  "r_coherence_prob": -0.27518659830093384,
  "r_coherence_gap": -0.2899191379547119
}