{
  "experiment": "P621",
  "model": "glm4",
  "r_amp_c": 0.2000363075092758,
  "r_hnorm_signcorr": -0.2875178363116157,
  "r_delta_c": 0.11314403458161872,
  "top3_ratio": 0.30375320632853203,
  "PR": 15.792123846877933,
  "top5_eigenvalues": [
    3.388402207012817,
    3.044797345392323,
    2.6793966374508202,
    2.336413136549195,
    2.24189920706661
  ]
}