{
  "experiment": "P622",
  "model": "glm4",
  "r_classical": 0.9996980428695679,
  "r_modulus_gap": -0.5108253359794617,
  "r_born_prob": -0.0022241991202082458,
  "r_cos2_prob": 0.05633013240429777,
  "r_sig_complex": -0.19771508872509003,
  "r_phase_weighted": 0.879618227481842,
  "best_model": "classical"
}