{
  "experiment": "P624",
  "model": "glm4",
  "r_sigmoid": 1.0,
  "r_sig_complex": -0.1978396624326706,
  "r_born": 0.002802482917297731,
  "r_sig_phase": 0.7787379026412964,
  "r_classical_only": 0.8758932485173178,
  "r_quantum": 0.7778911323008397,
  "r_class_phase": 0.8900554551200038,
  "r_full": 0.9374251946668959,
  "phase_contribution": 0.014162206602686078,
  "quantum_contribution": 0.06153194614957813,
  "coefficients": {
    "gap": 0.12172976980130583,
    "complex_amp": -0.004591159671828084,
    "complex_phase": 0.3157780039995296,
    "h_norm": 0.0008423653001889377,
    "amp_ratio": 0.13136859640708645,
    "cos_phase": -0.10981548400781496,
    "sin_phase": -0.3958251929502099
  }
}