{
  "experiment": "P619",
  "model": "qwen3",
  "r2i_mean": 1.1390845775604248,
  "r2i_cv": 0.0990145355463028,
  "norm_pres_mean": 1.1367781162261963,
  "r_amp_prob": 0.1561661304517415,
  "r_amp_gap": 0.07175948716125927,
  "r_phase_prob": 0.17675473400331537,
  "r_phase_gap": 0.1923821410642576,
  "r_re_gap": 0.9952261447906494,
  "r_im_gap": -0.07414470613002777,
  "r_modulus_gap": 0.071759432554245,
  "r_combined_amp_phase": 0.05548978866203025
}