{
  "experiment": "P620",
  "model": "qwen3",
  "phase_diff_mean": -0.003429328091442585,
  "phase_diff_cv": 17.373430252075195,
  "r_phase_prop": 0.5087648034095764,
  "r_phase_reg": 0.25884175300598145,
  "phase_a": 0.2920255661010742,
  "phase_b": 1.1000348329544067,
  "cnr_mean": 1.1340409517288208,
  "cnr_cv": 0.08085066080093384
}