{
  "experiment": "P623",
  "model": "qwen3",
  "r_groups": 0.9905748963356018,
  "r_with_int": 0.991147518157959,
  "int_improvement": 0.0005726218223571777,
  "r_int12_prob": -0.2662965655326843,
  "r_int13_prob": 0.05959358438849449,
  "r_int23_prob": 0.1564311385154724,
  "r_coherence_prob": -0.08031087788069163,
  "r_coherence_gap": -0.038029022402976315
}