{
  "experiment": "P621",
  "model": "qwen3",
  "r_amp_c": -0.04868997314143122,
  "r_hnorm_signcorr": 0.28696876133914534,
  "r_delta_c": 0.07704570260899317,
  "top3_ratio": 0.3005241436641095,
  "PR": 15.986146444907964,
  "top5_eigenvalues": [
    3.7022635262943067,
    2.7441060963212354,
    2.5693546873077397,
    2.292592799664427,
    2.114381122038217
  ]
}