{
  "experiment": "P622",
  "model": "qwen3",
  "r_classical": 0.9952261447906494,
  "r_modulus_gap": 0.071759432554245,
  "r_born_prob": -0.19766140396748397,
  "r_cos2_prob": -0.23089855844450763,
  "r_sig_complex": 0.2810565233230591,
  "r_phase_weighted": 0.5982915163040161,
  "best_model": "classical"
}