{
  "experiment": "P624",
  "model": "qwen3",
  "r_sigmoid": 1.0,
  "r_sig_complex": 0.2804420292377472,
  "r_born": -0.2025324652328263,
  "r_sig_phase": 0.5057445764541626,
  "r_classical_only": 0.9634166505666731,
  "r_quantum": 0.21621228144251914,
  "r_class_phase": 0.9778240671491392,
  "r_full": 0.9802725318604086,
  "phase_contribution": 0.014407416582466026,
  "quantum_contribution": 0.016855881293735497,
  "coefficients": {
    "gap": 0.17464888144393872,
    "complex_amp": 0.000290719801002653,
    "complex_phase": -0.08576850983847804,
    "h_norm": -0.00027651682962737736,
    "amp_ratio": -0.005546031013577565,
    "cos_phase": -0.05633041438205393,
    "sin_phase": 0.1322728176548843
  }
}