{
  "experiment": "exp1_delta_decomposition",
  "model": "glm4",
  "timestamp": "2026-04-28T13:43:44.769096",
  "layer_results": [
    {
      "layer": 0,
      "n_pairs": 276,
      "gate_frac": 0.10472562909126282,
      "up_frac": 0.9935302734375,
      "cross_frac": 0.02797955647110939,
      "mean_gate_norm": 0.019898848608136177,
      "mean_up_norm": 0.18577323853969574,
      "mean_cross_norm": 0.00562506727874279,
      "mean_total_norm": 0.1870482712984085,
      "mean_gate_cos": 0.7715726583332255,
      "mean_up_cos": 0.04304619308649031,
      "mean_cross_cos": -0.03260629214892633,
      "diff_gate_cos": 0.7759339403775003,
      "diff_up_cos": 0.04172985118236317,
      "diff_cross_cos": -0.04655681099649411,
      "same_gate_cos": 0.7558720429738363,
      "same_up_cos": 0.047785023941347995,
      "same_cross_cos": 0.01761557570231768
    },
    {
      "layer": 6,
      "n_pairs": 276,
      "gate_frac": 0.17283782362937927,
      "up_frac": 0.9519641995429993,
      "cross_frac": 0.21764536201953888,
      "mean_gate_norm": 0.2913517653942108,
      "mean_up_norm": 1.6034101247787476,
      "mean_cross_norm": 0.38029879331588745,
      "mean_total_norm": 1.687235951423645,
      "mean_gate_cos": 0.4380084907879,
      "mean_up_cos": 0.39074226868325385,
      "mean_cross_cos": -0.05720338432972009,
      "diff_gate_cos": 0.44534922749907885,
      "diff_up_cos": 0.392131170740834,
      "diff_cross_cos": -0.07286504925556343,
      "same_gate_cos": 0.4115818386276563,
      "same_up_cos": 0.38574222127596536,
      "same_cross_cos": -0.0008213905966840684
    },
    {
      "layer": 12,
      "n_pairs": 276,
      "gate_frac": 0.20617863535881042,
      "up_frac": 0.9185600876808167,
      "cross_frac": 0.27990517020225525,
      "mean_gate_norm": 0.5707843899726868,
      "mean_up_norm": 2.553226947784424,
      "mean_cross_norm": 0.8051417469978333,
      "mean_total_norm": 2.7889492511749268,
      "mean_gate_cos": 0.3530221747747366,
      "mean_up_cos": 0.3092826362969219,
      "mean_cross_cos": -0.012731665541387105,
      "diff_gate_cos": 0.3561391496547946,
      "diff_up_cos": 0.3075840600800735,
      "diff_cross_cos": -0.016915412668418464,
      "same_gate_cos": 0.3418010652065277,
      "same_up_cos": 0.31539751067757604,
      "same_cross_cos": 0.002329824115925779
    },
    {
      "layer": 18,
      "n_pairs": 276,
      "gate_frac": 0.23073923587799072,
      "up_frac": 0.9510647058486938,
      "cross_frac": 0.2459530532360077,
      "mean_gate_norm": 0.6693736910820007,
      "mean_up_norm": 2.7761411666870117,
      "mean_cross_norm": 0.7605272531509399,
      "mean_total_norm": 2.926645040512085,
      "mean_gate_cos": 0.3337984139612619,
      "mean_up_cos": 0.13664595863741377,
      "mean_cross_cos": -0.03540374778632489,
      "diff_gate_cos": 0.34054959813753766,
      "diff_up_cos": 0.13347705132845375,
      "diff_cross_cos": -0.04507710856341873,
      "same_gate_cos": 0.30949415092666943,
      "same_up_cos": 0.14805402494966985,
      "same_cross_cos": -0.0005796489887870849
    },
    {
      "layer": 24,
      "n_pairs": 276,
      "gate_frac": 0.3537670075893402,
      "up_frac": 0.8313562273979187,
      "cross_frac": 0.40577107667922974,
      "mean_gate_norm": 2.113520622253418,
      "mean_up_norm": 4.967455863952637,
      "mean_cross_norm": 2.4899158477783203,
      "mean_total_norm": 6.005494117736816,
      "mean_gate_cos": 0.439727672956128,
      "mean_up_cos": 0.23603543191068416,
      "mean_cross_cos": -0.03343233587561965,
      "diff_gate_cos": 0.4501554569988339,
      "diff_up_cos": 0.22840175191285433,
      "diff_cross_cos": -0.039135438861666004,
      "same_gate_cos": 0.40218765040238696,
      "same_up_cos": 0.2635166799028715,
      "same_cross_cos": -0.012901165125852761
    },
    {
      "layer": 30,
      "n_pairs": 276,
      "gate_frac": 0.3551625907421112,
      "up_frac": 0.8187437057495117,
      "cross_frac": 0.4207829535007477,
      "mean_gate_norm": 3.179818630218506,
      "mean_up_norm": 7.329957485198975,
      "mean_cross_norm": 3.8457868099212646,
      "mean_total_norm": 8.990391731262207,
      "mean_gate_cos": 0.29144921283359115,
      "mean_up_cos": 0.13704202140586963,
      "mean_cross_cos": -0.0006885954262147804,
      "diff_gate_cos": 0.2977733744515313,
      "diff_up_cos": 0.13365377530593564,
      "diff_cross_cos": 0.00455024175823416,
      "same_gate_cos": 0.2686822310090065,
      "same_up_cos": 0.14923970736563205,
      "same_cross_cos": -0.01954840929023097
    },
    {
      "layer": 36,
      "n_pairs": 276,
      "gate_frac": 0.4301682114601135,
      "up_frac": 0.7928522229194641,
      "cross_frac": 0.4635973870754242,
      "mean_gate_norm": 5.395083427429199,
      "mean_up_norm": 9.946913719177246,
      "mean_cross_norm": 5.932016372680664,
      "mean_total_norm": 12.61318588256836,
      "mean_gate_cos": 0.26341300922027533,
      "mean_up_cos": 0.041005228436783975,
      "mean_cross_cos": -0.014137697558499644,
      "diff_gate_cos": 0.2662191580705069,
      "diff_up_cos": 0.037320896169991034,
      "diff_cross_cos": -0.015051428020190846,
      "same_gate_cos": 0.25331087335944175,
      "same_up_cos": 0.054268824597238564,
      "same_cross_cos": -0.01084826789641132
    },
    {
      "layer": 39,
      "n_pairs": 276,
      "gate_frac": 0.48565155267715454,
      "up_frac": 0.7583568692207336,
      "cross_frac": 0.4077157974243164,
      "mean_gate_norm": 8.836858749389648,
      "mean_up_norm": 13.86327075958252,
      "mean_cross_norm": 7.589524269104004,
      "mean_total_norm": 18.341638565063477,
      "mean_gate_cos": 0.37378387131552765,
      "mean_up_cos": 0.3704930229679398,
      "mean_cross_cos": -0.01857585786880615,
      "diff_gate_cos": 0.37748321711465166,
      "diff_up_cos": 0.38273235272478173,
      "diff_cross_cos": -0.019786742709348566,
      "same_gate_cos": 0.36046622643868126,
      "same_up_cos": 0.32643143584330875,
      "same_cross_cos": -0.014216672442853451
    }
  ]
}