{
  "experiment": "exp3_gate_delta_dimensionality",
  "model": "glm4",
  "timestamp": "2026-04-28T13:48:54.586056",
  "layer_results": [
    {
      "layer": 0,
      "n_inter": 13696,
      "n_pairs": 496,
      "mean_nonzero_per_pair": 13695.120967741936,
      "mean_significant_per_pair": 6319.925403225807,
      "mean_strong_per_pair": 40.681451612903224,
      "frac_nonzero": 0.9999358183222792,
      "frac_significant": 0.46144315152057586,
      "frac_strong": 0.002970316268465481,
      "n90_dg": 9,
      "n95_dg": 13,
      "top5_var_dg": 0.7776651382446289,
      "top10_var_dg": 0.9242748618125916,
      "norm_corr_wdown_dg": 0.9997136334511556,
      "mean_wdown_delta_norm": 1.949424386024475,
      "mean_delta_g_norm": 2.234646797180176,
      "col_corr_dg_wdown": -0.1755879850446605,
      "same_nonzero": 5749.6875,
      "diff_nonzero": 6486.244791666667,
      "diff_same_ratio": 1.12810388245738
    },
    {
      "layer": 6,
      "n_inter": 13696,
      "n_pairs": 496,
      "mean_nonzero_per_pair": 13695.824596774193,
      "mean_significant_per_pair": 12008.657258064517,
      "mean_strong_per_pair": 2232.935483870968,
      "frac_nonzero": 0.9999871931055924,
      "frac_significant": 0.876800325501206,
      "frac_strong": 0.16303559315646668,
      "n90_dg": 20,
      "n95_dg": 24,
      "top5_var_dg": 0.5062824487686157,
      "top10_var_dg": 0.7107763886451721,
      "norm_corr_wdown_dg": 0.9981495627754947,
      "mean_wdown_delta_norm": 7.416021347045898,
      "mean_delta_g_norm": 8.805257797241211,
      "col_corr_dg_wdown": 0.04106647892186376,
      "same_nonzero": 11677.660714285714,
      "diff_nonzero": 12105.197916666666,
      "diff_same_ratio": 1.03661154514088
    },
    {
      "layer": 12,
      "n_inter": 13696,
      "n_pairs": 496,
      "mean_nonzero_per_pair": 13695.897177419354,
      "mean_significant_per_pair": 12573.578629032258,
      "mean_strong_per_pair": 4468.487903225807,
      "frac_nonzero": 0.9999924925101749,
      "frac_significant": 0.9180475050403225,
      "frac_strong": 0.32626225928926744,
      "n90_dg": 20,
      "n95_dg": 24,
      "top5_var_dg": 0.5049800276756287,
      "top10_var_dg": 0.7171120643615723,
      "norm_corr_wdown_dg": 0.9984849960505322,
      "mean_wdown_delta_norm": 11.001982688903809,
      "mean_delta_g_norm": 12.72736930847168,
      "col_corr_dg_wdown": 0.03672454820199104,
      "same_nonzero": 12337.69642857143,
      "diff_nonzero": 12642.377604166666,
      "diff_same_ratio": 1.0246951428379825
    },
    {
      "layer": 18,
      "n_inter": 13696,
      "n_pairs": 496,
      "mean_nonzero_per_pair": 13695.850806451614,
      "mean_significant_per_pair": 12354.118951612903,
      "mean_strong_per_pair": 3587.2741935483873,
      "frac_nonzero": 0.9999891067794695,
      "frac_significant": 0.9020238720511757,
      "frac_strong": 0.26192130501959604,
      "n90_dg": 17,
      "n95_dg": 23,
      "top5_var_dg": 0.5383656620979309,
      "top10_var_dg": 0.7699779868125916,
      "norm_corr_wdown_dg": 0.9989618473222205,
      "mean_wdown_delta_norm": 9.920018196105957,
      "mean_delta_g_norm": 11.154208183288574,
      "col_corr_dg_wdown": 0.061355081972539895,
      "same_nonzero": 12073.526785714286,
      "diff_nonzero": 12435.958333333334,
      "diff_same_ratio": 1.0300186974404104
    },
    {
      "layer": 24,
      "n_inter": 13696,
      "n_pairs": 496,
      "mean_nonzero_per_pair": 13695.913306451614,
      "mean_significant_per_pair": 12746.639112903225,
      "mean_strong_per_pair": 6188.0786290322585,
      "frac_nonzero": 0.9999936701556377,
      "frac_significant": 0.9306833464444528,
      "frac_strong": 0.4518164886851824,
      "n90_dg": 19,
      "n95_dg": 24,
      "top5_var_dg": 0.5376492738723755,
      "top10_var_dg": 0.7284894585609436,
      "norm_corr_wdown_dg": 0.9974906881871091,
      "mean_wdown_delta_norm": 16.713603973388672,
      "mean_delta_g_norm": 18.243087768554688,
      "col_corr_dg_wdown": 0.1695594419315611,
      "same_nonzero": 12524.714285714286,
      "diff_nonzero": 12811.3671875,
      "diff_same_ratio": 1.022886981311236
    },
    {
      "layer": 30,
      "n_inter": 13696,
      "n_pairs": 496,
      "mean_nonzero_per_pair": 13695.352822580646,
      "mean_significant_per_pair": 13064.088709677419,
      "mean_strong_per_pair": 8288.961693548386,
      "frac_nonzero": 0.9999527469758065,
      "frac_significant": 0.9538616172369611,
      "frac_strong": 0.6052104040266053,
      "n90_dg": 21,
      "n95_dg": 25,
      "top5_var_dg": 0.48357653617858887,
      "top10_var_dg": 0.6763059496879578,
      "norm_corr_wdown_dg": 0.9968485063850615,
      "mean_wdown_delta_norm": 23.852588653564453,
      "mean_delta_g_norm": 25.3458309173584,
      "col_corr_dg_wdown": -0.03989455315299242,
      "same_nonzero": 12912.392857142857,
      "diff_nonzero": 13108.333333333334,
      "diff_same_ratio": 1.0151746061600107
    },
    {
      "layer": 36,
      "n_inter": 13696,
      "n_pairs": 496,
      "mean_nonzero_per_pair": 13692.46572580645,
      "mean_significant_per_pair": 12985.844758064517,
      "mean_strong_per_pair": 8661.417338709678,
      "frac_nonzero": 0.999741948437971,
      "frac_significant": 0.9481487118913929,
      "frac_strong": 0.6324048874641996,
      "n90_dg": 22,
      "n95_dg": 25,
      "top5_var_dg": 0.48881688714027405,
      "top10_var_dg": 0.6724010109901428,
      "norm_corr_wdown_dg": 0.9961470943427986,
      "mean_wdown_delta_norm": 27.88323402404785,
      "mean_delta_g_norm": 29.261293411254883,
      "col_corr_dg_wdown": -0.22674787432452873,
      "same_nonzero": 12809.25892857143,
      "diff_nonzero": 13037.348958333334,
      "diff_same_ratio": 1.0178066530650842
    },
    {
      "layer": 39,
      "n_inter": 13696,
      "n_pairs": 496,
      "mean_nonzero_per_pair": 13532.225806451614,
      "mean_significant_per_pair": 11892.137096774193,
      "mean_strong_per_pair": 7791.945564516129,
      "frac_nonzero": 0.9880421879710583,
      "frac_significant": 0.8682927202668074,
      "frac_strong": 0.568921259091423,
      "n90_dg": 22,
      "n95_dg": 26,
      "top5_var_dg": 0.46045005321502686,
      "top10_var_dg": 0.6426256895065308,
      "norm_corr_wdown_dg": 0.9962622571702114,
      "mean_wdown_delta_norm": 23.239612579345703,
      "mean_delta_g_norm": 32.31521224975586,
      "col_corr_dg_wdown": 0.28408675424391755,
      "same_nonzero": 11649.964285714286,
      "diff_nonzero": 11962.770833333334,
      "diff_same_ratio": 1.0268504297478942
    }
  ]
}