{
  "model": "deepseek7b",
  "n_pairs": 150,
  "analysis_layers": [
    14,
    25,
    26,
    27
  ],
  "last_layer": 27,
  "svd_singular_top20": [
    178.65357971191406,
    37.130096435546875,
    24.115169525146484,
    18.0898494720459,
    14.113890647888184,
    12.38815975189209,
    12.047446250915527,
    11.54251766204834,
    11.193498611450195,
    10.991518020629883,
    10.508484840393066,
    10.314756393432617,
    10.135319709777832,
    10.100189208984375,
    9.83621883392334,
    9.44729232788086,
    9.355243682861328,
    9.1664400100708,
    9.082523345947266,
    8.95616626739502
  ],
  "layer_pca_summary": {
    "14": {
      "tense": {
        "pc1_var": 0.050401777029037476,
        "explained_var_top5": [
          0.050401777029037476,
          0.035549864172935486,
          0.029694342985749245,
          0.025237295776605606,
          0.0236225388944149
        ]
      },
      "polarity": {
        "pc1_var": 0.07058390974998474,
        "explained_var_top5": [
          0.07058390974998474,
          0.04492907598614693,
          0.0386953242123127,
          0.026255130767822266,
          0.020823827013373375
        ]
      },
      "voice": {
        "pc1_var": 0.06829226762056351,
        "explained_var_top5": [
          0.06829226762056351,
          0.03478780388832092,
          0.029503893107175827,
          0.025636978447437286,
          0.022086547687649727
        ]
      },
      "semantic_valence": {
        "pc1_var": 0.04558528587222099,
        "explained_var_top5": [
          0.04558528587222099,
          0.03584570810198784,
          0.030046870931982994,
          0.02820734865963459,
          0.02336977981030941
        ]
      },
      "semantic_topic": {
        "pc1_var": 0.03760895878076553,
        "explained_var_top5": [
          0.03760895878076553,
          0.031324174255132675,
          0.02712838351726532,
          0.021847683936357498,
          0.02136104181408882
        ]
      }
    },
    "25": {
      "tense": {
        "pc1_var": 0.03508088365197182,
        "explained_var_top5": [
          0.03508088365197182,
          0.031319115310907364,
          0.028536321595311165,
          0.02370891161262989,
          0.02345319092273712
        ]
      },
      "polarity": {
        "pc1_var": 0.05953320488333702,
        "explained_var_top5": [
          0.05953320488333702,
          0.033619608730077744,
          0.02821953408420086,
          0.02467874065041542,
          0.02230132557451725
        ]
      },
      "voice": {
        "pc1_var": 0.05586004629731178,
        "explained_var_top5": [
          0.05586004629731178,
          0.031524907797575,
          0.026103880256414413,
          0.025745445862412453,
          0.019632956013083458
        ]
      },
      "semantic_valence": {
        "pc1_var": 0.040933284908533096,
        "explained_var_top5": [
          0.040933284908533096,
          0.03509490191936493,
          0.032288383692502975,
          0.027685485780239105,
          0.025437666103243828
        ]
      },
      "semantic_topic": {
        "pc1_var": 0.039660610258579254,
        "explained_var_top5": [
          0.039660610258579254,
          0.027963370084762573,
          0.021822985261678696,
          0.0202330332249403,
          0.0195221658796072
        ]
      }
    },
    "26": {
      "tense": {
        "pc1_var": 0.04128933697938919,
        "explained_var_top5": [
          0.04128933697938919,
          0.030224407091736794,
          0.027446789667010307,
          0.02313121035695076,
          0.022445177659392357
        ]
      },
      "polarity": {
        "pc1_var": 0.05781591311097145,
        "explained_var_top5": [
          0.05781591311097145,
          0.031823284924030304,
          0.031159793958067894,
          0.02516922354698181,
          0.02129254676401615
        ]
      },
      "voice": {
        "pc1_var": 0.056038353592157364,
        "explained_var_top5": [
          0.056038353592157364,
          0.035762276500463486,
          0.026385633274912834,
          0.02412818931043148,
          0.01963251270353794
        ]
      },
      "semantic_valence": {
        "pc1_var": 0.03885743021965027,
        "explained_var_top5": [
          0.03885743021965027,
          0.03612206131219864,
          0.03508738428354263,
          0.027954576537013054,
          0.024787960574030876
        ]
      },
      "semantic_topic": {
        "pc1_var": 0.04486427083611488,
        "explained_var_top5": [
          0.04486427083611488,
          0.02972383424639702,
          0.022116366773843765,
          0.021059449762105942,
          0.019708817824721336
        ]
      }
    },
    "27": {
      "tense": {
        "pc1_var": 0.5440164804458618,
        "explained_var_top5": [
          0.5440164804458618,
          0.1670738309621811,
          0.035985689610242844,
          0.022254938259720802,
          0.0160427987575531
        ]
      },
      "polarity": {
        "pc1_var": 0.4670711159706116,
        "explained_var_top5": [
          0.4670711159706116,
          0.22273573279380798,
          0.03609223663806915,
          0.026737073436379433,
          0.017789233475923538
        ]
      },
      "voice": {
        "pc1_var": 0.39938458800315857,
        "explained_var_top5": [
          0.39938458800315857,
          0.19632358849048615,
          0.049811575561761856,
          0.03408394753932953,
          0.020190037786960602
        ]
      },
      "semantic_valence": {
        "pc1_var": 0.3682784140110016,
        "explained_var_top5": [
          0.3682784140110016,
          0.24522481858730316,
          0.040093544870615005,
          0.027717946097254753,
          0.020746873691678047
        ]
      },
      "semantic_topic": {
        "pc1_var": 0.5702168941497803,
        "explained_var_top5": [
          0.5702168941497803,
          0.10607544332742691,
          0.0219179205596447,
          0.019423190504312515,
          0.014241199009120464
        ]
      }
    }
  }
}