{
  "model": "GLM4-9B-Chat",
  "spiral_type": "\u9ad8\u7ef4\u7a7a\u95f4\u66f2\u7ebf(\u524d3PC=44%)",
  "s2_ratio": 0.357613742351532,
  "s3_ratio": 0.4439834952354431,
  "total_rotation_deg": 79.53144645690918,
  "total_rotation_turns": 0.2209206846025255,
  "radius_cv": 0.26858480880695285,
  "singular_values_pc1": [
    3.3323256969451904,
    1.8754496574401855,
    1.2577654123306274,
    1.0026520490646362,
    0.95292067527771,
    0.7931070923805237,
    0.6651487350463867,
    0.6262860298156738,
    0.5303457975387573,
    0.48714980483055115
  ],
  "singular_values_pc2": [
    3.1997125148773193,
    1.5198302268981934,
    1.286497712135315,
    1.27556312084198,
    1.0212162733078003
  ],
  "singular_values_pc3": [
    2.748737335205078,
    1.8912097215652466,
    1.3291568756103516,
    1.2249165773391724,
    1.192588448524475
  ],
  "rotation_early": 0.9747192722140159,
  "rotation_mid": 0.9488991293091561,
  "rotation_late": 0.80423103862323,
  "axis_svd0_cos": 0.090621218085289,
  "plane_svd0_cos_max": 0.09045974910259247
}