{
  "model": "glm4",
  "d_model": 4096,
  "n_layers": 40,
  "timestamp": "2026-04-17T14:12:15.894613",
  "config": {
    "n_random": 30,
    "seed": 42,
    "n_func": 5,
    "labels": [
      "syntax",
      "semantic",
      "style",
      "tense",
      "polarity"
    ],
    "target_layer": 20
  },
  "p811": {
    "syntax": {
      "effects": [
        2.384185791015625e-07,
        0.0,
        4.76837158203125e-07,
        2.9802322387695312e-08
      ],
      "mean": 1.862645149230957e-07
    },
    "semantic": {
      "effects": [
        3.5762786865234375e-07,
        2.682209014892578e-07,
        1.7881393432617188e-07,
        1.341104507446289e-07
      ],
      "mean": 2.3469328880310059e-07
    },
    "style": {
      "effects": [
        1.4901161193847656e-07,
        1.043081283569336e-07,
        5.960464477539063e-08,
        2.2351741790771484e-08
      ],
      "mean": 8.381903171539307e-08
    },
    "tense": {
      "effects": [
        1.1920928955078125e-07,
        1.1920928955078125e-07,
        4.172325134277344e-07,
        7.450580596923828e-09
      ],
      "mean": 1.6577541828155518e-07
    },
    "polarity": {
      "effects": [
        3.8743019104003906e-07,
        1.043081283569336e-07,
        5.364418029785156e-07,
        1.4156103134155273e-07
      ],
      "mean": 2.9243528842926025e-07
    }
  },
  "p813": {
    "func_mean": 1.9259750843048097e-07,
    "rand_mean": 2.1103769540786743e-07,
    "func_std": 1.5835376082625263e-07,
    "rand_std": 3.1206722587943715e-07,
    "ratio": 0.912621359223301,
    "p_value": 0.535,
    "verdict": "ARTIFACT - functional directions don't causally differ from random"
  },
  "p814": {
    "0": {
      "mean": 6.388872861862183e-07,
      "std": 6.688193066608734e-07
    },
    "9": {
      "mean": 1.1511147022247314e-06,
      "std": 8.975012187896875e-07
    },
    "19": {
      "mean": 6.649643182754517e-07,
      "std": 1.8961508052656387e-07
    },
    "29": {
      "mean": 1.041218638420105e-06,
      "std": 9.712136171112866e-07
    },
    "39": {
      "mean": 1.1473894119262695e-06,
      "std": 6.578487174106871e-07
    }
  },
  "p815": {
    "func_wu": 0.001206620829179883,
    "rand_wu_mean": 0.0012183056295977516,
    "rand_wu_std": 3.8470972556960777e-05,
    "z": -0.3037303099256942,
    "p": 0.58
  },
  "overall_verdict": "FUNCTIONAL DIRECTIONS MAY BE EPIPHENOMENA (need deeper analysis)"
}