{
  "experiment": "exp1_dg_pca_semantics",
  "model": "glm4",
  "timestamp": "2026-04-28T22:16:24.620773",
  "layer_results": [
    {
      "layer": 0,
      "n_pairs": 496,
      "top5_var": 0.7776651978492737,
      "top10_var": 0.9242748022079468,
      "n90": 9,
      "var_ratio_top5": [
        1.2703828811645508,
        1.3257267475128174,
        1.1881409883499146,
        1.054970145225525,
        0.8838986754417419
      ],
      "diff_mean_abs_top5": [
        0.03063023090362549,
        0.03013182245194912,
        0.0368071049451828,
        0.035145312547683716,
        0.03600483015179634
      ],
      "same_mean_abs_top5": [
        0.027101527899503708,
        0.02607034333050251,
        0.03828015550971031,
        0.03568030148744583,
        0.03935255482792854
      ],
      "classification_acc": {
        "3": 0.7742020202020201,
        "5": 0.7742020202020201,
        "10": 0.7742020202020201,
        "20": 0.7742020202020201
      },
      "gate_pca_sep_ratio": 1.145065795715885,
      "pc1_cat_corr": {
        "food": {
          "mean_as_first": 0.0029905475676059723,
          "mean_as_second": -0.02226785384118557,
          "contrast": 0.025258401408791542
        },
        "tools": {
          "mean_as_first": 0.02902677282691002,
          "mean_as_second": -0.022656762972474098,
          "contrast": 0.05168353579938412
        }
      }
    },
    {
      "layer": 6,
      "n_pairs": 496,
      "top5_var": 0.5062822699546814,
      "top10_var": 0.7107762694358826,
      "n90": 20,
      "var_ratio_top5": [
        12.417986869812012,
        1.2279654741287231,
        7.179469108581543,
        1.3561779260635376,
        0.9092510938644409
      ],
      "diff_mean_abs_top5": [
        0.04532720521092415,
        0.03414560854434967,
        0.04044155031442642,
        0.03500470891594887,
        0.028425557538866997
      ],
      "same_mean_abs_top5": [
        0.01420910470187664,
        0.03497164323925972,
        0.01936783269047737,
        0.040633659809827805,
        0.03105391561985016
      ],
      "classification_acc": {
        "3": 0.7742020202020201,
        "5": 0.7742020202020201,
        "10": 0.7742020202020201,
        "20": 0.7742020202020201
      },
      "gate_pca_sep_ratio": 1.826550170957751,
      "pc1_cat_corr": {
        "food": {
          "mean_as_first": -0.008004505187273026,
          "mean_as_second": 0.03405734524130821,
          "contrast": -0.04206185042858124
        },
        "tools": {
          "mean_as_first": -0.07276962697505951,
          "mean_as_second": 0.045408979058265686,
          "contrast": -0.1181786060333252
        }
      }
    },
    {
      "layer": 12,
      "n_pairs": 496,
      "top5_var": 0.5049800276756287,
      "top10_var": 0.717112123966217,
      "n90": 20,
      "var_ratio_top5": [
        14.38062858581543,
        3.0123753547668457,
        1.178027868270874,
        0.8934019207954407,
        1.1641716957092285
      ],
      "diff_mean_abs_top5": [
        0.04433959722518921,
        0.04158714786171913,
        0.034523479640483856,
        0.03595723956823349,
        0.03062485344707966
      ],
      "same_mean_abs_top5": [
        0.009914915077388287,
        0.02187742292881012,
        0.0321127250790596,
        0.03257736936211586,
        0.02800237014889717
      ],
      "classification_acc": {
        "3": 0.7742020202020201,
        "5": 0.7742020202020201,
        "10": 0.7742020202020201,
        "20": 0.7742020202020201
      },
      "gate_pca_sep_ratio": 1.7846851369569559,
      "pc1_cat_corr": {
        "food": {
          "mean_as_first": -0.012565882876515388,
          "mean_as_second": 0.041666533797979355,
          "contrast": -0.05423241667449474
        },
        "tools": {
          "mean_as_first": -0.07262673228979111,
          "mean_as_second": 0.04458075016736984,
          "contrast": -0.11720748245716095
        }
      }
    },
    {
      "layer": 18,
      "n_pairs": 496,
      "top5_var": 0.5383655428886414,
      "top10_var": 0.7699778079986572,
      "n90": 17,
      "var_ratio_top5": [
        2.7772417068481445,
        1.4060677289962769,
        1.181517481803894,
        1.6460593938827515,
        1.060451626777649
      ],
      "diff_mean_abs_top5": [
        0.03995632007718086,
        0.03727633133530617,
        0.03614607825875282,
        0.03582781180739403,
        0.03358522802591324
      ],
      "same_mean_abs_top5": [
        0.023145431652665138,
        0.03173496201634407,
        0.027366993948817253,
        0.029270561411976814,
        0.031963057816028595
      ],
      "classification_acc": {
        "3": 0.7742020202020201,
        "5": 0.7742020202020201,
        "10": 0.7742020202020201,
        "20": 0.7742020202020201
      },
      "gate_pca_sep_ratio": 1.6108976433746869,
      "pc1_cat_corr": {
        "food": {
          "mean_as_first": 0.011424018070101738,
          "mean_as_second": -0.03781742975115776,
          "contrast": 0.0492414478212595
        },
        "tools": {
          "mean_as_first": 0.055968038737773895,
          "mean_as_second": -0.03546871617436409,
          "contrast": 0.09143675491213799
        }
      }
    },
    {
      "layer": 24,
      "n_pairs": 496,
      "top5_var": 0.5376493334770203,
      "top10_var": 0.7284895181655884,
      "n90": 19,
      "var_ratio_top5": [
        12.387544631958008,
        6.22294807434082,
        1.6793959140777588,
        0.9122929573059082,
        1.0811941623687744
      ],
      "diff_mean_abs_top5": [
        0.0433230996131897,
        0.042144980281591415,
        0.035443101078271866,
        0.036358561366796494,
        0.034294161945581436
      ],
      "same_mean_abs_top5": [
        0.010201764293015003,
        0.02140980027616024,
        0.040961652994155884,
        0.03732030838727951,
        0.03633880987763405
      ],
      "classification_acc": {
        "3": 0.7742020202020201,
        "5": 0.7742020202020201,
        "10": 0.7742020202020201,
        "20": 0.7742020202020201
      },
      "gate_pca_sep_ratio": 1.8035260574251757,
      "pc1_cat_corr": {
        "food": {
          "mean_as_first": 0.02461746335029602,
          "mean_as_second": -0.055856529623270035,
          "contrast": 0.08047399297356606
        },
        "tools": {
          "mean_as_first": 0.06247129291296005,
          "mean_as_second": -0.034546442329883575,
          "contrast": 0.09701773524284363
        }
      }
    },
    {
      "layer": 30,
      "n_pairs": 496,
      "top5_var": 0.4835765063762665,
      "top10_var": 0.6763058304786682,
      "n90": 21,
      "var_ratio_top5": [
        11.563034057617188,
        8.367325782775879,
        1.3557542562484741,
        0.9902728796005249,
        1.2875691652297974
      ],
      "diff_mean_abs_top5": [
        0.04400697723031044,
        0.04297809302806854,
        0.033280789852142334,
        0.03618526831269264,
        0.03416956216096878
      ],
      "same_mean_abs_top5": [
        0.01191656943410635,
        0.015192493796348572,
        0.043411631137132645,
        0.03553153946995735,
        0.042327720671892166
      ],
      "classification_acc": {
        "3": 0.7742020202020201,
        "5": 0.7742020202020201,
        "10": 0.7742020202020201,
        "20": 0.7742020202020201
      },
      "gate_pca_sep_ratio": 1.881286268310935,
      "pc1_cat_corr": {
        "food": {
          "mean_as_first": -0.019811201840639114,
          "mean_as_second": 0.0497019961476326,
          "contrast": -0.06951319798827171
        },
        "tools": {
          "mean_as_first": -0.06640037894248962,
          "mean_as_second": 0.038239985704422,
          "contrast": -0.10464036464691162
        }
      }
    },
    {
      "layer": 36,
      "n_pairs": 496,
      "top5_var": 0.4888167679309845,
      "top10_var": 0.6724008917808533,
      "n90": 22,