{
  "model_id": "deepseek-ai/DeepSeek-R1-Distill-Qwen-7B",
  "device": "cpu",
  "runtime_sec": 66.2265214920044,
  "config": {
    "apple_focus": "apple",
    "n_entities": 14,
    "n_attrs": 4,
    "topk_ablate": 24,
    "n_layers": 28,
    "d_ff": 18944,
    "total_dim": 530432
  },
  "invariance": {
    "color_red": {
      "mean_cosine": 0.6919259032616599,
      "std_cosine": 0.11226173152356979
    },
    "taste_sweet": {
      "mean_cosine": 0.6406531362216236,
      "std_cosine": 0.20126705278339552
    },
    "weight_heavy": {
      "mean_cosine": 0.6047071542255579,
      "std_cosine": 0.21607308490664506
    },
    "size_big": {
      "mean_cosine": 0.6655335633366619,
      "std_cosine": 0.16237546704532
    }
  },
  "additivity": {
    "color_red+taste_sweet": {
      "mean_relative_error": 0.3929093326517833,
      "std_relative_error": 0.04082628696098427,
      "mean_abs_error": 953.6913277762277
    },
    "weight_heavy+size_big": {
      "mean_relative_error": 0.3797612300293173,
      "std_relative_error": 0.042664589649474206,
      "mean_abs_error": 946.947736467634
    }
  },
  "transport": {
    "color_red": {
      "mean_relative_error": 0.2297663980896207,
      "std_relative_error": 0.038252001392294004
    },
    "taste_sweet": {
      "mean_relative_error": 0.2912594767877795,
      "std_relative_error": 0.08307299395422642
    },
    "weight_heavy": {
      "mean_relative_error": 0.30324123559442195,
      "std_relative_error": 0.11304607437091883
    },
    "size_big": {
      "mean_relative_error": 0.2335004985435914,
      "std_relative_error": 0.05980784842407617
    }
  },
  "lowrank": {
    "color_red": {
      "effective_rank": 6.27540922164917,
      "k95": 9,
      "n_entities": 14
    },
    "taste_sweet": {
      "effective_rank": 3.912480592727661,
      "k95": 8,
      "n_entities": 14
    },
    "weight_heavy": {
      "effective_rank": 3.9166080951690674,
      "k95": 8,
      "n_entities": 14
    },
    "size_big": {
      "effective_rank": 4.84281587600708,
      "k95": 9,
      "n_entities": 14
    }
  },
  "causal": {
    "color_red": {
      "ablate_k": 24,
      "target_margin_before": 1.7578125,
      "target_margin_after": 1.80078125,
      "target_margin_delta": 0.04296875,
      "control_margin_before": 0.203125,
      "control_margin_after": 0.328125,
      "control_margin_delta": 0.125,
      "layer_distribution": {
        "1": 2,
        "2": 1,
        "20": 1,
        "21": 2,
        "22": 4,
        "23": 4,
        "24": 3,
        "25": 5,
        "26": 2
      },
      "indices": [
        441170,
        421564,
        419452,
        464818,
        30327,
        50846,
        436828,
        494486,
        434620,
        456356,
        409484,
        490055,
        475400,
        417592,
        471230,
        442451,
        488346,
        436859,
        19399,
        479090,
        498678,
        390094,
        491484,
        407835
      ]
    },
    "taste_sweet": {
      "ablate_k": 24,
      "target_margin_before": 4.85546875,
      "target_margin_after": 4.4638671875,
      "target_margin_delta": -0.3916015625,
      "control_margin_before": 3.109375,
      "control_margin_after": 3.1640625,
      "control_margin_delta": 0.0546875,
      "layer_distribution": {
        "2": 9,
        "3": 4,
        "5": 1,
        "22": 2,
        "23": 4,
        "24": 2,
        "26": 1,
        "27": 1
      },
      "indices": [
        55209,
        435863,
        440068,
        419452,
        436859,
        496818,
        74120,
        428814,
        450326,
        524661,
        43812,
        50875,
        72353,
        47478,
        454741,
        68423,
        40565,
        42220,
        56180,
        66808,
        459755,
        44843,
        54848,
        96724
      ]
    },
    "weight_heavy": {
      "ablate_k": 24,
      "target_margin_before": 0.234375,
      "target_margin_after": 0.21484375,
      "target_margin_delta": -0.01953125,
      "control_margin_before": -0.1796875,
      "control_margin_after": -0.84375,
      "control_margin_delta": -0.6640625,
      "layer_distribution": {
        "27": 24
      },
      "indices": [
        527279,
        523700,
        512239,
        519013,
        522901,
        521259,
        516947,
        515933,
        512161,
        513197,
        527934,
        521929,
        515489,
        522613,
        524116,
        519249,
        529695,
        521251,
        524503,
        517191,
        520793,
        513117,
        513040,
        524023
      ]
    },
    "size_big": {
      "ablate_k": 24,
      "target_margin_before": -2.98828125,
      "target_margin_after": -2.96484375,
      "target_margin_delta": 0.0234375,
      "control_margin_before": -0.2265625,
      "control_margin_after": -0.3046875,
      "control_margin_delta": -0.078125,
      "layer_distribution": {
        "1": 1,
        "2": 1,
        "3": 1,
        "22": 4,
        "23": 4,
        "24": 3,
        "25": 3,
        "26": 1,
        "27": 6
      },
      "indices": [
        492320,
        427003,
        509660,
        474488,
        47696,
        452156,
        463827,
        429584,
        459755,
        449068,
        512467,
        514706,
        436859,
        419452,
        525269,
        524661,
        512596,
        477514,
        74120,
        452145,
        37869,
        518656,
        462684,
        422300
      ]
    }
  },
  "principle_summary": {
    "invariance_mean": 0.6507049392613757,
    "additivity_error_mean": 0.3863352813405503,
    "transport_error_mean": 0.2644419022538534,
    "lowrank_effective_rank_mean": 4.736828446388245,
    "causal_target_delta_mean": -0.086181640625,
    "causal_control_delta_mean": -0.140625
  }
}