{
  "model": "DeepSeek-R1-Distill-Qwen-7B",
  "n_layers": 28,
  "d_model": 3584,
  "intervention_layer": 14,
  "layer_sample": [
    0,
    4,
    9,
    14,
    19,
    23,
    27
  ],
  "pairs": {
    "tense_x_question": {
      "pair": "tense_x_question",
      "feature_A": "tense",
      "feature_B": "question",
      "n_samples": 40,
      "n_interventions": 40,
      "intervention_layer": 14,
      "orthogonal_decomposition_mid": {
        "overlap_A_on_B": 0.6191270946837233,
        "overlap_B_on_A": 0.619127020878031,
        "norm_A_perp": 0.7852908372879028,
        "norm_B_perp": 0.7852908968925476,
        "cos_A_perp_B_mid": 2.514570951461792e-08
      },
      "pc1_directions": {
        "0": {
          "cos_pc1A_pc1B": 1.0,
          "sign_pc1A_pc1B": 1.0,
          "pc1_A_var": NaN,
          "pc1_B_var": NaN
        },
        "4": {
          "cos_pc1A_pc1B": 0.14457637071609497,
          "sign_pc1A_pc1B": -0.14457637071609497,
          "pc1_A_var": 0.07256600260734558,
          "pc1_B_var": 0.1101735383272171
        },
        "9": {
          "cos_pc1A_pc1B": 0.5881465077400208,
          "sign_pc1A_pc1B": 0.5881465077400208,
          "pc1_A_var": 0.09210938960313797,
          "pc1_B_var": 0.12763942778110504
        },
        "14": {
          "cos_pc1A_pc1B": 0.6191271543502808,
          "sign_pc1A_pc1B": -0.6191271543502808,
          "pc1_A_var": 0.10502628982067108,
          "pc1_B_var": 0.12699155509471893
        },
        "19": {
          "cos_pc1A_pc1B": 0.6947052478790283,
          "sign_pc1A_pc1B": 0.6947052478790283,
          "pc1_A_var": 0.12417610734701157,
          "pc1_B_var": 0.12581391632556915
        },
        "23": {
          "cos_pc1A_pc1B": 0.560331404209137,
          "sign_pc1A_pc1B": 0.560331404209137,
          "pc1_A_var": 0.0926431193947792,
          "pc1_B_var": 0.10099615156650543
        },
        "27": {
          "cos_pc1A_pc1B": 0.3229537606239319,
          "sign_pc1A_pc1B": 0.3229537606239319,
          "pc1_A_var": 0.0794440433382988,
          "pc1_B_var": 0.0804806798696518
        },
        "28": {
          "cos_pc1A_pc1B": 0.9301180839538574,
          "sign_pc1A_pc1B": 0.9301180839538574,
          "pc1_A_var": 0.37925592064857483,
          "pc1_B_var": 0.38679638504981995
        }
      },
      "alpha_results": {
        "1.0": {
          "A_full_to_B_mean": -0.023381177335977554,
          "A_full_to_B_std": 0.38789358735084534,
          "A_full_to_B_n": 40,
          "A_full_to_A_mean": -0.08105552196502686,
          "A_full_to_A_std": 0.3926023244857788,
          "A_full_to_A_n": 40,
          "B_full_to_A_mean": 0.1440681517124176,
          "B_full_to_A_std": 0.35362565517425537,
          "B_full_to_A_n": 40,
          "B_full_to_B_mean": 0.08502174913883209,
          "B_full_to_B_std": 0.3694017827510834,
          "B_full_to_B_n": 40,
          "A_perp_to_B_mean": -0.0625285729765892,
          "A_perp_to_B_std": 0.34682080149650574,
          "A_perp_to_B_n": 40,
          "A_perp_to_A_mean": -0.06590668112039566,
          "A_perp_to_A_std": 0.33944666385650635,
          "A_perp_to_A_n": 40,
          "A_par_to_B_mean": 0.047128353267908096,
          "A_par_to_B_std": 0.4298117458820343,
          "A_par_to_B_n": 40,
          "A_par_to_A_mean": -0.008509108796715736,
          "A_par_to_A_std": 0.42695116996765137,
          "A_par_to_A_n": 40,
          "B_perp_to_A_mean": -0.008414678275585175,
          "B_perp_to_A_std": 0.3866981267929077,
          "B_perp_to_A_n": 40,
          "B_perp_to_B_mean": -0.059734880924224854,
          "B_perp_to_B_std": 0.3950470983982086,
          "B_perp_to_B_n": 40,
          "B_par_to_A_mean": 0.3186415731906891,
          "B_par_to_A_std": 0.33171603083610535,
          "B_par_to_A_n": 40,
          "B_par_to_B_mean": 0.2664930820465088,
          "B_par_to_B_std": 0.35703110694885254,
          "B_par_to_B_n": 40,
          "entangle_purity_A": 0.570220003979958,
          "perp_to_full_ratio_A": 2.674312409963323,
          "entangle_purity_B": 0.025728535184046268
        },
        "2.0": {
          "A_full_to_B_mean": 0.007129681296646595,
          "A_full_to_B_std": 0.4240580201148987,
          "A_full_to_B_n": 40,
          "A_full_to_A_mean": -0.05545971542596817,
          "A_full_to_A_std": 0.42031440138816833,
          "A_full_to_A_n": 40,
          "B_full_to_A_mean": 0.22512881457805634,
          "B_full_to_A_std": 0.43105465173721313,
          "B_full_to_A_n": 40,
          "B_full_to_B_mean": 0.14524134993553162,
          "B_full_to_B_std": 0.459155797958374,
          "B_full_to_B_n": 40,
          "A_perp_to_B_mean": -0.016084229573607445,
          "A_perp_to_B_std": 0.42719748616218567,
          "A_perp_to_B_n": 40,
          "A_perp_to_A_mean": -0.019906040281057358,
          "A_perp_to_A_std": 0.41629916429519653,
          "A_perp_to_A_n": 40,
          "A_par_to_B_mean": 0.08659772574901581,
          "A_par_to_B_std": 0.39605316519737244,
          "A_par_to_B_n": 40,
          "A_par_to_A_mean": 0.020304009318351746,
          "A_par_to_A_std": 0.38647451996803284,
          "A_par_to_A_n": 40,
          "B_perp_to_A_mean": 0.05236849933862686,
          "B_perp_to_A_std": 0.4204833507537842,
          "B_perp_to_A_n": 40,
          "B_perp_to_B_mean": -0.010853001847863197,
          "B_perp_to_B_std": 0.4433300197124481,
          "B_perp_to_B_n": 40,
          "B_par_to_A_mean": 0.3771340847015381,
          "B_par_to_A_std": 0.34049054980278015,
          "B_par_to_A_n": 40,
          "B_par_to_B_mean": 0.33841556310653687,
          "B_par_to_B_std": 0.34949392080307007,
          "B_par_to_B_n": 40,
          "entangle_purity_A": 0.156641247309785,
          "perp_to_full_ratio_A": 2.2559534821812055,
          "entangle_purity_B": 0.12192825205805233
        }
      }
    },
    "tense_x_polarity": {
      "pair": "tense_x_polarity",
      "feature_A": "tense",
      "feature_B": "polarity",
      "n_samples": 40,
      "n_interventions": 40,
      "intervention_layer": 14,
      "orthogonal_decomposition_mid": {
        "overlap_A_on_B": 0.6465387939760261,
        "overlap_B_on_A": 0.6465387343713813,
        "norm_A_perp": 0.7628811597824097,
        "norm_B_perp": 0.7628811597824097,
        "cos_A_perp_B_mid": 2.60770320892334e-08
      },
      "pc1_directions": {
        "0": {
          "cos_pc1A_pc1B": 1.0,
          "sign_pc1A_pc1B": 1.0,
          "pc1_A_var": NaN,
          "pc1_B_var": NaN
        },
        "4": {
          "cos_pc1A_pc1B": 0.20583423972129822,
          "sign_pc1A_pc1B": 0.20583423972129822,
          "pc1_A_var": 0.09194548428058624,
          "pc1_B_var": 0.15364646911621094
        },
        "9": {
          "cos_pc1A_pc1B": 0.18168331682682037,
          "sign_pc1A_pc1B": -0.18168331682682037,
          "pc1_A_var": 0.11493155360221863,
          "pc1_B_var": 0.10908886790275574
        },
        "14": {
          "cos_pc1A_pc1B": 0.6465387940406799,
          "sign_pc1A_pc1B": -0.6465387940406799,
          "pc1_A_var": 0.16708634793758392,
          "pc1_B_var": 0.10630756616592407
        },
        "19": {
          "cos_pc1A_pc1B": 0.7053353786468506,
          "sign_pc1A_pc1B": 0.7053353786468506,
          "pc1_A_var": 0.1835326999425888,
          "pc1_B_var": 0.11909041553735733
        },
        "23": {
          "cos_pc1A_pc1B": 0.670551061630249,
          "sign_pc1A_pc1B": 0.670551061630249,
          "pc1_A_var": 0.16019593179225922,
          "pc1_B_var": 0.10966969281435013
        },
        "27": {
          "cos_pc1A_pc1B": 0.4979285001754761,
          "sign_pc1A_pc1B": 0.4979285001754761,
          "pc1_A_var": 0.11298991739749908,
          "pc1_B_var": 0.08748582750558853
        },
        "28": {
          "cos_pc1A_pc1B": 0.9335310459136963,
          "sign_pc1A_pc1B": 0.9335310459136963,
          "pc1_A_var": 0.32603102922439575,
          "pc1_B_var": 0.4004058539867401
        }
      },