{
  "results": [
    {
      "layer": 0,
      "layer_frac": 0.0,
      "lambda_max": 116.15025329589844,
      "lambda_min": 3.896010639437009e-06,
      "lambda_mean": 3.8716928958892822,
      "lambda_std": 21.20603370666504,
      "condition_number": 29811846.747935846,
      "PR_J": 0.03333364054560661,
      "ratio_mean": 0.00701904296875,
      "ratio_max": 0.00701904296875,
      "W_down_kappa": 11.88647747039795,
      "W_gate_kappa": 174.02210998535156,
      "W_down_PR": 0.8735028505325317,
      "W_gate_PR": 0.5493470430374146,
      "post_ln_norm": 11.333707809448242,
      "ln_norm": 10.714778900146484,
      "h_in_norm": 1.203125,
      "h_out_norm": 30.25
    },
    {
      "layer": 3,
      "layer_frac": 0.10714285714285714,
      "lambda_max": 118.1838607788086,
      "lambda_min": 2.6776656341098715e-06,
      "lambda_mean": 3.939479112625122,
      "lambda_std": 21.57731819152832,
      "condition_number": 44135251.895595655,
      "PR_J": 0.03333362191915512,
      "ratio_mean": 0.003936767578125,
      "ratio_max": 0.003936767578125,
      "W_down_kappa": 19.816883087158203,
      "W_gate_kappa": 263.6102600097656,
      "W_down_PR": 0.9103925824165344,
      "W_gate_PR": 0.7949849367141724,
      "post_ln_norm": 45.21419143676758,
      "ln_norm": 15.69332504272461,
      "h_in_norm": 57.75,
      "h_out_norm": 54.75
    },
    {
      "layer": 6,
      "layer_frac": 0.21428571428571427,
      "lambda_max": 4442.8095703125,
      "lambda_min": 0.00015849756891839206,
      "lambda_mean": 148.0940399169922,
      "lambda_std": 811.1422729492188,
      "condition_number": 28030756.54443872,
      "PR_J": 0.033333513885736465,
      "ratio_mean": 0.0047607421875,
      "ratio_max": 0.0047607421875,
      "W_down_kappa": 8.455528259277344,
      "W_gate_kappa": 38.12532424926758,
      "W_down_PR": 0.9028190970420837,
      "W_gate_PR": 0.8696480393409729,
      "post_ln_norm": 30.448522567749023,
      "ln_norm": 23.59693717956543,
      "h_in_norm": 1528.0,
      "h_out_norm": 1704.0
    },
    {
      "layer": 9,
      "layer_frac": 0.32142857142857145,
      "lambda_max": 4500.22802734375,
      "lambda_min": 0.0002652409893926233,
      "lambda_mean": 150.00804138183594,
      "lambda_std": 821.6253662109375,
      "condition_number": 16966556.869634494,
      "PR_J": 0.03333352878689766,
      "ratio_mean": 0.003814697265625,
      "ratio_max": 0.003814697265625,
      "W_down_kappa": 9.7129487991333,
      "W_gate_kappa": 59.55824279785156,
      "W_down_PR": 0.9231815338134766,
      "W_gate_PR": 0.8505569100379944,
      "post_ln_norm": 50.59754180908203,
      "ln_norm": 34.454345703125,
      "h_in_norm": 1888.0,
      "h_out_norm": 2144.0
    },
    {
      "layer": 12,
      "layer_frac": 0.42857142857142855,
      "lambda_max": 8810.9990234375,
      "lambda_min": 6.503370241262019e-05,
      "lambda_mean": 295.9765930175781,
      "lambda_std": 1608.279296875,
      "condition_number": 135483374.74617162,
      "PR_J": 0.03385007008910179,
      "ratio_mean": 0.005126953125,
      "ratio_max": 0.005126953125,
      "W_down_kappa": 11.164827346801758,
      "W_gate_kappa": 28.9780216217041,
      "W_down_PR": 0.9136776328086853,
      "W_gate_PR": 0.8939672708511353,
      "post_ln_norm": 39.323123931884766,
      "ln_norm": 41.8716926574707,
      "h_in_norm": 2896.0,
      "h_out_norm": 3136.0
    },
    {
      "layer": 15,
      "layer_frac": 0.5357142857142857,
      "lambda_max": 397.09173583984375,
      "lambda_min": 1.4552912034559995e-05,
      "lambda_mean": 13.337274551391602,
      "lambda_std": 72.48175048828125,
      "condition_number": 27285879.713206027,
      "PR_J": 0.033841412514448166,
      "ratio_mean": 0.00022029876708984375,
      "ratio_max": 0.00022029876708984375,
      "W_down_kappa": 8.427721977233887,
      "W_gate_kappa": 28.22443389892578,
      "W_down_PR": 0.9158051609992981,
      "W_gate_PR": 0.8974246382713318,
      "post_ln_norm": 42.96128845214844,
      "ln_norm": 42.12828063964844,
      "h_in_norm": 3248.0,
      "h_out_norm": 3296.0
    },
    {
      "layer": 18,
      "layer_frac": 0.6428571428571429,
      "lambda_max": 303.7159423828125,
      "lambda_min": 1.8102880858350545e-05,
      "lambda_mean": 10.123887062072754,
      "lambda_std": 55.450687408447266,
      "condition_number": 16777123.323461637,
      "PR_J": 0.03333348035812378,
      "ratio_mean": 0.00016880035400390625,
      "ratio_max": 0.00016880035400390625,
      "W_down_kappa": 6.816226005554199,
      "W_gate_kappa": 25.184629440307617,
      "W_down_PR": 0.9223662614822388,
      "W_gate_PR": 0.9031276702880859,
      "post_ln_norm": 46.606788635253906,
      "ln_norm": 51.33759307861328,
      "h_in_norm": 3280.0,
      "h_out_norm": 3280.0
    },
    {
      "layer": 21,
      "layer_frac": 0.75,
      "lambda_max": 619.7578125,
      "lambda_min": 9.904403668770101e-06,
      "lambda_mean": 20.78478240966797,
      "lambda_std": 113.13005065917969,
      "condition_number": 62573333.62944363,
      "PR_J": 0.033740535378456116,
      "ratio_mean": 0.000385284423828125,
      "ratio_max": 0.000385284423828125,
      "W_down_kappa": 5.91405725479126,
      "W_gate_kappa": 26.844005584716797,
      "W_down_PR": 0.9291237592697144,
      "W_gate_PR": 0.9108977317810059,
      "post_ln_norm": 54.119083404541016,
      "ln_norm": 46.39241027832031,
      "h_in_norm": 2976.0,
      "h_out_norm": 2944.0
    },
    {
      "layer": 24,
      "layer_frac": 0.8571428571428571,
      "lambda_max": 682.3671264648438,
      "lambda_min": 2.2136426196084358e-05,
      "lambda_mean": 22.745628356933594,
      "lambda_std": 124.58261108398438,
      "condition_number": 30825393.30789602,
      "PR_J": 0.03333349898457527,
      "ratio_mean": 0.0004444122314453125,
      "ratio_max": 0.0004444122314453125,
      "W_down_kappa": 8.082673072814941,
      "W_gate_kappa": 16.132387161254883,
      "W_down_PR": 0.9265324473381042,
      "W_gate_PR": 0.9130793809890747,
      "post_ln_norm": 71.03158569335938,
      "ln_norm": 48.49250030517578,
      "h_in_norm": 2880.0,
      "h_out_norm": 2800.0
    },
    {
      "layer": 27,
      "layer_frac": 0.9642857142857143,
      "lambda_max": 503.29632568359375,
      "lambda_min": 2.9998798709129915e-05,
      "lambda_mean": 16.776586532592773,
      "lambda_std": 91.88890838623047,
      "condition_number": 16777160.073893636,
      "PR_J": 0.03333350270986557,
      "ratio_mean": 0.004364013671875,
      "ratio_max": 0.004364013671875,
      "W_down_kappa": 11.22180461883545,
      "W_gate_kappa": 24.108522415161133,
      "W_down_PR": 0.9281315207481384,
      "W_gate_PR": 0.9167992472648621,
      "post_ln_norm": 115.45108795166016,
      "ln_norm": 77.84589385986328,
      "h_in_norm": 2336.0,
      "h_out_norm": 210.0
    }
  ],
  "lambda_max_r2": 0.9917365171793853,
  "model": "deepseek7b"
}