{
  "results": [
    {
      "layer": 0,
      "layer_frac": 0.0,
      "lambda_max": 0.013955840840935707,
      "lambda_mean": 0.00046519614988937974,
      "PR_J": 0.033333539962768555,
      "cond_J": 14976762.790604629,
      "ratio_1": 0.006683349609375,
      "ratio_3": 0.00830078125,
      "ratio_5": 0.00994873046875,
      "W_down_kappa": 14.360306739807129,
      "W_down_PR": 0.9080522060394287,
      "W_down_top3_energy": 0.0022082198411226273,
      "W_gate_kappa": 47.00478744506836,
      "W_gate_PR": 0.7780866026878357,
      "W_gate_top3_energy": 0.006443675607442856,
      "post_ln_norm": 13.545578956604004,
      "ln_norm": 4.410773277282715,
      "post_ln_max": 1.234375,
      "ln_max": 1.0234375,
      "W_o_norm": 4.447204113006592,
      "W_q_norm": 40.18256378173828,
      "W_v_norm": 10.300252914428711,
      "h_in_norm": 0.0615234375
    },
    {
      "layer": 5,
      "layer_frac": 0.125,
      "lambda_max": 0.037295013666152954,
      "lambda_mean": 0.0012431726790964603,
      "PR_J": 0.03333362936973572,
      "cond_J": 16127061.192647064,
      "ratio_1": 0.004058837890625,
      "ratio_3": 0.006561279296875,
      "ratio_5": 0.00823974609375,
      "W_down_kappa": 10.864432334899902,
      "W_down_PR": 0.8866516947746277,
      "W_down_top3_energy": 0.0023292996920645237,
      "W_gate_kappa": 28.90988540649414,
      "W_gate_PR": 0.8639258146286011,
      "W_gate_top3_energy": 0.0036002714186906815,
      "post_ln_norm": 28.136802673339844,
      "ln_norm": 26.333202362060547,
      "post_ln_max": 0.625,
      "ln_max": 1.890625,
      "W_o_norm": 6.339745044708252,
      "W_q_norm": 67.34149169921875,
      "W_v_norm": 10.394372940063477,
      "h_in_norm": 1.3515625
    },
    {
      "layer": 10,
      "layer_frac": 0.25,
      "lambda_max": 0.07985153794288635,
      "lambda_mean": 0.0026617373805493116,
      "PR_J": 0.03333381563425064,
      "cond_J": 16444198.324341487,
      "ratio_1": 0.00439453125,
      "ratio_3": 0.006103515625,
      "ratio_5": 0.00762939453125,
      "W_down_kappa": 16.992454528808594,
      "W_down_PR": 0.8862144947052002,
      "W_down_top3_energy": 0.002347435336560011,
      "W_gate_kappa": 41.781063079833984,
      "W_gate_PR": 0.8384620547294617,
      "W_gate_top3_energy": 0.004092047922313213,
      "post_ln_norm": 37.386165618896484,
      "ln_norm": 38.32450485229492,
      "post_ln_max": 0.88671875,
      "ln_max": 1.765625,
      "W_o_norm": 6.7465620040893555,
      "W_q_norm": 64.0402603149414,
      "W_v_norm": 12.089395523071289,
      "h_in_norm": 3.21875
    },
    {
      "layer": 15,
      "layer_frac": 0.375,
      "lambda_max": 0.1129072904586792,
      "lambda_mean": 0.0037635990884155035,
      "PR_J": 0.03333373740315437,
      "cond_J": 16538530.676498268,
      "ratio_1": 0.003692626953125,
      "ratio_3": 0.007080078125,
      "ratio_5": 0.006622314453125,
      "W_down_kappa": 21.869638442993164,
      "W_down_PR": 0.844629168510437,
      "W_down_top3_energy": 0.002809621626511216,
      "W_gate_kappa": 30.338682174682617,
      "W_gate_PR": 0.8461567163467407,
      "W_gate_top3_energy": 0.00338676106184721,
      "post_ln_norm": 40.60681915283203,
      "ln_norm": 44.57754135131836,
      "post_ln_max": 0.921875,
      "ln_max": 1.7421875,
      "W_o_norm": 6.810483455657959,
      "W_q_norm": 63.48625183105469,
      "W_v_norm": 12.317950248718262,
      "h_in_norm": 5.0
    },
    {
      "layer": 20,
      "layer_frac": 0.5,
      "lambda_max": 0.2042796015739441,
      "lambda_mean": 0.006809346843510866,
      "PR_J": 0.03333359956741333,
      "cond_J": 16675036.956295166,
      "ratio_1": 0.0032806396484375,
      "ratio_3": 0.0048828125,
      "ratio_5": 0.0062255859375,
      "W_down_kappa": 15.350818634033203,
      "W_down_PR": 0.8592205047607422,
      "W_down_top3_energy": 0.002529352670535445,
      "W_gate_kappa": 27.06529998779297,
      "W_gate_PR": 0.8513334393501282,
      "W_gate_top3_energy": 0.0033316307235509157,
      "post_ln_norm": 48.90779113769531,
      "ln_norm": 48.43006896972656,
      "post_ln_max": 0.99609375,
      "ln_max": 1.6953125,
      "W_o_norm": 7.126829624176025,
      "W_q_norm": 60.602630615234375,
      "W_v_norm": 17.181446075439453,
      "h_in_norm": 9.5
    },
    {
      "layer": 25,
      "layer_frac": 0.625,
      "lambda_max": 0.66391521692276,
      "lambda_mean": 0.022130632773041725,
      "PR_J": 0.033333711326122284,
      "cond_J": 16734926.642583532,
      "ratio_1": 0.003936767578125,
      "ratio_3": 0.005157470703125,
      "ratio_5": 0.005706787109375,
      "W_down_kappa": 11.020575523376465,
      "W_down_PR": 0.9018048048019409,
      "W_down_top3_energy": 0.001997471321374178,
      "W_gate_kappa": 32.209320068359375,
      "W_gate_PR": 0.8689733147621155,
      "W_gate_top3_energy": 0.0034229138400405645,
      "post_ln_norm": 76.84149932861328,
      "ln_norm": 60.05061340332031,
      "post_ln_max": 1.4140625,
      "ln_max": 2.40625,
      "W_o_norm": 7.664918899536133,
      "W_q_norm": 56.829856872558594,
      "W_v_norm": 23.123640060424805,
      "h_in_norm": 25.125
    },
    {
      "layer": 30,
      "layer_frac": 0.75,
      "lambda_max": 0.8951870203018188,
      "lambda_mean": 0.029839687049388885,
      "PR_J": 0.03333360329270363,
      "cond_J": 16767682.076060032,
      "ratio_1": 0.0025482177734375,
      "ratio_3": 0.003662109375,
      "ratio_5": 0.007537841796875,
      "W_down_kappa": 12.277094841003418,
      "W_down_PR": 0.8916329145431519,
      "W_down_top3_energy": 0.0017459336668252945,
      "W_gate_kappa": 28.648677825927734,
      "W_gate_PR": 0.8721075654029846,
      "W_gate_top3_energy": 0.002934858901426196,
      "post_ln_norm": 106.01708221435547,
      "ln_norm": 77.99580383300781,
      "post_ln_max": 1.84375,
      "ln_max": 3.5,
      "W_o_norm": 8.085346221923828,
      "W_q_norm": 54.43120574951172,
      "W_v_norm": 25.983959197998047,
      "h_in_norm": 53.5
    },
    {
      "layer": 35,
      "layer_frac": 0.875,
      "lambda_max": 1.2825865745544434,
      "lambda_mean": 0.04275304451584816,
      "PR_J": 0.03333358094096184,
      "cond_J": 16769755.10769863,
      "ratio_1": 0.0023651123046875,
      "ratio_3": 0.003570556640625,
      "ratio_5": 0.00836181640625,
      "W_down_kappa": 11.326654434204102,
      "W_down_PR": 0.8953083157539368,
      "W_down_top3_energy": 0.0017997819231823087,
      "W_gate_kappa": 43.59732437133789,
      "W_gate_PR": 0.8762472867965698,
      "W_gate_top3_energy": 0.0032000201754271984,
      "post_ln_norm": 149.6938934326172,
      "ln_norm": 93.17546081542969,
      "post_ln_max": 3.3125,
      "ln_max": 4.5,
      "W_o_norm": 8.971200942993164,
      "W_q_norm": 51.40361404418945,
      "W_v_norm": 42.032745361328125,
      "h_in_norm": 89.0
    },
    {
      "layer": 39,
      "layer_frac": 0.975,
      "lambda_max": 6.252598285675049,
      "lambda_mean": 0.20842032134532928,
      "PR_J": 0.03333345428109169,
      "cond_J": 18686090.598476395,
      "ratio_1": 0.005218505859375,
      "ratio_3": 0.005218505859375,
      "ratio_5": 0.005218505859375,
      "W_down_kappa": 16.222925186157227,
      "W_down_PR": 0.8840718865394592,
      "W_down_top3_energy": 0.003396995598450303,
      "W_gate_kappa": 51.27043533325195,
      "W_gate_PR": 0.787071168422699,
      "W_gate_top3_energy": 0.008156456053256989,
      "post_ln_norm": 328.0462951660156,
      "ln_norm": 125.21185302734375,
      "post_ln_max": 13.6875,
      "ln_max": 9.875,
      "W_o_norm": 7.62820291519165,
      "W_q_norm": 53.65188217163086,
      "W_v_norm": 31.611671447753906,
      "h_in_norm": 242.0
    }
  ],
  "model": "glm4"
}