{
  "model": "glm4",
  "n_pairs": 100,
  "n_test": 30,
  "phase": "CCXXVI",
  "pc1_variance_trajectory": {
    "0": {
      "global": 0.05548075586557388
    },
    "4": {
      "global": 0.06444355100393295
    },
    "8": {
      "global": 0.09389112144708633
    },
    "12": {
      "global": 0.08792471140623093
    },
    "16": {
      "global": 0.0921408012509346
    },
    "20": {
      "global": 0.10726697742938995
    },
    "24": {
      "global": 0.0998067632317543
    },
    "28": {
      "global": 0.08636025339365005
    },
    "32": {
      "global": 0.08854831755161285
    },
    "36": {
      "global": 0.10079381614923477
    },
    "39": {
      "global": 0.08149468153715134
    }
  },
  "cross_layer_alignment": {
    "0": 0.049766477197408676,
    "4": -0.07853149622678757,
    "8": -0.08120595663785934,
    "12": 0.09912215173244476,
    "16": -0.11948425322771072,
    "20": 0.17011165618896484,
    "24": 0.2808283567428589,
    "28": 0.43825364112854004,
    "32": 0.5572009682655334,
    "36": 0.5806726217269897,
    "39": 1.000002384185791
  },
  "perturb_results": {
    "tense": {
      "mean_logit_shift": 0.0208758357912302,
      "mean_h_shift": 0.008886518763999145,
      "pc1_var": 0.11122187972068787,
      "pc1_norm": 1.0000001192092896,
      "n_test": 30
    },
    "polarity": {
      "mean_logit_shift": 0.012718340878685315,
      "mean_h_shift": 0.010737347354491552,
      "pc1_var": 0.07444101572036743,
      "pc1_norm": 1.000000238418579,
      "n_test": 30
    },
    "voice": {
      "mean_logit_shift": 0.009871064343800147,
      "mean_h_shift": 0.011666714151700338,
      "pc1_var": 0.20340481400489807,
      "pc1_norm": 1.0000001192092896,
      "n_test": 30
    },
    "semantic_valence": {
      "mean_logit_shift": 0.02118555468817552,
      "mean_h_shift": 0.009531332055727641,
      "pc1_var": 0.07288260757923126,
      "pc1_norm": 1.000000238418579,
      "n_test": 30
    },
    "semantic_topic": {
      "mean_logit_shift": 0.024768922353784244,
      "mean_h_shift": 0.009697967985024055,
      "pc1_var": 0.05786238983273506,
      "pc1_norm": 1.000000238418579,
      "n_test": 30
    },
    "global": {
      "mean_logit_shift": 0.007989342355479797,
      "mean_h_shift": 0.011922438784192005,
      "pc1_var": 0.08149468153715134,
      "pc1_norm": 0.9999999403953552,
      "n_test": 30
    }
  },
  "logit_effect_trajectory": [
    {
      "layer": 0,
      "pc1_var": 0.05548075586557388,
      "mean_logit_fp": 0.008667707443237305,
      "max_logit_fp": 0.05567043647170067
    },
    {
      "layer": 4,
      "pc1_var": 0.06444355100393295,
      "mean_logit_fp": 0.010689192451536655,
      "max_logit_fp": 0.07219047099351883
    },
    {
      "layer": 8,
      "pc1_var": 0.09389112144708633,
      "mean_logit_fp": 0.010647651739418507,
      "max_logit_fp": 0.06767056882381439
    },
    {
      "layer": 12,
      "pc1_var": 0.08792471140623093,
      "mean_logit_fp": 0.011648976244032383,
      "max_logit_fp": 0.0657414048910141
    },
    {
      "layer": 16,
      "pc1_var": 0.0921408012509346,
      "mean_logit_fp": 0.014239280484616756,
      "max_logit_fp": 0.078791044652462
    },
    {
      "layer": 20,
      "pc1_var": 0.10726697742938995,
      "mean_logit_fp": 0.010078039020299911,
      "max_logit_fp": 0.07098622620105743
    },
    {
      "layer": 24,
      "pc1_var": 0.0998067632317543,
      "mean_logit_fp": 0.009992040693759918,
      "max_logit_fp": 0.08124437183141708
    },
    {
      "layer": 28,
      "pc1_var": 0.08636025339365005,
      "mean_logit_fp": 0.008744415827095509,
      "max_logit_fp": 0.08327753841876984
    },
    {
      "layer": 32,
      "pc1_var": 0.08854831755161285,
      "mean_logit_fp": 0.010374973528087139,
      "max_logit_fp": 0.09320306777954102
    },
    {
      "layer": 36,
      "pc1_var": 0.10079381614923477,
      "mean_logit_fp": 0.018528468906879425,
      "max_logit_fp": 0.09955718368291855
    },
    {
      "layer": 39,
      "pc1_var": 0.08149468153715134,
      "mean_logit_fp": 0.007989312522113323,
      "max_logit_fp": 0.07186150550842285
    }
  ]
}