{
  "experiment": "exp1_dg_pca_semantics",
  "model": "deepseek7b",
  "timestamp": "2026-04-28T22:26:31.843007",
  "layer_results": [
    {
      "layer": 0,
      "n_pairs": 496,
      "top5_var": 0.3134675920009613,
      "top10_var": 0.5302598476409912,
      "n90": 25,
      "var_ratio_top5": [
        1.6358187198638916,
        1.5179612636566162,
        1.1363188028335571,
        1.9913904666900635,
        0.9614095687866211
      ],
      "diff_mean_abs_top5": [
        0.03809098154306412,
        0.037483468651771545,
        0.03642883524298668,
        0.038392405956983566,
        0.036548130214214325
      ],
      "same_mean_abs_top5": [
        0.02976451814174652,
        0.028534505516290665,
        0.03417130187153816,
        0.029171327129006386,
        0.03821661323308945
      ],
      "classification_acc": {
        "3": 0.7742020202020201,
        "5": 0.7742020202020201,
        "10": 0.7742020202020201,
        "20": 0.7742020202020201
      },
      "gate_pca_sep_ratio": 1.3095134649303846,
      "pc1_cat_corr": {
        "food": {
          "mean_as_first": 0.01569872908294201,
          "mean_as_second": -0.0017458456568419933,
          "contrast": 0.017444574739784002
        },
        "tools": {
          "mean_as_first": -0.050943586975336075,
          "mean_as_second": 0.04029759764671326,
          "contrast": -0.09124118462204933
        }
      }
    },
    {
      "layer": 4,
      "n_pairs": 496,
      "top5_var": 0.488961398601532,
      "top10_var": 0.6864342093467712,
      "n90": 21,
      "var_ratio_top5": [
        10.670279502868652,
        9.004549026489258,
        1.3693015575408936,
        0.9983118772506714,
        1.1178337335586548
      ],
      "diff_mean_abs_top5": [
        0.04393012449145317,
        0.04346540570259094,
        0.03427543118596077,
        0.03458566591143608,
        0.030816087499260902
      ],
      "same_mean_abs_top5": [
        0.013689378276467323,
        0.014558551833033562,
        0.045008834451436996,
        0.034063342958688736,
        0.03583575040102005
      ],
      "classification_acc": {
        "3": 0.7742020202020201,
        "5": 0.7742020202020201,
        "10": 0.7742020202020201,
        "20": 0.7742020202020201
      },
      "gate_pca_sep_ratio": 1.8205118577941395,
      "pc1_cat_corr": {
        "food": {
          "mean_as_first": -0.02260829694569111,
          "mean_as_second": 0.05200248584151268,
          "contrast": -0.07461078278720379
        },
        "tools": {
          "mean_as_first": -0.06414742767810822,
          "mean_as_second": 0.035466667264699936,
          "contrast": -0.09961409494280815
        }
      }
    },
    {
      "layer": 8,
      "n_pairs": 496,
      "top5_var": 0.3954484462738037,
      "top10_var": 0.6075383424758911,
      "n90": 23,
      "var_ratio_top5": [
        8.56808853149414,
        5.408062934875488,
        1.3610820770263672,
        1.0665279626846313,
        0.8885228037834167
      ],
      "diff_mean_abs_top5": [
        0.041714396327733994,
        0.040597103536129,
        0.031217047944664955,
        0.03477022424340248,
        0.03341257572174072
      ],
      "same_mean_abs_top5": [
        0.012632009573280811,
        0.015360573306679726,
        0.03234347328543663,
        0.042143285274505615,
        0.03146210312843323
      ],
      "classification_acc": {
        "3": 0.7742020202020201,
        "5": 0.7742020202020201,
        "10": 0.7742020202020201,
        "20": 0.7742020202020201
      },
      "gate_pca_sep_ratio": 1.7561964584780854,
      "pc1_cat_corr": {
        "food": {
          "mean_as_first": 0.008084717206656933,
          "mean_as_second": 0.012760092504322529,
          "contrast": -0.004675375297665596
        },
        "tools": {
          "mean_as_first": -0.07774198055267334,
          "mean_as_second": 0.05333574488759041,
          "contrast": -0.13107772544026375
        }
      }
    },
    {
      "layer": 12,
      "n_pairs": 496,
      "top5_var": 0.3806253671646118,
      "top10_var": 0.5876163244247437,
      "n90": 24,
      "var_ratio_top5": [
        5.907559871673584,
        2.237056255340576,
        1.425194263458252,
        0.9527985453605652,
        1.1450285911560059
      ],
      "diff_mean_abs_top5": [
        0.042269304394721985,
        0.03824891149997711,
        0.03514590114355087,
        0.03492307290434837,
        0.034977253526449203
      ],
      "same_mean_abs_top5": [
        0.0164642296731472,
        0.02549538016319275,
        0.0366961769759655,
        0.032706331461668015,
        0.03423459082841873
      ],
      "classification_acc": {
        "3": 0.7742020202020201,
        "5": 0.7742020202020201,
        "10": 0.7742020202020201,
        "20": 0.7742020202020201
      },
      "gate_pca_sep_ratio": 1.6410726062496002,
      "pc1_cat_corr": {
        "food": {
          "mean_as_first": 0.010610215365886688,
          "mean_as_second": -0.034603141248226166,
          "contrast": 0.045213356614112854
        },
        "tools": {
          "mean_as_first": 0.06952758133411407,
          "mean_as_second": -0.041455142199993134,
          "contrast": 0.11098272353410721
        }
      }
    },
    {
      "layer": 16,
      "n_pairs": 496,
      "top5_var": 0.38382384181022644,
      "top10_var": 0.5922688841819763,
      "n90": 24,
      "var_ratio_top5": [
        4.449408054351807,
        1.8659247159957886,
        1.6311918497085571,
        0.9483696222305298,
        1.216393232345581
      ],
      "diff_mean_abs_top5": [
        0.041251040995121,
        0.03734699636697769,
        0.036775704473257065,
        0.035745199769735336,
        0.03663169965147972
      ],
      "same_mean_abs_top5": [
        0.018789255991578102,
        0.030689824372529984,
        0.03834136575460434,
        0.03859096020460129,
        0.030760761350393295
      ],
      "classification_acc": {
        "3": 0.7742020202020201,
        "5": 0.7742020202020201,
        "10": 0.7742020202020201,
        "20": 0.7742020202020201
      },
      "gate_pca_sep_ratio": 1.4679791100130473,
      "pc1_cat_corr": {
        "food": {
          "mean_as_first": 0.015308871865272522,
          "mean_as_second": -0.0383218415081501,
          "contrast": 0.05363071337342262
        },
        "tools": {
          "mean_as_first": 0.06460776180028915,
          "mean_as_second": -0.03615592420101166,
          "contrast": 0.10076368600130081
        }
      }
    },
    {
      "layer": 20,
      "n_pairs": 496,
      "top5_var": 0.42741358280181885,
      "top10_var": 0.6286402344703674,
      "n90": 23,
      "var_ratio_top5": [
        5.604539394378662,
        2.568861246109009,
        2.603076219558716,
        0.9659897685050964,
        0.9675543308258057
      ],
      "diff_mean_abs_top5": [
        0.04215477406978607,
        0.03951328247785568,
        0.03667054325342178,
        0.034064337611198425,
        0.03523247316479683
      ],
      "same_mean_abs_top5": [
        0.014904255978763103,
        0.030300570651888847,
        0.045100390911102295,
        0.034736268222332,
        0.03615444898605347
      ],
      "classification_acc": {
        "3": 0.7742020202020201,
        "5": 0.7742020202020201,
        "10": 0.7742020202020201,
        "20": 0.7742020202020201
      },
      "gate_pca_sep_ratio": 1.5181059297818804,
      "pc1_cat_corr": {
        "food": {
          "mean_as_first": -0.035812802612781525,
          "mean_as_second": 0.061889395117759705,
          "contrast": -0.09770219773054123
        },
        "tools": {
          "mean_as_first": -0.048432447016239166,
          "mean_as_second": 0.01934811845421791,
          "contrast": -0.06778056547045708
        }
      }
    },
    {
      "layer": 24,
      "n_pairs": 496,
      "top5_var": 0.4252500534057617,
      "top10_var": 0.6227908730506897,
      "n90": 23,