{
  "key_layers": [
    0,
    10,
    20,
    30,
    39
  ],
  "n_random_probes": 10,
  "real_vs_real": {
    "('polarity', 'tense', 0, 10)": {
      "min_angle": 90.0,
      "mean_angle": 90.0,
      "angles": [
        90.0,
        90.0,
        90.0,
        90.0,
        90.0
      ]
    },
    "('polarity', 'tense', 0, 20)": {
      "min_angle": 90.0,
      "mean_angle": 90.0,
      "angles": [
        90.0,
        90.0,
        90.0,
        90.0,
        90.0
      ]
    },
    "('polarity', 'tense', 0, 50)": {
      "min_angle": 8.537736462515939e-07,
      "mean_angle": 72.00000017075473,
      "angles": [
        0.0,
        90.0,
        90.0,
        90.0,
        90.0
      ]
    },
    "('polarity', 'semantic', 0, 10)": {
      "min_angle": 90.0,
      "mean_angle": 90.0,
      "angles": [
        90.0,
        90.0,
        90.0,
        90.0,
        90.0
      ]
    },
    "('polarity', 'semantic', 0, 20)": {
      "min_angle": 0.0,
      "mean_angle": 72.0,
      "angles": [
        0.0,
        90.0,
        90.0,
        90.0,
        90.0
      ]
    },
    "('polarity', 'semantic', 0, 50)": {
      "min_angle": 0.0,
      "mean_angle": 72.0,
      "angles": [
        0.0,
        90.0,
        90.0,
        90.0,
        90.0
      ]
    },
    "('tense', 'semantic', 0, 10)": {
      "min_angle": 90.0,
      "mean_angle": 90.0,
      "angles": [
        90.0,
        90.0,
        90.0,
        90.0,
        90.0
      ]
    },
    "('tense', 'semantic', 0, 20)": {
      "min_angle": 8.537736462515939e-07,
      "mean_angle": 72.00000017075473,
      "angles": [
        0.0,
        90.0,
        90.0,
        90.0,
        90.0
      ]
    },
    "('tense', 'semantic', 0, 50)": {
      "min_angle": 8.537736462515939e-07,
      "mean_angle": 72.00000017075473,
      "angles": [
        0.0,
        90.0,
        90.0,
        90.0,
        90.0
      ]
    },
    "('polarity', 'tense', 10, 10)": {
      "min_angle": 90.0,
      "mean_angle": 90.0,
      "angles": [
        90.0,
        90.0,
        90.0,
        90.0,
        90.0
      ]
    },
    "('polarity', 'tense', 10, 20)": {
      "min_angle": 90.0,
      "mean_angle": 90.0,
      "angles": [
        90.0,
        90.0,
        90.0,
        90.0,
        90.0
      ]
    },
    "('polarity', 'tense', 10, 50)": {
      "min_angle": 0.0,
      "mean_angle": 36.000000241483654,
      "angles": [
        0.0,
        0.0,
        0.0,
        90.0,
        90.0
      ]
    },
    "('polarity', 'semantic', 10, 10)": {
      "min_angle": 90.0,
      "mean_angle": 90.0,
      "angles": [
        90.0,
        90.0,
        90.0,
        90.0,
        90.0
      ]
    },
    "('polarity', 'semantic', 10, 20)": {
      "min_angle": 90.0,
      "mean_angle": 90.0,
      "angles": [
        90.0,
        90.0,
        90.0,
        90.0,
        90.0
      ]
    },
    "('polarity', 'semantic', 10, 50)": {
      "min_angle": 90.0,
      "mean_angle": 90.0,
      "angles": [
        90.0,
        90.0,
        90.0,
        90.0,
        90.0
      ]
    },
    "('tense', 'semantic', 10, 10)": {
      "min_angle": 90.0,
      "mean_angle": 90.0,
      "angles": [
        90.0,
        90.0,
        90.0,
        90.0,
        90.0
      ]
    },
    "('tense', 'semantic', 10, 20)": {
      "min_angle": 90.0,
      "mean_angle": 90.0,
      "angles": [
        90.0,
        90.0,
        90.0,
        90.0,
        90.0
      ]
    },
    "('tense', 'semantic', 10, 50)": {
      "min_angle": 0.0,
      "mean_angle": 72.0,
      "angles": [
        0.0,
        90.0,
        90.0,
        90.0,
        90.0
      ]
    },
    "('polarity', 'tense', 20, 10)": {
      "min_angle": 90.0,
      "mean_angle": 90.0,
      "angles": [
        90.0,
        90.0,
        90.0,
        90.0,
        90.0
      ]
    },
    "('polarity', 'tense', 20, 20)": {
      "min_angle": 90.0,
      "mean_angle": 90.0,
      "angles": [
        90.0,
        90.0,
        90.0,
        90.0,
        90.0
      ]
    },
    "('polarity', 'tense', 20, 50)": {
      "min_angle": 90.0,
      "mean_angle": 90.0,
      "angles": [
        90.0,
        90.0,
        90.0,
        90.0,
        90.0
      ]
    },
    "('polarity', 'semantic', 20, 10)": {
      "min_angle": 90.0,
      "mean_angle": 90.0,
      "angles": [
        90.0,
        90.0,
        90.0,
        90.0,
        90.0
      ]
    },
    "('polarity', 'semantic', 20, 20)": {
      "min_angle": 90.0,
      "mean_angle": 90.0,
      "angles": [
        90.0,
        90.0,
        90.0,
        90.0,
        90.0
      ]
    },
    "('polarity', 'semantic', 20, 50)": {
      "min_angle": 90.0,
      "mean_angle": 90.0,
      "angles": [
        90.0,
        90.0,
        90.0,
        90.0,
        90.0
      ]
    },
    "('tense', 'semantic', 20, 10)": {
      "min_angle": 90.0,
      "mean_angle": 90.0,
      "angles": [
        90.0,
        90.0,
        90.0,
        90.0,
        90.0
      ]
    },
    "('tense', 'semantic', 20, 20)": {
      "min_angle": 90.0,
      "mean_angle": 90.0,
      "angles": [
        90.0,
        90.0,
        90.0,
        90.0,
        90.0
      ]
    },
    "('tense', 'semantic', 20, 50)": {
      "min_angle": 90.0,
      "mean_angle": 90.0,
      "angles": [
        90.0,
        90.0,
        90.0,
        90.0,
        90.0
      ]
    },
    "('polarity', 'tense', 30, 10)": {
      "min_angle": 90.0,
      "mean_angle": 90.0,
      "angles": [
        90.0,
        90.0,
        90.0,
        90.0,
        90.0
      ]
    },
    "('polarity', 'tense', 30, 20)": {
      "min_angle": 90.0,
      "mean_angle": 90.0,
      "angles": [
        90.0,
        90.0,
        90.0,
        90.0,
        90.0
      ]
    },
    "('polarity', 'tense', 30, 50)": {
      "min_angle": 90.0,
      "mean_angle": 90.0,
      "angles": [
        90.0,
        90.0,
        90.0,
        90.0,
        90.0
      ]
    },
    "('polarity', 'semantic', 30, 10)": {
      "min_angle": 90.0,
      "mean_angle": 90.0,
      "angles": [
        90.0,
        90.0,
        90.0,
        90.0,
        90.0
      ]
    },
    "('polarity', 'semantic', 30, 20)": {
      "min_angle": 90.0,
      "mean_angle": 90.0,
      "angles": [
        90.0,
        90.0,
        90.0,
        90.0,
        90.0
      ]
    },
    "('polarity', 'semantic', 30, 50)": {
      "min_angle": 90.0,
      "mean_angle": 90.0,
      "angles": [
        90.0,
        90.0,
        90.0,
        90.0,
        90.0
      ]
    },
    "('tense', 'semantic', 30, 10)": {
      "min_angle": 90.0,
      "mean_angle": 90.0,
      "angles": [
        90.0,
        90.0,
        90.0,
        90.0,
        90.0
      ]
    },
    "('tense', 'semantic', 30, 20)": {
      "min_angle": 90.0,
      "mean_angle": 90.0,
      "angles": [
        90.0,
        90.0,
        90.0,
        90.0,
        90.0
      ]
    },
    "('tense', 'semantic', 30, 50)": {
      "min_angle": 90.0,
      "mean_angle": 90.0,
      "angles": [
        90.0,
        90.0,
        90.0,
        90.0,
        90.0
      ]
    },
    "('polarity', 'tense', 39, 10)": {
      "min_angle": 90.0,
      "mean_angle": 90.0,
      "angles": [
        90.0,
        90.0,
        90.0,
        90.0,
        90.0
      ]
    },
    "('polarity', 'tense', 39, 20)": {
      "min_angle": 90.0,
      "mean_angle": 90.0,
      "angles": [
        90.0,
        90.0,
        90.0,
        90.0,
        90.0
      ]
    },
    "('polarity', 'tense', 39, 50)": {
      "min_angle": 90.0,
      "mean_angle": 90.0,
      "angles": [
        90.0,
        90.0,
        90.0,
        90.0,
        90.0
      ]
    },
    "('polarity', 'semantic', 39, 10)": {
      "min_angle": 90.0,
      "mean_angle": 90.0,
      "angles": [
        90.0,
        90.0,
        90.0,
        90.0,
        90.0
      ]
    },
    "('polarity', 'semantic', 39, 20)": {
      "min_angle": 90.0,