{
  "key_layers": [
    0,
    6,
    13,
    20,
    26,
    33,
    39
  ],
  "real_cos_diff": {
    "('polarity', 'tense', 0)": -0.15762007236480713,
    "('polarity', 'semantic', 0)": -0.049515049904584885,
    "('tense', 'semantic', 0)": 0.02620360255241394,
    "('polarity', 'tense', 6)": -0.017775502055883408,
    "('polarity', 'semantic', 6)": 0.03663785755634308,
    "('tense', 'semantic', 6)": 0.010382173582911491,
    "('polarity', 'tense', 13)": -0.015904085710644722,
    "('polarity', 'semantic', 13)": 0.030879829078912735,
    "('tense', 'semantic', 13)": -0.015723930671811104,
    "('polarity', 'tense', 20)": 0.004664338659495115,
    "('polarity', 'semantic', 20)": 0.0490114763379097,
    "('tense', 'semantic', 20)": 0.009043598547577858,
    "('polarity', 'tense', 26)": -0.003925815224647522,
    "('polarity', 'semantic', 26)": 0.019496217370033264,
    "('tense', 'semantic', 26)": 0.014907073229551315,
    "('polarity', 'tense', 33)": 0.0033084945753216743,
    "('polarity', 'semantic', 33)": -0.031485892832279205,
    "('tense', 'semantic', 33)": 0.040551088750362396,
    "('polarity', 'tense', 39)": 0.048010483384132385,
    "('polarity', 'semantic', 39)": -0.12473843991756439,
    "('tense', 'semantic', 39)": 0.06397616863250732
  },
  "random_cos_diff": {
    "0": {
      "mean": -0.02901859120465815,
      "std": 0.11940388353806329,
      "max_abs": 0.2262062132358551,
      "values": [
        -0.1341,
        -0.0875,
        0.0034,
        -0.0608,
        -0.0932,
        0.1295,
        0.2262,
        -0.0863,
        -0.1938,
        0.0063
      ]
    },
    "6": {
      "mean": 0.08546932544559241,
      "std": 0.10756086606972708,
      "max_abs": 0.34888094663619995,
      "values": [
        0.0472,
        -0.003,
        -0.0212,
        0.3489,
        0.0669,
        -0.0238,
        0.0484,
        0.0691,
        0.1495,
        0.1728
      ]
    },
    "13": {
      "mean": 0.02007211819291115,
      "std": 0.09184979862742602,
      "max_abs": 0.26053816080093384,
      "values": [
        -0.0146,
        -0.033,
        -0.0152,
        -0.1137,
        0.0595,
        0.0017,
        0.2605,
        0.0473,
        0.0149,
        -0.0068
      ]
    },
    "20": {
      "mean": 0.0302618196234107,
      "std": 0.10730438944617758,
      "max_abs": 0.22178149223327637,
      "values": [
        -0.022,
        0.1353,
        -0.0163,
        0.1763,
        -0.0114,
        0.0628,
        0.2218,
        -0.0616,
        -0.0757,
        -0.1067
      ]
    },
    "26": {
      "mean": 0.03272339361719787,
      "std": 0.09308298102615475,
      "max_abs": 0.16252756118774414,
      "values": [
        -0.0792,
        -0.0062,
        -0.1089,
        0.0926,
        0.1288,
        0.1625,
        0.0843,
        0.0328,
        0.1082,
        -0.0878
      ]
    },
    "33": {
      "mean": -0.016603747755289076,
      "std": 0.07817046882668559,
      "max_abs": 0.13834741711616516,
      "values": [
        0.1237,
        -0.0352,
        0.0218,
        -0.1383,
        -0.0854,
        -0.0314,
        0.0225,
        0.0911,
        -0.0952,
        -0.0395
      ]
    },
    "39": {
      "mean": 0.08885762318968773,
      "std": 0.16392623438409606,
      "max_abs": 0.41873735189437866,
      "values": [
        0.0941,
        0.1873,
        -0.2077,
        0.1913,
        0.1576,
        0.0694,
        0.4187,
        -0.0412,
        0.1021,
        -0.083
      ]
    }
  },
  "real_vs_random": {
    "('polarity', 0)": {
      "mean": 0.016326121240854263,
      "std": 0.09669471444160593,
      "max_abs": 0.1807962954044342
    },
    "('tense', 0)": {
      "mean": -0.012354043871164322,
      "std": 0.051025399410070026,
      "max_abs": 0.06886712461709976
    },
    "('semantic', 0)": {
      "mean": -0.0017487503588199615,
      "std": 0.026277305896139542,
      "max_abs": 0.04450260475277901
    },
    "('polarity', 6)": {
      "mean": -0.17513164579868318,
      "std": 0.2251856390342552,
      "max_abs": 0.5001062750816345
    },
    "('tense', 6)": {
      "mean": 0.0010871000587940216,
      "std": 0.029933951619623724,
      "max_abs": 0.04431156814098358
    },
    "('semantic', 6)": {
      "mean": 0.00073438985273242,
      "std": 0.005025408004247412,
      "max_abs": 0.007785193622112274
    },
    "('polarity', 13)": {
      "mean": 0.06937731057405472,
      "std": 0.13230552078641766,
      "max_abs": 0.19902335107326508
    },
    "('tense', 13)": {
      "mean": 0.0037460975348949433,
      "std": 0.03529463712716921,
      "max_abs": 0.05309257656335831
    },
    "('semantic', 13)": {
      "mean": -0.005771978944540024,
      "std": 0.04158013362459435,
      "max_abs": 0.07024846971035004
    },
    "('polarity', 20)": {
      "mean": 0.005321051180362702,
      "std": 0.19508286646666023,
      "max_abs": 0.2949710786342621
    },
    "('tense', 20)": {
      "mean": 0.00968650858849287,
      "std": 0.028894345324645434,
      "max_abs": 0.062214430421590805
    },
    "('semantic', 20)": {
      "mean": -0.03344635032117367,
      "std": 0.04027770333156303,
      "max_abs": 0.08630543947219849
    },
    "('polarity', 26)": {
      "mean": -0.03518078103661537,
      "std": 0.15265479496678613,
      "max_abs": 0.23330098390579224
    },
    "('tense', 26)": {
      "mean": 0.023753897286951542,
      "std": 0.02297696654989977,
      "max_abs": 0.06125250831246376
    },
    "('semantic', 26)": {
      "mean": -0.03227454982697964,
      "std": 0.02705797254267698,
      "max_abs": 0.06910182535648346
    },
    "('polarity', 33)": {
      "mean": -0.062015286087989806,
      "std": 0.07903991074936986,
      "max_abs": 0.18742865324020386
    },
    "('tense', 33)": {
      "mean": -0.0030107725411653518,
      "std": 0.024030940850616547,
      "max_abs": 0.02832063101232052
    },
    "('semantic', 33)": {
      "mean": -0.034366943314671515,
      "std": 0.036916361592429905,
      "max_abs": 0.09222330152988434
    },
    "('polarity', 39)": {
      "mean": 0.24949061796069144,
      "std": 0.17577994780604989,
      "max_abs": 0.4349212646484375
    },
    "('tense', 39)": {
      "mean": 0.014244438335299491,
      "std": 0.02740711013640756,
      "max_abs": 0.039614614099264145
    },
    "('semantic', 39)": {
      "mean": -0.046900293231010436,
      "std": 0.05876373774462598,
      "max_abs": 0.15431109070777893
    }
  }
}