{
  "target_layer": 20,
  "n_samples": 320,
  "n_permutations": 200,
  "real": {
    "dim_90": 2669,
    "dim_90_pct": 0.652,
    "gini": 0.40422279517151377
  },
  "permutation": {
    "mean_gini": 0.4170860872816752,
    "std_gini": 0.004219203992569175,
    "mean_dim90": 2641.655,
    "std_dim90": 15.715469289843051,
    "mean_dim90_pct": 0.645,
    "gini_pvalue": 0.995,
    "dim90_pvalue": 0.955
  },
  "z_scores": {
    "gini_z": -3.0487485631925177,
    "dim90_z": 1.740005309142944
  },
  "principal_angles": {
    "real_pol_tense": {
      "10": {
        "min_angle": 90.0,
        "mean_angle": 90.0
      },
      "20": {
        "min_angle": 90.0,
        "mean_angle": 90.0
      }
    },
    "random_mean": {
      "10": 82.70270272577767,
      "20": 72.97297297297297
    },
    "random_std": {
      "10": 24.566363285901534,
      "20": 35.249294788028365
    }
  }
}