{"epoch": 300, "embeddings": [[-0.7779320478439331, -0.6576045155525208, -1.0643693208694458], [1.4140924215316772, -1.9131063222885132, 1.1142866611480713], [2.07877779006958, 0.39743268489837646, -1.7907826900482178], [-0.2804415225982666, -0.8753722906112671, 1.8186285495758057], [0.5167236328125, 3.1013965606689453, 0.7201728820800781], [3.0395748615264893, 0.6322822570800781, -1.1107897758483887], [1.9247350692749023, 0.41837745904922485, -0.9495748281478882], [-2.4540698528289795, -0.34581321477890015, -0.8973754644393921], [1.8680604696273804, 0.1943897306919098, -0.30906739830970764], [0.6555320024490356, 0.22580407559871674, -0.35705864429473877], [0.25238436460494995, -0.19299933314323425, -1.9637343883514404], [-3.6914892196655273, 2.074877977371216, -1.7130931615829468], [-1.337172508239746, 3.324381113052368, 1.1232818365097046], [-4.070017337799072, 0.5126357078552246, 0.28517818450927734], [-1.0988913774490356, -0.9281830787658691, -1.1600645780563354], [-1.125738263130188, -1.9413480758666992, -0.9620999097824097], [1.290894865989685, 0.4140205383300781, -0.13655102252960205], [0.5575002431869507, 0.6851752996444702, 0.9029092788696289], [-1.1997015476226807, -0.2784149944782257, 2.888770341873169], [-0.6678992509841919, -0.08147283643484116, 1.68412446975708], [1.7619833946228027, 0.28471463918685913, 0.5340285301208496], [-1.6132805347442627, 1.9049603939056396, -0.4618223011493683], [1.6405736207962036, 0.04700394347310066, 1.2940642833709717], [-2.533996343612671, -0.9352937340736389, -1.5570690631866455], [-1.3023344278335571, -1.6807821989059448, 0.47539645433425903], [-4.344738483428955, 1.2249807119369507, -0.5823659300804138], [-0.9340752959251404, 2.731574296951294, 0.5925809144973755], [0.28847622871398926, -1.2617112398147583, -2.4161417484283447], [0.4654940366744995, 2.788806676864624, -1.8333680629730225], [0.1486368030309677, -1.9375296831130981, -1.100787878036499], [1.106874704360962, 0.6683252453804016, -1.1829476356506348], [-0.37792855501174927, 1.5121902227401733, 1.9244122505187988], [0.8440872430801392, 0.07450884580612183, -1.4202545881271362], [2.8163578510284424, -2.3557074069976807, 1.8347508907318115], [1.4175138473510742, -0.2620788514614105, 0.04413212090730667], [-1.1698310375213623, -0.807607889175415, -2.377575159072876], [0.252119779586792, 0.808313250541687, -0.7025886178016663], [1.0884453058242798, -0.5073486566543579, -0.5408352017402649], [-0.2486972063779831, 1.5206254720687866, 1.224097490310669], [-0.8357352018356323, 1.4722785949707031, -1.7889108657836914], [-1.363830804824829, 0.45354560017585754, -1.5678211450576782], [0.5014055371284485, -0.03428379073739052, 1.944671869277954], [0.906603217124939, -3.528428077697754, 4.91351842880249], [0.1004205197095871, -0.9371943473815918, -0.4083636999130249], [0.14607059955596924, -0.7874121069908142, 0.6430382132530212], [0.47922709584236145, -1.0320667028427124, 0.9057280421257019], [-1.065271019935608, -0.06622098386287689, 0.40882641077041626], [-0.4451787769794464, 0.4980042576789856, -1.9611120223999023], [-1.6693001985549927, -1.227025032043457, -2.5600998401641846], [1.3443654775619507, -1.154750108718872, -2.3683719635009766], [-1.3881477117538452, -2.634695053100586, 1.2148361206054688], [-1.8411073684692383, -1.166316032409668, 2.015794277191162], [-2.854621648788452, -3.6804139614105225, 3.1505026817321777], [3.6867246627807617, -0.9322619438171387, 0.8588019609451294], [3.260659694671631, 0.6548610329627991, 0.10353417694568634], [-0.26101839542388916, -0.8209231495857239, 0.4152716398239136], [-2.6841413974761963, 1.621403455734253, -1.013006329536438], [-1.4422330856323242, 0.6858271956443787, 0.9725099802017212], [0.30197301506996155, 0.9289847016334534, -3.910994291305542], [3.1604740619659424, 1.0921839475631714, 3.072538375854492], [2.8372745513916016, -1.4138588905334473, -0.2222793996334076], [-0.7303017377853394, 2.4740118980407715, 0.06852761656045914], [-1.392730474472046, 0.881267249584198, -1.216192603111267], [-1.7359563112258911, -2.5420072078704834, -0.9618006944656372], [0.46195802092552185, 1.6688405275344849, 1.3058276176452637], [-2.903075933456421, -0.23305101692676544, 0.28384166955947876], [-0.7735533118247986, -2.2477574348449707, -0.886834979057312], [-0.9297851324081421, -1.2290780544281006, 0.2783186137676239], [0.5131393074989319, -3.696272611618042, -0.597816526889801], [1.3530668020248413, 1.7674064636230469, -0.4560202360153198], [1.7592053413391113, 5.019014358520508, 2.062734842300415], [1.6288325786590576, 1.732248067855835, 2.798982620239258], [-0.5160420536994934, 2.2802751064300537, 1.4516394138336182], [-1.427931785583496, 0.05553915724158287, 0.42489075660705566], [1.3891124725341797, 1.557309627532959, 0.6970365047454834], [2.3024721145629883, -3.211437463760376, -2.5391156673431396], [-1.3787651062011719, 1.1317752599716187, -1.7404913902282715], [-0.9220603704452515, -0.9608874917030334, 2.893043041229248], [-1.4902673959732056, 0.5875158905982971, -0.08526360243558884], [1.4471107721328735, -0.5789429545402527, 1.6145498752593994], [1.5894159078598022, 0.9202016592025757, 1.6261622905731201], [-0.30372944474220276, 2.25716233253479, 0.7871338725090027], [-2.7991065979003906, -0.7703183889389038, 2.7185585498809814], [-2.7515645027160645, 1.4577980041503906, -0.7231614589691162], [3.2224724292755127, 1.9521642923355103, -0.9685455560684204], [-0.4350418746471405, -0.6410531997680664, -1.9818984270095825], [0.4712061882019043, -0.1835736632347107, 0.06979139149188995], [1.128741979598999, 0.5596584677696228, 2.35634183883667], [-0.9308931827545166, 3.324392557144165, -0.9185888171195984], [-0.13578757643699646, -0.9563171863555908, 1.1111512184143066], [-1.8005672693252563, -0.28875449299812317, 2.063034772872925], [-0.613283634185791, -0.9999624490737915, 1.1485244035720825], [-0.5303130745887756, -0.9127013087272644, 1.1085805892944336], [-0.6973294019699097, -0.6487695574760437, 0.25814828276634216], [2.3977463245391846, 1.353576421737671, -2.8850605487823486], [0.531804621219635, 2.942279100418091, 0.7742384672164917], [2.1747398376464844, 0.4813730716705322, 0.3496794104576111], [2.9705188274383545, -3.3145806789398193, -2.4088711738586426], [-0.4130520820617676, -1.4916932582855225, -0.8406492471694946], [1.7418745756149292, 0.6615571975708008, -2.0352783203125], [1.1344704627990723, 1.1240839958190918, -1.6661617755889893], [-0.3004794716835022, -1.2738685607910156, 2.702718496322632], [0.7730518579483032, -2.794731378555298, -2.311659097671509], [-0.30570104718208313, -2.562540054321289, -0.8495389223098755], [-0.18343983590602875, -3.386363983154297, -1.4426087141036987], [-1.2487380504608154, 0.9081831574440002, -1.1731280088424683], [-0.30475300550460815, 0.7012737393379211, -1.5697267055511475], [0.18691155314445496, 0.600447416305542, 1.0677604675292969], [-1.8485019207000732, 1.0351999998092651, -1.1200908422470093], [1.4143990278244019, -0.34988996386528015, -1.8978990316390991], [2.8877506256103516, 1.11172354221344, 1.1799780130386353], [0.3495376408100128, -1.172074794769287, 2.098405122756958], [-1.1019965410232544, -0.6753076910972595, 1.2877057790756226]]}