{"epoch": 1600, "embeddings": [[-0.4517052173614502, 0.3528977036476135, -0.9046244025230408], [0.4925386905670166, -0.8516601920127869, -0.12849362194538116], [0.5657879114151001, -0.5365235805511475, 0.8085724711418152], [-0.14780165255069733, 0.2902269661426544, 1.9665477275848389], [-1.3227050304412842, -0.13081695139408112, 0.5116386413574219], [-1.2043434381484985, -0.3840221166610718, -1.5537933111190796], [0.21759524941444397, -0.6405462622642517, -1.5572506189346313], [1.684926152229309, 0.6095213294029236, -0.8338266015052795], [0.5464748740196228, 1.0951409339904785, 0.4276618957519531], [-0.8906412720680237, 0.19331304728984833, 0.5628172755241394], [-1.4662764072418213, -1.179211139678955, -0.49288174510002136], [0.516258955001831, -1.7885679006576538, -1.2168514728546143], [1.223020076751709, -0.5327447652816772, -0.6901359558105469], [1.0786939859390259, 2.361928701400757, 0.06424389779567719], [-0.2973178029060364, 1.6670194864273071, -0.2550661265850067], [-0.9264137744903564, 0.5291692018508911, -0.22036035358905792], [-0.9202481508255005, -1.4721205234527588, -0.07880029082298279], [0.6764899492263794, -1.261113166809082, 1.3527945280075073], [0.8188045620918274, 0.1533861607313156, 1.7427829504013062], [0.11390820890665054, 0.6024194955825806, 0.8498047590255737], [-0.8532853126525879, 0.5181748270988464, -0.4977900981903076], [-0.9315087199211121, -0.0411384142935276, -1.1812431812286377], [0.20187297463417053, -0.06309226900339127, -0.21411797404289246], [0.9982159733772278, 0.31602388620376587, 0.7947724461555481], [0.7133105397224426, 0.13312524557113647, 1.5338340997695923], [0.013284782879054546, -0.691676139831543, 0.31446588039398193], [-0.753122866153717, -0.8529018759727478, -1.0047500133514404], [-0.3540394902229309, 0.31437721848487854, -1.1857094764709473], [0.8947063684463501, 0.799659252166748, -1.1816225051879883], [1.4136924743652344, 0.6553749442100525, -0.605397641658783], [-0.15260842442512512, -0.4770215153694153, -0.09773571789264679], [-0.8773975372314453, -1.3100171089172363, 0.4244805574417114], [-1.0979442596435547, -0.6159461736679077, -0.2741253674030304], [0.11455171555280685, 0.23543252050876617, -0.2002040147781372], [0.834201455116272, 0.6890444755554199, -0.4998980462551117], [0.5431833267211914, 0.6386156678199768, -0.44245898723602295], [-0.5658146142959595, 0.5500403046607971, 0.404959499835968], [-1.4201148748397827, -0.09804664552211761, 0.910513162612915], [-0.36464813351631165, -0.21110907196998596, 1.1042988300323486], [1.1134133338928223, -0.8085591197013855, 0.22174592316150665], [1.0569133758544922, 0.019941221922636032, 0.2815495431423187], [-0.2539030909538269, 0.5238049030303955, 0.03775009885430336], [-1.184688687324524, 1.2996960878372192, 0.18954965472221375], [-0.8489233255386353, 0.6620866656303406, -0.7379521131515503], [0.8042702674865723, -0.6616922616958618, -0.24063608050346375], [1.2927861213684082, -1.3271470069885254, 0.5022221207618713], [0.41951245069503784, -0.7762846946716309, 0.8602118492126465], [-1.0012116432189941, 0.5061743855476379, 0.07674162089824677], [-1.2082750797271729, 0.9652359485626221, -1.2878092527389526], [0.32034486532211304, 0.2803908586502075, -2.0280773639678955], [1.3679245710372925, 0.01191223319619894, -0.4688988924026489], [1.0748252868652344, 0.11956210434436798, 1.3544354438781738], [-0.5930207967758179, 0.7993323802947998, 2.0894999504089355], [-1.7755085229873657, -0.28750860691070557, 0.6985060572624207], [-0.37991777062416077, -1.6098932027816772, -0.3435571491718292], [1.2722104787826538, -0.512657642364502, -0.7414469718933105], [1.4964572191238403, 0.7133345603942871, 0.056392740458250046], [-0.14704614877700806, 1.3438153266906738, 1.1765700578689575], [-1.539896011352539, 0.685077428817749, 0.3471830487251282], [-1.679754614830017, -1.3927022218704224, 0.463501900434494], [0.14486563205718994, -1.9018139839172363, 0.29730769991874695], [0.8390525579452515, -0.5294713973999023, 0.5160483717918396], [0.9750409722328186, 1.4739758968353271, -0.23011650145053864], [-0.4734586477279663, 1.932721734046936, -0.581481397151947], [-0.9683176279067993, 0.08942437171936035, -1.5283584594726562], [0.23086394369602203, -0.975627064704895, -1.3043822050094604], [1.1559629440307617, -0.5101540684700012, 0.22944439947605133], [0.820289671421051, 0.08453070372343063, 0.9564332365989685], [-0.6568060517311096, 1.0011999607086182, -0.03959261253476143], [-0.9909156560897827, 0.004811301827430725, -1.4040172100067139], [-0.5645409822463989, -0.6341297626495361, -1.3546346426010132], [1.1170631647109985, -0.32460886240005493, -0.23638707399368286], [0.900570809841156, 0.36245447397232056, 1.1822270154953003], [-0.03396989405155182, 0.5497416853904724, 1.2660434246063232], [-1.2898228168487549, -1.3254562616348267, 0.8882990479469299], [-1.069759488105774, -0.9496071338653564, -0.32708197832107544], [0.27112242579460144, 0.19532433152198792, -0.4995846450328827], [0.9361992478370667, 1.5772943496704102, 0.8841224312782288], [0.5232068300247192, 1.5174142122268677, 0.5970346331596375], [-0.5462134480476379, -0.4517361521720886, 0.43079838156700134], [-0.804021954536438, -1.7753965854644775, 0.534217119216919], [-0.24889682233333588, -0.9929435849189758, 0.08408889174461365], [1.0341124534606934, 0.3414035737514496, 0.030309287831187248], [1.28302800655365, 1.071657657623291, -0.6485621929168701], [-0.09662768989801407, 0.2626153528690338, -1.254912257194519], [-0.7426192760467529, -0.13816313445568085, -1.0869759321212769], [-0.539706289768219, -0.35215163230895996, -0.33858466148376465], [0.37999364733695984, -0.3172925114631653, 0.5166106820106506], [0.9646182060241699, -0.812893807888031, 0.5823249816894531], [0.6083109974861145, -0.5151558518409729, 0.24136663973331451], [-0.27236905694007874, 0.41995012760162354, -0.5520506501197815], [-0.8884344696998596, 1.1475181579589844, -0.2761215269565582], [-0.2393735945224762, 0.9115508198738098, 0.008767449297010899], [1.171138882637024, 0.13861100375652313, 0.9825785756111145], [0.4713967740535736, -1.2017158269882202, 0.5774757266044617], [-0.3681071698665619, -1.1813114881515503, 2.055288314819336], [-1.6884164810180664, -0.2512524127960205, 1.0111443996429443], [-0.9247034788131714, 0.5686744451522827, -0.9383906126022339], [1.0904326438903809, 0.6454158425331116, -1.3654718399047852], [1.1663267612457275, -0.10689714550971985, -1.287290334701538], [0.18864332139492035, -0.1513754278421402, -0.17437462508678436], [-1.1469029188156128, 0.4077450931072235, 0.8516237735748291], [-1.007735013961792, -0.48062020540237427, -0.3313407003879547], [0.4366307854652405, -0.7830730676651001, -0.7713964581489563], [1.565565586090088, -0.6842703223228455, -1.004564881324768], [1.0317336320877075, 0.5150232315063477, -0.5768666863441467], [-0.4938780963420868, 1.4008551836013794, -0.23142655193805695], [-1.3007456064224243, 0.7766216397285461, 0.18588021397590637], [0.04443319886922836, -0.694957435131073, -0.7420093417167664], [1.2446037530899048, -1.9901280403137207, 0.031744781881570816], [0.6270433664321899, -0.6538464426994324, 1.4419102668762207], [-0.9769559502601624, 1.6581034660339355, 1.4456923007965088], [-1.1590378284454346, 1.5108751058578491, 0.2926664650440216]]}