{"epoch": 1200, "embeddings": [[-0.3109213709831238, -0.5668036341667175, -0.5678478479385376], [1.1816234588623047, -0.9511187672615051, 0.16501261293888092], [0.8328133821487427, 0.6778773069381714, -0.4982033371925354], [-0.058868639171123505, -0.4273618161678314, 1.2117301225662231], [0.9830900430679321, 0.8828939199447632, 0.7387605905532837], [1.2197977304458618, 0.03098454512655735, -1.5689387321472168], [0.6300415992736816, 0.4273391664028168, -0.8129168748855591], [-1.9338316917419434, -0.12995545566082, -0.6682631373405457], [-0.09296132624149323, 0.004099343903362751, -0.03498630225658417], [0.6121488213539124, -0.9234087467193604, 0.0011576749384403229], [0.6990858316421509, 0.6486445665359497, -1.1111811399459839], [-1.6745306253433228, 2.505540132522583, 0.018433421850204468], [-0.7417184114456177, 2.3650083541870117, 1.2782944440841675], [-2.2606186866760254, -0.2959466874599457, 0.7117913365364075], [-0.5116709470748901, -0.6319788098335266, -0.728245198726654], [-0.35598665475845337, -0.8204416036605835, -0.45203885436058044], [1.4735000133514404, -0.07498390972614288, -0.05776508152484894], [0.24561184644699097, -0.08691846579313278, 1.4663509130477905], [-0.06962481886148453, -0.5591402053833008, 2.270033359527588], [0.24796971678733826, -0.5147491097450256, 0.9998197555541992], [1.0240604877471924, -0.36272916197776794, 0.2617017328739166], [-0.07762864232063293, 0.5632162094116211, -0.07546675950288773], [0.23806630074977875, -0.4065684974193573, 0.2597801089286804], [-1.5923992395401, -0.03900904953479767, -0.5003867149353027], [-0.5217442512512207, -1.3012099266052246, 0.21770425140857697], [-1.2257219552993774, 1.042832851409912, 0.4854358434677124], [-0.0213108379393816, 1.2811025381088257, 0.4845831096172333], [-0.1892121434211731, -0.13634300231933594, -1.331552267074585], [-0.8704367876052856, 0.9666411280632019, -0.8100647926330566], [-1.3761067390441895, -0.2821735739707947, -0.8923481106758118], [0.6751746535301208, 0.7315998673439026, -0.508317768573761], [0.3667696416378021, 0.6549494862556458, 1.0946035385131836], [0.4259265661239624, 0.12528230249881744, -1.0303256511688232], [1.0567066669464111, -2.1040263175964355, -0.1767578125], [0.3477226197719574, -0.21007440984249115, -0.2764629125595093], [-0.3150021433830261, -0.011948916129767895, -1.0372315645217896], [0.6916708946228027, 0.2502122223377228, -0.03875071927905083], [1.3248993158340454, -0.0583951510488987, 0.2934686541557312], [0.17958082258701324, 0.3482045829296112, 1.391707420349121], [-0.6486635208129883, 0.8827930092811584, -0.4438101351261139], [-0.9209482669830322, 0.6491532325744629, -0.12121639400720596], [0.4774717390537262, -0.28810760378837585, 0.5363544821739197], [0.5754071474075317, -2.6178324222564697, 1.357291340827942], [0.2260284423828125, -0.2593650221824646, -0.8643954992294312], [-0.05178622528910637, -0.3125988841056824, -0.01742411032319069], [0.0037884495686739683, 0.09222337603569031, 0.5233016610145569], [-0.12866312265396118, 0.8189654350280762, 0.7238038778305054], [-0.6294800043106079, 0.7305547595024109, -0.7550001740455627], [-0.6971460580825806, -0.9385541081428528, -1.6100592613220215], [-0.403577595949173, -0.1401553899049759, -2.1388068199157715], [-0.8925729393959045, -1.3062574863433838, 0.7930998206138611], [-0.6422966122627258, -0.34648597240448, 1.5235717296600342], [-0.86874920129776, -2.5876400470733643, 1.2831168174743652], [2.260098695755005, -0.5774917602539062, -0.262129545211792], [2.1258816719055176, 0.9912132024765015, 0.06772060692310333], [0.018777308985590935, 0.4429861307144165, 0.4006156027317047], [-1.6399320363998413, 0.9696112871170044, 0.6493930220603943], [-0.42593130469322205, -0.4888804852962494, 1.1722090244293213], [0.18325956165790558, -0.0493398979306221, -1.9742387533187866], [2.9046483039855957, -0.2933938205242157, 0.6192604899406433], [1.896573543548584, -0.7226759195327759, -0.6966147422790527], [-0.03807508945465088, 1.3232260942459106, 0.5556908249855042], [-1.6457655429840088, 0.2560385763645172, -0.31370970606803894], [-1.0882184505462646, -1.2429696321487427, -0.47678831219673157], [0.7681493759155273, 0.23263835906982422, -0.19540564715862274], [-1.1984273195266724, 0.4269201159477234, -0.07823584228754044], [-1.243460774421692, -0.4534744918346405, -0.12897033989429474], [-1.1936967372894287, -0.5694276094436646, 0.5262717604637146], [-0.5185166597366333, -1.7771024703979492, -1.0043929815292358], [0.7268048524856567, 0.7950308322906494, -0.7618176341056824], [1.6577712297439575, 1.7768819332122803, 0.7703605890274048], [0.32713842391967773, 1.0140528678894043, 1.7135145664215088], [0.29844674468040466, 1.3170053958892822, 1.759297251701355], [-0.8093059659004211, 0.12461807578802109, 0.6258291006088257], [1.687376856803894, 0.6928059458732605, 0.18739058077335358], [1.0112425088882446, -0.9269909858703613, -2.3408737182617188], [-0.5459070205688477, 0.0409485399723053, -0.41239133477211], [-0.4130527377128601, -2.0156643390655518, 1.5257853269577026], [-0.7345898747444153, -0.5823919773101807, 0.20311671495437622], [1.0945616960525513, -0.1649857759475708, 0.29420650005340576], [1.2326945066452026, 1.3089666366577148, 1.0941475629806519], [0.011371216736733913, 1.1049752235412598, 0.848991334438324], [-1.6805604696273804, -0.5183197855949402, 1.4806606769561768], [-2.377809524536133, 0.5175464153289795, -0.11594782024621964], [0.6221863031387329, 0.8115630745887756, -1.4733067750930786], [-0.3586820065975189, 0.6639404892921448, -1.1257737874984741], [0.39009350538253784, 0.3476748466491699, -0.3377874791622162], [0.8561597466468811, -1.0190026760101318, 0.8357353210449219], [-0.3763978183269501, 1.7848528623580933, 0.3549039363861084], [-0.059682972729206085, 0.30541160702705383, 0.43151965737342834], [-1.1596031188964844, -0.20791685581207275, 1.239676594734192], [-0.43657925724983215, -0.3515683710575104, 0.7525462508201599], [0.15368320047855377, -1.0044387578964233, 0.4181607961654663], [-0.316334992647171, -0.260758638381958, 0.208543062210083], [1.2832839488983154, 1.284443736076355, -1.468224048614502], [1.2922251224517822, 1.6043627262115479, 1.3123779296875], [1.6651785373687744, 0.15218167006969452, 0.06730885803699493], [0.8332377076148987, -1.7282555103302002, -2.4363017082214355], [-1.389326572418213, -0.3453935980796814, -0.9113873243331909], [-0.023512370884418488, 1.0393794775009155, -1.5433727502822876], [-0.10041896998882294, 1.200092077255249, -1.1235020160675049], [0.3939901292324066, -1.481572151184082, 0.8949838876724243], [-0.05581704527139664, -1.2956421375274658, -1.7115757465362549], [-0.763495147228241, -0.6877721548080444, -0.8068816661834717], [-0.8381764888763428, -0.29185500741004944, -0.8261654376983643], [-1.0068638324737549, 0.7589796185493469, -0.2956273555755615], [-0.615455687046051, 0.49502938985824585, -0.43761762976646423], [0.12690070271492004, -0.6399389505386353, 0.5128763318061829], [-1.0398063659667969, 0.7826769948005676, -0.7894762754440308], [0.3557465672492981, 1.3929816484451294, -0.5954645872116089], [1.3048715591430664, 0.07243100553750992, 0.6799864768981934], [0.6495590209960938, -1.9135626554489136, 0.6485750079154968], [0.3067162334918976, -1.4085196256637573, 0.8301786184310913]]}