{"epoch": 1970, "embeddings": [[-0.9593687057495117, 0.5278376340866089, 0.03424609825015068], [0.3046988844871521, 1.5889519453048706, 0.37050318717956543], [1.2182869911193848, 0.3787404000759125, -0.11333560943603516], [0.7834560871124268, -1.2730015516281128, -0.4561329782009125], [-0.7340513467788696, -1.1116230487823486, 0.06851693242788315], [-1.5145539045333862, 0.3544478118419647, 0.45815083384513855], [-0.44803300499916077, 1.4610083103179932, 0.021220028400421143], [1.1645119190216064, 0.6452792286872864, -0.9004617929458618], [1.1181799173355103, -1.1121599674224854, -0.8868607878684998], [-0.2403515726327896, -1.1206912994384766, 0.20434454083442688], [-1.5742491483688354, 0.2705492079257965, 0.9446083307266235], [-0.96095210313797, 1.7017474174499512, 0.3788323700428009], [0.5476594567298889, 0.8664592504501343, -0.7357521653175354], [1.3745828866958618, -1.0214064121246338, -1.0301523208618164], [0.43140488862991333, -1.5877283811569214, 0.48667195439338684], [-0.7604947090148926, -0.5851699113845825, 1.3005996942520142], [-1.1087288856506348, 1.0102545022964478, 0.9071266651153564], [0.119591623544693, 1.1754510402679443, -0.8680657148361206], [1.1571762561798096, -0.10367945581674576, -1.0901515483856201], [0.8932026028633118, -0.7920205593109131, 0.39956265687942505], [-0.3946104049682617, -0.7015253901481628, 1.3176085948944092], [-1.1854908466339111, 0.15235351026058197, 0.6459519863128662], [-0.3304692804813385, 0.5758616924285889, -1.3033950328826904], [0.8448681831359863, 0.17416325211524963, -1.4637622833251953], [1.2396687269210815, -0.24878083169460297, -0.02252298966050148], [0.15413327515125275, -0.2270766943693161, 1.5173479318618774], [-1.1659324169158936, 0.18788473308086395, 0.6987206339836121], [-0.9925057291984558, 0.24473117291927338, -1.2956829071044922], [0.2541526257991791, 0.3186264932155609, -1.7627851963043213], [1.1531873941421509, 0.19710148870944977, -0.08095215260982513], [0.41228020191192627, -0.2350476235151291, 1.562414288520813], [-0.796647310256958, -0.1691645085811615, 1.2693243026733398], [-1.4095481634140015, 0.03841909021139145, -0.6786983013153076], [-0.30664142966270447, 0.45987266302108765, -1.5014742612838745], [0.8748597502708435, 0.4199050962924957, -0.16838224232196808], [1.1566195487976074, -0.08165230602025986, 1.411763310432434], [0.16949059069156647, -0.9312060475349426, 1.1102017164230347], [-0.9981885552406311, -0.766348659992218, -0.333158403635025], [-0.682206392288208, 0.15947647392749786, -1.3892998695373535], [0.6227439641952515, 1.1575660705566406, -0.12403742969036102], [1.2736601829528809, 0.42611244320869446, 1.2018823623657227], [0.510563313961029, -0.7738650441169739, 0.8868783712387085], [-0.7633220553398132, -1.3274770975112915, -0.8063322901725769], [-1.1828482151031494, -0.2621909976005554, -1.2812637090682983], [0.09649935364723206, 1.3161948919296265, -0.47793319821357727], [1.0860486030578613, 1.212411642074585, 0.7544552683830261], [0.8022264242172241, -0.2150491327047348, 0.6755467653274536], [-0.6693589687347412, -1.4231650829315186, -0.3317248225212097], [-1.5107049942016602, -0.690883219242096, -0.9539779424667358], [-0.5866689682006836, 0.9557244181632996, -0.256643682718277], [0.8934291005134583, 1.1501966714859009, 0.30255115032196045], [1.4743973016738892, -0.2851255536079407, 0.5027722716331482], [0.19697393476963043, -1.495098352432251, -0.12541571259498596], [-1.2697833776474, -0.8429520726203918, -0.14509063959121704], [-1.0378977060317993, 1.216353178024292, 0.5032876133918762], [0.5775140523910522, 1.5863611698150635, 0.3589361310005188], [1.6001907587051392, 0.0030464318115264177, -0.056358739733695984], [0.7565838098526001, -1.6713287830352783, -0.28690382838249207], [-0.8391972184181213, -1.3014130592346191, 0.016380799934267998], [-1.3929940462112427, 0.6291830539703369, 0.5469899773597717], [-0.20493455231189728, 1.9233914613723755, 0.23610126972198486], [1.0083003044128418, 0.6030521988868713, -0.434193879365921], [1.1871743202209473, -1.107606291770935, -0.8018471598625183], [-0.215924471616745, -1.6330931186676025, -0.2537737786769867], [-1.327533483505249, 0.07264812290668488, 0.5716493725776672], [-0.7667579054832458, 1.4891339540481567, 0.04257473722100258], [0.6328625679016113, 0.8965182304382324, -0.9215603470802307], [1.0075761079788208, -0.4664715528488159, -0.7703835368156433], [-0.07714162766933441, -1.2732198238372803, 0.1413494199514389], [-1.1750138998031616, -0.15309500694274902, 1.1906477212905884], [-1.0348912477493286, 0.8953782320022583, 0.4876059293746948], [0.45407795906066895, 0.8611410856246948, -0.9140840172767639], [1.3369160890579224, -0.35095342993736267, -0.6898735165596008], [0.6217687129974365, -1.0592972040176392, 0.48244425654411316], [-0.7869064807891846, -0.26867493987083435, 1.8324648141860962], [-1.2454416751861572, 0.6173808574676514, 0.908588171005249], [-0.1581019163131714, 0.687136173248291, -1.1288013458251953], [1.292776107788086, -0.3265368342399597, -1.4739394187927246], [1.259264588356018, -0.8854731321334839, 0.06221849098801613], [-0.1252160370349884, -0.43381407856941223, 1.5302460193634033], [-1.0966840982437134, 0.4686152935028076, 0.8184280395507812], [-0.8277762532234192, 0.6888498067855835, -1.1215684413909912], [0.4745864272117615, 0.4185594618320465, -1.641352653503418], [1.059902310371399, -0.17110344767570496, -0.3786270022392273], [0.1970265507698059, -0.4181818664073944, 1.3901739120483398], [-0.9219890832901001, -0.30177268385887146, 0.9135988354682922], [-0.9946213364601135, 0.13175255060195923, -0.9725108742713928], [0.029382988810539246, 0.6658512353897095, -1.4759626388549805], [0.8915982842445374, 0.5675116181373596, 0.11320337653160095], [0.8032438158988953, 0.03380386158823967, 1.6060165166854858], [-0.3105911612510681, -0.6245601773262024, 1.183011531829834], [-1.0028035640716553, -0.8174681663513184, -0.8452723026275635], [-0.33583691716194153, -0.019478484988212585, -1.2369425296783447], [1.1172873973846436, 0.6285589933395386, -0.03772749751806259], [1.1376330852508545, 0.5071077346801758, 1.6566603183746338], [0.35057544708251953, -0.5291897058486938, 1.496614694595337], [-1.0806576013565063, -0.9615923166275024, -0.39290735125541687], [-1.0899311304092407, 0.023312099277973175, -1.3936079740524292], [0.2361099123954773, 0.9182250499725342, -0.7641223669052124], [1.1885656118392944, 0.7539952397346497, 0.8995335102081299], [0.5463571548461914, -0.5631238222122192, 0.7698104977607727], [-0.7319204807281494, -1.26688814163208, -0.5262286067008972], [-1.48936927318573, 0.08780144155025482, -0.9400498270988464], [-0.49786126613616943, 1.3354249000549316, -0.5229099988937378], [0.8890730142593384, 1.3248481750488281, 0.4903395175933838], [1.1003122329711914, -0.30308035016059875, 0.47692835330963135], [-0.08704695850610733, -1.6475310325622559, -0.25458478927612305], [-1.1868245601654053, -0.9926215410232544, -0.3764389157295227], [-0.8790938258171082, 1.0821958780288696, 0.16729936003684998], [0.642250657081604, 1.7956218719482422, 0.8657054305076599], [1.231620192527771, 0.08321323245763779, 0.44121089577674866], [0.3070453405380249, -1.8808212280273438, -0.2300368845462799], [-0.7994604706764221, -1.3108144998550415, -0.2057960033416748]]}