{"epoch": 1500, "embeddings": [[-0.33002081513404846, 0.5777201652526855, -0.4285428524017334], [-0.12672708928585052, -0.7994199395179749, 0.33435073494911194], [0.031223872676491737, -0.6998388767242432, 0.5905233025550842], [-0.16895774006843567, 0.2698976993560791, 1.5380136966705322], [-1.2718377113342285, 0.023608993738889694, 0.006972495466470718], [-1.116806149482727, -0.0595894455909729, -1.7637711763381958], [0.07029019296169281, -0.5800958871841431, -1.3443520069122314], [1.9441382884979248, 0.31537890434265137, -0.6413857340812683], [0.7408034205436707, 0.7587159276008606, 0.24575641751289368], [-0.7977988123893738, 0.42274942994117737, 0.15652553737163544], [-1.4484584331512451, -0.7128838300704956, -1.0527112483978271], [0.7569776773452759, -1.7844204902648926, -1.383975625038147], [1.2807289361953735, -0.9737913012504578, -0.6606582999229431], [1.6171965599060059, 2.0388083457946777, 0.25949549674987793], [0.05683422088623047, 1.5278124809265137, -0.3361215591430664], [-0.6405821442604065, 0.7620280981063843, -0.251178503036499], [-1.370933175086975, -1.1113446950912476, -0.03904597461223602], [0.21753449738025665, -1.2472056150436401, 1.7298085689544678], [0.44302549958229065, 0.021675053983926773, 2.1488442420959473], [-0.061157915741205215, 0.44174039363861084, 0.9679354429244995], [-0.8307558298110962, 0.5781558156013489, -0.29304075241088867], [-0.7264353632926941, 0.1857605278491974, -1.2106988430023193], [0.16715463995933533, 0.00038629648042842746, 0.06249305605888367], [1.1039929389953613, 0.20592033863067627, 0.6986996531486511], [0.5248212814331055, 0.14222528040409088, 1.3595848083496094], [0.17840136587619781, -0.7317401766777039, -0.18009626865386963], [-0.5216422080993652, -0.7112112045288086, -1.3029301166534424], [-0.07392991334199905, 0.498565137386322, -1.094162106513977], [1.200868844985962, 0.541664719581604, -0.9454845190048218], [1.6879335641860962, 0.3201729357242584, -0.4849253296852112], [-0.26771554350852966, -0.5961098670959473, -0.5477545857429504], [-0.8669397234916687, -1.159680724143982, -0.10135912895202637], [-1.0452334880828857, -0.17918752133846283, -0.6084087491035461], [-0.12042272090911865, 0.4993647336959839, 0.307413250207901], [0.6527782678604126, 0.4628961682319641, 0.03637337684631348], [0.4026334285736084, 0.3875388503074646, -0.33519649505615234], [-0.6468467116355896, 0.3716946244239807, 0.4094904065132141], [-1.6001842021942139, 0.11562954634428024, 0.8515642285346985], [-0.47875112295150757, -0.06190823018550873, 1.3069920539855957], [0.8885715007781982, -0.9306507110595703, 0.3305252194404602], [0.9246861338615417, -0.2508915662765503, 0.34066686034202576], [-0.285466730594635, 0.4074046313762665, -0.10518082976341248], [-0.9302088618278503, 1.6798534393310547, 0.386663556098938], [-0.5773808360099792, 0.8949170708656311, -0.6547382473945618], [0.6302626132965088, -0.6394037008285522, 0.03764914348721504], [0.9056306481361389, -1.5340468883514404, 0.5713165402412415], [0.30791109800338745, -0.958574652671814, 0.403529554605484], [-0.5550004243850708, 0.6508903503417969, -0.5482607483863831], [-0.58875572681427, 1.398357629776001, -1.5043957233428955], [0.5527766346931458, 0.3132895231246948, -1.7226842641830444], [1.3014618158340454, -0.10107985883951187, 0.08150233328342438], [0.9064591526985168, -0.24522553384304047, 1.5042098760604858], [-0.4270879626274109, 1.0885647535324097, 1.9586623907089233], [-2.024803638458252, 0.08530191332101822, 0.4794006049633026], [-0.9404950141906738, -1.6152818202972412, 0.014487650245428085], [0.9360053539276123, -0.794279158115387, 0.007534957490861416], [1.5770162343978882, 0.18443551659584045, 0.3352968394756317], [-0.018275044858455658, 1.1580411195755005, 1.187859296798706], [-1.2971135377883911, 1.013209581375122, -0.29311758279800415], [-2.309025764465332, -0.903292179107666, 0.3720099627971649], [-0.6871625781059265, -1.5983582735061646, 0.39946120977401733], [0.4710192084312439, -0.7561980485916138, 0.503383219242096], [1.4666626453399658, 1.0906856060028076, -0.3604032099246979], [0.2242293506860733, 1.9922209978103638, -0.6470322012901306], [-0.6915842890739441, 0.27466073632240295, -1.570804476737976], [0.4754841923713684, -0.7339097261428833, -1.3849643468856812], [1.2051924467086792, -0.4834604263305664, 0.16021913290023804], [0.9414207935333252, -0.03027542121708393, 0.7120830416679382], [-0.2346547544002533, 1.3014394044876099, -0.49351346492767334], [-0.8260887861251831, 0.058143578469753265, -1.4074209928512573], [-0.8207509517669678, -0.7194105386734009, -0.916506290435791], [0.9178975820541382, -0.8094019889831543, 0.47216513752937317], [0.5760014653205872, -0.19514133036136627, 1.4954330921173096], [0.09001854807138443, 0.4332101047039032, 1.0993238687515259], [-1.6708751916885376, -1.1596521139144897, 0.4390045404434204], [-1.2558265924453735, -0.4759160876274109, -0.5698736906051636], [0.2349483221769333, 0.3054712116718292, -0.2549249827861786], [0.8234809637069702, 1.4624507427215576, 1.5310425758361816], [0.6090267896652222, 1.2536704540252686, 0.7734142541885376], [-0.7151433229446411, -0.5337218642234802, 0.3804571330547333], [-1.068058967590332, -1.7249295711517334, 0.4806326925754547], [-0.24776557087898254, -0.7720577716827393, -0.15345259010791779], [1.3243476152420044, 0.346932053565979, 0.22121961414813995], [1.827446460723877, 0.8260817527770996, -0.6865053772926331], [0.06811335682868958, 0.031935520470142365, -1.4749630689620972], [-0.3360436260700226, -0.12074925750494003, -1.4782392978668213], [-0.4480072557926178, -0.20690810680389404, -0.4446846544742584], [0.08034588396549225, -0.179550901055336, 0.783244252204895], [0.6976118087768555, -1.1342498064041138, 0.49736839532852173], [0.5191219449043274, -0.7659124135971069, 0.1505632847547531], [0.19762377440929413, 0.4265937805175781, -0.585411012172699], [-0.4394036829471588, 1.284764289855957, -0.04058590903878212], [-0.2778248190879822, 1.0536489486694336, 0.45137837529182434], [0.8329992294311523, -0.14247354865074158, 1.4795076847076416], [-0.15212145447731018, -1.529844880104065, 0.20163767039775848], [-0.8449699878692627, -1.4568779468536377, 1.7502539157867432], [-1.8731249570846558, 0.05519765987992287, 0.7096150517463684], [-0.8806521892547607, 1.0919371843338013, -0.8901421427726746], [1.366897463798523, 0.5598602890968323, -0.8289545178413391], [1.054702639579773, -0.5193278193473816, -1.3644644021987915], [0.3305237293243408, -0.4860847592353821, -0.6528791785240173], [-0.8963271975517273, 0.7754483819007874, 0.48145928978919983], [-0.7752843499183655, 0.1488817185163498, -0.7345317006111145], [0.4901898503303528, -0.4886068105697632, -0.6560809016227722], [1.4980744123458862, -0.8985459804534912, -0.8373064994812012], [1.1967030763626099, 0.04697480425238609, -0.49823805689811707], [-0.016646303236484528, 1.2124829292297363, -0.36023953557014465], [-0.938063383102417, 1.0495721101760864, 0.09064821898937225], [0.23060302436351776, -0.5440998077392578, -0.8282039761543274], [0.7249274253845215, -2.2895100116729736, 0.06410955637693405], [0.024570118635892868, -0.8927786350250244, 1.4515058994293213], [-1.0207561254501343, 1.878252625465393, 1.4708925485610962], [-0.9254165887832642, 1.7242201566696167, 0.6823330521583557]]}