{"epoch": 1000, "embeddings": [[-0.6783750057220459, -0.6257079839706421, 0.5590918660163879], [1.192111611366272, -1.299776554107666, -0.6696501970291138], [0.9350776672363281, 0.5943419337272644, 1.156799077987671], [-0.06283076107501984, -0.08766669034957886, -1.089600682258606], [1.0416098833084106, 1.5570741891860962, -0.8669922351837158], [1.6028836965560913, -0.27854517102241516, 1.1318124532699585], [0.8798360824584961, 0.23916053771972656, 0.7640148401260376], [-1.9979921579360962, -0.429512083530426, 0.5225692987442017], [0.47978031635284424, -0.022406747564673424, 0.2978019416332245], [0.6593071818351746, -0.7427729964256287, -0.37299731373786926], [0.43516838550567627, 0.3857811987400055, 1.1319516897201538], [-2.091855764389038, 2.300494432449341, 0.5309047102928162], [-0.5346817374229431, 2.6904983520507812, -0.9947975277900696], [-2.4330801963806152, 0.25241631269454956, -0.6794053912162781], [-0.640974760055542, -0.6978187561035156, 0.597797691822052], [-0.6858094930648804, -0.9829002618789673, 0.40482407808303833], [1.25453519821167, -0.2044268548488617, -0.013672727160155773], [0.24831226468086243, 0.08357317000627518, -1.0454342365264893], [-0.30687814950942993, 0.10761821269989014, -2.330624580383301], [0.18698227405548096, -0.14453358948230743, -1.3264456987380981], [1.1808462142944336, -0.2345474660396576, -0.441824734210968], [-0.40518832206726074, 0.9152032732963562, -0.20476990938186646], [0.536222517490387, -0.38017433881759644, -0.4275358021259308], [-1.8591244220733643, -0.2669864296913147, 0.7894297242164612], [-0.7482737898826599, -1.2942829132080078, -0.3786214590072632], [-1.8553097248077393, 1.203110933303833, -0.5861495733261108], [-0.14109836518764496, 1.6116254329681396, -0.5957959890365601], [-0.12045733630657196, -0.5586292147636414, 1.598726511001587], [-0.5121369361877441, 1.151100754737854, 1.2141066789627075], [-1.0910111665725708, -0.9032618403434753, 0.9792512655258179], [0.8570916652679443, 0.49294042587280273, 0.6126152276992798], [0.32672926783561707, 0.7590672969818115, -1.3039370775222778], [0.3358016610145569, -0.03689401596784592, 1.0997334718704224], [1.593955636024475, -2.41117787361145, -0.5967404842376709], [0.6849985718727112, -0.22789554297924042, 0.2588273584842682], [-0.533532440662384, -0.4094769060611725, 1.0492866039276123], [0.5685226917266846, 0.3814651370048523, 0.38970980048179626], [1.1432148218154907, -0.0008253870182670653, -0.013748099096119404], [0.07074472308158875, 0.8381390571594238, -1.0026354789733887], [-0.7561224699020386, 0.7769246697425842, 0.7774063944816589], [-1.165689468383789, 0.5866584777832031, 0.5883809924125671], [0.496305912733078, -0.1464567929506302, -0.8981845378875732], [0.7017091512680054, -2.342918872833252, -2.492488145828247], [0.13896457850933075, -0.2566019296646118, 0.816040575504303], [0.14316070079803467, -0.46799349784851074, -0.23524923622608185], [0.15309694409370422, -0.31680452823638916, -0.4530643820762634], [-0.16535510122776031, 0.7666498422622681, -0.47556912899017334], [-0.8759031295776367, 0.8129726052284241, 1.3441346883773804], [-0.92242032289505, -1.1336572170257568, 1.2597742080688477], [-0.2758494019508362, -0.6620194315910339, 2.327829599380493], [-0.8274965286254883, -1.6830435991287231, -1.3766100406646729], [-0.8899162411689758, -0.2838190495967865, -1.3964468240737915], [-1.3784685134887695, -2.4576478004455566, -1.8941890001296997], [2.5287325382232666, -0.5798332095146179, 0.17428283393383026], [2.400921583175659, 0.7980466485023499, 0.11144240945577621], [0.00518669281154871, 0.17670582234859467, -0.29163724184036255], [-1.8468717336654663, 1.2688994407653809, -0.27333518862724304], [-0.6791551113128662, 0.15038242936134338, -1.1592223644256592], [-0.02934294380247593, 0.05940511077642441, 2.2466166019439697], [2.9366774559020996, 0.07310398668050766, -1.0718721151351929], [1.9673240184783936, -1.2637907266616821, 0.5414105653762817], [-0.12036481499671936, 1.7760370969772339, -0.010336514562368393], [-1.4757860898971558, 0.31128281354904175, 0.4006373882293701], [-1.1226590871810913, -1.2846813201904297, 0.1510949730873108], [1.0326759815216064, 0.36860761046409607, -0.5703060626983643], [-1.4010530710220337, 0.12199804186820984, -0.3108609616756439], [-1.1886682510375977, -0.9413224458694458, 0.27805444598197937], [-1.1271964311599731, -0.6087329983711243, -0.5541218519210815], [-0.2817121744155884, -2.2786917686462402, 0.38942334055900574], [0.7970494627952576, 0.9051769971847534, 0.6940205693244934], [1.8313660621643066, 2.466951847076416, -0.8413318991661072], [0.775882363319397, 1.3828027248382568, -1.3774868249893188], [0.3695060610771179, 1.9602479934692383, -1.1748048067092896], [-1.0632988214492798, 0.3706222176551819, -0.25344812870025635], [1.460885763168335, 0.7552034854888916, -0.20806655287742615], [0.9379348158836365, -1.881696343421936, 2.2940661907196045], [-0.8354388475418091, 0.2009294331073761, 0.40761151909828186], [-0.356279581785202, -1.3952856063842773, -2.075542449951172], [-0.907634437084198, -0.18991920351982117, -0.24153487384319305], [1.2093552350997925, -0.30807119607925415, -0.3985999524593353], [1.0669127702713013, 1.3471795320510864, -0.40146470069885254], [0.07245602458715439, 1.5827704668045044, -0.7767061591148376], [-1.650113582611084, -0.2790083885192871, -1.9518496990203857], [-2.3772950172424316, 0.8187558054924011, 0.16120564937591553], [1.1873135566711426, 0.6767740845680237, 1.556956171989441], [-0.45967569947242737, 0.22191470861434937, 1.239242434501648], [0.4279380738735199, 0.23971813917160034, 0.40705224871635437], [1.2485018968582153, -0.7717322111129761, -1.442264199256897], [-0.5319690108299255, 2.1119041442871094, 0.306501179933548], [0.06946427375078201, -0.010496179573237896, -0.45010218024253845], [-1.2019299268722534, -0.09214182198047638, -1.7892476320266724], [-0.49417778849601746, -0.1368829905986786, -0.6741086840629578], [0.02698238007724285, -0.7521519660949707, -0.787509560585022], [-0.5129973292350769, -0.23847444355487823, 0.09731230139732361], [1.5281453132629395, 0.7574748992919922, 1.9436087608337402], [1.0914063453674316, 2.0519304275512695, -0.42662182450294495], [1.624817967414856, 0.4548833966255188, 0.3062344789505005], [0.99394690990448, -2.3738210201263428, 2.277000904083252], [-1.3402563333511353, -0.6372963190078735, 1.0629475116729736], [0.34894001483917236, 0.5543848872184753, 1.6839097738265991], [0.11945192515850067, 0.8165131211280823, 1.668818473815918], [0.4363217353820801, -1.28512704372406, -1.6419298648834229], [-0.08672159910202026, -1.897304654121399, 1.5015392303466797], [-0.8241695165634155, -1.2016206979751587, 0.7147166132926941], [-0.609663188457489, -1.2079025506973267, 0.667306661605835], [-0.9981772303581238, 0.608585000038147, 0.4729421138763428], [-0.6321923732757568, 0.585694432258606, 0.9357597827911377], [0.09411082416772842, -0.15157300233840942, -0.825840413570404], [-1.2650694847106934, 0.6052250266075134, 0.7346307039260864], [0.559842050075531, 0.5659117698669434, 1.1774389743804932], [1.7233251333236694, 0.1709665060043335, -0.35744115710258484], [0.5186769962310791, -1.3484399318695068, -1.0310149192810059], [0.13665692508220673, -0.7166311740875244, -1.274822473526001]]}