{"epoch": 400, "embeddings": [[-0.7905098795890808, -0.6669800281524658, -1.037880778312683], [1.3538833856582642, -1.8125312328338623, 1.2547612190246582], [1.8332699537277222, 0.41313058137893677, -1.8144956827163696], [-0.26735037565231323, -0.6966040134429932, 1.5213760137557983], [0.5628637671470642, 2.859790563583374, 0.814113438129425], [2.8137872219085693, 0.472663938999176, -0.9553024768829346], [1.7104796171188354, 0.36921727657318115, -0.8925779461860657], [-2.3176820278167725, -0.413426011800766, -0.802541196346283], [1.710597276687622, 0.1329035460948944, -0.34768861532211304], [0.6119239330291748, 0.08015072345733643, -0.04425658658146858], [0.29687780141830444, -0.11783729493618011, -1.6967424154281616], [-3.3961150646209717, 2.0526864528656006, -1.6054335832595825], [-1.1951937675476074, 3.1799139976501465, 1.0563656091690063], [-3.769742250442505, 0.4268796443939209, 0.2331838607788086], [-0.9706568121910095, -0.915712296962738, -0.9524117708206177], [-1.0492210388183594, -1.754671573638916, -0.9216314554214478], [1.1964073181152344, 0.2665339708328247, 0.007055473048239946], [0.525220513343811, 0.5997623801231384, 0.738871693611145], [-1.1404660940170288, -0.13523106276988983, 2.679959297180176], [-0.5598518252372742, -0.060759399086236954, 1.642541527748108], [1.62044095993042, 0.2631601393222809, 0.617092490196228], [-1.4620914459228516, 1.7588703632354736, -0.2827005386352539], [1.4468446969985962, -0.001972271827980876, 1.1440050601959229], [-2.3713457584381104, -0.8783214092254639, -1.4533634185791016], [-1.1769256591796875, -1.604054570198059, 0.41183069348335266], [-3.946855068206787, 1.1858220100402832, -0.26470133662223816], [-0.8420246243476868, 2.544877767562866, 0.594709038734436], [0.2726360261440277, -1.1845214366912842, -2.2947428226470947], [0.3323984146118164, 2.453829765319824, -1.8362650871276855], [0.005773772485554218, -1.778935432434082, -1.0989326238632202], [1.072434902191162, 0.6112166047096252, -1.0086489915847778], [-0.2653296887874603, 1.366027593612671, 1.7970685958862305], [0.728879451751709, 0.03995061665773392, -1.4017956256866455], [2.67635178565979, -2.3170745372772217, 1.8392874002456665], [1.3429224491119385, -0.20580583810806274, 0.026882540434598923], [-1.007063865661621, -0.7998055815696716, -1.9957011938095093], [0.2898745536804199, 0.7543136477470398, -0.6701554656028748], [1.0653995275497437, -0.4002227485179901, -0.3170374035835266], [-0.2329636961221695, 1.4049361944198608, 1.1209948062896729], [-0.7910986542701721, 1.3193081617355347, -1.55695641040802], [-1.339491844177246, 0.404723584651947, -1.3924674987792969], [0.48159438371658325, -0.04834850877523422, 1.7600421905517578], [0.8580310940742493, -3.2004337310791016, 4.4829020500183105], [0.11105240136384964, -0.7966039180755615, -0.49753880500793457], [0.19060444831848145, -0.7041596174240112, 0.5685085654258728], [0.4193233251571655, -0.891301691532135, 0.8142778873443604], [-0.9155758023262024, 0.06972695142030716, 0.4535209834575653], [-0.5341315865516663, 0.4853516221046448, -2.0788841247558594], [-1.4984550476074219, -1.251886010169983, -2.191594123840332], [1.0708341598510742, -1.061834692955017, -2.5244638919830322], [-1.2519623041152954, -2.435349702835083, 1.4359891414642334], [-1.7159796953201294, -1.0062226057052612, 1.7971553802490234], [-2.616109609603882, -3.432328224182129, 2.858027696609497], [3.4649736881256104, -0.7965860366821289, 0.6667365431785583], [3.1193079948425293, 0.7549437284469604, 0.2242535501718521], [-0.1951673924922943, -0.6162014603614807, 0.37776920199394226], [-2.566113233566284, 1.5366286039352417, -0.8702483773231506], [-1.3407304286956787, 0.6347815990447998, 0.8780765533447266], [0.23690472543239594, 0.7599934339523315, -3.6432247161865234], [3.037034034729004, 0.9817628860473633, 2.7435977458953857], [2.6761279106140137, -1.3742966651916504, -0.11580675840377808], [-0.658673882484436, 2.355135679244995, -0.10430290549993515], [-1.325084924697876, 0.7625292539596558, -1.0009844303131104], [-1.5830390453338623, -2.2628540992736816, -0.6821793913841248], [0.623317301273346, 1.4858216047286987, 1.4084815979003906], [-2.623218297958374, -0.21760927140712738, 0.37079936265945435], [-0.8066509962081909, -2.0539050102233887, -0.8681572079658508], [-0.9350250959396362, -1.1357237100601196, 0.25521987676620483], [0.4737355709075928, -3.47792911529541, -0.4150370657444], [1.2190216779708862, 1.611234426498413, -0.5238862633705139], [1.707753300666809, 4.6194586753845215, 1.8726370334625244], [1.4449955224990845, 1.7415499687194824, 2.3237040042877197], [-0.383206307888031, 2.256200075149536, 1.3472822904586792], [-1.3873997926712036, 0.08883862942457199, 0.2276347279548645], [1.3484224081039429, 1.3698617219924927, 0.7108622193336487], [2.0677835941314697, -3.039226770401001, -2.364617347717285], [-1.309419870376587, 0.9265302419662476, -1.462414264678955], [-0.8620725274085999, -0.961463212966919, 2.6912245750427246], [-1.4043933153152466, 0.47545748949050903, 0.014852644875645638], [1.3888343572616577, -0.5255947709083557, 1.3707469701766968], [1.4066976308822632, 0.9731545448303223, 1.1458677053451538], [-0.26802873611450195, 2.133277416229248, 0.7050974369049072], [-2.5638697147369385, -0.6741408109664917, 2.584138870239258], [-2.645596742630005, 1.269824743270874, -0.7530257105827332], [2.8786840438842773, 1.7505805492401123, -1.1555553674697876], [-0.4094226360321045, -0.5527238249778748, -1.8187496662139893], [0.4665548801422119, -0.05590424686670303, -0.0505337230861187], [1.206064224243164, 0.3856249749660492, 2.3644490242004395], [-0.9429042339324951, 3.0511436462402344, -0.9452056288719177], [-0.061117466539144516, -0.7737279534339905, 0.9712543487548828], [-1.666273832321167, -0.29554033279418945, 2.0329766273498535], [-0.6016135215759277, -0.8574975728988647, 0.9335771799087524], [-0.4597012996673584, -0.8725253939628601, 1.142196774482727], [-0.6792649626731873, -0.5679774284362793, 0.08720942586660385], [2.2823243141174316, 1.2137552499771118, -2.518521785736084], [0.5540409684181213, 2.8344666957855225, 0.6234645247459412], [2.016644239425659, 0.5048338770866394, 0.14113306999206543], [2.680040121078491, -3.113114833831787, -2.398691177368164], [-0.5332997441291809, -1.3573285341262817, -1.0864589214324951], [1.5238194465637207, 0.5919936895370483, -1.9057570695877075], [0.9944854974746704, 1.010132074356079, -1.7039767503738403], [-0.16050514578819275, -1.2182697057724, 2.732217311859131], [0.6496431827545166, -2.659052848815918, -2.0468835830688477], [-0.3801703155040741, -2.3309457302093506, -0.9326633214950562], [-0.1893436312675476, -3.0227434635162354, -1.239876627922058], [-1.161124348640442, 0.8398476243019104, -0.9967570304870605], [-0.36492323875427246, 0.6327178478240967, -1.6088026762008667], [0.12923580408096313, 0.49003055691719055, 0.9676575660705566], [-1.7557868957519531, 0.8761043548583984, -1.057642936706543], [1.320726752281189, -0.2347545176744461, -1.6491891145706177], [2.6677517890930176, 0.9441087245941162, 0.9739639163017273], [0.3480644226074219, -1.1540101766586304, 1.896334171295166], [-0.8863607048988342, -0.6034814715385437, 1.4001376628875732]]}