{"epoch": 1300, "embeddings": [[-0.11792434751987457, 0.6817975640296936, -0.5093957185745239], [1.0679219961166382, 0.49178874492645264, 0.1506047248840332], [0.7430209517478943, -0.558952271938324, -0.1845420002937317], [-0.03791296109557152, 0.45630380511283875, 1.33247971534729], [0.9820013642311096, -0.4080342650413513, 0.22332151234149933], [1.027173638343811, -0.027197862043976784, -1.8656262159347534], [0.4405713379383087, -0.5034193396568298, -0.981254518032074], [-1.947838306427002, -0.08293245732784271, -0.5840849876403809], [-0.43012696504592896, 0.06740371882915497, 0.14105163514614105], [0.5568622350692749, 0.9484984874725342, -0.14667031168937683], [0.8933313488960266, -0.5265154838562012, -1.267959475517273], [-1.3169721364974976, -2.5451748371124268, -0.17530395090579987], [-0.8269862532615662, -2.2408618927001953, 0.855186402797699], [-2.212411880493164, 0.7397393584251404, 0.5950376391410828], [-0.5025436878204346, 0.8943479657173157, -0.7595524787902832], [-0.15394632518291473, 0.8424789905548096, -0.3899875581264496], [1.612680196762085, -0.042351413518190384, -0.12578997015953064], [0.30383726954460144, -0.28265658020973206, 1.8049699068069458], [-0.010259991511702538, 0.5486616492271423, 2.2970354557037354], [0.24445675313472748, 0.5678052306175232, 0.854827344417572], [0.8947697877883911, 0.4977736473083496, 0.03091798536479473], [0.13767410814762115, -0.2049887478351593, -0.5709505081176758], [0.1087019145488739, 0.2853437662124634, 0.2568436861038208], [-1.4400986433029175, 0.02066686749458313, -0.07491486519575119], [-0.4553946852684021, 1.0377355813980103, 0.5549026727676392], [-0.8309004306793213, -0.9970086812973022, 0.18700386583805084], [0.12175390869379044, -1.1367342472076416, -0.06583023071289062], [-0.24215254187583923, 0.20824548602104187, -1.1802103519439697], [-1.0454736948013306, -0.6607788801193237, -0.7505009770393372], [-1.5576324462890625, -0.041698429733514786, -0.5312827229499817], [0.543080747127533, -0.7225936055183411, -0.6053250432014465], [0.5133459568023682, -0.835782527923584, 0.7105293273925781], [0.5098893046379089, 0.00037603580858558416, -1.0258592367172241], [0.7083206176757812, 1.6758289337158203, -0.1476040929555893], [0.09467452019453049, 0.23721762001514435, -0.16497528553009033], [-0.270219087600708, 0.08934761583805084, -0.908002495765686], [0.744222104549408, 0.008729490451514721, 0.10507465153932571], [1.4427303075790405, 0.30063095688819885, 0.41980037093162537], [0.32870012521743774, -0.10275530070066452, 1.487119436264038], [-0.5914732217788696, -0.9167131781578064, -0.2241111546754837], [-0.7774339318275452, -0.5434456467628479, 0.15417848527431488], [0.43637481331825256, 0.35613998770713806, 0.2233821600675583], [0.4891913831233978, 2.466139078140259, 0.8970775604248047], [0.21390418708324432, 0.5269410610198975, -0.8990159034729004], [-0.15563786029815674, -0.05754581466317177, 0.055168259888887405], [-0.0932251438498497, -0.7026067972183228, 0.7638488411903381], [-0.11379924416542053, -0.9247213006019592, 0.7389010190963745], [-0.46112507581710815, -0.25054165720939636, -0.6679957509040833], [-0.612026572227478, 1.1333461999893188, -1.7548799514770508], [-0.5231717228889465, 0.10060945153236389, -1.9070683717727661], [-0.9677904844284058, 0.6437785625457764, 0.7443297505378723], [-0.5418193340301514, 0.10083615034818649, 1.7761253118515015], [-0.5573628544807434, 2.2747950553894043, 1.4864684343338013], [2.1181602478027344, 0.660714328289032, -0.21052047610282898], [1.964978814125061, -1.1570069789886475, 0.079646036028862], [-0.048507362604141235, -0.741663932800293, 0.5037398934364319], [-1.4954575300216675, -0.7769840955734253, 0.6922022700309753], [-0.2758573293685913, 0.8089433312416077, 1.0889768600463867], [0.34378618001937866, 0.6400911808013916, -1.8070369958877563], [2.851534128189087, 0.33442628383636475, 0.22432541847229004], [1.7558627128601074, 0.20231470465660095, -0.4432440400123596], [0.043400004506111145, -1.0134340524673462, 0.6398735046386719], [-1.7281917333602905, -0.057935237884521484, -0.2933737337589264], [-1.1214203834533691, 1.3965489864349365, -0.571067750453949], [0.6045471429824829, -0.10287366062402725, -0.873199462890625], [-1.05061674118042, -0.6964787840843201, -0.44169747829437256], [-1.2577041387557983, 0.0004657612880691886, 0.17825841903686523], [-1.172916293144226, 0.24495768547058105, 0.6894780397415161], [-0.6326557397842407, 1.573148250579834, -1.062674880027771], [0.7090145349502563, -0.5329620838165283, -1.0870684385299683], [1.5831009149551392, -1.3382344245910645, 0.17705225944519043], [0.11068591475486755, -1.177944302558899, 1.7329915761947632], [0.2158532440662384, -0.9904870390892029, 1.8096204996109009], [-0.584260880947113, 0.07869230210781097, 0.849703311920166], [1.8016259670257568, -0.6359028816223145, 0.05547402426600456], [1.0329625606536865, 0.609976053237915, -1.9036356210708618], [-0.4274325668811798, 0.17182599008083344, -0.47327545285224915], [-0.5107942819595337, 1.9569860696792603, 1.5072842836380005], [-0.6777969598770142, 0.8757569789886475, 0.3190995752811432], [1.0672317743301392, -0.0903097614645958, 0.34231045842170715], [1.4018959999084473, -1.407252311706543, 1.2264193296432495], [0.06761693954467773, -0.9426482319831848, 0.4832562804222107], [-1.6539915800094604, 0.28423160314559937, 1.1998006105422974], [-2.3578946590423584, -0.32197266817092896, -0.23866601288318634], [0.3221181035041809, -0.6422920823097229, -1.499660611152649], [-0.25495967268943787, -0.6884135007858276, -1.176433801651001], [0.33715641498565674, -0.31946155428886414, -0.36662137508392334], [0.5688027143478394, 0.7382766604423523, 0.695479691028595], [-0.27124887704849243, -1.5772883892059326, 0.4680289328098297], [-0.13785485923290253, -0.6709542870521545, 0.457326203584671], [-1.0375066995620728, 0.06754138320684433, 0.664069414138794], [-0.34028366208076477, 0.6379803419113159, 0.5956064462661743], [0.17873814702033997, 1.155074954032898, 0.31862515211105347], [-0.24575212597846985, 0.1479361653327942, 0.7185853123664856], [1.1325920820236206, -1.389708161354065, -1.0274662971496582], [1.4266585111618042, -1.4157005548477173, 1.6104692220687866], [1.703999400138855, 0.2195584774017334, 0.18550629913806915], [0.6949998140335083, 1.7199281454086304, -2.157658815383911], [-1.4473991394042969, 0.18086834251880646, -0.6857166886329651], [-0.2708209455013275, -1.0988788604736328, -1.477006435394287], [-0.1935967355966568, -1.2070082426071167, -0.8445007801055908], [0.33490365743637085, 1.3788318634033203, 0.6014646291732788], [-0.014716776087880135, 1.0364876985549927, -1.5198332071304321], [-0.7030712366104126, 0.22741100192070007, -0.6776955723762512], [-1.006086826324463, -0.44141945242881775, -0.6431559324264526], [-1.0258827209472656, -0.7566569447517395, -0.2078978568315506], [-0.5778648853302002, -0.03401383012533188, -0.3419678807258606], [0.19266469776630402, 0.907583475112915, 0.2612059414386749], [-0.8152651786804199, -0.8014245629310608, -0.8663554787635803], [0.2770460247993469, -1.936242699623108, -0.15584103763103485], [1.066033124923706, -0.24456992745399475, 1.010035514831543], [0.6780799031257629, 2.3126118183135986, 0.6569033265113831], [0.386236310005188, 1.7516505718231201, 0.6329604983329773]]}