{"epoch": 1900, "embeddings": [[-0.8535533547401428, 0.547051727771759, -0.35847529768943787], [0.4850097894668579, 1.4550760984420776, 0.3281406760215759], [1.1896095275878906, 0.24136732518672943, 0.22434192895889282], [0.5643606185913086, -1.2722216844558716, -0.015491257421672344], [-0.9224251508712769, -0.9245710372924805, 0.18452335894107819], [-1.47941255569458, 0.5202271342277527, 0.225913405418396], [-0.22772805392742157, 1.446898102760315, -0.11266147345304489], [1.3175476789474487, 0.4624195098876953, -0.8380804657936096], [0.9778398275375366, -1.229422688484192, -0.7554388046264648], [-0.4316050708293915, -1.017629861831665, 0.2944461703300476], [-1.5908352136611938, 0.5092268586158752, 0.9041678309440613], [-0.6768739223480225, 1.8667396306991577, 0.4533206522464752], [0.7264564633369446, 0.8194404244422913, -0.601352870464325], [1.3260198831558228, -1.2803754806518555, -1.1850459575653076], [0.20849056541919708, -1.6926311254501343, 0.1327640861272812], [-0.8520594835281372, -0.5623912811279297, 0.9676015973091125], [-1.0302236080169678, 1.1353671550750732, 0.9302225112915039], [0.3113658130168915, 1.2062394618988037, -0.533496081829071], [1.1471610069274902, -0.19948014616966248, -0.8415355682373047], [0.7313198447227478, -0.9070420265197754, 0.32425516843795776], [-0.5571976900100708, -0.706371009349823, 0.9833964109420776], [-1.1675852537155151, 0.24040722846984863, 0.5017145276069641], [-0.1773086041212082, 0.619145393371582, -1.1911259889602661], [0.9249313473701477, 0.08145901560783386, -1.2052892446517944], [1.1737405061721802, -0.3832528293132782, 0.22148892283439636], [0.04761409014463425, -0.19916874170303345, 1.648449420928955], [-1.1568349599838257, 0.38089537620544434, 0.7839139103889465], [-0.858858585357666, 0.36751461029052734, -1.3308844566345215], [0.4143473505973816, 0.2644899785518646, -1.8935065269470215], [1.2057772874832153, 0.011739796958863735, -0.2640560567378998], [0.26646819710731506, -0.28111132979393005, 1.5299354791641235], [-0.8866358995437622, 0.019317761063575745, 1.4957541227340698], [-1.3687149286270142, 0.3108614981174469, -0.5754495859146118], [-0.16246306896209717, 0.5390259623527527, -1.6364970207214355], [0.9397487044334412, 0.2257745862007141, -0.5220186710357666], [1.0593174695968628, -0.34111523628234863, 1.095543622970581], [-0.013862937688827515, -1.0077131986618042, 1.0263586044311523], [-1.1017179489135742, -0.6026729345321655, -0.19632691144943237], [-0.5865347981452942, 0.2751044034957886, -1.242084264755249], [0.7764689922332764, 1.0878181457519531, -0.07243948429822922], [1.2654379606246948, 0.20130786299705505, 1.2338154315948486], [0.3334532678127289, -0.8602030277252197, 0.9586007595062256], [-0.8975026607513428, -1.2238116264343262, -0.8079448938369751], [-1.139642596244812, -0.13376069068908691, -1.4226559400558472], [0.3112103044986725, 1.272713541984558, -0.49150142073631287], [1.191422462463379, 1.0929011106491089, 0.9930140972137451], [0.7009326815605164, -0.23390443623065948, 1.0929796695709229], [-0.8412332534790039, -1.2463558912277222, -0.1645236760377884], [-1.5242677927017212, -0.4922972321510315, -1.232959508895874], [-0.37439993023872375, 0.9402346014976501, -0.7239689230918884], [1.0643258094787598, 0.9474475979804993, 0.10573583096265793], [1.4100748300552368, -0.4751646816730499, 0.7207702994346619], [-0.014667382463812828, -1.4728524684906006, 0.09795944392681122], [-1.4041519165039062, -0.6060126423835754, -0.13580985367298126], [-0.8749402165412903, 1.367531657218933, 0.3451780676841736], [0.8007731437683105, 1.4348361492156982, 0.1324131339788437], [1.6011682748794556, -0.253408819437027, -0.022725766524672508], [0.5174849033355713, -1.750075101852417, -0.22764535248279572], [-1.0412888526916504, -1.18408203125, -0.05247947946190834], [-1.3841907978057861, 0.8006542921066284, 0.5829764008522034], [-0.0005570317152887583, 1.9538853168487549, 0.488903284072876], [1.053748369216919, 0.4991394579410553, -0.06469640880823135], [1.0872992277145386, -1.226669192314148, -0.723964273929596], [-0.37590786814689636, -1.6444337368011475, -0.5096269249916077], [-1.3013650178909302, 0.17061127722263336, 0.2522488534450531], [-0.536994218826294, 1.5625489950180054, 0.044401466846466064], [0.7855027318000793, 0.8696305155754089, -0.5731534361839294], [0.9547648429870605, -0.48396602272987366, -0.4726351499557495], [-0.28200778365135193, -1.2253687381744385, 0.012157225981354713], [-1.208065390586853, -0.032427333295345306, 0.7930197715759277], [-0.9041624665260315, 0.9590145349502563, 0.21137426793575287], [0.6373873949050903, 0.7952773571014404, -0.931544303894043], [1.2962113618850708, -0.5124313831329346, -0.5614786744117737], [0.4320438504219055, -1.1167571544647217, 0.48233455419540405], [-0.9317364692687988, -0.1234431266784668, 1.8977434635162354], [-1.211563229560852, 0.7632245421409607, 0.9049904942512512], [0.003160376800224185, 0.6801033616065979, -1.1252576112747192], [1.3189746141433716, -0.5628870129585266, -1.5066691637039185], [1.128394365310669, -1.1363369226455688, -0.07172339409589767], [-0.27621787786483765, -0.42225441336631775, 1.4777427911758423], [-1.073394536972046, 0.6801398992538452, 1.119083285331726], [-0.680079996585846, 0.8776645064353943, -0.7153476476669312], [0.6175281405448914, 0.3930094242095947, -1.4772995710372925], [1.07412850856781, -0.3303046226501465, -0.5312650799751282], [0.06642613559961319, -0.47270330786705017, 1.1194748878479004], [-0.9700130224227905, -0.19924792647361755, 0.8032591342926025], [-0.9016618132591248, 0.2996968626976013, -0.890213131904602], [0.19541579484939575, 0.6939241290092468, -1.3662049770355225], [0.9464060068130493, 0.48395901918411255, 0.1965588629245758], [0.7179510593414307, -0.06063142418861389, 1.5666868686676025], [-0.39891257882118225, -0.5937463045120239, 1.0368802547454834], [-1.0291610956192017, -0.7288380265235901, -1.0249656438827515], [-0.2428419440984726, -0.05374566838145256, -1.4390273094177246], [1.2169513702392578, 0.39935895800590515, -0.13357989490032196], [1.0547162294387817, 0.35485348105430603, 1.7442280054092407], [0.16431458294391632, -0.5053684711456299, 1.9459288120269775], [-1.241926908493042, -0.7368507385253906, -0.12283305078744888], [-1.0359466075897217, 0.16863927245140076, -1.5434597730636597], [0.4305391013622284, 0.8132619857788086, -1.0808342695236206], [1.2249069213867188, 0.5388282537460327, 0.7879976034164429], [0.40148669481277466, -0.5930612683296204, 0.929582953453064], [-0.8896299004554749, -1.093687653541565, -0.2344350516796112], [-1.429341435432434, 0.37760040163993835, -0.8444742560386658], [-0.2829904556274414, 1.4100606441497803, -0.5942299365997314], [1.0647286176681519, 1.2012600898742676, 0.4262453317642212], [1.0553399324417114, -0.44418397545814514, 0.4224106967449188], [-0.26818913221359253, -1.6224851608276367, -0.36024317145347595], [-1.2633649110794067, -0.8714479804039001, -0.5281715989112854], [-0.6877085566520691, 1.1690129041671753, -0.03678763657808304], [0.838555634021759, 1.7416982650756836, 0.981586217880249], [1.1641321182250977, -0.02150501124560833, 0.7307150959968567], [0.029381029307842255, -1.9233884811401367, -0.21883046627044678], [-0.9278132915496826, -1.2703652381896973, -0.5588265657424927]]}