{"epoch": 1990, "embeddings": [[-0.9829158782958984, 0.5144383907318115, 0.08142518252134323], [0.25754842162132263, 1.619691014289856, 0.33407410979270935], [1.222238540649414, 0.4154612720012665, -0.18500399589538574], [0.8409500122070312, -1.268332600593567, -0.49658527970314026], [-0.6832866072654724, -1.14889657497406, 0.07800513505935669], [-1.5200653076171875, 0.31850090622901917, 0.48733848333358765], [-0.5066735148429871, 1.456656813621521, 0.005447623319923878], [1.1193956136703491, 0.6723170876502991, -0.9339504837989807], [1.150067687034607, -1.0846220254898071, -0.8865748047828674], [-0.19126485288143158, -1.131725549697876, 0.2240215241909027], [-1.5663409233093262, 0.2316235452890396, 0.967573344707489], [-1.0314197540283203, 1.6587623357772827, 0.35223719477653503], [0.4985942840576172, 0.8616912364959717, -0.7683448195457458], [1.382283091545105, -0.972914457321167, -0.991661012172699], [0.4879944920539856, -1.551175594329834, 0.563029408454895], [-0.7324002385139465, -0.5718148350715637, 1.3638453483581543], [-1.122174859046936, 0.9852595925331116, 0.8831407427787781], [0.07452908158302307, 1.148144245147705, -0.9340087175369263], [1.158263087272644, -0.09495290368795395, -1.1231006383895874], [0.9315516352653503, -0.7556995749473572, 0.41819825768470764], [-0.35216715931892395, -0.6809179782867432, 1.3676164150238037], [-1.1858460903167725, 0.13352668285369873, 0.6459313035011292], [-0.36572232842445374, 0.5399080514907837, -1.3348959684371948], [0.8211305141448975, 0.17888271808624268, -1.5029041767120361], [1.2506613731384277, -0.20317715406417847, -0.04872249811887741], [0.17691849172115326, -0.2042846381664276, 1.5027440786361694], [-1.1660690307617188, 0.14812010526657104, 0.681072473526001], [-1.0253690481185913, 0.1880609393119812, -1.2929779291152954], [0.21096651256084442, 0.3035193383693695, -1.7425494194030762], [1.133406400680542, 0.24504603445529938, -0.05261646583676338], [0.44648486375808716, -0.19140121340751648, 1.5752981901168823], [-0.7708073258399963, -0.19249314069747925, 1.248155951499939], [-1.4116623401641846, -0.043683022260665894, -0.6784712076187134], [-0.3389020264148712, 0.4109291434288025, -1.4747157096862793], [0.8559160232543945, 0.45962271094322205, -0.1257941871881485], [1.1747605800628662, 0.0009273173054680228, 1.439694881439209], [0.2165425419807434, -0.8965615034103394, 1.1214905977249146], [-0.9644882082939148, -0.8124643564224243, -0.34510737657546997], [-0.698813796043396, 0.1091882586479187, -1.3979448080062866], [0.5816736817359924, 1.1723027229309082, -0.14738425612449646], [1.2690849304199219, 0.5003049373626709, 1.1739994287490845], [0.5511654019355774, -0.7374997138977051, 0.8643010258674622], [-0.7257201671600342, -1.3651057481765747, -0.7902265191078186], [-1.1887153387069702, -0.31332677602767944, -1.2512459754943848], [0.03868486359715462, 1.3192752599716187, -0.48943644762039185], [1.0506865978240967, 1.2585712671279907, 0.7000925540924072], [0.823554277420044, -0.19100597500801086, 0.6182675361633301], [-0.6238424181938171, -1.4643794298171997, -0.32190144062042236], [-1.5031459331512451, -0.7564469575881958, -0.8813557624816895], [-0.6406533122062683, 0.9485381245613098, -0.1944035440683365], [0.8445563912391663, 1.200917363166809, 0.3132699429988861], [1.4849621057510376, -0.22636502981185913, 0.47019684314727783], [0.25262823700904846, -1.4964053630828857, -0.12324494123458862], [-1.2287482023239136, -0.9011353850364685, -0.11632054299116135], [-1.0758812427520752, 1.1758413314819336, 0.5096267461776733], [0.5191227793693542, 1.6169084310531616, 0.35323646664619446], [1.5972083806991577, 0.06098131462931633, -0.0885101854801178], [0.8206602931022644, -1.650903582572937, -0.27949291467666626], [-0.780936062335968, -1.3244081735610962, 0.053325336426496506], [-1.3918006420135498, 0.5937537550926208, 0.5386061668395996], [-0.2598401606082916, 1.9145265817642212, 0.16184192895889282], [0.9894601702690125, 0.6232258081436157, -0.5125291347503662], [1.2076059579849243, -1.0873513221740723, -0.8046372532844543], [-0.17599934339523315, -1.6276135444641113, -0.18510355055332184], [-1.3332221508026123, 0.0596817284822464, 0.6174361705780029], [-0.8243409395217896, 1.4685484170913696, 0.025844784453511238], [0.5911219716072083, 0.8927122950553894, -0.9762457609176636], [1.0198651552200317, -0.46458888053894043, -0.7913709878921509], [-0.02549070119857788, -1.2739177942276, 0.2005554735660553], [-1.1631406545639038, -0.17052678763866425, 1.2532627582550049], [-1.0654855966567993, 0.8756617307662964, 0.5029579997062683], [0.4093516767024994, 0.8550692796707153, -0.930289626121521], [1.3462741374969482, -0.3208884298801422, -0.7097886800765991], [0.6737149357795715, -1.0302937030792236, 0.5071264505386353], [-0.745505690574646, -0.27448996901512146, 1.8265502452850342], [-1.2503061294555664, 0.5860449075698853, 0.8913583755493164], [-0.19853053987026215, 0.660519540309906, -1.1534624099731445], [1.2821911573410034, -0.292406290769577, -1.4741358757019043], [1.2872350215911865, -0.8181546330451965, 0.08403895050287247], [-0.08685985952615738, -0.40796878933906555, 1.5364935398101807], [-1.0987030267715454, 0.4292866885662079, 0.7651206851005554], [-0.863615095615387, 0.6227843761444092, -1.1883598566055298], [0.4348222613334656, 0.40189820528030396, -1.6591405868530273], [1.0487247705459595, -0.133016437292099, -0.3412046730518341], [0.22774751484394073, -0.378425270318985, 1.4301214218139648], [-0.9078235030174255, -0.3140311539173126, 0.9309600591659546], [-1.013720989227295, 0.07265857607126236, -0.9746229648590088], [-0.013423402793705463, 0.6355026364326477, -1.4818274974822998], [0.8733593225479126, 0.595658540725708, 0.10625685006380081], [0.8207038640975952, 0.0835113674402237, 1.6111687421798706], [-0.287004679441452, -0.6181012392044067, 1.207300066947937], [-0.9909622073173523, -0.8607847094535828, -0.8060466647148132], [-0.3574390709400177, -0.03762739524245262, -1.207566738128662], [1.0873554944992065, 0.6831417083740234, -0.03999925032258034], [1.1557559967041016, 0.575248658657074, 1.618021845817566], [0.3972293734550476, -0.5079177618026733, 1.4243000745773315], [-1.0344810485839844, -1.0211459398269653, -0.41772714257240295], [-1.1002339124679565, -0.03857569769024849, -1.3680273294448853], [0.18605899810791016, 0.9274796843528748, -0.7330942749977112], [1.1714822053909302, 0.8211123943328857, 0.8802942037582397], [0.5817824602127075, -0.5359169244766235, 0.744249701499939], [-0.6886212229728699, -1.3089460134506226, -0.540626585483551], [-1.4981907606124878, 0.005039863754063845, -0.930807888507843], [-0.5532183051109314, 1.3082606792449951, -0.5112167000770569], [0.8368498682975769, 1.3603206872940063, 0.4781235456466675], [1.1075373888015747, -0.25995713472366333, 0.4750620424747467], [-0.03832580894231796, -1.6551421880722046, -0.21464420855045319], [-1.161876916885376, -1.0247703790664673, -0.32704126834869385], [-0.9229448437690735, 1.056489109992981, 0.19493810832500458], [0.590503454208374, 1.817511796951294, 0.8180649280548096], [1.2469042539596558, 0.1162232905626297, 0.3902076780796051], [0.3777104616165161, -1.8723963499069214, -0.20534229278564453], [-0.7603967785835266, -1.3287408351898193, -0.1325996071100235]]}