{
  "target_layer": 20,
  "n_test_prompts": 50,
  "n_random_dirs": 30,
  "betas": [
    1.0,
    2.0,
    4.0,
    8.0,
    16.0
  ],
  "polarity_injection": {
    "1.0": {
      "delta_logit_mean": -1.7457421875,
      "delta_logit_std": 1.6386695326450782,
      "effect_norm_mean": 752.8047302246093
    },
    "2.0": {
      "delta_logit_mean": -1.881953125,
      "delta_logit_std": 1.5347948624410335,
      "effect_norm_mean": 747.6658166503906
    },
    "4.0": {
      "delta_logit_mean": -3.0525244140625,
      "delta_logit_std": 1.7728667980319857,
      "effect_norm_mean": 695.3292663574218
    },
    "8.0": {
      "delta_logit_mean": -2.37896484375,
      "delta_logit_std": 1.436342701123942,
      "effect_norm_mean": 811.4029382324219
    },
    "16.0": {
      "delta_logit_mean": -1.58990234375,
      "delta_logit_std": 1.5665899646055308,
      "effect_norm_mean": 819.3878625488281
    }
  },
  "probe_injection": {
    "1.0": {
      "delta_logit_mean": -1.1367578125,
      "delta_logit_std": 2.0008922680817274,
      "effect_norm_mean": 810.4363708496094
    },
    "2.0": {
      "delta_logit_mean": -1.22287109375,
      "delta_logit_std": 1.6187625992332513,
      "effect_norm_mean": 782.9354321289062
    },
    "4.0": {
      "delta_logit_mean": -1.4967578125,
      "delta_logit_std": 1.5233039109096635,
      "effect_norm_mean": 681.1680212402343
    },
    "8.0": {
      "delta_logit_mean": 0.556943359375,
      "delta_logit_std": 1.3503680041611397,
      "effect_norm_mean": 829.6823913574219
    },
    "16.0": {
      "delta_logit_mean": -0.7602734375,
      "delta_logit_std": 1.5432204012545143,
      "effect_norm_mean": 793.6979113769531
    }
  },
  "random_injection": {
    "1.0": {
      "delta_logit_mean": 0.42598801167805994,
      "delta_logit_std": 0.49772056230868317,
      "effect_norm_mean": 852.30492775472,
      "effect_norm_std": 53.52262503207007
    },
    "2.0": {
      "delta_logit_mean": 0.39634800624847405,
      "delta_logit_std": 0.5493426938887148,
      "effect_norm_mean": 853.3767564493816,
      "effect_norm_std": 62.0956840312541
    },
    "4.0": {
      "delta_logit_mean": 0.33018415832519543,
      "delta_logit_std": 0.8889578264909831,
      "effect_norm_mean": 862.3810408732096,
      "effect_norm_std": 106.1824838822627
    },
    "8.0": {
      "delta_logit_mean": 0.7935172220865886,
      "delta_logit_std": 1.228436319476241,
      "effect_norm_mean": 901.4172892252604,
      "effect_norm_std": 105.52932388680993
    },
    "16.0": {
      "delta_logit_mean": 0.038342072288195285,
      "delta_logit_std": 1.680869383978901,
      "effect_norm_mean": 1001.9109524739583,
      "effect_norm_std": 118.77458646330068
    }
  },
  "comparison": {
    "1.0": {
      "delta_logit_ratio": 4.098101682775391,
      "effect_norm_ratio": 0.8832575123175338,
      "polarity_vs_random_z": -4.363352378098389
    },
    "2.0": {
      "delta_logit_ratio": 4.748234115804248,
      "effect_norm_ratio": 0.8761262959178556,
      "polarity_vs_random_z": -4.1473221662797055
    },
    "4.0": {
      "delta_logit_ratio": 9.244914806167339,
      "effect_norm_ratio": 0.8062900659937533,
      "polarity_vs_random_z": -3.8052520283671827
    },
    "8.0": {
      "delta_logit_ratio": 2.998000267082303,
      "effect_norm_ratio": 0.900141308505184,
      "polarity_vs_random_z": -2.5825368523695356
    },
    "16.0": {
      "delta_logit_ratio": 41.46626013846146,
      "effect_norm_ratio": 0.8178250377696372,
      "polarity_vs_random_z": -0.9686918160076581
    }
  }
}