{
  "key_layers": [
    0,
    10,
    20,
    30,
    39
  ],
  "n_patches": 20,
  "polarity_patch": {
    "0": {
      "mean": 0.00205078125,
      "std": 0.188116940550668,
      "abs_mean": 0.11845703125
    },
    "10": {
      "mean": -0.31787109375,
      "std": 1.1769421495596264,
      "abs_mean": 0.93134765625
    },
    "20": {
      "mean": -0.40263671875,
      "std": 1.1593139097668002,
      "abs_mean": 0.97080078125
    },
    "30": {
      "mean": -0.78798828125,
      "std": 1.2015066344688778,
      "abs_mean": 1.21728515625
    },
    "39": {
      "mean": -0.82744140625,
      "std": 1.210941638570297,
      "abs_mean": 1.25302734375
    }
  },
  "random_patch": {
    "0": {
      "mean": -0.1724609375,
      "std": 2.1793302816185056,
      "abs_mean": 1.569921875
    },
    "10": {
      "mean": -1.0064453125,
      "std": 3.564270174029197,
      "abs_mean": 2.7087890625
    },
    "20": {
      "mean": -1.2513671875,
      "std": 3.8534420777082454,
      "abs_mean": 3.261328125
    },
    "30": {
      "mean": -1.55029296875,
      "std": 2.5832899018195095,
      "abs_mean": 2.23232421875
    },
    "39": {
      "mean": -1.48994140625,
      "std": 4.105584025266361,
      "abs_mean": 3.27275390625
    }
  },
  "comparison": {
    "0": {
      "ratio": 0.011891279728199321,
      "z_score": 0.08007584725542233
    },
    "10": {
      "ratio": 0.3158354356685426,
      "z_score": 0.1931879978592104
    },
    "20": {
      "ratio": 0.3217574527860153,
      "z_score": 0.22025255645071612
    },
    "30": {
      "ratio": 0.5082834645669291,
      "z_score": 0.29509064660651513
    },
    "39": {
      "ratio": 0.5553516418693059,
      "z_score": 0.16136559279334653
    }
  }
}