{
  "key_layers": [
    0,
    10,
    20,
    30,
    39
  ],
  "polarity_causal_dir": {
    "0": {
      "norm": 0.08523773401975632
    },
    "10": {
      "norm": 1.030423879623413
    },
    "20": {
      "norm": 2.7991251945495605
    },
    "30": {
      "norm": 12.314659118652344
    },
    "39": {
      "norm": 41.83635711669922
    }
  },
  "tense_causal_dir": {
    "0": {
      "norm": 0.4835822880268097
    },
    "10": {
      "norm": 3.2343757152557373
    },
    "20": {
      "norm": 8.055110931396484
    },
    "30": {
      "norm": 34.47789001464844
    },
    "39": {
      "norm": 78.98097229003906
    }
  },
  "causal_cosine": {
    "0": -0.16567294299602509,
    "10": -0.011632302775979042,
    "20": 0.007046792656183243,
    "30": -0.0048887585289776325,
    "39": 0.05104430764913559
  },
  "decode_cosine": {
    "0": -0.06231794867142828,
    "10": -0.012506725724285133,
    "20": -0.010552013598886334,
    "30": -0.002480834391228409,
    "39": 0.03822739217590667
  }
}