{
  "speed": {
    "animal": {
      "L0-L2": 51.16693878173828,
      "L2-L4": 31.74251937866211,
      "L4-L6": 25.88984489440918,
      "L6-L8": 13.593156814575195,
      "L8-L10": 7.916080474853516,
      "L10-L12": 7.632552146911621,
      "L12-L14": 6.4741597175598145,
      "L14-L16": 5.950132846832275,
      "L16-L18": 5.344898700714111,
      "L18-L20": 5.818902969360352,
      "L20-L22": 6.719335556030273,
      "L22-L24": 8.933262825012207,
      "L24-L26": 7.224312782287598,
      "L26-L28": 6.7579569816589355,
      "L28-L30": 7.249016761779785,
      "L30-L32": 7.06731653213501,
      "L32-L34": 11.083106994628906,
      "L34-L35": 30.04677963256836
    },
    "bird": {
      "L0-L2": 50.810768127441406,
      "L2-L4": 31.584686279296875,
      "L4-L6": 25.549606323242188,
      "L6-L8": 13.392484664916992,
      "L8-L10": 7.554116725921631,
      "L10-L12": 7.309531211853027,
      "L12-L14": 6.32708215713501,
      "L14-L16": 5.857355117797852,
      "L16-L18": 5.239264965057373,
      "L18-L20": 5.716202735900879,
      "L20-L22": 6.624178886413574,
      "L22-L24": 8.806715965270996,
      "L24-L26": 6.93120813369751,
      "L26-L28": 6.267922401428223,
      "L28-L30": 7.613582134246826,
      "L30-L32": 6.710094928741455,
      "L32-L34": 11.232925415039062,
      "L34-L35": 30.96977424621582
    },
    "body_part": {
      "L0-L2": 51.249996185302734,
      "L2-L4": 32.00937271118164,
      "L4-L6": 25.36810302734375,
      "L6-L8": 12.614832878112793,
      "L8-L10": 6.609495162963867,
      "L10-L12": 5.9706830978393555,
      "L12-L14": 5.035057544708252,
      "L14-L16": 4.380409240722656,
      "L16-L18": 4.203598976135254,
      "L18-L20": 4.9626994132995605,
      "L20-L22": 5.9808430671691895,
      "L22-L24": 8.139884948730469,
      "L24-L26": 6.821288108825684,
      "L26-L28": 6.5942487716674805,
      "L28-L30": 6.938663005828857,
      "L30-L32": 7.039927959442139,
      "L32-L34": 11.449287414550781,
      "L34-L35": 31.478660583496094
    },
    "clothing": {
      "L0-L2": 50.531288146972656,
      "L2-L4": 31.771800994873047,
      "L4-L6": 25.118324279785156,
      "L6-L8": 12.844038963317871,
      "L8-L10": 6.961986064910889,
      "L10-L12": 6.511685848236084,
      "L12-L14": 5.529184818267822,
      "L14-L16": 4.7581892013549805,
      "L16-L18": 4.444726467132568,
      "L18-L20": 5.007325649261475,
      "L20-L22": 5.974277496337891,
      "L22-L24": 7.892429828643799,
      "L24-L26": 6.578743934631348,
      "L26-L28": 6.382221698760986,
      "L28-L30": 7.392131328582764,
      "L30-L32": 6.797746181488037,
      "L32-L34": 11.506266593933105,
      "L34-L35": 33.41946029663086
    },
    "fish": {
      "L0-L2": 50.50281524658203,
      "L2-L4": 31.33940887451172,
      "L4-L6": 25.355058670043945,
      "L6-L8": 13.014260292053223,
      "L8-L10": 7.180490970611572,
      "L10-L12": 6.93575382232666,
      "L12-L14": 5.927760601043701,
      "L14-L16": 5.4127020835876465,
      "L16-L18": 4.809638500213623,
      "L18-L20": 5.49040412902832,
      "L20-L22": 6.41372537612915,
      "L22-L24": 8.248871803283691,
      "L24-L26": 6.820456027984619,
      "L26-L28": 6.165604591369629,
      "L28-L30": 6.77343225479126,
      "L30-L32": 6.784956455230713,
      "L32-L34": 11.271707534790039,
      "L34-L35": 32.81922149658203
    },
    "fruit": {
      "L0-L2": 50.852046966552734,
      "L2-L4": 31.75535011291504,
      "L4-L6": 25.084922790527344,
      "L6-L8": 12.750353813171387,
      "L8-L10": 7.720088005065918,
      "L10-L12": 7.0245585441589355,
      "L12-L14": 5.910366535186768,
      "L14-L16": 5.2228779792785645,
      "L16-L18": 4.494711399078369,
      "L18-L20": 5.338082790374756,
      "L20-L22": 6.200206756591797,
      "L22-L24": 8.250003814697266,
      "L24-L26": 7.060056209564209,
      "L26-L28": 6.437121868133545,
      "L28-L30": 7.297775745391846,
      "L30-L32": 6.954134464263916,
      "L32-L34": 11.738321304321289,
      "L34-L35": 31.364051818847656
    },
    "furniture": {
      "L0-L2": 50.93967056274414,
      "L2-L4": 31.70945930480957,
      "L4-L6": 25.89203453063965,
      "L6-L8": 13.497596740722656,
      "L8-L10": 7.09147310256958,
      "L10-L12": 6.921994209289551,
      "L12-L14": 5.954177379608154,
      "L14-L16": 5.073294162750244,
      "L16-L18": 4.56044340133667,
      "L18-L20": 5.297550201416016,
      "L20-L22": 6.298125743865967,
      "L22-L24": 8.05138874053955,
      "L24-L26": 6.620861530303955,
      "L26-L28": 6.394891738891602,
      "L28-L30": 6.92016077041626,
      "L30-L32": 6.347353935241699,
      "L32-L34": 10.885858535766602,
      "L34-L35": 30.883607864379883
    },
    "insect": {
      "L0-L2": 50.69495391845703,
      "L2-L4": 31.60431480407715,
      "L4-L6": 25.652393341064453,
      "L6-L8": 13.470436096191406,
      "L8-L10": 7.722867012023926,
      "L10-L12": 7.138242721557617,
      "L12-L14": 6.047350883483887,
      "L14-L16": 5.454062461853027,
      "L16-L18": 4.8926591873168945,
      "L18-L20": 5.461410999298096,
      "L20-L22": 6.291598796844482,
      "L22-L24": 8.481708526611328,
      "L24-L26": 6.894935131072998,
      "L26-L28": 6.714025020599365,
      "L28-L30": 7.36205530166626,
      "L30-L32": 7.218868732452393,
      "L32-L34": 11.247228622436523,
      "L34-L35": 30.68224334716797
    },
    "plant": {
      "L0-L2": 50.93687057495117,
      "L2-L4": 31.540809631347656,
      "L4-L6": 25.435962677001953,
      "L6-L8": 12.686223030090332,
      "L8-L10": 6.83523416519165,
      "L10-L12": 6.452767848968506,
      "L12-L14": 5.523965358734131,
      "L14-L16": 4.771721363067627,
      "L16-L18": 4.349131107330322,
      "L18-L20": 5.0843024253845215,
      "L20-L22": 6.070902347564697,
      "L22-L24": 7.991097927093506,
      "L24-L26": 6.563271999359131,
      "L26-L28": 6.064783096313477,
      "L28-L30": 6.466992378234863,
      "L30-L32": 6.352611541748047,
      "L32-L34": 11.251264572143555,
      "L34-L35": 31.217636108398438
    },
    "tool": {
      "L0-L2": 50.32106399536133,
      "L2-L4": 31.641101837158203,
      "L4-L6": 24.867645263671875,
      "L6-L8": 12.824840545654297,
      "L8-L10": 6.532543659210205,
      "L10-L12": 6.238108158111572,
      "L12-L14": 5.263833999633789,
      "L14-L16": 4.519035339355469,
      "L16-L18": 4.237621784210205,
      "L18-L20": 4.927242755889893,
      "L20-L22": 5.9636969566345215,
      "L22-L24": 7.806267738342285,
      "L24-L26": 6.183215141296387,
      "L26-L28": 5.862395286560059,
      "L28-L30": 6.44382905960083,
      "L30-L32": 6.105327129364014,
      "L32-L34": 11.437206268310547,
      "L34-L35": 32.882225036621094
    },
    "vegetable": {
      "L0-L2": 50.740638732910156,
      "L2-L4": 31.745779037475586,
      "L4-L6": 25.366069793701172,
      "L6-L8": 13.150080680847168,
      "L8-L10": 7.351012229919434,
      "L10-L12": 6.958466053009033,
      "L12-L14": 5.768804550170898,
      "L14-L16": 5.040549278259277,
      "L16-L18": 4.506289482116699,
      "L18-L20": 5.157983303070068,
      "L20-L22": 6.1177897453308105,
      "L22-L24": 8.24195384979248,
      "L24-L26": 6.86961030960083,
      "L26-L28": 6.309859752655029,
      "L28-L30": 7.089349746704102,
      "L30-L32": 6.604869365692139,
      "L32-L34": 11.332463264465332,
      "L34-L35": 31.627161026000977
    },
    "vehicle": {
      "L0-L2": 51.21706771850586,
      "L2-L4": 31.827993392944336,
      "L4-L6": 26.53175163269043,
      "L6-L8": 14.0087308883667,
      "L8-L10": 7.246456623077393,
      "L10-L12": 6.694953441619873,
      "L12-L14": 5.489323616027832,
      "L14-L16": 4.996645927429199,
      "L16-L18": 4.437698841094971,
      "L18-L20": 5.45250940322876,
      "L20-L22": 6.173600196838379,
      "L22-L24": 8.33370304107666,
      "L24-L26": 6.982187747955322,
      "L26-L28": 6.674473285675049,
      "L28-L30": 7.083879470825195,
      "L30-L32": 7.4034833908081055,
      "L32-L34": 11.561779975891113,
      "L34-L35": 30.06399917602539
    },