{
  "all_layers": [
    0,
    2,
    4,
    6,
    8,
    10,
    12,
    14,
    16,
    18,
    20,
    22,
    24,
    26,
    28,
    30,
    32,
    34,
    35
  ],
  "n_pairs": 150,
  "pol_rotation": {
    "0_2": 0.6853904724121094,
    "2_4": 0.8424159288406372,
    "4_6": 0.6911877393722534,
    "6_8": 0.7752968668937683,
    "8_10": 0.8632667064666748,
    "10_12": 0.8831350803375244,
    "12_14": 0.8871798515319824,
    "14_16": 0.9167222380638123,
    "16_18": 0.9165114760398865,
    "18_20": 0.8704755902290344,
    "20_22": 0.8461102247238159,
    "22_24": 0.8657733201980591,
    "24_26": 0.9190876483917236,
    "26_28": 0.9164603352546692,
    "28_30": 0.9190524220466614,
    "30_32": 0.9083694219589233,
    "32_34": 0.9290446043014526,
    "34_35": 0.9513587355613708
  },
  "tense_rotation": {
    "0_2": 0.8032653331756592,
    "2_4": 0.6906715631484985,
    "4_6": 0.7340238094329834,
    "6_8": 0.7210022807121277,
    "8_10": 0.8026666641235352,
    "10_12": 0.8468674421310425,
    "12_14": 0.8719443678855896,
    "14_16": 0.9186063408851624,
    "16_18": 0.9262477159500122,
    "18_20": 0.9031635522842407,
    "20_22": 0.832884669303894,
    "22_24": 0.8551648855209351,
    "24_26": 0.8633748292922974,
    "26_28": 0.9027254581451416,
    "28_30": 0.9259077310562134,
    "30_32": 0.9224315881729126,
    "32_34": 0.9174870848655701,
    "34_35": 0.9472748041152954
  },
  "cross_cos": {
    "0": -0.03218996152281761,
    "2": -0.04993293061852455,
    "4": -0.051210515201091766,
    "6": -0.025819910690188408,
    "8": -0.01747269183397293,
    "10": -0.015078369528055191,
    "12": -0.01676138862967491,
    "14": 0.006626935675740242,
    "16": 0.021219830960035324,
    "18": 0.01631159521639347,
    "20": 0.02097957953810692,
    "22": 0.020626461133360863,
    "24": 0.018929703161120415,
    "26": 0.014540813863277435,
    "28": 0.013356022536754608,
    "30": 0.0008016214706003666,
    "32": -0.003033899236470461,
    "34": -0.005179902538657188,
    "35": -0.0001087971031665802
  },
  "pol_cumulative": {
    "0": 1.0000001192092896,
    "2": 0.6853904724121094,
    "4": 0.5503247380256653,
    "6": 0.406191885471344,
    "8": 0.30253899097442627,
    "10": 0.29470229148864746,
    "12": 0.2891196012496948,
    "14": 0.2716923952102661,
    "16": 0.26258382201194763,
    "18": 0.24531760811805725,
    "20": 0.23253709077835083,
    "22": 0.19044646620750427,
    "24": 0.20642921328544617,
    "26": 0.19929257035255432,
    "28": 0.17467263340950012,
    "30": 0.14961016178131104,
    "32": 0.12370017170906067,
    "34": 0.11306563019752502,
    "35": 0.10797478258609772
  },
  "tense_cumulative": {
    "0": 1.0000001192092896,
    "2": 0.8032653331756592,
    "4": 0.6058346629142761,
    "6": 0.5075728297233582,
    "8": 0.40638214349746704,
    "10": 0.40192729234695435,
    "12": 0.38707131147384644,
    "14": 0.3808399438858032,
    "16": 0.3816854953765869,
    "18": 0.36670446395874023,
    "20": 0.36500227451324463,
    "22": 0.332369863986969,
    "24": 0.3383514881134033,
    "26": 0.29706549644470215,
    "28": 0.28524261713027954,
    "30": 0.2598121166229248,
    "32": 0.21069547533988953,
    "34": 0.1727963387966156,
    "35": 0.1351231336593628
  },
  "pol_norms": {
    "0": 1.5682330131530762,
    "2": 2.962603807449341,
    "4": 3.9676170349121094,
    "6": 7.692782402038574,
    "8": 10.052227973937988,
    "10": 9.41357135772705,
    "12": 10.392215728759766,
    "14": 12.304811477661133,
    "16": 12.651308059692383,
    "18": 13.926726341247559,
    "20": 17.47071647644043,
    "22": 21.407787322998047,
    "24": 29.418434143066406,
    "26": 36.76152038574219,
    "28": 45.17282485961914,
    "30": 54.663028717041016,
    "32": 67.76978302001953,
    "34": 76.66061401367188,
    "35": 82.12684631347656
  },
  "tense_norms": {
    "0": 9.320199966430664,
    "2": 12.591570854187012,
    "4": 24.958843231201172,
    "6": 29.718645095825195,
    "8": 38.16616439819336,
    "10": 33.63090515136719,
    "12": 34.752193450927734,
    "14": 35.79169464111328,
    "16": 35.61594772338867,
    "18": 37.350341796875,
    "20": 43.11750411987305,
    "22": 57.26385498046875,
    "24": 77.45419311523438,
    "26": 99.60025787353516,
    "28": 120.64957427978516,
    "30": 137.01345825195312,
    "32": 153.3170623779297,
    "34": 173.55760192871094,
    "35": 178.1591339111328
  },
  "max_cross_layer": 4,
  "max_cross_cos": -0.051210515201091766,
  "pol_avg_rotation": 29.099152098008826,
  "tense_avg_rotation": 30.33651773621504
}