{
  "key_layers": [
    0,
    9,
    18,
    27,
    35
  ],
  "n_permutations": 50,
  "real_cross_cos": {
    "0": -0.02898303046822548,
    "9": -0.018951067700982094,
    "18": 0.025316782295703888,
    "27": 0.014514910988509655,
    "35": -0.001488229725509882
  },
  "random_cross_cos": {
    "0": [
      0.016140226274728775,
      0.03087637946009636,
      -0.018930697813630104,
      0.031680963933467865,
      -0.01780359074473381,
      0.015506061725318432,
      -0.04042750224471092,
      -0.007728759665042162,
      0.026140246540308,
      0.008299209177494049,
      0.02215465158224106,
      -0.02759571187198162,
      -0.028957828879356384,
      -0.01756870374083519,
      -0.07487627118825912,
      0.06425133347511292,
      0.034271229058504105,
      -0.01882227323949337,
      0.008218432776629925,
      0.022512050345540047,
      -0.025656888261437416,
      0.03299316391348839,
      0.016746660694479942,
      -0.009247819893062115,
      0.004261157475411892,
      -0.005645889788866043,
      0.022449679672718048,
      0.009126164950430393,
      -0.07290783524513245,
      -0.05575961619615555,
      -0.003017983864992857,
      -0.02008625864982605,
      0.009567398577928543,
      -0.041157759726047516,
      -0.026495855301618576,
      -0.022647496312856674,
      0.005518507678061724,
      0.031106214970350266,
      0.015086822211742401,
      -0.051253288984298706,
      -0.09104818850755692,
      -0.06140139698982239,
      -0.016442352905869484,
      -0.0018765944987535477,
      -0.0477006658911705,
      -0.029568295925855637,
      -0.009571476839482784,
      0.013706846162676811,
      -0.058890968561172485,
      0.03406078740954399
    ],
    "9": [
      -0.06290312111377716,
      -0.06294245272874832,
      0.06442806124687195,
      -0.06323868781328201,
      0.02386130578815937,
      0.019473426043987274,
      0.033206865191459656,
      -0.005899980664253235,
      0.04981327801942825,
      -0.03261997550725937,
      -0.04239549860358238,
      -0.06657971441745758,
      0.045419659465551376,
      0.0032584089785814285,
      -0.035254981368780136,
      0.028749577701091766,
      0.06614886224269867,
      -0.04527142271399498,
      -0.04641991853713989,
      0.03508897125720978,
      -0.04853867366909981,
      -0.025228697806596756,
      -0.048518113791942596,
      0.03416969254612923,
      -0.010024060495197773,
      -0.05336606130003929,
      -0.024522535502910614,
      0.025617308914661407,
      0.06337224692106247,
      0.04721684753894806,
      -0.02221730351448059,
      -0.04014567285776138,
      0.09338134527206421,
      0.03366876393556595,
      0.01258863415569067,
      -0.045870475471019745,
      0.026196952909231186,
      -0.05058949068188667,
      -0.03865145519375801,
      -0.015739155933260918,
      -0.03812915459275246,
      0.038511596620082855,
      -0.07094034552574158,
      -0.0474940687417984,
      0.05192035064101219,
      0.02340940199792385,
      -0.006069440394639969,
      0.005435466766357422,
      -0.01695411279797554,
      0.05272355303168297
    ],
    "18": [
      -0.08568668365478516,
      0.04027968645095825,
      0.009553562849760056,
      -0.01840030401945114,
      0.010919798165559769,
      -0.000566365197300911,
      0.09661273658275604,
      -0.001158800907433033,
      0.010049538686871529,
      0.0018160887993872166,
      -0.08614231646060944,
      0.017319906502962112,
      0.048758506774902344,
      0.13308486342430115,
      0.038809772580862045,
      -0.04354508966207504,
      -0.0013482598587870598,
      0.04099920019507408,
      -0.009379945695400238,
      0.10003640502691269,
      -0.045310914516448975,
      0.07023745030164719,
      0.059358783066272736,
      -0.04580496996641159,
      -0.06602980941534042,
      0.0865815132856369,
      -0.009387481957674026,
      0.06837430596351624,
      -0.05180913954973221,
      -0.0547829270362854,
      0.05910509079694748,
      -0.0007012523710727692,
      0.0023480914533138275,
      0.009906087070703506,
      -0.021274477243423462,
      0.01717783510684967,
      0.010331212542951107,
      -0.0767935961484909,
      0.0483291819691658,
      0.03907657414674759,
      0.060616329312324524,
      0.08764954656362534,
      -0.08580151200294495,
      0.002311971038579941,
      0.006754050962626934,
      -0.011671695858240128,
      -0.009638618677854538,
      -0.014017423614859581,
      -0.03795072063803673,
      -0.17077754437923431
    ],
    "27": [
      -0.0041540274396538734,
      -0.06393107771873474,
      -0.021804112941026688,
      0.05079837888479233,
      0.032225869596004486,
      -0.04952412098646164,
      0.008932780474424362,
      0.013404552824795246,
      -0.01945742964744568,
      0.0678788423538208,
      -0.02034042775630951,
      0.08967182040214539,
      -0.02633470669388771,
      0.04284996539354324,
      -0.0033914055675268173,
      -0.07002361118793488,
      -0.03168982267379761,
      -0.00028488319367170334,
      -0.0012683197855949402,
      0.012815411202609539,
      0.04381706565618515,
      0.05292278528213501,
      0.037474557757377625,
      -0.024285193532705307,
      0.05255366861820221,
      -0.03802838921546936,
      -0.04498271271586418,
      -0.018446389585733414,
      -0.03901025280356407,
      0.008993200026452541,
      -0.04179356247186661,
      -0.07319065928459167,
      0.04450693726539612,
      -0.016344523057341576,
      -0.012532321736216545,
      0.010313691571354866,
      0.05191197246313095,
      -0.08790481090545654,
      -0.05693966522812843,
      -0.09737072885036469,
      -0.02782857045531273,
      0.0536632165312767,
      0.025608105584979057,
      -0.021656595170497894,
      -0.03835649415850639,
      -0.050207749009132385,
      0.019548378884792328,
      0.011611878871917725,
      0.05763382464647293,
      0.007096686400473118
    ],
    "35": [
      0.14280040562152863,
      0.12838959693908691,
      0.029320720583200455,
      -0.0341496467590332,
      0.032757896929979324,
      -0.11880757659673691,
      0.13700401782989502,
      -0.13759970664978027,
      -0.19244232773780823,
      0.19564098119735718,
      0.08387162536382675,
      -0.05698923394083977,
      0.045610327273607254,
      0.1135280653834343,
      -0.0062930528074502945,
      0.1024017184972763,
      -0.027659250423312187,
      0.01444737147539854,
      0.1796656847000122,
      0.3867344856262207,
      -0.12757232785224915,
      0.09354614466428757,
      0.04820375517010689,
      0.051614969968795776,
      0.09039252996444702,
      -0.16189223527908325,
      0.0032529160380363464,
      0.052357327193021774,
      -0.17846958339214325,
      -0.11458440124988556,
      -0.371480792760849,
      0.2298583984375,
      0.018008224666118622,
      0.2756154239177704,
      -0.014454370364546776,
      0.0724233090877533,
      -0.11380308866500854,
      0.07834286987781525,
      -0.04509727656841278,
      0.06729407608509064,
      -0.19889847934246063,
      0.06535167992115021,
      -0.08926703780889511,
      0.21640442311763763,
      0.031247884035110474,
      0.10406927764415741,
      0.031882330775260925,
      0.16097162663936615,
      -0.05551725998520851,
      -0.004698166623711586
    ]
  },
  "random_stats": {
    "0": {
      "mean": -0.008568275673314928,
      "std": 0.03315955070797379,
      "max_abs": 0.09104818850755692,
      "p_value": 0.36
    },
    "9": {
      "mean": -0.0037772798910737037,
      "std": 0.04334698857975487,
      "max_abs": 0.09338134527206421,
      "p_value": 0.84
    },
    "18": {
      "mean": 0.004568364815786481,
      "std": 0.056537637500424,
      "max_abs": 0.17077754437923431,
      "p_value": 0.56
    },
    "27": {
      "mean": -0.004096979461610317,
      "std": 0.04299693203535238,
      "max_abs": 0.09737072885036469,
      "p_value": 0.76
    },