{
  "feature_names": [
    "polarity",
    "tense",
    "semantic",
    "grammar",
    "sentiment"
  ],
  "key_layers": [
    0,
    18,
    35
  ],
  "causal_cos_matrix": {
    "0": [
      [
        1.0,
        -0.02898303046822548,
        0.02718089334666729,
        -0.012500264681875706,
        0.19592051208019257
      ],
      [
        -0.02898303046822548,
        0.9999999403953552,
        0.04335157573223114,
        0.10726298391819,
        0.06996840238571167
      ],
      [
        0.02718089334666729,
        0.04335157573223114,
        0.9999998807907104,
        -0.19257809221744537,
        -0.1794867217540741
      ],
      [
        -0.012500264681875706,
        0.10726298391819,
        -0.19257809221744537,
        1.0,
        0.08103196322917938
      ],
      [
        0.19592051208019257,
        0.06996840238571167,
        -0.1794867217540741,
        0.08103196322917938,
        1.0
      ]
    ],
    "18": [
      [
        1.0,
        0.025316782295703888,
        -0.055295079946517944,
        -0.0265375766903162,
        0.3564259111881256
      ],
      [
        0.025316782295703888,
        0.9999998211860657,
        0.00480276346206665,
        0.04836515337228775,
        0.1344127058982849
      ],
      [
        -0.055295079946517944,
        0.00480276346206665,
        1.0,
        -0.08810186386108398,
        -0.10119131207466125
      ],
      [
        -0.0265375766903162,
        0.04836515337228775,
        -0.08810186386108398,
        1.0,
        0.022856812924146652
      ],
      [
        0.3564259111881256,
        0.1344127058982849,
        -0.10119131207466125,
        0.022856812924146652,
        1.0
      ]
    ],
    "35": [
      [
        1.000000238418579,
        -0.001488229725509882,
        0.05206533521413803,
        0.07944802939891815,
        0.243968203663826
      ],
      [
        -0.001488229725509882,
        1.0,
        -0.14711272716522217,
        -0.023910898715257645,
        0.1360730528831482
      ],
      [
        0.05206533521413803,
        -0.14711272716522217,
        1.0,
        0.23334142565727234,
        -0.23665198683738708
      ],
      [
        0.07944802939891815,
        -0.023910898715257645,
        0.23334142565727234,
        1.0,
        -0.1545204371213913
      ],
      [
        0.243968203663826,
        0.1360730528831482,
        -0.23665198683738708,
        -0.1545204371213913,
        0.9999999403953552
      ]
    ]
  },
  "decode_cos_matrix": {
    "0": [
      [
        0.9999999999999996,
        -0.026575664083753038,
        0.029449820170033114,
        0.11224279129810949,
        0.05018476343441158
      ],
      [
        -0.026575664083753038,
        0.9999999999999999,
        0.05149254570699012,
        0.010398947432202857,
        0.003875931859549443
      ],
      [
        0.029449820170033114,
        0.05149254570699012,
        0.9999999999999997,
        -0.009723407831188018,
        -0.0398697565745647
      ],
      [
        0.11224279129810949,
        0.010398947432202857,
        -0.009723407831188018,
        1.0,
        0.05067012119960328
      ],
      [
        0.05018476343441158,
        0.003875931859549443,
        -0.0398697565745647,
        0.05067012119960328,
        1.0000000000000004
      ]
    ],
    "18": [
      [
        0.9999999999999999,
        0.013879571399005218,
        0.05371844967457634,
        0.006545353602793708,
        0.2850601397765098
      ],
      [
        0.013879571399005218,
        1.0,
        0.012259335168309236,
        0.06083522084084041,
        0.0970597860120829
      ],
      [
        0.05371844967457634,
        0.012259335168309236,
        0.9999999999999994,
        0.032403512037325305,
        -0.04496022156368457
      ],
      [
        0.006545353602793708,
        0.06083522084084041,
        0.032403512037325305,
        0.9999999999999991,
        0.010729423460825737
      ],
      [
        0.2850601397765098,
        0.0970597860120829,
        -0.04496022156368457,
        0.010729423460825737,
        0.9999999999999997
      ]
    ],
    "35": [
      [
        0.9999999999999999,
        -0.008029637796308163,
        0.023339225513476843,
        0.04260119038242679,
        0.24208924574982418
      ],
      [
        -0.008029637796308163,
        0.9999999999999999,
        -0.0625759748476342,
        0.01108408875611593,
        0.08011493186301122
      ],
      [
        0.023339225513476843,
        -0.0625759748476342,
        1.0,
        -0.01731882359670759,
        -0.04610896428964369
      ],
      [
        0.04260119038242679,
        0.01108408875611593,
        -0.01731882359670759,
        0.9999999999999998,
        0.004962161293096577
      ],
      [
        0.24208924574982418,
        0.08011493186301122,
        -0.04610896428964369,
        0.004962161293096577,
        1.0000000000000002
      ]
    ]
  }
}