{
  "key_layers": [
    0,
    9,
    18,
    27,
    35
  ],
  "alphas": [
    0.001,
    0.005,
    0.01,
    0.05,
    0.1,
    0.5,
    1.0
  ],
  "n_samples": 180,
  "sparse_probe": {
    "0": {
      "0.001": {
        "n_nonzero": 167,
        "sparsity": 0.934765625,
        "full_acc": 1.0,
        "cv_acc_mean": 0.9444444444444444,
        "cv_acc_std": 0.024845199749997673,
        "cv_n_nonzero_mean": 142.2,
        "n_groups": 125,
        "avg_group_size": 1.336,
        "max_group_size": 4,
        "n_large_groups": 0
      },
      "0.005": {
        "n_nonzero": 138,
        "sparsity": 0.94609375,
        "full_acc": 1.0,
        "cv_acc_mean": 0.9444444444444443,
        "cv_acc_std": 0.024845199749997673,
        "cv_n_nonzero_mean": 115.6,
        "n_groups": 112,
        "avg_group_size": 1.2321428571428572,
        "max_group_size": 4,
        "n_large_groups": 0
      },
      "0.01": {
        "n_nonzero": 115,
        "sparsity": 0.955078125,
        "full_acc": 1.0,
        "cv_acc_mean": 0.9388888888888889,
        "cv_acc_std": 0.027216552697590882,
        "cv_n_nonzero_mean": 103.4,
        "n_groups": 93,
        "avg_group_size": 1.2365591397849462,
        "max_group_size": 3,
        "n_large_groups": 0
      },
      "0.05": {
        "n_nonzero": 67,
        "sparsity": 0.973828125,
        "full_acc": 0.9888888888888889,
        "cv_acc_mean": 0.8777777777777779,
        "cv_acc_std": 0.07370277311900887,
        "cv_n_nonzero_mean": 64.2,
        "n_groups": 56,
        "avg_group_size": 1.1964285714285714,
        "max_group_size": 3,
        "n_large_groups": 0
      },
      "0.1": {
        "n_nonzero": 40,
        "sparsity": 0.984375,
        "full_acc": 0.9777777777777777,
        "cv_acc_mean": 0.8555555555555555,
        "cv_acc_std": 0.05386310952684808,
        "cv_n_nonzero_mean": 40.6,
        "n_groups": 34,
        "avg_group_size": 1.1764705882352942,
        "max_group_size": 3,
        "n_large_groups": 0
      },
      "0.5": {
        "n_nonzero": 0,
        "sparsity": 1.0,
        "full_acc": 0.5,
        "cv_acc_mean": 0.5,
        "cv_acc_std": 0.0,
        "cv_n_nonzero_mean": 0.0,
        "n_groups": 0,
        "avg_group_size": 1.0,
        "max_group_size": 0,
        "n_large_groups": 0
      },
      "1.0": {
        "n_nonzero": 0,
        "sparsity": 1.0,
        "full_acc": 0.5,
        "cv_acc_mean": 0.5,
        "cv_acc_std": 0.0,
        "cv_n_nonzero_mean": 0.0,
        "n_groups": 0,
        "avg_group_size": 1.0,
        "max_group_size": 0,
        "n_large_groups": 0
      },
      "baseline_l2": {
        "full_acc": 1.0,
        "cv_acc_mean": 0.961111111111111,
        "cv_acc_std": 0.028327886186626593
      }
    },
    "9": {
      "0.001": {
        "n_nonzero": 187,
        "sparsity": 0.926953125,
        "full_acc": 1.0,
        "cv_acc_mean": 0.9944444444444445,
        "cv_acc_std": 0.011111111111111117,
        "cv_n_nonzero_mean": 148.4,
        "n_groups": 138,
        "avg_group_size": 1.355072463768116,
        "max_group_size": 4,
        "n_large_groups": 0
      },
      "0.005": {
        "n_nonzero": 152,
        "sparsity": 0.940625,
        "full_acc": 1.0,
        "cv_acc_mean": 0.9888888888888889,
        "cv_acc_std": 0.022222222222222233,
        "cv_n_nonzero_mean": 125.6,
        "n_groups": 124,
        "avg_group_size": 1.2258064516129032,
        "max_group_size": 4,
        "n_large_groups": 0
      },
      "0.01": {
        "n_nonzero": 122,
        "sparsity": 0.95234375,
        "full_acc": 1.0,
        "cv_acc_mean": 0.9888888888888889,
        "cv_acc_std": 0.013608276348795441,
        "cv_n_nonzero_mean": 107.6,
        "n_groups": 98,
        "avg_group_size": 1.2448979591836735,
        "max_group_size": 4,
        "n_large_groups": 0
      },
      "0.05": {
        "n_nonzero": 58,
        "sparsity": 0.97734375,
        "full_acc": 1.0,
        "cv_acc_mean": 0.9888888888888889,
        "cv_acc_std": 0.013608276348795441,
        "cv_n_nonzero_mean": 62.8,
        "n_groups": 52,
        "avg_group_size": 1.1153846153846154,
        "max_group_size": 3,
        "n_large_groups": 0
      },
      "0.1": {
        "n_nonzero": 37,
        "sparsity": 0.985546875,
        "full_acc": 1.0,
        "cv_acc_mean": 0.9666666666666666,
        "cv_acc_std": 0.027216552697590882,
        "cv_n_nonzero_mean": 37.4,
        "n_groups": 34,
        "avg_group_size": 1.088235294117647,
        "max_group_size": 3,
        "n_large_groups": 0
      },
      "0.5": {
        "n_nonzero": 1,
        "sparsity": 0.999609375,
        "full_acc": 0.7777777777777778,
        "cv_acc_mean": 0.8,
        "cv_acc_std": 0.06431020501550125,
        "cv_n_nonzero_mean": 1.8,
        "n_groups": 1,
        "avg_group_size": 1.0,
        "max_group_size": 1,
        "n_large_groups": 0
      },
      "1.0": {
        "n_nonzero": 0,
        "sparsity": 1.0,
        "full_acc": 0.5,
        "cv_acc_mean": 0.5,
        "cv_acc_std": 0.0,
        "cv_n_nonzero_mean": 0.0,
        "n_groups": 0,
        "avg_group_size": 1.0,
        "max_group_size": 0,
        "n_large_groups": 0
      },
      "baseline_l2": {
        "full_acc": 1.0,
        "cv_acc_mean": 0.9888888888888889,
        "cv_acc_std": 0.022222222222222233
      }
    },
    "18": {
      "0.001": {
        "n_nonzero": 186,
        "sparsity": 0.92734375,
        "full_acc": 1.0,
        "cv_acc_mean": 0.9833333333333334,
        "cv_acc_std": 0.022222222222222233,
        "cv_n_nonzero_mean": 145.6,
        "n_groups": 146,
        "avg_group_size": 1.273972602739726,
        "max_group_size": 4,
        "n_large_groups": 0
      },
      "0.005": {
        "n_nonzero": 151,
        "sparsity": 0.941015625,
        "full_acc": 1.0,
        "cv_acc_mean": 0.9777777777777779,
        "cv_acc_std": 0.027216552697590882,
        "cv_n_nonzero_mean": 128.8,
        "n_groups": 126,
        "avg_group_size": 1.1984126984126984,
        "max_group_size": 4,
        "n_large_groups": 0
      },
      "0.01": {
        "n_nonzero": 133,
        "sparsity": 0.948046875,
        "full_acc": 1.0,
        "cv_acc_mean": 0.9833333333333334,
        "cv_acc_std": 0.022222222222222233,
        "cv_n_nonzero_mean": 120.6,
        "n_groups": 110,
        "avg_group_size": 1.209090909090909,
        "max_group_size": 3,
        "n_large_groups": 0
      },
      "0.05": {
        "n_nonzero": 79,
        "sparsity": 0.969140625,
        "full_acc": 1.0,
        "cv_acc_mean": 0.9777777777777779,
        "cv_acc_std": 0.020786985482077462,
        "cv_n_nonzero_mean": 70.4,
        "n_groups": 66,
        "avg_group_size": 1.196969696969697,
        "max_group_size": 4,
        "n_large_groups": 0
      },
      "0.1": {
        "n_nonzero": 48,
        "sparsity": 0.98125,
        "full_acc": 0.9944444444444445,
        "cv_acc_mean": 0.9777777777777779,
        "cv_acc_std": 0.011111111111111117,
        "cv_n_nonzero_mean": 48.4,
        "n_groups": 45,
        "avg_group_size": 1.0666666666666667,
        "max_group_size": 2,
        "n_large_groups": 0
      },
      "0.5": {
        "n_nonzero": 1,
        "sparsity": 0.999609375,
        "full_acc": 0.8,
        "cv_acc_mean": 0.8111111111111111,
        "cv_acc_std": 0.059317101400173954,
        "cv_n_nonzero_mean": 1.6,
        "n_groups": 1,
        "avg_group_size": 1.0,
        "max_group_size": 1,
        "n_large_groups": 0
      },
      "1.0": {
        "n_nonzero": 0,
        "sparsity": 1.0,
        "full_acc": 0.5,
        "cv_acc_mean": 0.5,
        "cv_acc_std": 0.0,
        "cv_n_nonzero_mean": 0.0,
        "n_groups": 0,
        "avg_group_size": 1.0,
        "max_group_size": 0,
        "n_large_groups": 0
      },
      "baseline_l2": {
        "full_acc": 1.0,
        "cv_acc_mean": 0.9833333333333332,
        "cv_acc_std": 0.03333333333333335
      }
    },
    "27": {
      "0.001": {
        "n_nonzero": 176,