{
  "target_layer": 18,
  "n_permutations": 100,
  "real": {
    "dim_90": 1667,
    "dim_90_pct": 0.651,
    "gini": 0.4091781538089092
  },
  "permutation": {
    "mean_gini": 0.41975591835510784,
    "std_gini": 0.004401091930229701,
    "mean_dim90": 1647.14,
    "std_dim90": 9.962951369950574,
    "mean_dim90_pct": 0.643,
    "gini_pvalue": 1.0,
    "dim90_pvalue": 0.99,
    "mean_top50_overlap": 0.41
  },
  "z_scores": {
    "gini_z": -2.4034409446308835,
    "dim90_z": 1.9933852191530295
  }
}