{
  "last_layer": 39,
  "n_pairs": 150,
  "attn": {
    "pol_norm": 3.865121841430664,
    "tense_norm": 6.819141387939453,
    "cross_cos": -0.18394514918327332,
    "pol_n_a": 150,
    "pol_n_b": 150
  },
  "mlp": {
    "pol_norm": 16.596769332885742,
    "tense_norm": 33.17652130126953,
    "cross_cos": 0.041108861565589905,
    "pol_n_a": 150,
    "pol_n_b": 150
  },
  "resid": {
    "pol_norm": 39.21925354003906,
    "tense_norm": 75.01304626464844,
    "cross_cos": 0.04128313064575195,
    "pol_n_a": 150,
    "pol_n_b": 150
  },
  "reconstruction_cos": 0.6075351238250732
}