{
  "last_layer": 39,
  "causal_matrix": [
    [
      1.0,
      0.04128313064575195,
      0.12684954702854156,
      0.1506941020488739,
      -0.19534724950790405
    ],
    [
      0.04128313064575195,
      0.9999998807907104,
      -0.028667090460658073,
      0.03937609866261482,
      -0.11693168431520462
    ],
    [
      0.12684954702854156,
      -0.028667090460658073,
      1.0,
      -0.24594232439994812,
      -0.023773033171892166
    ],
    [
      0.1506941020488739,
      0.03937609866261482,
      -0.24594232439994812,
      1.0,
      0.066788449883461
    ],
    [
      -0.19534724950790405,
      -0.11693168431520462,
      -0.023773033171892166,
      0.066788449883461,
      1.0000001192092896
    ]
  ],
  "feature_names": [
    "polarity",
    "tense",
    "semantic",
    "sentiment",
    "number"
  ],
  "func_func_mean": 0.04128313064575195,
  "nonfunc_nonfunc_mean": 0.11216793581843376,
  "func_nonfunc_mean": 0.10964429533729951,
  "feature_norms": {
    "polarity": 39.21925354003906,
    "tense": 75.01304626464844,
    "semantic": 50.8387336730957,
    "sentiment": 36.28109359741211,
    "number": 38.60978317260742
  }
}