{
  "model": "GLM4-9B-Chat",
  "n_layers": 40,
  "d_model": 4096,
  "L2_fixed": 30,
  "l1_values": [
    1,
    5,
    9,
    13,
    17,
    21,
    25,
    28
  ],
  "pairs": {
    "tense_x_question": {
      "pair": "tense_x_question",
      "feature_A": "tense",
      "feature_B": "question",
      "n_samples": 25,
      "L2_fixed": 30,
      "reverse_data": {
        "L1": {
          "l1": 1,
          "distance": 29,
          "curvature_norm_mean": 65.154296875,
          "curvature_norm_std": 6.83157205581665,
          "mean_single_effect": 41.180835189819334,
          "mean_A_effect": 14.498662948608398,
          "mean_B_effect": 67.86300659179688,
          "relative_curvature": 1.582150934397492,
          "n_valid": 25
        },
        "L5": {
          "l1": 5,
          "distance": 25,
          "curvature_norm_mean": 68.0025405883789,
          "curvature_norm_std": 8.033491134643555,
          "mean_single_effect": 42.30556015014648,
          "mean_A_effect": 16.74811553955078,
          "mean_B_effect": 67.86300659179688,
          "relative_curvature": 1.6074137854899129,
          "n_valid": 25
        },
        "L9": {
          "l1": 9,
          "distance": 21,
          "curvature_norm_mean": 71.48970031738281,
          "curvature_norm_std": 7.030439376831055,
          "mean_single_effect": 43.867511138916015,
          "mean_A_effect": 19.87201499938965,
          "mean_B_effect": 67.86300659179688,
          "relative_curvature": 1.6296730418744787,
          "n_valid": 25
        },
        "L13": {
          "l1": 13,
          "distance": 17,
          "curvature_norm_mean": 75.46619415283203,
          "curvature_norm_std": 7.8731465339660645,
          "mean_single_effect": 44.19349319458008,
          "mean_A_effect": 20.52397918701172,
          "mean_B_effect": 67.86300659179688,
          "relative_curvature": 1.7076313433832946,
          "n_valid": 25
        },
        "L17": {
          "l1": 17,
          "distance": 13,
          "curvature_norm_mean": 70.93809509277344,
          "curvature_norm_std": 7.410769462585449,
          "mean_single_effect": 45.728794708251954,
          "mean_A_effect": 23.594581604003906,
          "mean_B_effect": 67.86300659179688,
          "relative_curvature": 1.5512784788053298,
          "n_valid": 25
        },
        "L21": {
          "l1": 21,
          "distance": 9,
          "curvature_norm_mean": 79.37816619873047,
          "curvature_norm_std": 8.691006660461426,
          "mean_single_effect": 47.856141052246095,
          "mean_A_effect": 27.849275588989258,
          "mean_B_effect": 67.86300659179688,
          "relative_curvature": 1.6586829705283777,
          "n_valid": 25
        },
        "L25": {
          "l1": 25,
          "distance": 5,
          "curvature_norm_mean": 51.06825256347656,
          "curvature_norm_std": 5.861459255218506,
          "mean_single_effect": 54.35856109619141,
          "mean_A_effect": 40.8541145324707,
          "mean_B_effect": 67.86300659179688,
          "relative_curvature": 0.9394702790791987,
          "n_valid": 25
        },
        "L28": {
          "l1": 28,
          "distance": 2,
          "curvature_norm_mean": 34.31926345825195,
          "curvature_norm_std": 4.563182353973389,
          "mean_single_effect": 58.256495513916015,
          "mean_A_effect": 48.64997863769531,
          "mean_B_effect": 67.86300659179688,
          "relative_curvature": 0.5891062130573067,
          "n_valid": 25
        }
      }
    },
    "voice_x_question": {
      "pair": "voice_x_question",
      "feature_A": "voice",
      "feature_B": "question",
      "n_samples": 25,
      "L2_fixed": 30,
      "reverse_data": {
        "L1": {
          "l1": 1,
          "distance": 29,
          "curvature_norm_mean": 134.51211547851562,
          "curvature_norm_std": 7.842723846435547,
          "mean_single_effect": 48.64127304077149,
          "mean_A_effect": 28.280296325683594,
          "mean_B_effect": 69.00225067138672,
          "relative_curvature": 2.7653905226841,
          "n_valid": 25
        },
        "L5": {
          "l1": 5,
          "distance": 25,
          "curvature_norm_mean": 154.9474334716797,
          "curvature_norm_std": 18.296897888183594,
          "mean_single_effect": 85.19454818725586,
          "mean_A_effect": 101.38684844970703,
          "mean_B_effect": 69.00225067138672,
          "relative_curvature": 1.8187482270687854,
          "n_valid": 25
        },
        "L9": {
          "l1": 9,
          "distance": 21,
          "curvature_norm_mean": 161.55198669433594,
          "curvature_norm_std": 18.648744583129883,
          "mean_single_effect": 92.61126251220703,
          "mean_A_effect": 116.22027587890625,
          "mean_B_effect": 69.00225067138672,
          "relative_curvature": 1.7444097220126702,
          "n_valid": 25
        },
        "L13": {
          "l1": 13,
          "distance": 17,
          "curvature_norm_mean": 139.9241943359375,
          "curvature_norm_std": 9.43315315246582,
          "mean_single_effect": 64.73378631591797,
          "mean_A_effect": 60.4653205871582,
          "mean_B_effect": 69.00225067138672,
          "relative_curvature": 2.161532675577701,
          "n_valid": 25
        },
        "L17": {
          "l1": 17,
          "distance": 13,
          "curvature_norm_mean": 169.98025512695312,
          "curvature_norm_std": 12.417346000671387,
          "mean_single_effect": 87.91696838378907,
          "mean_A_effect": 106.83168029785156,
          "mean_B_effect": 69.00225067138672,
          "relative_curvature": 1.9334180676560078,
          "n_valid": 25
        },
        "L21": {
          "l1": 21,
          "distance": 9,
          "curvature_norm_mean": 177.5257568359375,
          "curvature_norm_std": 13.70024585723877,
          "mean_single_effect": 87.43069458007812,
          "mean_A_effect": 105.85913848876953,
          "mean_B_effect": 69.00225067138672,
          "relative_curvature": 2.0304740536304204,
          "n_valid": 25
        },
        "L25": {
          "l1": 25,
          "distance": 5,
          "curvature_norm_mean": 140.87744140625,
          "curvature_norm_std": 8.972875595092773,
          "mean_single_effect": 93.88876220703125,
          "mean_A_effect": 118.77527618408203,
          "mean_B_effect": 69.00225067138672,
          "relative_curvature": 1.500471814672084,
          "n_valid": 25
        },
        "L28": {
          "l1": 28,
          "distance": 2,
          "curvature_norm_mean": 84.26708984375,
          "curvature_norm_std": 7.697203636169434,
          "mean_single_effect": 93.79514007568359,
          "mean_A_effect": 118.58802795410156,
          "mean_B_effect": 69.00225067138672,
          "relative_curvature": 0.8984163761114359,
          "n_valid": 25
        }
      }
    }
  },
  "timestamp": "2026-04-25T00:48:31.602460"
}