{
  "tense": {
    "6": {
      "feat_linear_range": 0.005,
      "rand_linear_range_mean": 0.005000000000000001,
      "rand_linear_range_std": 8.673617379884035e-19,
      "lr_ratio": 0.9999999999999998,
      "n_rand": 45
    },
    "16": {
      "feat_linear_range": 0.005,
      "rand_linear_range_mean": 0.005000000000000001,
      "rand_linear_range_std": 8.673617379884035e-19,
      "lr_ratio": 0.9999999999999998,
      "n_rand": 45
    },
    "27": {
      "feat_linear_range": 0.005,
      "rand_linear_range_mean": 0.005000000000000001,
      "rand_linear_range_std": 8.673617379884035e-19,
      "lr_ratio": 0.9999999999999998,
      "n_rand": 45
    },
    "38": {
      "feat_linear_range": 0.005,
      "rand_linear_range_mean": 0.005000000000000001,
      "rand_linear_range_std": 8.673617379884035e-19,
      "lr_ratio": 0.9999999999999998,
      "n_rand": 45
    }
  },
  "question": {
    "6": {
      "feat_linear_range": 0.005,
      "rand_linear_range_mean": 0.005000000000000001,
      "rand_linear_range_std": 8.673617379884035e-19,
      "lr_ratio": 0.9999999999999998,
      "n_rand": 45
    },
    "16": {
      "feat_linear_range": 0.005,
      "rand_linear_range_mean": 0.005000000000000001,
      "rand_linear_range_std": 8.673617379884035e-19,
      "lr_ratio": 0.9999999999999998,
      "n_rand": 45
    },
    "27": {
      "feat_linear_range": 0.005,
      "rand_linear_range_mean": 0.005000000000000001,
      "rand_linear_range_std": 8.673617379884035e-19,
      "lr_ratio": 0.9999999999999998,
      "n_rand": 45
    },
    "38": {
      "feat_linear_range": 0.005,
      "rand_linear_range_mean": 0.005000000000000001,
      "rand_linear_range_std": 8.673617379884035e-19,
      "lr_ratio": 0.9999999999999998,
      "n_rand": 45
    }
  }
}