{
  "tense": {
    "6": {
      "feat_hess": 137227.96673787932,
      "feat_linear": 49.864583333333336,
      "rand_hess_mean": 134490.2559477829,
      "rand_hess_std": 22983.686620886154,
      "rand_linear_mean": 50.24791666666667,
      "hess_ratio": 1.02035620179918,
      "feat_rel_curv": 2751.5528487550923,
      "rand_rel_curv": 67.39883224969675
    },
    "16": {
      "feat_hess": 13130.85314969249,
      "feat_linear": 43.864583333333336,
      "rand_hess_mean": 12951.155572909396,
      "rand_hess_std": 1242.4967967889215,
      "rand_linear_mean": 42.738194444444446,
      "hess_ratio": 1.0138750226395996,
      "feat_rel_curv": 299.64053759331676,
      "rand_rel_curv": 22.75921743799582
    },
    "27": {
      "feat_hess": 297.8120657033858,
      "feat_linear": 28.895833333333332,
      "rand_hess_mean": 281.5817746211899,
      "rand_hess_std": 46.485220641081746,
      "rand_linear_mean": 27.37152777777778,
      "hess_ratio": 1.057639707342673,
      "feat_rel_curv": 10.27640048846843,
      "rand_rel_curv": 4.115479274112561
    },
    "38": {
      "feat_hess": 1.0826953746039114,
      "feat_linear": 12.518229166666666,
      "rand_hess_mean": 1.0639693776094694,
      "rand_hess_std": 0.23448590885489642,
      "rand_linear_mean": 13.144618055555556,
      "hess_ratio": 1.0176001277748385,
      "feat_rel_curv": 0.08504304555731351,
      "rand_rel_curv": 0.21401393036296107
    }
  },
  "question": {
    "6": {
      "feat_hess": 130768.40380280162,
      "feat_linear": 48.604166666666664,
      "rand_hess_mean": 133102.67627459674,
      "rand_hess_std": 23566.027311344587,
      "rand_linear_mean": 49.446527777777774,
      "hess_ratio": 0.9824626180545054,
      "feat_rel_curv": 2695.181756417618,
      "rand_rel_curv": 67.82689438201564
    },
    "16": {
      "feat_hess": 12414.557542950331,
      "feat_linear": 41.802083333333336,
      "rand_hess_mean": 13008.078074180363,
      "rand_hess_std": 1257.1899378055407,
      "rand_linear_mean": 42.85069444444444,
      "hess_ratio": 0.9543729267424904,
      "feat_rel_curv": 296.8383417411514,
      "rand_rel_curv": 22.793676937925884
    },
    "27": {
      "feat_hess": 283.829565497271,
      "feat_linear": 27.703125,
      "rand_hess_mean": 283.54451960532305,
      "rand_hess_std": 43.979525122093555,
      "rand_linear_mean": 27.34409722222222,
      "hess_ratio": 1.0010052950144999,
      "feat_rel_curv": 10.22528170311156,
      "rand_rel_curv": 4.155420214721947
    },
    "38": {
      "feat_hess": 1.1013287740068274,
      "feat_linear": 15.177083333333334,
      "rand_hess_mean": 1.0561684708720012,
      "rand_hess_std": 0.282949966190988,
      "rand_linear_mean": 13.151215277777778,
      "hess_ratio": 1.0427586170012637,
      "feat_rel_curv": 0.07221121021327655,
      "rand_rel_curv": 0.21080494167181796
    }
  }
}