{
  "tense": {
    "6": {
      "feat_eff": 47.53125,
      "max_rand": 53.3125,
      "mean_rand": 44.5365625,
      "avg_top10": 51.46875,
      "SA_max": 0.891559202813599,
      "E/R": 1.0672411010616276,
      "n_samples": 400
    },
    "16": {
      "feat_eff": 44.71875,
      "max_rand": 47.8125,
      "mean_rand": 39.016484375,
      "avg_top10": 44.98125,
      "SA_max": 0.9352941176470588,
      "E/R": 1.1461501648942456,
      "n_samples": 400
    },
    "27": {
      "feat_eff": 26.515625,
      "max_rand": 29.171875,
      "mean_rand": 24.5742578125,
      "avg_top10": 28.2703125,
      "SA_max": 0.9089448312801286,
      "E/R": 1.0790000333809675,
      "n_samples": 400
    },
    "38": {
      "feat_eff": 11.4140625,
      "max_rand": 14.578125,
      "mean_rand": 12.45361328125,
      "avg_top10": 14.06015625,
      "SA_max": 0.7829581993569131,
      "E/R": 0.9165261713389532,
      "n_samples": 400
    }
  },
  "question": {
    "6": {
      "feat_eff": 46.15625,
      "max_rand": 56.78125,
      "mean_rand": 44.457890625,
      "avg_top10": 51.553125,
      "SA_max": 0.8128783709411117,
      "E/R": 1.0382015284828867,
      "n_samples": 400
    },
    "16": {
      "feat_eff": 37.65625,
      "max_rand": 47.15625,
      "mean_rand": 39.0915625,
      "avg_top10": 44.871875,
      "SA_max": 0.7985420808482439,
      "E/R": 0.9632833172119942,
      "n_samples": 400
    },
    "27": {
      "feat_eff": 23.3125,
      "max_rand": 28.8125,
      "mean_rand": 24.4973046875,
      "avg_top10": 28.178125,
      "SA_max": 0.8091106290672451,
      "E/R": 0.9516353042665726,
      "n_samples": 400
    },
    "38": {
      "feat_eff": 9.828125,
      "max_rand": 14.5546875,
      "mean_rand": 12.49146484375,
      "avg_top10": 14.128125,
      "SA_max": 0.6752549651100376,
      "E/R": 0.7867872281542241,
      "n_samples": 400
    }
  }
}