{
  "L4_input_ln": {
    "top20_dims": [
      295,
      293,
      196,
      217,
      267,
      140,
      87,
      34,
      57,
      36,
      470,
      46,
      37,
      65,
      1471,
      76,
      20,
      68,
      397,
      64
    ],
    "top20_weights": [
      0.37109375,
      0.37109375,
      0.3671875,
      0.318359375,
      0.318359375,
      0.30078125,
      0.296875,
      0.27734375,
      0.2734375,
      0.267578125,
      0.263671875,
      0.2578125,
      0.2451171875,
      0.2421875,
      0.2333984375,
      0.2333984375,
      0.232421875,
      0.232421875,
      0.23046875,
      0.2294921875
    ],
    "bottom20_dims": [
      388,
      373,
      86,
      564,
      17,
      1,
      0,
      70,
      607,
      21,
      2,
      11,
      6,
      8,
      58,
      77,
      100,
      179,
      218,
      220
    ],
    "bottom20_weights": [
      -0.10595703125,
      -0.0791015625,
      -0.048583984375,
      -0.0003871917724609375,
      -0.00012874603271484375,
      -0.0001220703125,
      -7.534027099609375e-05,
      -3.528594970703125e-05,
      1.8477439880371094e-05,
      7.009506225585938e-05,
      9.775161743164062e-05,
      9.870529174804688e-05,
      0.0004405975341796875,
      0.005859375,
      0.0184326171875,
      0.029541015625,
      0.042236328125,
      0.04345703125,
      0.044921875,
      0.048583984375
    ],
    "mean": 0.12055953592061996,
    "std": 0.028784364461898804
  },
  "L4_post_attn_ln": {
    "top20_dims": [
      11,
      1064,
      2,
      47,
      9,
      24,
      10,
      58,
      295,
      23,
      1388,
      77,
      22,
      574,
      373,
      55,
      414,
      54,
      1853,
      96
    ],
    "top20_weights": [
      2.796875,
      2.46875,
      2.09375,
      1.96875,
      1.953125,
      1.8828125,
      1.671875,
      1.6328125,
      1.609375,
      1.5,
      1.484375,
      1.4453125,
      1.3828125,
      1.34375,
      1.28125,
      1.2734375,
      1.25,
      1.1796875,
      1.1328125,
      1.109375
    ],
    "bottom20_dims": [
      104,
      8,
      17,
      21,
      0,
      6,
      31,
      3,
      19,
      564,
      46,
      7,
      12,
      34,
      140,
      220,
      53,
      37,
      196,
      36
    ],
    "bottom20_weights": [
      -0.75,
      -0.07763671875,
      -0.0001010894775390625,
      -8.821487426757812e-05,
      -2.658367156982422e-05,
      1.9311904907226562e-05,
      0.130859375,
      0.1474609375,
      0.185546875,
      0.2021484375,
      0.2080078125,
      0.220703125,
      0.23046875,
      0.240234375,
      0.2431640625,
      0.2431640625,
      0.2490234375,
      0.25,
      0.271484375,
      0.2734375
    ],
    "mean": 0.6366631388664246,
    "std": 0.13584071397781372
  },
  "L5_input_ln": {
    "top20_dims": [
      890,
      914,
      196,
      267,
      293,
      217,
      87,
      46,
      140,
      80,
      295,
      36,
      1064,
      1388,
      5,
      57,
      65,
      574,
      4,
      470
    ],
    "top20_weights": [
      0.43359375,
      0.375,
      0.369140625,
      0.34765625,
      0.333984375,
      0.32421875,
      0.322265625,
      0.310546875,
      0.306640625,
      0.302734375,
      0.29296875,
      0.28125,
      0.2734375,
      0.271484375,
      0.265625,
      0.2578125,
      0.25,
      0.248046875,
      0.248046875,
      0.2470703125
    ],
    "bottom20_dims": [
      51,
      373,
      1,
      2,
      21,
      0,
      207,
      58,
      164,
      262,
      245,
      218,
      161,
      142,
      263,
      105,
      27,
      216,
      256,
      189
    ],
    "bottom20_weights": [
      -0.1328125,
      -0.00016117095947265625,
      1.704692840576172e-05,
      0.00013065338134765625,
      0.0001392364501953125,
      0.000396728515625,
      0.043701171875,
      0.0458984375,
      0.046630859375,
      0.048095703125,
      0.050048828125,
      0.05126953125,
      0.053466796875,
      0.0537109375,
      0.054443359375,
      0.05517578125,
      0.059814453125,
      0.059814453125,
      0.061279296875,
      0.06201171875
    ],
    "mean": 0.12392856180667877,
    "std": 0.02864762395620346
  },
  "L5_post_attn_ln": {
    "top20_dims": [
      11,
      2,
      574,
      890,
      17,
      295,
      47,
      914,
      77,
      1064,
      24,
      1388,
      9,
      10,
      817,
      4,
      55,
      1128,
      413,
      1225
    ],
    "top20_weights": [
      1.6015625,
      1.5703125,
      1.125,
      1.03125,
      1.03125,
      0.90234375,
      0.875,
      0.80859375,
      0.8046875,
      0.78125,
      0.77734375,
      0.76171875,
      0.7109375,
      0.703125,
      0.6953125,
      0.66796875,
      0.66796875,
      0.65234375,
      0.63671875,
      0.63671875
    ],
    "bottom20_dims": [
      51,
      45,
      1,
      31,
      0,
      5,
      21,
      6,
      220,
      7,
      19,
      3,
      12,
      46,
      13,
      53,
      245,
      42,
      161,
      142
    ],
    "bottom20_weights": [
      -0.435546875,
      -0.3203125,
      -8.916854858398438e-05,
      -8.821487426757812e-05,
      -2.1696090698242188e-05,
      0.00010538101196289062,
      0.00016689300537109375,
      0.000179290771484375,
      0.09814453125,
      0.134765625,
      0.146484375,
      0.1474609375,
      0.16015625,
      0.185546875,
      0.1865234375,
      0.1875,
      0.21484375,
      0.21484375,
      0.2177734375,
      0.21875
    ],
    "mean": 0.4657069146633148,
    "std": 0.08045779913663864
  },
  "L6_input_ln": {
    "top20_dims": [
      196,
      293,
      267,
      890,
      217,
      87,
      1142,
      140,
      80,
      46,
      4,
      5,
      57,
      470,
      65,
      34,
      36,
      3,
      29,
      141
    ],
    "top20_weights": [
      0.470703125,
      0.46484375,
      0.4609375,
      0.45703125,
      0.44921875,
      0.439453125,
      0.40625,
      0.40234375,
      0.390625,
      0.388671875,
      0.365234375,
      0.361328125,
      0.361328125,
      0.34375,
      0.337890625,
      0.3359375,
      0.3359375,
      0.333984375,
      0.328125,
      0.322265625
    ],
    "bottom20_dims": [
      48,
      388,
      179,
      2,
      21,
      11,
      1,
      0,
      58,
      10,
      83,
      39,
      130,
      259,
      27,
      207,
      162,
      266,
      181,
      354
    ],
    "bottom20_weights": [
      -0.21484375,
      -0.1220703125,
      -0.08837890625,
      -0.00017547607421875,
      -0.00011777877807617188,
      -2.872943878173828e-05,
      8.296966552734375e-05,
      0.00011730194091796875,
      0.072265625,
      0.07568359375,
      0.08056640625,
      0.08251953125,
      0.08251953125,
      0.083984375,
      0.083984375,
      0.08447265625,
      0.08447265625,
      0.087890625,
      0.0888671875,
      0.08935546875
    ],
    "mean": 0.17323604226112366,
    "std": 0.03845535218715668
  },
  "L6_post_attn_ln": {
    "top20_dims": [
      4,
      17,
      890,
      396,
      564,
      574,
      914,
      1064,
      957,
      295,
      1388,
      86,
      1230,
      1225,
      1451,
      1128,
      1914,
      274,
      682,
      100
    ],
    "top20_weights": [
      7.71875,
      2.453125,
      0.859375,
      0.80859375,
      0.77734375,
      0.7734375,
      0.7265625,
      0.671875,
      0.65625,
      0.63671875,
      0.6328125,
      0.6171875,
      0.61328125,
      0.609375,
      0.60546875,
      0.60546875,
      0.59765625,
      0.59765625,
      0.59765625,
      0.59765625
    ],
    "bottom20_dims": [
      51,
      45,
      2,
      31,
      0,
      1,
      6,
      220,
      77,
      19,
      12,
      5,
      293,
      207,
      3,
      142,
      11,
      164,
      46,
      53
    ],