{
  "model": "deepseek7b",
  "d_model": 3584,
  "n_layers": 28,
  "n_pairs": 80,
  "trained": {
    "avg_cos": 0.1374509036540985,
    "max_cos": 0.588584303855896,
    "rotation_ratio": 0.8375800848007202,
    "avg_pc1_explained": 0.060417871908701404,
    "cos_pairs": {
      "tense_polarity": 0.0007348824292421341,
      "tense_voice": 0.2984270453453064,
      "tense_semantic_valence": 0.07313571870326996,
      "tense_semantic_topic": 0.588584303855896,
      "polarity_voice": 0.027206148952245712,
      "polarity_semantic_valence": 0.012215406633913517,
      "polarity_semantic_topic": 0.0005445927381515503,
      "voice_semantic_valence": 0.03191681206226349,
      "voice_semantic_topic": 0.2730812728404999,
      "semantic_valence_semantic_topic": 0.06866289675235748
    },
    "pc1_explained": {
      "tense": 0.046947578302158635,
      "polarity": 0.05683172596590806,
      "voice": 0.12216995602670913,
      "semantic_valence": 0.03809235588871003,
      "semantic_topic": 0.03804774336002115
    }
  },
  "random": {
    "avg_cos": 0.010945148766040802,
    "max_cos": 0.04144231975078583,
    "rotation_ratio": 0.9859012365341187,
    "avg_pc1_explained": 0.020294006002301662,
    "cos_pairs": {
      "tense_polarity": 0.0031639360822737217,
      "tense_voice": 0.0030657141469419003,
      "tense_semantic_valence": 0.04053957760334015,
      "tense_semantic_topic": 0.0022112573496997356,
      "polarity_voice": 0.04144231975078583,
      "polarity_semantic_valence": 0.0008107908070087433,
      "polarity_semantic_topic": 0.01017274335026741,
      "voice_semantic_valence": 0.0017373068258166313,
      "voice_semantic_topic": 0.000957811251282692,
      "semantic_valence_semantic_topic": 0.005350029096007347
    },
    "pc1_explained": {
      "tense": 0.016891670293089526,
      "polarity": 0.018154993281626185,
      "voice": 0.027750122981553788,
      "semantic_valence": 0.017787875326136397,
      "semantic_topic": 0.020885368129102414
    }
  },
  "baseline": {
    "expected_random_cos": 0.013327726163932692
  }
}