{
  "model": "Qwen3-4B",
  "n_layers": 36,
  "d_model": 2560,
  "L1_fixed": 9,
  "l2_values": [
    11,
    14,
    17,
    20,
    23,
    26,
    29,
    32,
    34
  ],
  "pairs": {
    "tense_x_question": {
      "pair": "tense_x_question",
      "feature_A": "tense",
      "feature_B": "question",
      "n_samples": 25,
      "L1_fixed": 9,
      "propagation_data": {
        "L11": {
          "l2": 11,
          "distance": 2,
          "curvature_norm_mean": 16.637889862060547,
          "curvature_norm_std": 12.018098831176758,
          "mean_single_effect": 10.460951347351074,
          "mean_A_effect": 8.625683784484863,
          "mean_B_effect": 12.296217918395996,
          "relative_curvature": 1.590475790341435,
          "n_valid": 25
        },
        "L14": {
          "l2": 14,
          "distance": 5,
          "curvature_norm_mean": 27.990999221801758,
          "curvature_norm_std": 13.068455696105957,
          "mean_single_effect": 13.770263843536377,
          "mean_A_effect": 8.625683784484863,
          "mean_B_effect": 18.914844512939453,
          "relative_curvature": 2.032713355360811,
          "n_valid": 25
        },
        "L17": {
          "l2": 17,
          "distance": 8,
          "curvature_norm_mean": 25.266830444335938,
          "curvature_norm_std": 9.412251472473145,
          "mean_single_effect": 13.737990589141846,
          "mean_A_effect": 8.625683784484863,
          "mean_B_effect": 18.850296020507812,
          "relative_curvature": 1.8391940422584268,
          "n_valid": 25
        },
        "L20": {
          "l2": 20,
          "distance": 11,
          "curvature_norm_mean": 24.544574737548828,
          "curvature_norm_std": 4.8652801513671875,
          "mean_single_effect": 16.749452171325682,
          "mean_A_effect": 8.625683784484863,
          "mean_B_effect": 24.873220443725586,
          "relative_curvature": 1.465395673025146,
          "n_valid": 25
        },
        "L23": {
          "l2": 23,
          "distance": 14,
          "curvature_norm_mean": 32.032588958740234,
          "curvature_norm_std": 8.251547813415527,
          "mean_single_effect": 17.88657890319824,
          "mean_A_effect": 8.625683784484863,
          "mean_B_effect": 27.147476196289062,
          "relative_curvature": 1.7908728735618362,
          "n_valid": 25
        },
        "L26": {
          "l2": 26,
          "distance": 17,
          "curvature_norm_mean": 37.6191520690918,
          "curvature_norm_std": 7.709051609039307,
          "mean_single_effect": 21.388763427734375,
          "mean_A_effect": 8.625683784484863,
          "mean_B_effect": 34.15184020996094,
          "relative_curvature": 1.7588278161109552,
          "n_valid": 25
        },
        "L29": {
          "l2": 29,
          "distance": 20,
          "curvature_norm_mean": 40.595863342285156,
          "curvature_norm_std": 7.661561965942383,
          "mean_single_effect": 21.52595916748047,
          "mean_A_effect": 8.625683784484863,
          "mean_B_effect": 34.426231384277344,
          "relative_curvature": 1.8859026455566839,
          "n_valid": 25
        },
        "L32": {
          "l2": 32,
          "distance": 23,
          "curvature_norm_mean": 41.94001388549805,
          "curvature_norm_std": 6.514980316162109,
          "mean_single_effect": 22.590893936157226,
          "mean_A_effect": 8.625683784484863,
          "mean_B_effect": 36.55610275268555,
          "relative_curvature": 1.8565008540094325,
          "n_valid": 25
        },
        "L34": {
          "l2": 34,
          "distance": 25,
          "curvature_norm_mean": 41.68324279785156,
          "curvature_norm_std": 5.519382953643799,
          "mean_single_effect": 22.757121276855468,
          "mean_A_effect": 8.625683784484863,
          "mean_B_effect": 36.8885612487793,
          "relative_curvature": 1.8316571015535803,
          "n_valid": 25
        }
      }
    },
    "voice_x_question": {
      "pair": "voice_x_question",
      "feature_A": "voice",
      "feature_B": "question",
      "n_samples": 25,
      "L1_fixed": 9,
      "propagation_data": {
        "L11": {
          "l2": 11,
          "distance": 2,
          "curvature_norm_mean": 28.922090530395508,
          "curvature_norm_std": 7.724981307983398,
          "mean_single_effect": 30.589931106567384,
          "mean_A_effect": 50.84054183959961,
          "mean_B_effect": 10.339316368103027,
          "relative_curvature": 0.9454774654295199,
          "n_valid": 25
        },
        "L14": {
          "l2": 14,
          "distance": 5,
          "curvature_norm_mean": 30.195514678955078,
          "curvature_norm_std": 9.473567962646484,
          "mean_single_effect": 32.04285408020019,
          "mean_A_effect": 50.84054183959961,
          "mean_B_effect": 13.245163917541504,
          "relative_curvature": 0.9423478508900724,
          "n_valid": 25
        },
        "L17": {
          "l2": 17,
          "distance": 8,
          "curvature_norm_mean": 32.633052825927734,
          "curvature_norm_std": 7.744734764099121,
          "mean_single_effect": 34.40184753417969,
          "mean_A_effect": 50.84054183959961,
          "mean_B_effect": 17.963150024414062,
          "relative_curvature": 0.9485843105783943,
          "n_valid": 25
        },
        "L20": {
          "l2": 20,
          "distance": 11,
          "curvature_norm_mean": 37.839019775390625,
          "curvature_norm_std": 9.422101020812988,
          "mean_single_effect": 34.3106770324707,
          "mean_A_effect": 50.84054183959961,
          "mean_B_effect": 17.78080940246582,
          "relative_curvature": 1.1028351244561718,
          "n_valid": 25
        },
        "L23": {
          "l2": 23,
          "distance": 14,
          "curvature_norm_mean": 48.5843620300293,
          "curvature_norm_std": 10.246849060058594,
          "mean_single_effect": 38.55347419738769,
          "mean_A_effect": 50.84054183959961,
          "mean_B_effect": 26.266401290893555,
          "relative_curvature": 1.2601811650270225,
          "n_valid": 25
        },
        "L26": {
          "l2": 26,
          "distance": 17,
          "curvature_norm_mean": 72.74258422851562,
          "curvature_norm_std": 9.318816184997559,
          "mean_single_effect": 44.232888259887694,
          "mean_A_effect": 50.84054183959961,
          "mean_B_effect": 37.62522888183594,
          "relative_curvature": 1.6445361605363968,
          "n_valid": 25
        },
        "L29": {
          "l2": 29,
          "distance": 20,
          "curvature_norm_mean": 80.28047180175781,
          "curvature_norm_std": 6.658437252044678,
          "mean_single_effect": 40.992340545654294,
          "mean_A_effect": 50.84054183959961,
          "mean_B_effect": 31.14413833618164,
          "relative_curvature": 1.9584261531041733,
          "n_valid": 25
        },
        "L32": {
          "l2": 32,
          "distance": 23,
          "curvature_norm_mean": 78.37574005126953,
          "curvature_norm_std": 7.113056182861328,
          "mean_single_effect": 38.8516185760498,
          "mean_A_effect": 50.84054183959961,
          "mean_B_effect": 26.862693786621094,
          "relative_curvature": 2.017309520777154,
          "n_valid": 25
        },
        "L34": {
          "l2": 34,
          "distance": 25,
          "curvature_norm_mean": 73.09516906738281,
          "curvature_norm_std": 7.964751720428467,
          "mean_single_effect": 40.394198455810546,
          "mean_A_effect": 50.84054183959961,
          "mean_B_effect": 29.947851181030273,
          "relative_curvature": 1.8095462185532587,
          "n_valid": 25
        }
      }
    }
  },
  "timestamp": "2026-04-25T00:04:16.231380"
}