{
  "L0-L2": {
    "singular_values": [
      7.966695785522461,
      5.404946327209473,
      5.237405300140381,
      4.515202522277832,
      3.5411407947540283,
      3.3085556030273438,
      2.8687078952789307,
      2.831664562225342,
      2.753188133239746,
      2.5513391494750977,
      2.441861629486084,
      2.149320363998413,
      1.1040737263101619e-05
    ],
    "cumulative_variance": [
      0.3097449839115143,
      0.4523157775402069,
      0.5861847996711731,
      0.6856800317764282,
      0.7468775510787964,
      0.8003000617027283,
      0.8404625654220581,
      0.8795945644378662,
      0.9165875315666199,
      0.9483551979064941,
      0.9774549603462219,
      1.0,
      1.0
    ],
    "dim_90": 9,
    "dim_95": 11,
    "dim_99": 12
  },
  "L2-L4": {
    "singular_values": [
      14.871232986450195,
      10.654523849487305,
      9.581113815307617,
      7.562106609344482,
      6.2933349609375,
      5.537260055541992,
      5.2516188621521,
      5.034419536590576,
      4.7472100257873535,
      4.365841388702393,
      4.161587238311768,
      4.032516956329346,
      1.060580962075619e-05
    ],
    "cumulative_variance": [
      0.32426050305366516,
      0.4907045066356659,
      0.6253004670143127,
      0.7091470956802368,
      0.7672184109687805,
      0.8121746778488159,
      0.8526124358177185,
      0.8897744417190552,
      0.9228172898292542,
      0.9507642984390259,
      0.9761574864387512,
      1.0,
      1.0
    ],
    "dim_90": 9,
    "dim_95": 10,
    "dim_99": 12
  },
  "L4-L6": {
    "singular_values": [
      12.219293594360352,
      9.108147621154785,
      8.636387825012207,
      7.2945709228515625,
      5.720517635345459,
      4.809859275817871,
      4.656132698059082,
      4.410963535308838,
      4.247925281524658,
      3.8323583602905273,
      3.6909878253936768,
      3.510004997253418,
      5.836497166455956e-06
    ],
    "cumulative_variance": [
      0.289509654045105,
      0.4503633379936218,
      0.5949855446815491,
      0.6981595754623413,
      0.7616110444068909,
      0.8064685463905334,
      0.8485045433044434,
      0.8862302899360657,
      0.921218752861023,
      0.9496963620185852,
      0.976111650466919,
      1.0,
      1.0
    ],
    "dim_90": 9,
    "dim_95": 11,
    "dim_99": 12
  },
  "L6-L8": {
    "singular_values": [
      13.082465171813965,
      10.158807754516602,
      8.342320442199707,
      7.024016380310059,
      5.786532402038574,
      5.3170342445373535,
      4.975914478302002,
      4.900693893432617,
      4.4913787841796875,
      3.895642042160034,
      3.8388521671295166,
      3.533926486968994,
      2.7178368782188045e-06
    ],
    "cumulative_variance": [
      0.3021792471408844,
      0.48438867926597595,
      0.6072624325752258,
      0.6943701505661011,
      0.7534884810447693,
      0.8034026622772217,
      0.8471177816390991,
      0.8895211219787598,
      0.9251371026039124,
      0.9519314765930176,
      0.977950394153595,
      1.0,
      1.0
    ],
    "dim_90": 9,
    "dim_95": 10,
    "dim_99": 12
  },
  "L8-L10": {
    "singular_values": [
      11.679131507873535,
      9.706045150756836,
      8.168147087097168,
      6.85574197769165,
      6.111465930938721,
      5.6482086181640625,
      5.428978443145752,
      5.292993068695068,
      4.880028247833252,
      4.649573802947998,
      4.494836330413818,
      3.9017460346221924,
      2.348031330257072e-06
    ],
    "cumulative_variance": [
      0.2471359372138977,
      0.41782253980636597,
      0.5387046337127686,
      0.6238622665405273,
      0.6915337443351746,
      0.7493348121643066,
      0.8027360439300537,
      0.8534955978393555,
      0.8966434597969055,
      0.9358123540878296,
      0.9724175333976746,
      1.0,
      1.0
    ],
    "dim_90": 10,
    "dim_95": 11,
    "dim_99": 12
  },
  "L10-L12": {
    "singular_values": [
      10.57633113861084,
      8.8206205368042,
      7.187460899353027,
      6.149167537689209,
      5.706133842468262,
      4.955722332000732,
      4.795839786529541,
      4.581955432891846,
      4.546873569488525,
      4.0448808670043945,
      4.009426593780518,
      3.4239938259124756,
      2.172998620153521e-06
    ],
    "cumulative_variance": [
      0.25132182240486145,
      0.42612865567207336,
      0.5421962738037109,
      0.6271520256996155,
      0.7003070116043091,
      0.755486011505127,
      0.8071621060371399,
      0.8543316721916199,
      0.9007817506790161,
      0.9375413656234741,
      0.9736594557762146,
      1.0000001192092896,
      1.0000001192092896
    ],
    "dim_90": 9,
    "dim_95": 11,
    "dim_99": 12
  },
  "L12-L14": {
    "singular_values": [
      8.907721519470215,
      7.489716053009033,
      6.396576404571533,
      5.176796913146973,
      4.913559436798096,
      4.14536190032959,
      4.106451988220215,
      3.9411563873291016,
      3.8232262134552,
      3.42952299118042,
      3.2882080078125,
      2.767587661743164,
      2.0351608327473514e-06
    ],
    "cumulative_variance": [
      0.24662601947784424,
      0.42098182439804077,
      0.5481565594673157,
      0.631453275680542,
      0.7064942121505737,
      0.7599051594734192,
      0.8123181462287903,
      0.8605965971946716,
      0.9060289859771729,
      0.9425861835479736,
      0.9761927723884583,
      1.0,
      1.0
    ],
    "dim_90": 9,
    "dim_95": 11,
    "dim_99": 12
  },
  "L14-L16": {
    "singular_values": [
      8.22700023651123,
      6.656809329986572,
      6.250887870788574,
      4.610926151275635,
      4.326029300689697,
      3.725306987762451,
      3.5286436080932617,
      3.4624204635620117,
      3.2517263889312744,
      3.0813896656036377,
      2.9452667236328125,
      2.4943902492523193,
      2.1060679955553496e-06
    ],
    "cumulative_variance": [
      0.25605860352516174,
      0.42370283603668213,
      0.5715250968933105,
      0.6519578099250793,
      0.7227581143379211,
      0.7752606868743896,
      0.8223662376403809,
      0.8677203059196472,
      0.907722532749176,
      0.9436436295509338,
      0.9764611721038818,
      1.0,
      1.0
    ],
    "dim_90": 9,
    "dim_95": 11,
    "dim_99": 12
  },
  "L16-L18": {
    "singular_values": [
      7.777400493621826,
      6.32169771194458,
      5.470013618469238,
      4.449645042419434,
      3.8970894813537598,
      3.3905246257781982,
      3.1190402507781982,
      3.055582046508789,
      2.9561357498168945,
      2.70491886138916,
      2.5362157821655273,
      2.3270888328552246,
      2.3701388727204176e-06
    ],
    "cumulative_variance": [
      0.27024880051612854,
      0.44879981875419617,
      0.5824813842773438,
      0.6709411144256592,
      0.7387951612472534,
      0.7901555299758911,
      0.8336202502250671,
      0.8753343224525452,
      0.9143773317337036,
      0.9470664858818054,
      0.9758052229881287,
      0.9999999403953552,
      0.9999999403953552
    ],
    "dim_90": 9,
    "dim_95": 11,
    "dim_99": 12
  },
  "L18-L20": {
    "singular_values": [
      9.993754386901855,
      7.4650678634643555,
      6.986556053161621,
      4.755677700042725,
      4.631984233856201,
      3.9471688270568848,
      3.465092897415161,
      3.251636266708374,
      3.1733036041259766,
      2.892423391342163,
      2.674821138381958,
      2.4956486225128174,
      2.762466692729504e-06
    ],
    "cumulative_variance": [
      0.31361401081085205,
      0.4886009395122528,
      0.6418734788894653,
      0.7128905653953552,
      0.7802614569664001,
      0.8291840553283691,
      0.86688631772995,
      0.9000867009162903,
      0.9317066669464111,
      0.957976758480072,
      0.9804428219795227,
      1.0,
      1.0
    ],
    "dim_90": 8,
    "dim_95": 10,
    "dim_99": 12
  },