{
  "model": "deepseek7b",
  "d_model": 3584,
  "n_total_pairs": 35,
  "timestamp": "2026-04-17T16:26:35.288460",
  "config": {
    "n_random": 30,
    "seed": 42
  },
  "p831_pca": {
    "n_components": 34,
    "explained_variance_ratio": [
      0.1120474842043913,
      0.0992357345908776,
      0.08895700856340623,
      0.08301129802677722,
      0.07234502857726322,
      0.06995726312037402,
      0.06742599284472289,
      0.06387595271731494,
      0.06102506884690832,
      0.059203078444922265,
      0.05663786691449479,
      0.05380699685029747,
      0.04734932959491784,
      0.034560336386424605,
      0.03056156031690731,
      1.3301284654152755e-32,
      2.1944913157965374e-33,
      8.1551700710636e-34,
      8.1551700710636e-34,
      8.1551700710636e-34,
      8.1551700710636e-34,
      8.1551700710636e-34,
      8.1551700710636e-34,
      8.1551700710636e-34,
      8.1551700710636e-34,
      8.1551700710636e-34,
      8.1551700710636e-34,
      8.1551700710636e-34,
      8.1551700710636e-34,
      8.1551700710636e-34,
      8.1551700710636e-34,
      8.1551700710636e-34,
      8.1551700710636e-34,
      8.1551700710636e-34
    ],
    "cumulative_variance": [
      0.1120474842043913,
      0.2112832187952689,
      0.3002402273586751,
      0.3832515253854523,
      0.45559655396271553,
      0.5255538170830896,
      0.5929798099278125,
      0.6568557626451275,
      0.7178808314920357,
      0.777083909936958,
      0.8337217768514528,
      0.8875287737017502,
      0.9348781032966681,
      0.9694384396830927,
      1.0,
      1.0,
      1.0,
      1.0,
      1.0,
      1.0,
      1.0,
      1.0,
      1.0,
      1.0,
      1.0,
      1.0,
      1.0,
      1.0,
      1.0,
      1.0,
      1.0,
      1.0,
      1.0,
      1.0
    ]
  },
  "p832_wu_projection": {
    "k=5": {
      "func_energy": 0.0013165417014418235,
      "rand_mean": 0.0013884473697083138,
      "rand_std": 0.00015749977780221206,
      "z": -0.4565445695852934,
      "p": 0.3239992143136151,
      "ratio": 0.9482114555904296,
      "significant": false
    },
    "k=10": {
      "func_energy": 0.0027284634488086786,
      "rand_mean": 0.002773849866575136,
      "rand_std": 0.00018336202219130095,
      "z": -0.24752354508343016,
      "p": 0.402251535979155,
      "ratio": 0.9836377526003252,
      "significant": false
    },
    "k=20": {
      "func_energy": 0.005288346233830137,
      "rand_mean": 0.005659543495839995,
      "rand_std": 0.00029268063790003436,
      "z": -1.2682672303613114,
      "p": 0.10235126766372576,
      "ratio": 0.9344121549233247,
      "significant": false
    },
    "k=30": {
      "func_energy": 0.007801778937116437,
      "rand_mean": 0.00837551753172303,
      "rand_std": 0.0003335411849776276,
      "z": -1.7201431800545888,
      "p": 0.04270320919100362,
      "ratio": 0.9314981322129045,
      "significant": true
    },
    "k=35": {
      "func_energy": 0.008809468948950076,
      "rand_mean": 0.009776549595838381,
      "rand_std": 0.00043017158714791826,
      "z": -2.248127667613171,
      "p": 0.012284025150114175,
      "ratio": 0.9010815996576168,
      "significant": true
    }
  },
  "p833_intervention": {
    "pca_results": [
      {
        "direction": "PCA_0",
        "var_explained": 0.1120474842043913,
        "kl_divergence": 0.0033024705480784178
      },
      {
        "direction": "PCA_1",
        "var_explained": 0.0992357345908776,
        "kl_divergence": 0.006630809046328068
      },
      {
        "direction": "PCA_2",
        "var_explained": 0.08895700856340623,
        "kl_divergence": 0.0019518686458468437
      },
      {
        "direction": "PCA_3",
        "var_explained": 0.08301129802677722,
        "kl_divergence": 0.002628861926496029
      },
      {
        "direction": "PCA_4",
        "var_explained": 0.07234502857726322,
        "kl_divergence": 0.006949008442461491
      },
      {
        "direction": "PCA_5",
        "var_explained": 0.06995726312037402,
        "kl_divergence": 0.0021392032504081726
      },
      {
        "direction": "PCA_6",
        "var_explained": 0.06742599284472289,
        "kl_divergence": 0.007588780485093594
      },
      {
        "direction": "PCA_7",
        "var_explained": 0.06387595271731494,
        "kl_divergence": 0.039350725710392
      },
      {
        "direction": "PCA_8",
        "var_explained": 0.06102506884690832,
        "kl_divergence": 0.0027252095751464367
      },
      {
        "direction": "PCA_9",
        "var_explained": 0.059203078444922265,
        "kl_divergence": 0.001094853156246245
      }
    ],
    "random_results": [
      {
        "direction": "random_0",
        "kl_divergence": 0.000786566233728081
      },
      {
        "direction": "random_1",
        "kl_divergence": 0.002217329340055585
      },
      {
        "direction": "random_2",
        "kl_divergence": 0.000717163784429431
      },
      {
        "direction": "random_3",
        "kl_divergence": 0.00033185022766701877
      },
      {
        "direction": "random_4",
        "kl_divergence": 0.009080351330339909
      },
      {
        "direction": "random_5",
        "kl_divergence": 0.003736058948561549
      },
      {
        "direction": "random_6",
        "kl_divergence": 0.011226017959415913
      },
      {
        "direction": "random_7",
        "kl_divergence": 0.00038979147211648524
      },
      {
        "direction": "random_8",
        "kl_divergence": 0.0017833547899499536
      },
      {
        "direction": "random_9",
        "kl_divergence": 0.002339337021112442
      }
    ],
    "pca_kl_mean": 0.007436179078649729,
    "random_kl_mean": 0.0032607821107376368,
    "permutation_p": 0.168,
    "observed_diff": 0.004175396967912092
  },
  "p834_effective_dim": {
    "layer_eff_dims": [
      {
        "layer": 0,
        "eff_dim_90": 13,
        "eff_dim_95": 14,
        "top5_var": [
          0.1120474842043913,
          0.0992357345908776,
          0.08895700856340623,
          0.08301129802677722,
          0.07234502857726322
        ]
      },
      {
        "layer": 7,
        "eff_dim_90": 23,
        "eff_dim_95": 28,
        "top5_var": [
          0.12744150452541161,
          0.09260945636568534,
          0.08112063299767067,
          0.07158635906104761,
          0.05665879108778118
        ]
      },
      {
        "layer": 14,
        "eff_dim_90": 24,
        "eff_dim_95": 28,
        "top5_var": [
          0.09150891102821453,
          0.08174279605594695,
          0.06783398075390586,
          0.06302849430947616,
          0.05752162836935758
        ]
      },
      {
        "layer": 21,
        "eff_dim_90": 24,
        "eff_dim_95": 28,
        "top5_var": [
          0.1065014302944685,
          0.08328174974719726,
          0.06400790580973492,
          0.06020883351759235,
          0.05363353537062241
        ]
      },
      {
        "layer": 27,
        "eff_dim_90": 25,
        "eff_dim_95": 29,
        "top5_var": [
          0.10475097747530612,
          0.07666551309151746,
          0.06909510637674426,
          0.0626484056724257,
          0.04909765207400916
        ]
      }
    ]
  }
}