{
  "model": "qwen3",
  "d_model": 2560,
  "n_total_pairs": 35,
  "timestamp": "2026-04-17T16:20:17.222529",
  "config": {
    "n_random": 30,
    "seed": 42
  },
  "p831_pca": {
    "n_components": 34,
    "explained_variance_ratio": [
      0.15269472701131215,
      0.1174703687071638,
      0.10206895149180663,
      0.08626247779343695,
      0.0842256029768264,
      0.07930124808389592,
      0.06963169253931524,
      0.06447418317718392,
      0.04736536642770615,
      0.04585920899850211,
      0.043546998322657876,
      0.031940071865060364,
      0.02914196776966036,
      0.02521263040559471,
      0.02080450442987744,
      1.2312024701835375e-32,
      3.5467890250440576e-33,
      9.926890616183557e-34,
      9.926890616183557e-34,
      9.926890616183557e-34,
      9.926890616183557e-34,
      9.926890616183557e-34,
      9.926890616183557e-34,
      9.926890616183557e-34,
      9.926890616183557e-34,
      9.926890616183557e-34,
      9.926890616183557e-34,
      9.926890616183557e-34,
      9.926890616183557e-34,
      9.926890616183557e-34,
      9.926890616183557e-34,
      9.926890616183557e-34,
      9.926890616183557e-34,
      9.926890616183557e-34
    ],
    "cumulative_variance": [
      0.15269472701131215,
      0.27016509571847597,
      0.3722340472102826,
      0.4584965250037195,
      0.5427221279805459,
      0.6220233760644418,
      0.691655068603757,
      0.7561292517809409,
      0.8034946182086471,
      0.8493538272071492,
      0.8929008255298071,
      0.9248408973948674,
      0.9539828651645278,
      0.9791954955701225,
      1.0,
      1.0,
      1.0,
      1.0,
      1.0,
      1.0,
      1.0,
      1.0,
      1.0,
      1.0,
      1.0,
      1.0,
      1.0,
      1.0,
      1.0,
      1.0,
      1.0,
      1.0,
      1.0,
      1.0
    ]
  },
  "p832_wu_projection": {
    "k=5": {
      "func_energy": 0.016370721247122706,
      "rand_mean": 0.0019558068579418543,
      "rand_std": 0.00010415389531890805,
      "z": 138.4001466776056,
      "p": 0.0,
      "ratio": 8.370315903457888,
      "significant": true
    },
    "k=10": {
      "func_energy": 0.02093685817161522,
      "rand_mean": 0.0038737491230398085,
      "rand_std": 0.00014255491564469896,
      "z": 119.69498891994134,
      "p": 0.0,
      "ratio": 5.404804881939708,
      "significant": true
    },
    "k=20": {
      "func_energy": 0.02648329201835231,
      "rand_mean": 0.007812338664031378,
      "rand_std": 0.00023584451848761442,
      "z": 79.16636551085013,
      "p": 0.0,
      "ratio": 3.3899313838356075,
      "significant": true
    },
    "k=30": {
      "func_energy": 0.030633336468643125,
      "rand_mean": 0.011749172618166246,
      "rand_std": 0.0002559567043110452,
      "z": 73.7787427811555,
      "p": 0.0,
      "ratio": 2.607276057999072,
      "significant": true
    },
    "k=35": {
      "func_energy": 0.03248397514013414,
      "rand_mean": 0.01369510359923847,
      "rand_std": 0.00026091499204794683,
      "z": 72.01146777124615,
      "p": 0.0,
      "ratio": 2.3719408111626437,
      "significant": true
    }
  },
  "p833_intervention": {
    "pca_results": [
      {
        "direction": "PCA_0",
        "var_explained": 0.15269472701131215,
        "kl_divergence": 0.006848206277936697
      },
      {
        "direction": "PCA_1",
        "var_explained": 0.1174703687071638,
        "kl_divergence": 0.042973507195711136
      },
      {
        "direction": "PCA_2",
        "var_explained": 0.10206895149180663,
        "kl_divergence": 0.004732723347842693
      },
      {
        "direction": "PCA_3",
        "var_explained": 0.08626247779343695,
        "kl_divergence": 0.0004832544655073434
      },
      {
        "direction": "PCA_4",
        "var_explained": 0.0842256029768264,
        "kl_divergence": 0.0006599898333661258
      },
      {
        "direction": "PCA_5",
        "var_explained": 0.07930124808389592,
        "kl_divergence": 0.0007227142341434956
      },
      {
        "direction": "PCA_6",
        "var_explained": 0.06963169253931524,
        "kl_divergence": 0.001993154175579548
      },
      {
        "direction": "PCA_7",
        "var_explained": 0.06447418317718392,
        "kl_divergence": 0.005565230268985033
      },
      {
        "direction": "PCA_8",
        "var_explained": 0.04736536642770615,
        "kl_divergence": 0.002900791587308049
      },
      {
        "direction": "PCA_9",
        "var_explained": 0.04585920899850211,
        "kl_divergence": 0.00031982074142433703
      }
    ],
    "random_results": [
      {
        "direction": "random_0",
        "kl_divergence": 0.0016268964391201735
      },
      {
        "direction": "random_1",
        "kl_divergence": 0.0013014344731345773
      },
      {
        "direction": "random_2",
        "kl_divergence": 0.002579892985522747
      },
      {
        "direction": "random_3",
        "kl_divergence": 0.002069324953481555
      },
      {
        "direction": "random_4",
        "kl_divergence": 0.003749194322153926
      },
      {
        "direction": "random_5",
        "kl_divergence": 0.0018928356003016233
      },
      {
        "direction": "random_6",
        "kl_divergence": 0.006145354826003313
      },
      {
        "direction": "random_7",
        "kl_divergence": 0.0017439569346606731
      },
      {
        "direction": "random_8",
        "kl_divergence": 0.0018517839489504695
      },
      {
        "direction": "random_9",
        "kl_divergence": 0.009248101152479649
      }
    ],
    "pca_kl_mean": 0.0067199392127804455,
    "random_kl_mean": 0.003220877563580871,
    "permutation_p": 0.353,
    "observed_diff": 0.0034990616491995747
  },
  "p834_effective_dim": {
    "layer_eff_dims": [
      {
        "layer": 0,
        "eff_dim_90": 12,
        "eff_dim_95": 13,
        "top5_var": [
          0.15269472701131215,
          0.1174703687071638,
          0.10206895149180663,
          0.08626247779343695,
          0.0842256029768264
        ]
      },
      {
        "layer": 9,
        "eff_dim_90": 23,
        "eff_dim_95": 27,
        "top5_var": [
          0.11220124866194736,
          0.09246889871466468,
          0.08019946873701189,
          0.06938539912269732,
          0.06169965598939946
        ]
      },
      {
        "layer": 18,
        "eff_dim_90": 22,
        "eff_dim_95": 26,
        "top5_var": [
          0.11225578451217492,
          0.10275868319872873,
          0.08582716451836853,
          0.0751134278139637,
          0.058452197213592884
        ]
      },
      {
        "layer": 27,
        "eff_dim_90": 21,
        "eff_dim_95": 25,
        "top5_var": [
          0.12536210309418705,
          0.10159822053571696,
          0.0901415139273859,
          0.07558992366059822,
          0.07198389452634166
        ]
      },
      {
        "layer": 35,
        "eff_dim_90": 22,
        "eff_dim_95": 26,
        "top5_var": [
          0.14845602998008092,
          0.10069069184850851,
          0.08435293975164014,
          0.06368761806350086,
          0.06058656735512392
        ]
      }
    ]
  }
}