{
  "speed": {
    "animal": {
      "L0-L2": 36.760093688964844,
      "L2-L4": 26.697031021118164,
      "L4-L6": 20.86770248413086,
      "L6-L8": 10.851777076721191,
      "L8-L10": 6.6600871086120605,
      "L10-L12": 5.922574043273926,
      "L12-L14": 5.575413703918457,
      "L14-L16": 5.680530071258545,
      "L16-L18": 5.767930507659912,
      "L18-L20": 6.941665172576904,
      "L20-L22": 9.988584518432617,
      "L22-L24": 10.842105865478516,
      "L24-L26": 10.310009002685547,
      "L26-L27": 84.10870361328125
    },
    "bird": {
      "L0-L2": 36.24406433105469,
      "L2-L4": 26.372888565063477,
      "L4-L6": 20.873146057128906,
      "L6-L8": 10.468745231628418,
      "L8-L10": 6.678563594818115,
      "L10-L12": 6.000842571258545,
      "L12-L14": 5.535505294799805,
      "L14-L16": 5.548135757446289,
      "L16-L18": 5.706094264984131,
      "L18-L20": 6.711190223693848,
      "L20-L22": 10.019290924072266,
      "L22-L24": 10.739097595214844,
      "L24-L26": 9.969185829162598,
      "L26-L27": 78.92464447021484
    },
    "body_part": {
      "L0-L2": 37.6043815612793,
      "L2-L4": 27.51021385192871,
      "L4-L6": 20.91370964050293,
      "L6-L8": 10.504972457885742,
      "L8-L10": 5.464575290679932,
      "L10-L12": 5.154273509979248,
      "L12-L14": 4.725258827209473,
      "L14-L16": 4.562679290771484,
      "L16-L18": 5.268432140350342,
      "L18-L20": 6.644058704376221,
      "L20-L22": 9.781502723693848,
      "L22-L24": 10.16112232208252,
      "L24-L26": 10.112228393554688,
      "L26-L27": 63.827110290527344
    },
    "clothing": {
      "L0-L2": 37.4381217956543,
      "L2-L4": 27.003305435180664,
      "L4-L6": 20.95392417907715,
      "L6-L8": 10.857015609741211,
      "L8-L10": 6.24957799911499,
      "L10-L12": 5.800581455230713,
      "L12-L14": 5.199984073638916,
      "L14-L16": 5.241761207580566,
      "L16-L18": 5.418288230895996,
      "L18-L20": 6.66745138168335,
      "L20-L22": 9.932883262634277,
      "L22-L24": 10.497690200805664,
      "L24-L26": 10.964171409606934,
      "L26-L27": 67.7234115600586
    },
    "fish": {
      "L0-L2": 36.196537017822266,
      "L2-L4": 25.658864974975586,
      "L4-L6": 20.53007698059082,
      "L6-L8": 10.159984588623047,
      "L8-L10": 6.020937919616699,
      "L10-L12": 5.566927433013916,
      "L12-L14": 5.086484432220459,
      "L14-L16": 5.06890869140625,
      "L16-L18": 5.214169979095459,
      "L18-L20": 6.427836894989014,
      "L20-L22": 9.778241157531738,
      "L22-L24": 10.068816184997559,
      "L24-L26": 9.645297050476074,
      "L26-L27": 74.3322525024414
    },
    "fruit": {
      "L0-L2": 36.41147994995117,
      "L2-L4": 26.44662857055664,
      "L4-L6": 20.989139556884766,
      "L6-L8": 10.228853225708008,
      "L8-L10": 6.310153484344482,
      "L10-L12": 6.1367011070251465,
      "L12-L14": 5.296073913574219,
      "L14-L16": 5.378566741943359,
      "L16-L18": 5.4763641357421875,
      "L18-L20": 6.727653503417969,
      "L20-L22": 9.844705581665039,
      "L22-L24": 10.495200157165527,
      "L24-L26": 10.617107391357422,
      "L26-L27": 70.49665832519531
    },
    "furniture": {
      "L0-L2": 37.65559005737305,
      "L2-L4": 27.05642318725586,
      "L4-L6": 21.185157775878906,
      "L6-L8": 11.398087501525879,
      "L8-L10": 6.078398704528809,
      "L10-L12": 5.759040355682373,
      "L12-L14": 5.25600528717041,
      "L14-L16": 5.261620044708252,
      "L16-L18": 5.492177486419678,
      "L18-L20": 6.653123378753662,
      "L20-L22": 9.7800931930542,
      "L22-L24": 10.548935890197754,
      "L24-L26": 10.684690475463867,
      "L26-L27": 74.1469955444336
    },
    "insect": {
      "L0-L2": 36.31216049194336,
      "L2-L4": 25.923908233642578,
      "L4-L6": 20.49986457824707,
      "L6-L8": 10.604761123657227,
      "L8-L10": 6.230690002441406,
      "L10-L12": 5.813645839691162,
      "L12-L14": 5.536184787750244,
      "L14-L16": 5.532191276550293,
      "L16-L18": 5.828433036804199,
      "L18-L20": 6.879916667938232,
      "L20-L22": 10.260100364685059,
      "L22-L24": 10.776400566101074,
      "L24-L26": 10.09419059753418,
      "L26-L27": 77.28582000732422
    },
    "plant": {
      "L0-L2": 36.365013122558594,
      "L2-L4": 26.591938018798828,
      "L4-L6": 20.646642684936523,
      "L6-L8": 9.739018440246582,
      "L8-L10": 5.892894744873047,
      "L10-L12": 5.43457555770874,
      "L12-L14": 4.955251693725586,
      "L14-L16": 5.028381824493408,
      "L16-L18": 5.374351978302002,
      "L18-L20": 6.602941513061523,
      "L20-L22": 9.619836807250977,
      "L22-L24": 10.177020072937012,
      "L24-L26": 9.828659057617188,
      "L26-L27": 78.6095199584961
    },
    "tool": {
      "L0-L2": 37.04061508178711,
      "L2-L4": 26.36907958984375,
      "L4-L6": 20.510812759399414,
      "L6-L8": 10.429145812988281,
      "L8-L10": 5.937154769897461,
      "L10-L12": 5.543061256408691,
      "L12-L14": 5.086098670959473,
      "L14-L16": 5.183233737945557,
      "L16-L18": 5.531843185424805,
      "L18-L20": 6.379699230194092,
      "L20-L22": 9.622200012207031,
      "L22-L24": 9.91329574584961,
      "L24-L26": 9.818440437316895,
      "L26-L27": 74.99614715576172
    },
    "vegetable": {
      "L0-L2": 36.55521774291992,
      "L2-L4": 26.260190963745117,
      "L4-L6": 20.906978607177734,
      "L6-L8": 10.503095626831055,
      "L8-L10": 6.644516944885254,
      "L10-L12": 6.1458868980407715,
      "L12-L14": 5.525487899780273,
      "L14-L16": 5.773316383361816,
      "L16-L18": 5.739862442016602,
      "L18-L20": 6.908885955810547,
      "L20-L22": 10.024266242980957,
      "L22-L24": 10.76033878326416,
      "L24-L26": 10.565555572509766,
      "L26-L27": 72.95731353759766
    },
    "vehicle": {
      "L0-L2": 37.45979309082031,
      "L2-L4": 26.706377029418945,
      "L4-L6": 21.051279067993164,
      "L6-L8": 11.909581184387207,
      "L8-L10": 6.002809047698975,
      "L10-L12": 5.396136283874512,
      "L12-L14": 5.224455833435059,
      "L14-L16": 5.274475574493408,
      "L16-L18": 5.747161388397217,
      "L18-L20": 6.787477016448975,
      "L20-L22": 9.870078086853027,
      "L22-L24": 10.55385684967041,
      "L24-L26": 10.357565879821777,
      "L26-L27": 73.51563262939453
    },
    "weapon": {
      "L0-L2": 37.256351470947266,
      "L2-L4": 26.65118980407715,
      "L4-L6": 20.768518447875977,
      "L6-L8": 10.144920349121094,
      "L8-L10": 5.754528522491455,
      "L10-L12": 5.204028606414795,
      "L12-L14": 4.998487949371338,
      "L14-L16": 5.087277412414551,
      "L16-L18": 5.406464576721191,
      "L18-L20": 6.3360676765441895,
      "L20-L22": 9.526336669921875,
      "L22-L24": 10.101789474487305,
      "L24-L26": 9.738616943359375,
      "L26-L27": 72.79869079589844
    }
  },
  "angle_change": {
    "animal": {
      "L0-L2": 134.5714908686753,
      "L2-L4": 93.41464838337045,
      "L4-L6": 80.36907137162632,
      "L6-L8": 100.58841126388806,
      "L8-L10": 97.73202499051291,
      "L10-L12": 98.61488152385769,
      "L12-L14": 98.5491390955218,
      "L14-L16": 100.5234096708279,
      "L16-L18": 87.89442166863157,
      "L18-L20": 80.89051046564228,
      "L20-L22": 98.68217271298889,
      "L22-L24": 89.28570165807385,
      "L24-L26": 76.3822468838627
    },
    "bird": {
      "L0-L2": 134.0759260335645,
      "L2-L4": 94.01806162928496,
      "L4-L6": 81.23460941937829,
      "L6-L8": 98.78975922896305,
      "L8-L10": 99.15571742188196,
      "L10-L12": 97.24983177933906,
      "L12-L14": 99.67592356294169,
      "L14-L16": 100.87324586552265,
      "L16-L18": 87.72603907172282,
      "L18-L20": 81.83093371010698,
      "L20-L22": 99.19806532809349,
      "L22-L24": 89.2680502429741,
      "L24-L26": 79.86259821035294
    },
    "body_part": {
      "L0-L2": 135.97381154633734,
      "L2-L4": 93.07455865148553,
      "L4-L6": 79.82562769509795,
      "L6-L8": 96.68848766648277,
      "L8-L10": 95.89778350250766,
      "L10-L12": 94.39209100139416,