{
  "experiment": "exp1_n90_convergence",
  "model": "glm4",
  "n_words": 64,
  "timestamp": "2026-04-29T22:15:03.968192",
  "layer_results": [
    {
      "layer": 0,
      "n_words": 64,
      "n_pairs": 2016,
      "n90_dg_full": 11,
      "n95_dg_full": 15,
      "n90_du_full": 22,
      "n95_du_full": 32,
      "top5_var_dg": 0.7117523550987244,
      "top5_var_du": 0.5899836421012878,
      "dg_convergence": {
        "16": {
          "n90_mean": 6.666666666666667,
          "n90_std": 0.4714045207910317,
          "n95_mean": 8.666666666666666,
          "top5_mean": 0.8491584062576294,
          "n_trials": 3
        },
        "24": {
          "n90_mean": 8.0,
          "n90_std": 0.0,
          "n95_mean": 10.666666666666666,
          "top5_mean": 0.8000661730766296,
          "n_trials": 3
        },
        "32": {
          "n90_mean": 9.0,
          "n90_std": 0.816496580927726,
          "n95_mean": 11.333333333333334,
          "top5_mean": 0.7686329881350199,
          "n_trials": 3
        },
        "48": {
          "n90_mean": 9.0,
          "n90_std": 0.0,
          "n95_mean": 12.333333333333334,
          "top5_mean": 0.7661746740341187,
          "n_trials": 3
        },
        "64": {
          "n90_mean": 9.666666666666666,
          "n90_std": 0.4714045207910317,
          "n95_mean": 13.0,
          "top5_mean": 0.7624518473943075,
          "n_trials": 3
        }
      },
      "du_convergence": {
        "16": {
          "n90_mean": 8.666666666666666,
          "n90_std": 0.4714045207910317,
          "n95_mean": 10.666666666666666,
          "top5_mean": 0.7616991599400839,
          "n_trials": 3
        },
        "24": {
          "n90_mean": 11.0,
          "n90_std": 0.816496580927726,
          "n95_mean": 14.666666666666666,
          "top5_mean": 0.6976390679677328,
          "n_trials": 3
        },
        "32": {
          "n90_mean": 13.0,
          "n90_std": 0.0,
          "n95_mean": 17.333333333333332,
          "top5_mean": 0.6916940410931905,
          "n_trials": 3
        },
        "48": {
          "n90_mean": 14.333333333333334,
          "n90_std": 0.4714045207910317,
          "n95_mean": 19.666666666666668,
          "top5_mean": 0.6714672247568766,
          "n_trials": 3
        },
        "64": {
          "n90_mean": 17.0,
          "n90_std": 0.816496580927726,
          "n95_mean": 23.333333333333332,
          "top5_mean": 0.6364264488220215,
          "n_trials": 3
        }
      }
    },
    {
      "layer": 6,
      "n_words": 64,
      "n_pairs": 2016,
      "n90_dg_full": 36,
      "n95_dg_full": 46,
      "n90_du_full": 38,
      "n95_du_full": 47,
      "top5_var_dg": 0.4421117305755615,
      "top5_var_du": 0.4132084846496582,
      "dg_convergence": {
        "16": {
          "n90_mean": 9.666666666666666,
          "n90_std": 0.4714045207910317,
          "n95_mean": 11.666666666666666,
          "top5_mean": 0.6849528153737386,
          "n_trials": 3
        },
        "24": {
          "n90_mean": 13.333333333333334,
          "n90_std": 0.4714045207910317,
          "n95_mean": 17.0,
          "top5_mean": 0.5898701151212057,
          "n_trials": 3
        },
        "32": {
          "n90_mean": 17.0,
          "n90_std": 0.0,
          "n95_mean": 21.0,
          "top5_mean": 0.5442413489023844,
          "n_trials": 3
        },
        "48": {
          "n90_mean": 20.666666666666668,
          "n90_std": 0.9428090415820634,
          "n95_mean": 26.333333333333332,
          "top5_mean": 0.526187519232432,
          "n_trials": 3
        },
        "64": {
          "n90_mean": 23.333333333333332,
          "n90_std": 0.4714045207910317,
          "n95_mean": 30.0,
          "top5_mean": 0.5176901916662852,
          "n_trials": 3
        }
      },
      "du_convergence": {
        "16": {
          "n90_mean": 10.333333333333334,
          "n90_std": 0.4714045207910317,
          "n95_mean": 12.333333333333334,
          "top5_mean": 0.6732272704442342,
          "n_trials": 3
        },
        "24": {
          "n90_mean": 14.0,
          "n90_std": 0.816496580927726,
          "n95_mean": 17.0,
          "top5_mean": 0.6092135508855184,
          "n_trials": 3
        },
        "32": {
          "n90_mean": 16.333333333333332,
          "n90_std": 0.4714045207910317,
          "n95_mean": 20.666666666666668,
          "top5_mean": 0.5560990770657858,
          "n_trials": 3
        },
        "48": {
          "n90_mean": 21.666666666666668,
          "n90_std": 0.4714045207910317,
          "n95_mean": 27.333333333333332,
          "top5_mean": 0.5070100426673889,
          "n_trials": 3
        },
        "64": {
          "n90_mean": 24.666666666666668,
          "n90_std": 0.4714045207910317,
          "n95_mean": 31.666666666666668,
          "top5_mean": 0.4774369200070699,
          "n_trials": 3
        }
      }
    },
    {
      "layer": 12,
      "n_words": 64,
      "n_pairs": 2016,
      "n90_dg_full": 38,
      "n95_dg_full": 47,
      "n90_du_full": 39,
      "n95_du_full": 48,
      "top5_var_dg": 0.3954062759876251,
      "top5_var_du": 0.3726910948753357,
      "dg_convergence": {
        "16": {
          "n90_mean": 10.333333333333334,
          "n90_std": 0.9428090415820634,
          "n95_mean": 12.0,
          "top5_mean": 0.6570360660552979,
          "n_trials": 3
        },
        "24": {
          "n90_mean": 14.666666666666666,
          "n90_std": 0.4714045207910317,
          "n95_mean": 17.666666666666668,
          "top5_mean": 0.5629140138626099,
          "n_trials": 3
        },
        "32": {
          "n90_mean": 17.0,
          "n90_std": 0.0,
          "n95_mean": 20.666666666666668,
          "top5_mean": 0.5285734534263611,
          "n_trials": 3
        },
        "48": {
          "n90_mean": 21.333333333333332,
          "n90_std": 1.247219128924647,
          "n95_mean": 26.666666666666668,
          "top5_mean": 0.4808649520079295,
          "n_trials": 3
        },
        "64": {
          "n90_mean": 24.0,
          "n90_std": 0.816496580927726,
          "n95_mean": 30.333333333333332,
          "top5_mean": 0.4722389876842499,
          "n_trials": 3
        }
      },
      "du_convergence": {
        "16": {
          "n90_mean": 10.666666666666666,
          "n90_std": 0.4714045207910317,
          "n95_mean": 12.0,
          "top5_mean": 0.6178473631540934,
          "n_trials": 3
        },
        "24": {
          "n90_mean": 14.333333333333334,
          "n90_std": 0.4714045207910317,
          "n95_mean": 17.0,
          "top5_mean": 0.5604949990908304,
          "n_trials": 3
        },
        "32": {
          "n90_mean": 18.0,
          "n90_std": 0.816496580927726,
          "n95_mean": 21.666666666666668,
          "top5_mean": 0.5016167958577474,
          "n_trials": 3
        },
        "48": {
          "n90_mean": 21.333333333333332,
          "n90_std": 0.4714045207910317,
          "n95_mean": 26.666666666666668,
          "top5_mean": 0.4799614946047465,
          "n_trials": 3
        },
        "64": {
          "n90_mean": 25.666666666666668,
          "n90_std": 0.4714045207910317,
          "n95_mean": 33.0,
          "top5_mean": 0.4476333459218343,
          "n_trials": 3
        }
      }
    },
    {
      "layer": 18,
      "n_words": 64,
      "n_pairs": 2016,
      "n90_dg_full": 32,
      "n95_dg_full": 42,
      "n90_du_full": 33,
      "n95_du_full": 43,
      "top5_var_dg": 0.47306087613105774,
      "top5_var_du": 0.4610941410064697,
      "dg_convergence": {
        "16": {
          "n90_mean": 9.333333333333334,
          "n90_std": 0.4714045207910317,
          "n95_mean": 11.333333333333334,
          "top5_mean": 0.7289837797482809,
          "n_trials": 3
        },
        "24": {
          "n90_mean": 13.0,
          "n90_std": 0.816496580927726,
          "n95_mean": 16.0,
          "top5_mean": 0.6470919450124105,