{
  "experiment": "exp4_semantic_consistency",
  "model": "glm4",
  "n_words": 64,
  "timestamp": "2026-04-29T22:15:03.970145",
  "layer_results": [
    {
      "layer": 0,
      "cat_consistency": {
        "animal": {
          "n_words": 8,
          "mean_intra_cos": 0.9684464569602694
        },
        "food": {
          "n_words": 8,
          "mean_intra_cos": 0.9773335861308234
        },
        "tool": {
          "n_words": 8,
          "mean_intra_cos": 0.9399355777672359
        },
        "vehicle": {
          "n_words": 8,
          "mean_intra_cos": 0.9703225897891181
        },
        "clothing": {
          "n_words": 8,
          "mean_intra_cos": 0.9621026728834424
        },
        "weather": {
          "n_words": 8,
          "mean_intra_cos": 0.967286229133606
        },
        "emotion": {
          "n_words": 8,
          "mean_intra_cos": 0.9511797641004834
        },
        "building": {
          "n_words": 8,
          "mean_intra_cos": 0.9665896594524384
        }
      },
      "inter_cat_mean_cos": 0.9815439134836197,
      "n_categories": 8
    },
    {
      "layer": 6,
      "cat_consistency": {
        "animal": {
          "n_words": 8,
          "mean_intra_cos": 0.8331414290836879
        },
        "food": {
          "n_words": 8,
          "mean_intra_cos": 0.77167147397995
        },
        "tool": {
          "n_words": 8,
          "mean_intra_cos": 0.7398798018693924
        },
        "vehicle": {
          "n_words": 8,
          "mean_intra_cos": 0.8432419619389943
        },
        "clothing": {
          "n_words": 8,
          "mean_intra_cos": 0.8189111458403724
        },
        "weather": {
          "n_words": 8,
          "mean_intra_cos": 0.7289948740175792
        },
        "emotion": {
          "n_words": 8,
          "mean_intra_cos": 0.6384201837437493
        },
        "building": {
          "n_words": 8,
          "mean_intra_cos": 0.8029528175081525
        }
      },
      "inter_cat_mean_cos": 0.7627781246389661,
      "n_categories": 8
    },
    {
      "layer": 12,
      "cat_consistency": {
        "animal": {
          "n_words": 8,
          "mean_intra_cos": 0.7749204827206475
        },
        "food": {
          "n_words": 8,
          "mean_intra_cos": 0.6647474393248558
        },
        "tool": {
          "n_words": 8,
          "mean_intra_cos": 0.5545355991593429
        },
        "vehicle": {
          "n_words": 8,
          "mean_intra_cos": 0.7682343976838248
        },
        "clothing": {
          "n_words": 8,
          "mean_intra_cos": 0.7218503504991531
        },
        "weather": {
          "n_words": 8,
          "mean_intra_cos": 0.630518491779055
        },
        "emotion": {
          "n_words": 8,
          "mean_intra_cos": 0.44488802552223206
        },
        "building": {
          "n_words": 8,
          "mean_intra_cos": 0.7443346721785409
        }
      },
      "inter_cat_mean_cos": 0.7178592256137303,
      "n_categories": 8
    },
    {
      "layer": 18,
      "cat_consistency": {
        "animal": {
          "n_words": 8,
          "mean_intra_cos": 0.8930059607539859
        },
        "food": {
          "n_words": 8,
          "mean_intra_cos": 0.8311854302883148
        },
        "tool": {
          "n_words": 8,
          "mean_intra_cos": 0.6544886316571917
        },
        "vehicle": {
          "n_words": 8,
          "mean_intra_cos": 0.861841578568731
        },
        "clothing": {
          "n_words": 8,
          "mean_intra_cos": 0.8246041536331177
        },
        "weather": {
          "n_words": 8,
          "mean_intra_cos": 0.808528333902359
        },
        "emotion": {
          "n_words": 8,
          "mean_intra_cos": 0.6754544164453234
        },
        "building": {
          "n_words": 8,
          "mean_intra_cos": 0.8887283887181964
        }
      },
      "inter_cat_mean_cos": 0.847519223179136,
      "n_categories": 8
    },
    {
      "layer": 24,
      "cat_consistency": {
        "animal": {
          "n_words": 8,
          "mean_intra_cos": 0.8993281104734966
        },
        "food": {
          "n_words": 8,
          "mean_intra_cos": 0.8539071977138519
        },
        "tool": {
          "n_words": 8,
          "mean_intra_cos": 0.8160811939409801
        },
        "vehicle": {
          "n_words": 8,
          "mean_intra_cos": 0.8905028722115925
        },
        "clothing": {
          "n_words": 8,
          "mean_intra_cos": 0.8836372260536466
        },
        "weather": {
          "n_words": 8,
          "mean_intra_cos": 0.8099013077361243
        },
        "emotion": {
          "n_words": 8,
          "mean_intra_cos": 0.7663978444678443
        },
        "building": {
          "n_words": 8,
          "mean_intra_cos": 0.8910045027732849
        }
      },
      "inter_cat_mean_cos": 0.8478440812655857,
      "n_categories": 8
    },
    {
      "layer": 30,
      "cat_consistency": {
        "animal": {
          "n_words": 8,
          "mean_intra_cos": 0.7369110584259033
        },
        "food": {
          "n_words": 8,
          "mean_intra_cos": 0.7075416360582624
        },
        "tool": {
          "n_words": 8,
          "mean_intra_cos": 0.7323592879942485
        },
        "vehicle": {
          "n_words": 8,
          "mean_intra_cos": 0.7721977468047824
        },
        "clothing": {
          "n_words": 8,
          "mean_intra_cos": 0.7996870598622731
        },
        "weather": {
          "n_words": 8,
          "mean_intra_cos": 0.6517109179071018
        },
        "emotion": {
          "n_words": 8,
          "mean_intra_cos": 0.7056902476719448
        },
        "building": {
          "n_words": 8,
          "mean_intra_cos": 0.8236987143754959
        }
      },
      "inter_cat_mean_cos": 0.7053033262491226,
      "n_categories": 8
    },
    {
      "layer": 36,
      "cat_consistency": {
        "animal": {
          "n_words": 8,
          "mean_intra_cos": 0.8445351251534053
        },
        "food": {
          "n_words": 8,
          "mean_intra_cos": 0.8097029817955834
        },
        "tool": {
          "n_words": 8,
          "mean_intra_cos": 0.8436953978879111
        },
        "vehicle": {
          "n_words": 8,
          "mean_intra_cos": 0.8717192241123745
        },
        "clothing": {
          "n_words": 8,
          "mean_intra_cos": 0.8694910768951688
        },
        "weather": {
          "n_words": 8,
          "mean_intra_cos": 0.806336121899741
        },
        "emotion": {
          "n_words": 8,
          "mean_intra_cos": 0.8181727017675128
        },
        "building": {
          "n_words": 8,
          "mean_intra_cos": 0.9054129655872073
        }
      },
      "inter_cat_mean_cos": 0.84593865275383,
      "n_categories": 8
    },
    {
      "layer": 39,
      "cat_consistency": {
        "animal": {
          "n_words": 8,
          "mean_intra_cos": 0.9539667474372047
        },
        "food": {
          "n_words": 8,
          "mean_intra_cos": 0.9346309538398471
        },
        "tool": {
          "n_words": 8,
          "mean_intra_cos": 0.9436551736933845
        },
        "vehicle": {
          "n_words": 8,
          "mean_intra_cos": 0.9550724008253643
        },
        "clothing": {
          "n_words": 8,
          "mean_intra_cos": 0.9578411387545722
        },
        "weather": {
          "n_words": 8,
          "mean_intra_cos": 0.9264636508056096
        },
        "emotion": {
          "n_words": 8,
          "mean_intra_cos": 0.9325183949300221
        },
        "building": {
          "n_words": 8,
          "mean_intra_cos": 0.9637679989848819
        }
      },
      "inter_cat_mean_cos": 0.94987453520298,
      "n_categories": 8
    }
  ]
}