{
  "tense": {
    "L0": {
      "avg_l2": 1044.2156880950927,
      "std_l2": 664.6615750712809,
      "avg_cos_sim": 0.7520980078913272,
      "n": 200
    },
    "L1": {
      "avg_l2": 937.5212672424317,
      "std_l2": 603.5348413626642,
      "avg_cos_sim": 0.7442954720370472,
      "n": 200
    },
    "L7": {
      "avg_l2": 907.7550886535645,
      "std_l2": 554.7233497585405,
      "avg_cos_sim": 0.7320882478915155,
      "n": 200
    },
    "L14": {
      "avg_l2": 935.9540842437744,
      "std_l2": 593.7866356527811,
      "avg_cos_sim": 0.6883796370774508,
      "n": 200
    },
    "L21": {
      "avg_l2": 983.0865428161621,
      "std_l2": 632.8642948766736,
      "avg_cos_sim": 0.6671211633272469,
      "n": 200
    },
    "L26": {
      "avg_l2": 980.0998944091797,
      "std_l2": 625.525861237314,
      "avg_cos_sim": 0.6800832721497864,
      "n": 200
    },
    "L27": {
      "avg_l2": 969.3224293518066,
      "std_l2": 622.7149879338672,
      "avg_cos_sim": 0.7040646097250283,
      "n": 200
    }
  },
  "polarity": {
    "L0": {
      "avg_l2": 310.60542112350464,
      "std_l2": 312.6348107053032,
      "avg_cos_sim": 0.9705755171179772,
      "n": 200
    },
    "L1": {
      "avg_l2": 347.07967594146726,
      "std_l2": 329.48768854902164,
      "avg_cos_sim": 0.9661944289505482,
      "n": 200
    },
    "L7": {
      "avg_l2": 773.2023911285401,
      "std_l2": 540.871577524986,
      "avg_cos_sim": 0.8474351758882404,
      "n": 200
    },
    "L14": {
      "avg_l2": 872.7533735275268,
      "std_l2": 595.4074301781371,
      "avg_cos_sim": 0.8183260494843125,
      "n": 200
    },
    "L21": {
      "avg_l2": 954.6783257675171,
      "std_l2": 626.3583671284914,
      "avg_cos_sim": 0.7837569522857666,
      "n": 200
    },
    "L26": {
      "avg_l2": 960.8805236053466,
      "std_l2": 622.172742410408,
      "avg_cos_sim": 0.7792934542614967,
      "n": 200
    },
    "L27": {
      "avg_l2": 992.5625110626221,
      "std_l2": 668.3815020260032,
      "avg_cos_sim": 0.7356996247917413,
      "n": 200
    }
  },
  "number": {
    "L0": {
      "avg_l2": 307.8590859858195,
      "std_l2": 302.50445717097244,
      "avg_cos_sim": 0.9741550405820211,
      "n": 150
    },
    "L1": {
      "avg_l2": 331.42555788675946,
      "std_l2": 314.15622031455155,
      "avg_cos_sim": 0.9714734991391499,
      "n": 150
    },
    "L7": {
      "avg_l2": 562.6340648905436,
      "std_l2": 469.70672413103455,
      "avg_cos_sim": 0.9225804150104523,
      "n": 150
    },
    "L14": {
      "avg_l2": 602.7169771321614,
      "std_l2": 499.86675112977167,
      "avg_cos_sim": 0.9047662368416787,
      "n": 150
    },
    "L21": {
      "avg_l2": 717.462674407959,
      "std_l2": 566.4450810743211,
      "avg_cos_sim": 0.8849226487924655,
      "n": 150
    },
    "L26": {
      "avg_l2": 818.6372848510742,
      "std_l2": 632.8961522282258,
      "avg_cos_sim": 0.8558189511795838,
      "n": 150
    },
    "L27": {
      "avg_l2": 832.8315495808919,
      "std_l2": 619.1825958632746,
      "avg_cos_sim": 0.8463858445485433,
      "n": 150
    }
  }
}