{
  "tense": {
    "L0": {
      "heads": {
        "h6": {
          "avg_l2": 0.0,
          "std_l2": 0.0,
          "avg_cos_sim": 0.9999934443831444,
          "n": 200
        },
        "h9": {
          "avg_l2": 0.0,
          "std_l2": 0.0,
          "avg_cos_sim": 0.9999934443831444,
          "n": 200
        },
        "h15": {
          "avg_l2": 0.0,
          "std_l2": 0.0,
          "avg_cos_sim": 0.9999934443831444,
          "n": 200
        }
      }
    },
    "L7": {
      "heads": {
        "h24": {
          "avg_l2": 0.0,
          "std_l2": 0.0,
          "avg_cos_sim": 0.9999934443831444,
          "n": 200
        },
        "h11": {
          "avg_l2": 0.0,
          "std_l2": 0.0,
          "avg_cos_sim": 0.9999934443831444,
          "n": 200
        },
        "h9": {
          "avg_l2": 0.0,
          "std_l2": 0.0,
          "avg_cos_sim": 0.9999934443831444,
          "n": 200
        }
      }
    },
    "L14": {
      "heads": {
        "h6": {
          "avg_l2": 0.0,
          "std_l2": 0.0,
          "avg_cos_sim": 0.9999934443831444,
          "n": 200
        },
        "h14": {
          "avg_l2": 0.0,
          "std_l2": 0.0,
          "avg_cos_sim": 0.9999934443831444,
          "n": 200
        },
        "h27": {
          "avg_l2": 0.0,
          "std_l2": 0.0,
          "avg_cos_sim": 0.9999934443831444,
          "n": 200
        }
      }
    },
    "L21": {
      "heads": {
        "h9": {
          "avg_l2": 0.0,
          "std_l2": 0.0,
          "avg_cos_sim": 0.9999934443831444,
          "n": 200
        },
        "h8": {
          "avg_l2": 0.0,
          "std_l2": 0.0,
          "avg_cos_sim": 0.9999934443831444,
          "n": 200
        },
        "h23": {
          "avg_l2": 0.0,
          "std_l2": 0.0,
          "avg_cos_sim": 0.9999934443831444,
          "n": 200
        }
      }
    },
    "L27": {
      "heads": {
        "h25": {
          "avg_l2": 0.0,
          "std_l2": 0.0,
          "avg_cos_sim": 0.9999934443831444,
          "n": 200
        },
        "h22": {
          "avg_l2": 0.0,
          "std_l2": 0.0,
          "avg_cos_sim": 0.9999934443831444,
          "n": 200
        },
        "h18": {
          "avg_l2": 0.0,
          "std_l2": 0.0,
          "avg_cos_sim": 0.9999934443831444,
          "n": 200
        }
      }
    }
  },
  "polarity": {
    "L0": {
      "heads": {
        "h6": {
          "avg_l2": 0.0,
          "std_l2": 0.0,
          "avg_cos_sim": 0.9999933508038521,
          "n": 200
        },
        "h9": {
          "avg_l2": 0.0,
          "std_l2": 0.0,
          "avg_cos_sim": 0.9999933508038521,
          "n": 200
        },
        "h15": {
          "avg_l2": 0.0,
          "std_l2": 0.0,
          "avg_cos_sim": 0.9999933508038521,
          "n": 200
        }
      }
    },
    "L7": {
      "heads": {
        "h24": {
          "avg_l2": 0.0,
          "std_l2": 0.0,
          "avg_cos_sim": 0.9999933508038521,
          "n": 200
        },
        "h11": {
          "avg_l2": 0.0,
          "std_l2": 0.0,
          "avg_cos_sim": 0.9999933508038521,
          "n": 200
        },
        "h9": {
          "avg_l2": 0.0,
          "std_l2": 0.0,
          "avg_cos_sim": 0.9999933508038521,
          "n": 200
        }
      }
    },
    "L14": {
      "heads": {
        "h6": {
          "avg_l2": 0.0,
          "std_l2": 0.0,
          "avg_cos_sim": 0.9999933508038521,
          "n": 200
        },
        "h14": {
          "avg_l2": 0.0,
          "std_l2": 0.0,
          "avg_cos_sim": 0.9999933508038521,
          "n": 200
        },
        "h27": {
          "avg_l2": 0.0,
          "std_l2": 0.0,
          "avg_cos_sim": 0.9999933508038521,
          "n": 200
        }
      }
    },
    "L21": {
      "heads": {
        "h9": {
          "avg_l2": 0.0,
          "std_l2": 0.0,
          "avg_cos_sim": 0.9999933508038521,
          "n": 200
        },
        "h8": {
          "avg_l2": 0.0,
          "std_l2": 0.0,
          "avg_cos_sim": 0.9999933508038521,
          "n": 200
        },
        "h23": {
          "avg_l2": 0.0,
          "std_l2": 0.0,
          "avg_cos_sim": 0.9999933508038521,
          "n": 200
        }
      }
    },
    "L27": {
      "heads": {
        "h25": {
          "avg_l2": 0.0,
          "std_l2": 0.0,
          "avg_cos_sim": 0.9999933508038521,
          "n": 200
        },
        "h22": {
          "avg_l2": 0.0,
          "std_l2": 0.0,
          "avg_cos_sim": 0.9999933508038521,
          "n": 200
        },
        "h18": {
          "avg_l2": 0.0,
          "std_l2": 0.0,
          "avg_cos_sim": 0.9999933508038521,
          "n": 200
        }
      }
    }
  },
  "number": {
    "L0": {
      "heads": {
        "h6": {
          "avg_l2": 0.0,
          "std_l2": 0.0,
          "avg_cos_sim": 0.999993505080541,
          "n": 150
        },
        "h9": {
          "avg_l2": 0.0,
          "std_l2": 0.0,
          "avg_cos_sim": 0.999993505080541,
          "n": 150
        },
        "h15": {
          "avg_l2": 0.0,
          "std_l2": 0.0,
          "avg_cos_sim": 0.999993505080541,
          "n": 150
        }
      }
    },
    "L7": {
      "heads": {
        "h24": {
          "avg_l2": 0.0,
          "std_l2": 0.0,
          "avg_cos_sim": 0.999993505080541,
          "n": 150
        },
        "h11": {
          "avg_l2": 0.0,
          "std_l2": 0.0,
          "avg_cos_sim": 0.999993505080541,
          "n": 150
        },
        "h9": {
          "avg_l2": 0.0,
          "std_l2": 0.0,
          "avg_cos_sim": 0.999993505080541,
          "n": 150
        }
      }
    },
    "L14": {
      "heads": {
        "h6": {
          "avg_l2": 0.0,
          "std_l2": 0.0,
          "avg_cos_sim": 0.999993505080541,
          "n": 150
        },
        "h14": {
          "avg_l2": 0.0,
          "std_l2": 0.0,
          "avg_cos_sim": 0.999993505080541,
          "n": 150
        },
        "h27": {
          "avg_l2": 0.0,
          "std_l2": 0.0,
          "avg_cos_sim": 0.999993505080541,
          "n": 150
        }
      }
    },
    "L21": {
      "heads": {
        "h9": {
          "avg_l2": 0.0,
          "std_l2": 0.0,
          "avg_cos_sim": 0.999993505080541,
          "n": 150
        },
        "h8": {
          "avg_l2": 0.0,
          "std_l2": 0.0,
          "avg_cos_sim": 0.999993505080541,
          "n": 150
        },
        "h23": {
          "avg_l2": 0.0,
          "std_l2": 0.0,
          "avg_cos_sim": 0.999993505080541,
          "n": 150
        }
      }
    },
    "L27": {
      "heads": {
        "h25": {
          "avg_l2": 0.0,
          "std_l2": 0.0,
          "avg_cos_sim": 0.999993505080541,
          "n": 150
        },
        "h22": {
          "avg_l2": 0.0,
          "std_l2": 0.0,
          "avg_cos_sim": 0.999993505080541,
          "n": 150
        },
        "h18": {
          "avg_l2": 0.0,
          "std_l2": 0.0,
          "avg_cos_sim": 0.999993505080541,
          "n": 150
        }
      }
    }
  }
}