{
  "tense": {
    "L0": {
      "avg_l2": 1021.4056274414063,
      "std_l2": 599.8577519275048,
      "avg_cos_sim": 0.6484165191650391,
      "n": 5
    },
    "L1": {
      "avg_l2": 1021.4056274414063,
      "std_l2": 599.8577519275048,
      "avg_cos_sim": 0.6484165191650391,
      "n": 5
    },
    "L7": {
      "avg_l2": 1021.4056274414063,
      "std_l2": 599.8577519275048,
      "avg_cos_sim": 0.6484165191650391,
      "n": 5
    },
    "L14": {
      "avg_l2": 1021.4056274414063,
      "std_l2": 599.8577519275048,
      "avg_cos_sim": 0.6484165191650391,
      "n": 5
    },
    "L21": {
      "avg_l2": 1021.4056274414063,
      "std_l2": 599.8577519275048,
      "avg_cos_sim": 0.6484165191650391,
      "n": 5
    },
    "L26": {
      "avg_l2": 1021.4056274414063,
      "std_l2": 599.8577519275048,
      "avg_cos_sim": 0.6484165191650391,
      "n": 5
    },
    "L27": {
      "avg_l2": 969.3224293518066,
      "std_l2": 622.7149879338672,
      "avg_cos_sim": 0.7040646097250283,
      "n": 200
    }
  },
  "polarity": {
    "L0": {
      "avg_l2": 1056.8399139404296,
      "std_l2": 509.7868716008548,
      "avg_cos_sim": 0.7587650701403618,
      "n": 5
    },
    "L1": {
      "avg_l2": 1056.8399139404296,
      "std_l2": 509.7868716008548,
      "avg_cos_sim": 0.7587650701403618,
      "n": 5
    },
    "L7": {
      "avg_l2": 1056.8399139404296,
      "std_l2": 509.7868716008548,
      "avg_cos_sim": 0.7587650701403618,
      "n": 5
    },
    "L14": {
      "avg_l2": 1056.8399139404296,
      "std_l2": 509.7868716008548,
      "avg_cos_sim": 0.7587650701403618,
      "n": 5
    },
    "L21": {
      "avg_l2": 1056.8399139404296,
      "std_l2": 509.7868716008548,
      "avg_cos_sim": 0.7587650701403618,
      "n": 5
    },
    "L26": {
      "avg_l2": 1056.8399139404296,
      "std_l2": 509.7868716008548,
      "avg_cos_sim": 0.7587650701403618,
      "n": 5
    },
    "L27": {
      "avg_l2": 992.5625110626221,
      "std_l2": 668.3815020260032,
      "avg_cos_sim": 0.7356996247917413,
      "n": 200
    }
  },
  "number": {
    "L0": {
      "avg_l2": 813.6079929199219,
      "std_l2": 626.0453303573745,
      "avg_cos_sim": 0.8544009295701981,
      "n": 125
    },
    "L1": {
      "avg_l2": 813.6079929199219,
      "std_l2": 626.0453303573745,
      "avg_cos_sim": 0.8544009295701981,
      "n": 125
    },
    "L7": {
      "avg_l2": 813.6079929199219,
      "std_l2": 626.0453303573745,
      "avg_cos_sim": 0.8544009295701981,
      "n": 125
    },
    "L14": {
      "avg_l2": 813.6079929199219,
      "std_l2": 626.0453303573745,
      "avg_cos_sim": 0.8544009295701981,
      "n": 125
    },
    "L21": {
      "avg_l2": 813.6079929199219,
      "std_l2": 626.0453303573745,
      "avg_cos_sim": 0.8544009295701981,
      "n": 125
    },
    "L26": {
      "avg_l2": 813.6079929199219,
      "std_l2": 626.0453303573745,
      "avg_cos_sim": 0.8544009295701981,
      "n": 125
    },
    "L27": {
      "avg_l2": 832.8315495808919,
      "std_l2": 619.1825958632746,
      "avg_cos_sim": 0.8463858445485433,
      "n": 150
    }
  }
}