{
  "resid": {
    "L0": {
      "tense": {
        "mean_l2": 78.58748531341553,
        "median_l2": 53.34376907348633,
        "std_l2": 86.70510510653891,
        "n": 120
      },
      "polarity": {
        "mean_l2": 54.20872767766317,
        "median_l2": 53.84130096435547,
        "std_l2": 9.349928674150368,
        "n": 120
      },
      "number": {
        "mean_l2": 73.08528134028117,
        "median_l2": 54.198509216308594,
        "std_l2": 80.2884019359508,
        "n": 120
      },
      "negation": {
        "mean_l2": 54.87502012252808,
        "median_l2": 53.22349548339844,
        "std_l2": 10.795847183237322,
        "n": 120
      },
      "question": {
        "mean_l2": 53.868434937795,
        "median_l2": 52.605560302734375,
        "std_l2": 9.818089095614697,
        "n": 120
      },
      "sentiment": {
        "mean_l2": 388.97960669199625,
        "median_l2": 418.0235595703125,
        "std_l2": 166.64581365831603,
        "n": 120
      },
      "semantic_topic": {
        "mean_l2": 468.43774019877117,
        "median_l2": 501.31781005859375,
        "std_l2": 177.21544135019587,
        "n": 120
      }
    },
    "L5": {
      "tense": {
        "mean_l2": 115.63134950002035,
        "median_l2": 82.59968948364258,
        "std_l2": 80.79512255020691,
        "n": 120
      },
      "polarity": {
        "mean_l2": 89.67443084716797,
        "median_l2": 79.43379974365234,
        "std_l2": 38.43184195970409,
        "n": 120
      },
      "number": {
        "mean_l2": 87.89462687174479,
        "median_l2": 69.34001541137695,
        "std_l2": 78.48421039984754,
        "n": 120
      },
      "negation": {
        "mean_l2": 93.2734437306722,
        "median_l2": 83.73560333251953,
        "std_l2": 36.475829353507926,
        "n": 120
      },
      "question": {
        "mean_l2": 103.82469860712688,
        "median_l2": 76.14043045043945,
        "std_l2": 75.05770206452083,
        "n": 120
      },
      "sentiment": {
        "mean_l2": 386.1898917833964,
        "median_l2": 410.2842102050781,
        "std_l2": 139.90267248934424,
        "n": 120
      },
      "semantic_topic": {
        "mean_l2": 480.12567338943484,
        "median_l2": 512.3985748291016,
        "std_l2": 156.11681310486398,
        "n": 120
      }
    },
    "L11": {
      "tense": {
        "mean_l2": 134.93894017537434,
        "median_l2": 108.88714981079102,
        "std_l2": 76.66029950081494,
        "n": 120
      },
      "polarity": {
        "mean_l2": 143.10384540557862,
        "median_l2": 132.99192810058594,
        "std_l2": 55.37739564598959,
        "n": 120
      },
      "number": {
        "mean_l2": 123.90171435674031,
        "median_l2": 102.1419906616211,
        "std_l2": 83.63714856551198,
        "n": 120
      },
      "negation": {
        "mean_l2": 153.99819968541462,
        "median_l2": 137.616943359375,
        "std_l2": 61.909854823478526,
        "n": 120
      },
      "question": {
        "mean_l2": 168.30234298706054,
        "median_l2": 131.4908905029297,
        "std_l2": 92.87963026279714,
        "n": 120
      },
      "sentiment": {
        "mean_l2": 371.350678062439,
        "median_l2": 385.8154296875,
        "std_l2": 102.50276264037306,
        "n": 120
      },
      "semantic_topic": {
        "mean_l2": 496.7032275517782,
        "median_l2": 519.8462524414062,
        "std_l2": 140.88251926051421,
        "n": 120
      }
    },
    "L16": {
      "tense": {
        "mean_l2": 147.91808064778647,
        "median_l2": 122.77704620361328,
        "std_l2": 75.58428005206046,
        "n": 120
      },
      "polarity": {
        "mean_l2": 172.75400689442952,
        "median_l2": 163.4654083251953,
        "std_l2": 52.86319487695226,
        "n": 120
      },
      "number": {
        "mean_l2": 146.82512607574463,
        "median_l2": 128.5608673095703,
        "std_l2": 85.64172939565819,
        "n": 120
      },
      "negation": {
        "mean_l2": 194.2302527109782,
        "median_l2": 176.61174774169922,
        "std_l2": 68.67870482620387,
        "n": 120
      },
      "question": {
        "mean_l2": 221.4494437535604,
        "median_l2": 196.07186889648438,
        "std_l2": 88.99812939801319,
        "n": 120
      },
      "sentiment": {
        "mean_l2": 356.36528930664065,
        "median_l2": 356.4983673095703,
        "std_l2": 92.49278272474257,
        "n": 120
      },
      "semantic_topic": {
        "mean_l2": 498.40605341593425,
        "median_l2": 516.6419067382812,
        "std_l2": 128.98753319934136,
        "n": 120
      }
    },
    "L22": {
      "tense": {
        "mean_l2": 169.634632174174,
        "median_l2": 147.94493865966797,
        "std_l2": 74.45335302520112,
        "n": 120
      },
      "polarity": {
        "mean_l2": 212.63628273010255,
        "median_l2": 208.7298583984375,
        "std_l2": 52.71799885831385,
        "n": 120
      },
      "number": {
        "mean_l2": 200.42906246185302,
        "median_l2": 181.84002685546875,
        "std_l2": 96.79759339913504,
        "n": 120
      },
      "negation": {
        "mean_l2": 239.29012387593588,
        "median_l2": 228.2215576171875,
        "std_l2": 74.04326554347925,
        "n": 120
      },
      "question": {
        "mean_l2": 342.1387727101644,
        "median_l2": 342.5375671386719,
        "std_l2": 71.24468611692103,
        "n": 120
      },
      "sentiment": {
        "mean_l2": 374.3925237019857,
        "median_l2": 368.3021697998047,
        "std_l2": 89.30962451546476,
        "n": 120
      },
      "semantic_topic": {
        "mean_l2": 524.1850968678792,
        "median_l2": 531.5799865722656,
        "std_l2": 121.46932648049874,
        "n": 120
      }
    },
    "L27": {
      "tense": {
        "mean_l2": 180.32699801127117,
        "median_l2": 159.36085510253906,
        "std_l2": 73.49611904820908,
        "n": 120
      },
      "polarity": {
        "mean_l2": 233.1354242324829,
        "median_l2": 223.22747039794922,
        "std_l2": 56.7446269126112,
        "n": 120
      },
      "number": {
        "mean_l2": 219.92346013387044,
        "median_l2": 206.36094665527344,
        "std_l2": 101.0505636504606,
        "n": 120
      },
      "negation": {
        "mean_l2": 259.5711082458496,
        "median_l2": 238.25830078125,
        "std_l2": 78.00806473643702,
        "n": 120
      },
      "question": {
        "mean_l2": 363.0110378265381,
        "median_l2": 366.3206024169922,
        "std_l2": 68.13046413232934,
        "n": 120
      },
      "sentiment": {
        "mean_l2": 386.08221728007,
        "median_l2": 383.48646545410156,
        "std_l2": 88.67202086251977,
        "n": 120
      },
      "semantic_topic": {
        "mean_l2": 545.4308263142904,
        "median_l2": 555.0700378417969,
        "std_l2": 116.47761720725958,
        "n": 120
      }
    },
    "L33": {
      "tense": {
        "mean_l2": 186.91835505167643,
        "median_l2": 165.69497680664062,
        "std_l2": 73.16164964691094,
        "n": 120
      },
      "polarity": {
        "mean_l2": 238.71288503011067,
        "median_l2": 228.08724212646484,
        "std_l2": 57.26593487150048,
        "n": 120
      },
      "number": {
        "mean_l2": 231.93432547251385,
        "median_l2": 220.0313262939453,
        "std_l2": 101.67433054659212,
        "n": 120
      },
      "negation": {
        "mean_l2": 264.9123193105062,
        "median_l2": 241.90152740478516,
        "std_l2": 78.645791375036,
        "n": 120
      },
      "question": {
        "mean_l2": 369.94034741719565,
        "median_l2": 378.4213562011719,
        "std_l2": 67.8088887526106,
        "n": 120
      },
      "sentiment": {
        "mean_l2": 392.0613451639811,
        "median_l2": 390.8117370605469,
        "std_l2": 87.05499634120706,
        "n": 120
      },
      "semantic_topic": {
        "mean_l2": 555.7245918273926,