{
  "tense": {
    "L0": {
      "avg_l2": 766.7293748474121,
      "std_l2": 415.43232611502174,
      "avg_cos_sim": 0.7505519091896713,
      "n": 200
    },
    "L1": {
      "avg_l2": 604.6076797485351,
      "std_l2": 344.4009316333424,
      "avg_cos_sim": 0.8377304832451046,
      "n": 200
    },
    "L9": {
      "avg_l2": 495.9224482727051,
      "std_l2": 199.88589865478593,
      "avg_cos_sim": 0.9005779686383903,
      "n": 200
    },
    "L18": {
      "avg_l2": 503.13465927124025,
      "std_l2": 224.00208647926067,
      "avg_cos_sim": 0.8990162305533886,
      "n": 200
    },
    "L27": {
      "avg_l2": 499.9438821411133,
      "std_l2": 146.6680170276179,
      "avg_cos_sim": 0.9054800111055374,
      "n": 200
    },
    "L34": {
      "avg_l2": 520.9275994873046,
      "std_l2": 151.78930388045706,
      "avg_cos_sim": 0.8938581056147814,
      "n": 200
    },
    "L35": {
      "avg_l2": 522.4139765930175,
      "std_l2": 151.58409771303317,
      "avg_cos_sim": 0.8964950203895569,
      "n": 200
    }
  },
  "polarity": {
    "L0": {
      "avg_l2": 69.15909161567689,
      "std_l2": 77.16882429889243,
      "avg_cos_sim": 0.9967750144004822,
      "n": 200
    },
    "L1": {
      "avg_l2": 84.15427888393403,
      "std_l2": 69.94110031161514,
      "avg_cos_sim": 0.9966820919513703,
      "n": 200
    },
    "L9": {
      "avg_l2": 251.66204330444336,
      "std_l2": 128.72428453749725,
      "avg_cos_sim": 0.9782893279194832,
      "n": 200
    },
    "L18": {
      "avg_l2": 306.89908248901367,
      "std_l2": 143.6427468868302,
      "avg_cos_sim": 0.9671643355488777,
      "n": 200
    },
    "L27": {
      "avg_l2": 376.60856483459474,
      "std_l2": 160.06738850403605,
      "avg_cos_sim": 0.9508151417970657,
      "n": 200
    },
    "L34": {
      "avg_l2": 400.7210382080078,
      "std_l2": 167.29957841224962,
      "avg_cos_sim": 0.9444329809397459,
      "n": 200
    },
    "L35": {
      "avg_l2": 403.2773217010498,
      "std_l2": 163.36957547232757,
      "avg_cos_sim": 0.9445029771327973,
      "n": 200
    }
  },
  "number": {
    "L0": {
      "avg_l2": 41.24538391113281,
      "std_l2": 23.64659953760349,
      "avg_cos_sim": 0.9993255702654521,
      "n": 150
    },
    "L1": {
      "avg_l2": 54.80671272277832,
      "std_l2": 30.018302817569275,
      "avg_cos_sim": 0.9988382577896118,
      "n": 150
    },
    "L9": {
      "avg_l2": 197.25973584493002,
      "std_l2": 124.22831315469887,
      "avg_cos_sim": 0.9840228362878164,
      "n": 150
    },
    "L18": {
      "avg_l2": 226.26360888163248,
      "std_l2": 134.1917206988696,
      "avg_cos_sim": 0.9804563983281454,
      "n": 150
    },
    "L27": {
      "avg_l2": 316.0850053914388,
      "std_l2": 137.11667796268898,
      "avg_cos_sim": 0.9642309220631917,
      "n": 150
    },
    "L34": {
      "avg_l2": 368.7814851888021,
      "std_l2": 152.9526793107663,
      "avg_cos_sim": 0.9511374318599701,
      "n": 150
    },
    "L35": {
      "avg_l2": 378.31983540852866,
      "std_l2": 160.17077560066508,
      "avg_cos_sim": 0.948450030485789,
      "n": 150
    }
  }
}