{
  "0": {
    "mean_norm": 47.62547302246094,
    "total_var": 0.35195693373680115,
    "var_per_dim_mean": 0.35195693373680115,
    "var_per_dim_max": 21.54681968688965,
    "var_per_dim_min": 0.06193053722381592,
    "avg_kurtosis": -0.03744733572006226,
    "avg_skewness": 0.026875220239162445
  },
  "4": {
    "mean_norm": 11167.40625,
    "total_var": 52267.8046875,
    "var_per_dim_mean": 52267.8046875,
    "var_per_dim_max": 96867360.0,
    "var_per_dim_min": 1.276193618774414,
    "avg_kurtosis": -0.5818137574195862,
    "avg_skewness": -0.008074367418885231
  },
  "5": {
    "mean_norm": 11368.263671875,
    "total_var": 52876.51953125,
    "var_per_dim_mean": 52876.51953125,
    "var_per_dim_max": 98339440.0,
    "var_per_dim_min": 1.3467662334442139,
    "avg_kurtosis": -0.6344197964668274,
    "avg_skewness": -0.0017275065183639526
  },
  "6": {
    "mean_norm": 11519.9521484375,
    "total_var": 53710.5,
    "var_per_dim_mean": 53710.5,
    "var_per_dim_max": 100351768.0,
    "var_per_dim_min": 1.5188343524932861,
    "avg_kurtosis": -0.6520805513858795,
    "avg_skewness": 0.0177194532006979
  },
  "7": {
    "mean_norm": 11610.5283203125,
    "total_var": 54130.78515625,
    "var_per_dim_mean": 54130.78515625,
    "var_per_dim_max": 101207800.0,
    "var_per_dim_min": 1.3869073390960693,
    "avg_kurtosis": -0.661561621427536,
    "avg_skewness": 0.008888060227036476
  },
  "8": {
    "mean_norm": 11691.6630859375,
    "total_var": 54635.28125,
    "var_per_dim_mean": 54635.28125,
    "var_per_dim_max": 102240152.0,
    "var_per_dim_min": 1.5327422618865967,
    "avg_kurtosis": -0.679090747833252,
    "avg_skewness": 0.0088200019672513
  },
  "9": {
    "mean_norm": 11850.095703125,
    "total_var": 55485.14453125,
    "var_per_dim_mean": 55485.14453125,
    "var_per_dim_max": 104249888.0,
    "var_per_dim_min": 1.310875654220581,
    "avg_kurtosis": -0.6824496877193451,
    "avg_skewness": 0.006719718687236309
  },
  "10": {
    "mean_norm": 11867.32421875,
    "total_var": 55481.26953125,
    "var_per_dim_mean": 55481.26953125,
    "var_per_dim_max": 104169968.0,
    "var_per_dim_min": 1.2675490379333496,
    "avg_kurtosis": -0.6800833559036255,
    "avg_skewness": 0.009141232818365097
  },
  "15": {
    "mean_norm": 12545.7900390625,
    "total_var": 58486.33203125,
    "var_per_dim_mean": 58486.33203125,
    "var_per_dim_max": 110722096.0,
    "var_per_dim_min": 1.099995493888855,
    "avg_kurtosis": -0.7001728868484497,
    "avg_skewness": 0.027456752955913544
  },
  "20": {
    "mean_norm": 12503.76171875,
    "total_var": 58527.27734375,
    "var_per_dim_mean": 58527.27734375,
    "var_per_dim_max": 110546784.0,
    "var_per_dim_min": 1.4067775011062622,
    "avg_kurtosis": -0.7316141617298126,
    "avg_skewness": 0.009909671731293201
  },
  "25": {
    "mean_norm": 11922.25390625,
    "total_var": 50716.71484375,
    "var_per_dim_mean": 50716.71484375,
    "var_per_dim_max": 91714024.0,
    "var_per_dim_min": 10.304251670837402,
    "avg_kurtosis": -0.7499328827857972,
    "avg_skewness": 0.008816493675112724
  },
  "27": {
    "mean_norm": 5355.5537109375,
    "total_var": 11590.8173828125,
    "var_per_dim_mean": 11590.8173828125,
    "var_per_dim_max": 24757238.0,
    "var_per_dim_min": 37.52607727050781,
    "avg_kurtosis": -0.6975590634346008,
    "avg_skewness": -0.0025529619306325912
  }
}