{
  "model": "GLM4-9B-Chat",
  "results": {
    "5": {
      "layer": 5,
      "activation_norm": 1.9567850828170776,
      "curv_mean": 13.980302055004492,
      "curv_std": 3.2425462711629813,
      "curv_cv": 0.23193678207968776,
      "curv_skew": -0.0017268977647181614,
      "curv_kurtosis": -1.6392208672311468,
      "curv_max": 18.924213523939763,
      "curv_min": 9.304321930232181,
      "curv_range_ratio": 2.033916460075037,
      "curv_p90_p10": 1.883415254113942,
      "jac_norm_mean": 1.1740167140960693,
      "jac_proj_std": 0.026286665411696733,
      "jac_proj_mean": 0.8288995584407484
    },
    "10": {
      "layer": 10,
      "activation_norm": 3.992344617843628,
      "curv_mean": 5.036834507755707,
      "curv_std": 1.2913209534579855,
      "curv_cv": 0.25637549763526574,
      "curv_skew": 0.5687127521859512,
      "curv_kurtosis": -1.152434426737785,
      "curv_max": 7.462275078982116,
      "curv_min": 3.4320167037141274,
      "curv_range_ratio": 2.1743119929133834,
      "curv_p90_p10": 2.0222754742134326,
      "jac_norm_mean": 1.0105069875717163,
      "jac_proj_std": 0.01811031592719482,
      "jac_proj_mean": 0.7957129234400036
    },
    "20": {
      "layer": 20,
      "activation_norm": 10.591440200805664,
      "curv_mean": 1.3646408892868438,
      "curv_std": 0.18026944446784257,
      "curv_cv": 0.13210028064514517,
      "curv_skew": 1.1364895292654964,
      "curv_kurtosis": -0.0667403862953484,
      "curv_max": 1.770591390571164,
      "curv_min": 1.166756341573412,
      "curv_range_ratio": 1.5175331192386803,
      "curv_p90_p10": 1.4255984570535685,
      "jac_norm_mean": 1.0531284809112549,
      "jac_proj_std": 0.011729035486369907,
      "jac_proj_mean": 0.9455592435095717
    },
    "30": {
      "layer": 30,
      "activation_norm": 54.944339752197266,
      "curv_mean": 0.20909276490556689,
      "curv_std": 0.029145470445177697,
      "curv_cv": 0.13939014314723766,
      "curv_skew": -0.015998626124154595,
      "curv_kurtosis": 0.05746940785720289,
      "curv_max": 0.31440656942928447,
      "curv_min": 0.156132025212656,
      "curv_range_ratio": 2.013722481340276,
      "curv_p90_p10": 1.525255162155482,
      "jac_norm_mean": 1.0724033117294312,
      "jac_proj_std": 0.006026645722016033,
      "jac_proj_mean": 1.003052776230428
    },
    "38": {
      "layer": 38,
      "activation_norm": 141.20091247558594,
      "curv_mean": 0.03622498157295143,
      "curv_std": 0.0043510169828701005,
      "curv_cv": 0.12011095056312836,
      "curv_skew": 0.04913619316779874,
      "curv_kurtosis": -0.9152227289357739,
      "curv_max": 0.045186131946000865,
      "curv_min": 0.0256653827004188,
      "curv_range_ratio": 1.7605867131373365,
      "curv_p90_p10": 1.3596586336439462,
      "jac_norm_mean": 1.847845435142517,
      "jac_proj_std": 0.02615317554716836,
      "jac_proj_mean": 1.4035377518449832
    }
  },
  "n_dirs": 25,
  "eps_rel": 0.05
}