{
  "L0": {
    "singular_values_top10": [
      10569.96484375,
      9999.583984375,
      9210.1572265625,
      8851.7041015625,
      8736.56640625,
      8550.896484375,
      8234.06640625,
      8168.90625,
      7968.837890625,
      7866.0927734375
    ],
    "eff_rank_90": 1543,
    "eff_rank_99": 2776,
    "condition_number": 4197120.0,
    "top1_ratio": 0.008899128064513206,
    "top5_ratio": 0.03594112768769264,
    "mean_head_corr": -0.044072158339466636
  },
  "L8": {
    "singular_values_top10": [
      8016.7158203125,
      7454.09521484375,
      6992.99609375,
      6820.9677734375,
      6788.53466796875,
      6739.10546875,
      6492.71044921875,
      6453.240234375,
      6349.44384765625,
      6284.33984375
    ],
    "eff_rank_90": 1631,
    "eff_rank_99": 2845,
    "condition_number": 304087.78125,
    "top1_ratio": 0.004071434959769249,
    "top5_ratio": 0.016556384041905403,
    "mean_head_corr": -0.011290616742501567
  },
  "L16": {
    "singular_values_top10": [
      7167.6923828125,
      7030.78173828125,
      6773.32421875,
      6692.46484375,
      6489.375,
      6437.37939453125,
      6335.15673828125,
      6239.16357421875,
      6177.00390625,
      6074.62158203125
    ],
    "eff_rank_90": 1608,
    "eff_rank_99": 2827,
    "condition_number": 56239.91015625,
    "top1_ratio": 0.003874891670420766,
    "top5_ratio": 0.017617689445614815,
    "mean_head_corr": -0.06455439741590194
  },
  "L24": {
    "singular_values_top10": [
      9160.365234375,
      9111.615234375,
      9060.26171875,
      9028.6279296875,
      8942.4990234375,
      8893.26953125,
      8840.810546875,
      8807.28515625,
      8739.1015625,
      8714.583984375
    ],
    "eff_rank_90": 1501,
    "eff_rank_99": 2777,
    "condition_number": 290738.15625,
    "top1_ratio": 0.006143352948129177,
    "top5_ratio": 0.030053844675421715,
    "mean_head_corr": 0.004960154881700873
  },
  "L32": {
    "singular_values_top10": [
      6136.806640625,
      5995.82666015625,
      5921.19580078125,
      5900.02978515625,
      5833.255859375,
      5685.1279296875,
      5659.4091796875,
      5623.65185546875,
      5582.12451171875,
      5540.07275390625
    ],
    "eff_rank_90": 1825,
    "eff_rank_99": 2984,
    "condition_number": 63226.0234375,
    "top1_ratio": 0.0022529135458171368,
    "top5_ratio": 0.010618859902024269,
    "mean_head_corr": -0.015897726432220743
  },
  "L35": {
    "singular_values_top10": [
      6864.6953125,
      6720.98779296875,
      5899.7451171875,
      5785.32568359375,
      5729.5009765625,
      5568.0048828125,
      5526.67626953125,
      5492.58056640625,
      5471.17138671875,
      5445.48779296875
    ],
    "eff_rank_90": 1788,
    "eff_rank_99": 2957,
    "condition_number": 296684.15625,
    "top1_ratio": 0.0028012285474687815,
    "top5_ratio": 0.011496410705149174,
    "mean_head_corr": -0.012016039333372776
  },
  "L36": {
    "error": "meta_device"
  },
  "L37": {
    "error": "meta_device"
  },
  "L38": {
    "error": "meta_device"
  },
  "L39": {
    "error": "meta_device"
  }
}