{
  "L0": {
    "attn_ratio": 0.21504610776901245,
    "mlp_ratio": 0.44227302074432373,
    "attn_avg_cos": 0.9942898154258728,
    "mlp_avg_cos": 0.9936000108718872,
    "total_avg_cos": 0.9961099624633789,
    "attn_mlp_align": 0.5556843280792236,
    "is_fracture": false
  },
  "L1": {
    "attn_ratio": 0.785585343837738,
    "mlp_ratio": 0.3580745756626129,
    "attn_avg_cos": 0.9696292281150818,
    "mlp_avg_cos": 0.9783909916877747,
    "total_avg_cos": 0.9685893654823303,
    "attn_mlp_align": -0.13581714034080505,
    "is_fracture": false
  },
  "L2": {
    "attn_ratio": 0.32131269574165344,
    "mlp_ratio": 0.7924317717552185,
    "attn_avg_cos": 0.942705512046814,
    "mlp_avg_cos": 0.9623918533325195,
    "total_avg_cos": 0.9564759731292725,
    "attn_mlp_align": -0.11250973492860794,
    "is_fracture": false
  },
  "L3": {
    "attn_ratio": 0.3189534544944763,
    "mlp_ratio": 0.7488757967948914,
    "attn_avg_cos": 0.9338868856430054,
    "mlp_avg_cos": 0.9802717566490173,
    "total_avg_cos": 0.9682241678237915,
    "attn_mlp_align": -0.06904301792383194,
    "is_fracture": false
  },
  "L4": {
    "attn_ratio": 0.10837915539741516,
    "mlp_ratio": 0.85360187292099,
    "attn_avg_cos": 0.876194417476654,
    "mlp_avg_cos": 0.9790663123130798,
    "total_avg_cos": 0.9727506637573242,
    "attn_mlp_align": 0.06285107880830765,
    "is_fracture": false
  },
  "L5": {
    "attn_ratio": 0.14735561609268188,
    "mlp_ratio": 0.8601555824279785,
    "attn_avg_cos": 0.9373611211776733,
    "mlp_avg_cos": 0.9706881642341614,
    "total_avg_cos": 0.9691258668899536,
    "attn_mlp_align": -0.010350946336984634,
    "is_fracture": false
  },
  "L6": {
    "attn_ratio": 0.6010765433311462,
    "mlp_ratio": 0.5630603432655334,
    "attn_avg_cos": 0.8396389484405518,
    "mlp_avg_cos": 0.8185186386108398,
    "total_avg_cos": 0.7953698039054871,
    "attn_mlp_align": -0.1396869719028473,
    "is_fracture": true
  },
  "L7": {
    "attn_ratio": 0.1660689413547516,
    "mlp_ratio": 0.8971900343894958,
    "attn_avg_cos": 0.828683614730835,
    "mlp_avg_cos": 0.7754754424095154,
    "total_avg_cos": 0.7796640396118164,
    "attn_mlp_align": -0.08283495903015137,
    "is_fracture": false
  },
  "L8": {
    "attn_ratio": 0.16183169186115265,
    "mlp_ratio": 0.9681927561759949,
    "attn_avg_cos": 0.8107394576072693,
    "mlp_avg_cos": 0.7334538698196411,
    "total_avg_cos": 0.7195936441421509,
    "attn_mlp_align": -0.16268785297870636,
    "is_fracture": false
  },
  "L9": {
    "attn_ratio": 0.21685634553432465,
    "mlp_ratio": 0.9654342532157898,
    "attn_avg_cos": 0.769896924495697,
    "mlp_avg_cos": 0.668813169002533,
    "total_avg_cos": 0.6718084216117859,
    "attn_mlp_align": -0.20158639550209045,
    "is_fracture": false
  },
  "L10": {
    "attn_ratio": 0.23516862094402313,
    "mlp_ratio": 1.0060646533966064,
    "attn_avg_cos": 0.8217446804046631,
    "mlp_avg_cos": 0.6821399331092834,
    "total_avg_cos": 0.652348518371582,
    "attn_mlp_align": -0.2495720237493515,
    "is_fracture": false
  },
  "L11": {
    "attn_ratio": 0.2568879723548889,
    "mlp_ratio": 1.2029173374176025,
    "attn_avg_cos": 0.8382576107978821,
    "mlp_avg_cos": 0.7426409125328064,
    "total_avg_cos": 0.6700144410133362,
    "attn_mlp_align": -0.41403621435165405,
    "is_fracture": false
  },
  "L12": {
    "attn_ratio": 0.4937859773635864,
    "mlp_ratio": 1.0526362657546997,
    "attn_avg_cos": 0.8692218065261841,
    "mlp_avg_cos": 0.7682289481163025,
    "total_avg_cos": 0.7109642028808594,
    "attn_mlp_align": -0.3796127736568451,
    "is_fracture": false
  },
  "L13": {
    "attn_ratio": 0.35212188959121704,
    "mlp_ratio": 0.9285809993743896,
    "attn_avg_cos": 0.9581356644630432,
    "mlp_avg_cos": 0.7254542112350464,
    "total_avg_cos": 0.7383264899253845,
    "attn_mlp_align": -0.24541908502578735,
    "is_fracture": false
  },
  "L14": {
    "attn_ratio": 0.4900166988372803,
    "mlp_ratio": 1.0256518125534058,
    "attn_avg_cos": 0.9005268812179565,
    "mlp_avg_cos": 0.782416820526123,
    "total_avg_cos": 0.7492679953575134,
    "attn_mlp_align": -0.36500126123428345,
    "is_fracture": false
  },
  "L15": {
    "attn_ratio": 0.5113282203674316,
    "mlp_ratio": 1.536348819732666,
    "attn_avg_cos": 0.9435977339744568,
    "mlp_avg_cos": 0.8645497560501099,
    "total_avg_cos": 0.7756761908531189,
    "attn_mlp_align": -0.5922337174415588,
    "is_fracture": false
  }
}