{
  "experiment": "exp1_quantitative_theory",
  "model": "glm4",
  "timestamp": "2026-04-28T13:09:57.732483",
  "layer_results": [
    {
      "layer": 0,
      "n_intermediate": 13696,
      "n_pairs": 496,
      "alpha_omc": 56838.119114707755,
      "beta_omc": 1405.033717380974,
      "r2_omc": 0.755502864660272,
      "predicted_alpha_omc": 6848.0,
      "alpha_ratio_omc": 8.299958982872043,
      "alpha_arc": 11557.371409541996,
      "beta_arc": 403.15514993373586,
      "r2_arc": -1183989371.0796351,
      "predicted_alpha_arc": 4359.572201173197,
      "alpha_ratio_arc": 2.6510333758050417,
      "residual_std": 379.54359392264973,
      "mean_hamming": 2152.6915322580644,
      "mean_omc": 0.013154161793570365,
      "mean_arccos": 0.15137839914704804
    },
    {
      "layer": 6,
      "n_intermediate": 13696,
      "n_pairs": 496,
      "alpha_omc": 5210.002498872889,
      "beta_omc": 1166.6699667344503,
      "r2_omc": 0.9042964139286456,
      "predicted_alpha_omc": 6848.0,
      "alpha_ratio_omc": 0.7608064396718588,
      "alpha_arc": 3169.4129664173593,
      "beta_arc": 205.88870849107983,
      "r2_arc": -278074082.726487,
      "predicted_alpha_arc": 4359.572201173197,
      "alpha_ratio_arc": 0.7270009120538121,
      "residual_std": 137.20622842592925,
      "mean_hamming": 2291.6673387096776,
      "mean_omc": 0.21593029412531084,
      "mean_arccos": 0.6580962002488172
    },
    {
      "layer": 12,
      "n_intermediate": 13696,
      "n_pairs": 496,
      "alpha_omc": 4757.042721027068,
      "beta_omc": 1306.5938121202717,
      "r2_omc": 0.9036548681540938,
      "predicted_alpha_omc": 6848.0,
      "alpha_ratio_omc": 0.6946616122995135,
      "alpha_arc": 3291.804401139323,
      "beta_arc": 151.91519662662174,
      "r2_arc": -307043765.4687466,
      "predicted_alpha_arc": 4359.572201173197,
      "alpha_ratio_arc": 0.755075096646747,
      "residual_std": 158.745578884935,
      "mean_hamming": 2674.7318548387098,
      "mean_omc": 0.2876026394867128,
      "mean_arccos": 0.7663932454002791
    },
    {
      "layer": 18,
      "n_intermediate": 13696,
      "n_pairs": 496,
      "alpha_omc": 7210.260498543003,
      "beta_omc": 1448.3988372695196,
      "r2_omc": 0.9405602986769859,
      "predicted_alpha_omc": 6848.0,
      "alpha_ratio_omc": 1.0529001896236863,
      "alpha_arc": 4357.297164891799,
      "beta_arc": 155.92435530719928,
      "r2_arc": -360559738.7363442,
      "predicted_alpha_arc": 4359.572201173197,
      "alpha_ratio_arc": 0.9994781514844999,
      "residual_std": 165.1142066409898,
      "mean_hamming": 2873.233870967742,
      "mean_omc": 0.19761214369247038,
      "mean_arccos": 0.6236227213408383
    },
    {
      "layer": 24,
      "n_intermediate": 13696,
      "n_pairs": 496,
      "alpha_omc": 7613.78797616661,
      "beta_omc": 1365.0597835825965,
      "r2_omc": 0.8594518272064203,
      "predicted_alpha_omc": 6848.0,
      "alpha_ratio_omc": 1.1118265152112456,
      "alpha_arc": 4643.484524676475,
      "beta_arc": -62.49024859015339,
      "r2_arc": -760333369.3594108,
      "predicted_alpha_arc": 4359.572201173197,
      "alpha_ratio_arc": 1.0651238952819442,
      "residual_std": 200.6545695379324,
      "mean_hamming": 3133.6149193548385,
      "mean_omc": 0.2322832132058759,
      "mean_arccos": 0.6882988736067067
    },
    {
      "layer": 30,
      "n_intermediate": 13696,
      "n_pairs": 496,
      "alpha_omc": 9310.443392397865,
      "beta_omc": 1939.6025755626983,
      "r2_omc": 0.8116006752323993,
      "predicted_alpha_omc": 6848.0,
      "alpha_ratio_omc": 1.359585775759034,
      "alpha_arc": 5568.685037022135,
      "beta_arc": 255.33323279243226,
      "r2_arc": -1615914364.751867,
      "predicted_alpha_arc": 4359.572201173197,
      "alpha_ratio_arc": 1.2773466707406647,
      "residual_std": 244.98960547350381,
      "mean_hamming": 4035.8165322580644,
      "mean_omc": 0.22514652292574605,
      "mean_arccos": 0.6788825861638698
    },
    {
      "layer": 36,
      "n_intermediate": 13696,
      "n_pairs": 496,
      "alpha_omc": 13735.046506601935,
      "beta_omc": 1845.9774550526597,
      "r2_omc": 0.8343327258129333,
      "predicted_alpha_omc": 6848.0,
      "alpha_ratio_omc": 2.0057018847257497,
      "alpha_arc": 7125.638402630821,
      "beta_arc": -7.6159200972759615,
      "r2_arc": -2693435792.1091876,
      "predicted_alpha_arc": 4359.572201173197,
      "alpha_ratio_arc": 1.634481108195261,
      "residual_std": 233.40610208964404,
      "mean_hamming": 4137.643145161291,
      "mean_omc": 0.16684804736606537,
      "mean_arccos": 0.5817386220058707
    },
    {
      "layer": 39,
      "n_intermediate": 13696,
      "n_pairs": 496,
      "alpha_omc": 7020.969094646019,
      "beta_omc": 1891.58668842269,
      "r2_omc": 0.8854176392114474,
      "predicted_alpha_omc": 6848.0,
      "alpha_ratio_omc": 1.025258337419103,
      "alpha_arc": 4327.874622590729,
      "beta_arc": 540.4823398606628,
      "r2_arc": -1097931167.40756,
      "predicted_alpha_arc": 4359.572201173197,
      "alpha_ratio_arc": 0.9927291997655325,
      "residual_std": 156.9493663729576,
      "mean_hamming": 3520.171370967742,
      "mean_omc": 0.23196009846944962,
      "mean_arccos": 0.6884878354732452
    }
  ]
}