{
  "experiment": "exp1_procrustes",
  "model": "deepseek7b",
  "n_words": 64,
  "timestamp": "2026-04-29T22:55:57.936810",
  "results": [
    {
      "layer_pair": "L0->L1",
      "l1": 0,
      "l2": 1,
      "n_words": 64,
      "pca_dim": 50,
      "orth_error": 2.3197597175723415e-07,
      "det_R": 1.0000004768371582,
      "mean_fit_cos": 0.8243664605543017,
      "mean_fit_cos_random": 0.6366730285808444,
      "s_top5_ratio": 0.38819047808647156,
      "fit_vs_random_ratio": 1.2948034918203295,
      "singular_value_ratios": [
        1.0,
        0.302365779876709,
        0.23864193260669708,
        0.20231083035469055,
        0.19763390719890594,
        0.1726563423871994,
        0.1620202213525772,
        0.1278492659330368,
        0.1198921799659729,
        0.11213846504688263
      ]
    },
    {
      "layer_pair": "L1->L2",
      "l1": 1,
      "l2": 2,
      "n_words": 64,
      "pca_dim": 50,
      "orth_error": 2.4827543218092846e-07,
      "det_R": 0.9999995827674866,
      "mean_fit_cos": 0.8752315081655979,
      "mean_fit_cos_random": 0.586805525701493,
      "s_top5_ratio": 0.3303011953830719,
      "fit_vs_random_ratio": 1.4915188590279682,
      "singular_value_ratios": [
        1.0,
        0.21027915179729462,
        0.17287689447402954,
        0.14485183358192444,
        0.12349808216094971,
        0.11353685706853867,
        0.09812899678945541,
        0.09203613549470901,
        0.0788303017616272,
        0.0684710219502449
      ]
    },
    {
      "layer_pair": "L2->L3",
      "l1": 2,
      "l2": 3,
      "n_words": 64,
      "pca_dim": 50,
      "orth_error": 2.2713404387571885e-07,
      "det_R": 0.9999995827674866,
      "mean_fit_cos": 0.8947472749277949,
      "mean_fit_cos_random": 0.6719663897529244,
      "s_top5_ratio": 0.40563493967056274,
      "fit_vs_random_ratio": 1.3315357562106416,
      "singular_value_ratios": [
        1.0,
        0.30041390657424927,
        0.28132253885269165,
        0.23535332083702087,
        0.2110850214958191,
        0.1889200508594513,
        0.18022644519805908,
        0.16767670214176178,
        0.15313369035720825,
        0.13736434280872345
      ]
    },
    {
      "layer_pair": "L3->L4",
      "l1": 3,
      "l2": 4,
      "n_words": 64,
      "pca_dim": 50,
      "orth_error": 2.213812283771596e-07,
      "det_R": -0.9999996423721313,
      "mean_fit_cos": 0.9416976608335972,
      "mean_fit_cos_random": 0.6996659315191209,
      "s_top5_ratio": 0.43927496671676636,
      "fit_vs_random_ratio": 1.3459247026491268,
      "singular_value_ratios": [
        1.0,
        0.34775763750076294,
        0.32115739583969116,
        0.2663940191268921,
        0.2610659599304199,
        0.2388196885585785,
        0.19362773001194,
        0.17951682209968567,
        0.1704338788986206,
        0.15184836089611053
      ]
    },
    {
      "layer_pair": "L4->L5",
      "l1": 4,
      "l2": 5,
      "n_words": 64,
      "pca_dim": 50,
      "orth_error": 2.213682761377607e-07,
      "det_R": 0.9999994039535522,
      "mean_fit_cos": 0.9463253086432815,
      "mean_fit_cos_random": 0.7266394644975662,
      "s_top5_ratio": 0.4588887095451355,
      "fit_vs_random_ratio": 1.3023312865309575,
      "singular_value_ratios": [
        1.0,
        0.36935117840766907,
        0.3576875329017639,
        0.31574738025665283,
        0.2516574561595917,
        0.22466817498207092,
        0.21896681189537048,
        0.17176952958106995,
        0.15525643527507782,
        0.14910221099853516
      ]
    },
    {
      "layer_pair": "L5->L6",
      "l1": 5,
      "l2": 6,
      "n_words": 64,
      "pca_dim": 50,
      "orth_error": 2.3411477710722576e-07,
      "det_R": 0.9999997019767761,
      "mean_fit_cos": 0.944519660435617,
      "mean_fit_cos_random": 0.7128938756650314,
      "s_top5_ratio": 0.4962981343269348,
      "fit_vs_random_ratio": 1.3249092083369503,
      "singular_value_ratios": [
        1.0,
        0.435776025056839,
        0.4101528823375702,
        0.35019680857658386,
        0.2853647768497467,
        0.2587354779243469,
        0.25741907954216003,
        0.21288739144802094,
        0.19888301193714142,
        0.18203462660312653
      ]
    },
    {
      "layer_pair": "L6->L7",
      "l1": 6,
      "l2": 7,
      "n_words": 64,
      "pca_dim": 50,
      "orth_error": 2.5935106471486706e-07,
      "det_R": -0.9999996423721313,
      "mean_fit_cos": 0.9466077778488398,
      "mean_fit_cos_random": 0.747461961582303,
      "s_top5_ratio": 0.5334949493408203,
      "fit_vs_random_ratio": 1.2664293656428545,
      "singular_value_ratios": [
        1.0,
        0.4715854525566101,
        0.45879727602005005,
        0.38264304399490356,
        0.35444900393486023,
        0.3158903419971466,
        0.2969743609428406,
        0.2524591088294983,
        0.23570850491523743,
        0.20842353999614716
      ]
    },
    {
      "layer_pair": "L7->L8",
      "l1": 7,
      "l2": 8,
      "n_words": 64,
      "pca_dim": 50,
      "orth_error": 2.289195308476673e-07,
      "det_R": -0.9999998211860657,
      "mean_fit_cos": 0.9602710008621216,
      "mean_fit_cos_random": 0.7251302651129663,
      "s_top5_ratio": 0.5353564620018005,
      "fit_vs_random_ratio": 1.324273785086771,
      "singular_value_ratios": [
        1.0,
        0.5433383584022522,
        0.43991759419441223,
        0.3571489453315735,
        0.3363775312900543,
        0.2849982976913452,
        0.26763907074928284,
        0.2112068235874176,
        0.19134417176246643,
        0.1856045424938202
      ]
    },
    {
      "layer_pair": "L8->L9",
      "l1": 8,
      "l2": 9,
      "n_words": 64,
      "pca_dim": 50,
      "orth_error": 2.3845762732087175e-07,
      "det_R": 1.0,
      "mean_fit_cos": 0.9612607853487134,
      "mean_fit_cos_random": 0.7115312730893493,
      "s_top5_ratio": 0.5702093839645386,
      "fit_vs_random_ratio": 1.350974752206014,
      "singular_value_ratios": [
        1.0,
        0.590043842792511,
        0.47338348627090454,
        0.40355831384658813,
        0.3840615153312683,
        0.29545077681541443,
        0.27495288848876953,
        0.22272096574306488,
        0.2105109840631485,
        0.19807669520378113
      ]
    },
    {
      "layer_pair": "L9->L10",
      "l1": 9,
      "l2": 10,
      "n_words": 64,
      "pca_dim": 50,
      "orth_error": 2.0192314835142913e-07,
      "det_R": 0.9999999403953552,
      "mean_fit_cos": 0.9576715724542737,
      "mean_fit_cos_random": 0.7070326064713299,
      "s_top5_ratio": 0.5879493355751038,
      "fit_vs_random_ratio": 1.3544942110008715,
      "singular_value_ratios": [
        1.0,
        0.5832630395889282,
        0.49302318692207336,
        0.46471041440963745,
        0.3987497389316559,
        0.3261881172657013,
        0.2972606122493744,
        0.2404855340719223,
        0.2241600602865219,
        0.2205735594034195
      ]
    },
    {
      "layer_pair": "L10->L11",
      "l1": 10,
      "l2": 11,
      "n_words": 64,
      "pca_dim": 50,
      "orth_error": 2.4325075831692474e-07,
      "det_R": 0.999999463558197,
      "mean_fit_cos": 0.9692343585193157,
      "mean_fit_cos_random": 0.729025904671289,
      "s_top5_ratio": 0.5753325819969177,
      "fit_vs_random_ratio": 1.3294923435626536,
      "singular_value_ratios": [
        1.0,
        0.6133458614349365,
        0.46456751227378845,
        0.4138205349445343,
        0.38492920994758606,
        0.3434385657310486,
        0.2799812853336334,
        0.2730809152126312,
        0.2466810643672943,
        0.23743502795696259
      ]
    },
    {
      "layer_pair": "L11->L12",
      "l1": 11,
      "l2": 12,
      "n_words": 64,
      "pca_dim": 50,
      "orth_error": 2.653464851184924e-07,
      "det_R": 0.9999991655349731,
      "mean_fit_cos": 0.9730486078187823,
      "mean_fit_cos_random": 0.722611088771373,
      "s_top5_ratio": 0.5573282241821289,