{
  "config": {
    "root": "tempdata",
    "top_k": 128,
    "min_nouns": 100,
    "n_probe_files_discovered": 8,
    "n_ablation_files_discovered": 9,
    "n_mass_files_discovered": 29
  },
  "axis_stability": {
    "n_probe_files": 8,
    "top_k": 128,
    "dimensions": {
      "style": {
        "n_runs": 1,
        "set_jaccard_mean": 0.0,
        "set_jaccard_std": 0.0,
        "profile_cosine_mean": 0.9670029966002738,
        "profile_cosine_std": 0.03579055745259559,
        "dominant_layer_pattern_votes": {
          "27,25,26": 2,
          "27,5,23": 2,
          "27,5,25": 1,
          "27,25,5": 1,
          "27,5,4": 1,
          "27,25,23": 1
        }
      },
      "logic": {
        "n_runs": 1,
        "set_jaccard_mean": 0.0,
        "set_jaccard_std": 0.0,
        "profile_cosine_mean": 0.9987241026250298,
        "profile_cosine_std": 0.0012314730755754303,
        "dominant_layer_pattern_votes": {
          "25,27,23": 4,
          "27,25,26": 2,
          "25,23,27": 2
        }
      },
      "syntax": {
        "n_runs": 1,
        "set_jaccard_mean": 0.0,
        "set_jaccard_std": 0.0,
        "profile_cosine_mean": 0.9530370953217622,
        "profile_cosine_std": 0.054008239743969545,
        "dominant_layer_pattern_votes": {
          "27,9,5": 3,
          "27,9,22": 2,
          "27,9,4": 2,
          "27,1,9": 1
        }
      }
    }
  },
  "causal_separation": {
    "n_ablation_files": 9,
    "diagonal_advantage": {
      "style": {
        "n_runs": 9,
        "mean": 0.015749982328884686,
        "std": 0.014635992394217175,
        "min": -0.004664565565885362,
        "max": 0.037085175222715976,
        "positive_ratio": 0.7777777777777778
      },
      "logic": {
        "n_runs": 9,
        "mean": 0.036609704439387915,
        "std": 0.00881680669908733,
        "min": 0.02039158606571613,
        "max": 0.04629907286487248,
        "positive_ratio": 1.0
      },
      "syntax": {
        "n_runs": 9,
        "mean": 0.0040939438184247265,
        "std": 0.005943179963169349,
        "min": 0.0,
        "max": 0.016618908118930686,
        "positive_ratio": 0.4444444444444444
      }
    }
  },
  "concept_hierarchy": {
    "n_mass_files_used": 23,
    "min_nouns_filter": 100,
    "pair_overlap": {
      "apple__banana": {
        "n_runs": 23,
        "jaccard_mean": 0.0,
        "jaccard_std": 0.0
      },
      "apple__cat": {
        "n_runs": 23,
        "jaccard_mean": 0.0,
        "jaccard_std": 0.0
      },
      "apple__king": {
        "n_runs": 17,
        "jaccard_mean": 0.0,
        "jaccard_std": 0.0
      },
      "king__queen": {
        "n_runs": 17,
        "jaccard_mean": 0.0958904109589041,
        "jaccard_std": 0.0
      },
      "cat__dog": {
        "n_runs": 23,
        "jaccard_mean": 0.05482577860006167,
        "jaccard_std": 0.02037913230274631
      }
    },
    "concept_category_shared_specific": {
      "apple__fruit": {
        "n_runs": 23,
        "shared_ratio_mean": 0.04746376811594203,
        "specific_ratio_mean": 0.9525362318840579
      },
      "apple__food": {
        "n_runs": 17,
        "shared_ratio_mean": 0.0,
        "specific_ratio_mean": 1.0
      },
      "cat__animal": {
        "n_runs": 23,
        "shared_ratio_mean": 0.07210144927536231,
        "specific_ratio_mean": 0.9278985507246377
      },
      "king__human": {
        "n_runs": 17,
        "shared_ratio_mean": 0.0,
        "specific_ratio_mean": 1.0
      },
      "queen__human": {
        "n_runs": 17,
        "shared_ratio_mean": 0.0,
        "specific_ratio_mean": 1.0
      }
    },
    "finite_basis_indicators": {
      "participation_ratio_mean": 11.27138828876794,
      "participation_ratio_std": 2.2853455492578143,
      "top1_energy_ratio_mean": 0.2721081374092924,
      "top5_energy_ratio_mean": 0.47097056868402853,
      "reused_neuron_ratio_mean": 0.000226230694980695,
      "reused_neuron_ratio_std": 0.0
    }
  },
  "hypothesis_test": {
    "hypotheses": [
      {
        "id": "H1_finite_basis_plus_composition",
        "pass": true,
        "rule": "PR>0 and top5_energy>top1_energy"
      },
      {
        "id": "H2_causal_axis_separable",
        "pass": true,
        "rule": "all diagonal_advantage_mean > 0"
      },
      {
        "id": "H3_semantic_hierarchy_consistent",
        "pass": false,
        "rule": "J(apple,banana) > J(apple,cat)"
      },
      {
        "id": "H4_axis_layer_profile_stable",
        "pass": true,
        "rule": "all profile_cosine_mean > 0.4"
      }
    ],
    "pass_ratio": 0.75
  }
}