{
  "model": "deepseek7b",
  "n_layers": 28,
  "n_heads": 28,
  "d_model": 3584,
  "sample_layers": [
    0,
    7,
    14,
    21,
    27
  ],
  "P875_activation_density": {
    "L0": {
      "syntax": {
        "active_ratio_mean": 0.9195347691441441,
        "active_ratio_std": 0.005276134879362749,
        "mean_act_intensity": 1.3100210030873616
      },
      "semantic": {
        "active_ratio_mean": 0.923828125,
        "active_ratio_std": 0.0016781558301754405,
        "mean_act_intensity": 1.3166045149167378
      },
      "polarity": {
        "active_ratio_mean": 0.922877956081081,
        "active_ratio_std": 0.0041874118572168256,
        "mean_act_intensity": 1.3207613031069438
      }
    },
    "L7": {
      "syntax": {
        "active_ratio_mean": 0.9586676520270269,
        "active_ratio_std": 0.003664306199674834,
        "mean_act_intensity": 0.7506928344567617
      },
      "semantic": {
        "active_ratio_mean": 0.9655123873873874,
        "active_ratio_std": 0.004683569698129995,
        "mean_act_intensity": 0.753824790318807
      },
      "polarity": {
        "active_ratio_mean": 0.9689611486486487,
        "active_ratio_std": 0.0038547883148612595,
        "mean_act_intensity": 0.7471972405910492
      }
    },
    "L14": {
      "syntax": {
        "active_ratio_mean": 0.9680285754504506,
        "active_ratio_std": 0.0004527266445054964,
        "mean_act_intensity": 0.6425047616163889
      },
      "semantic": {
        "active_ratio_mean": 0.9689435529279279,
        "active_ratio_std": 0.00025979770305872065,
        "mean_act_intensity": 0.634014497200648
      },
      "polarity": {
        "active_ratio_mean": 0.965406813063063,
        "active_ratio_std": 0.003297214587959329,
        "mean_act_intensity": 0.6750108400980631
      }
    },
    "L21": {
      "syntax": {
        "active_ratio_mean": 0.9612190315315315,
        "active_ratio_std": 0.004818850827209295,
        "mean_act_intensity": 1.027179052432378
      },
      "semantic": {
        "active_ratio_mean": 0.9648261542792792,
        "active_ratio_std": 0.0016694621013696681,
        "mean_act_intensity": 1.0169593592484791
      },
      "polarity": {
        "active_ratio_mean": 0.961817286036036,
        "active_ratio_std": 0.0021611957853384435,
        "mean_act_intensity": 1.079079508781433
      }
    },
    "L27": {
      "syntax": {
        "active_ratio_mean": 0.9780933277027026,
        "active_ratio_std": 0.0060135676349390215,
        "mean_act_intensity": 4.678583701451619
      },
      "semantic": {
        "active_ratio_mean": 0.9731137387387387,
        "active_ratio_std": 0.005128118775038231,
        "mean_act_intensity": 4.751369913419087
      },
      "polarity": {
        "active_ratio_mean": 0.9809262387387387,
        "active_ratio_std": 0.0049788738921682845,
        "mean_act_intensity": 4.978211998939514
      }
    }
  },
  "P876_plasticity_budget": {
    "L0": {
      "syntax": {
        "p_attn_mean": 0.509225606918335,
        "p_ffn_mean": 0.49077439804871875,
        "p_attn_std": 0.043112957202543906
      },
      "semantic": {
        "p_attn_mean": 0.5511363744735718,
        "p_ffn_mean": 0.4488636354605357,
        "p_attn_std": 0.014716771441333742
      },
      "polarity": {
        "p_attn_mean": 0.5089316765467325,
        "p_ffn_mean": 0.4910683383544286,
        "p_attn_std": 0.01492417120480767
      }
    },
    "L7": {
      "syntax": {
        "p_attn_mean": 0.3276347716649373,
        "p_ffn_mean": 0.6723652482032776,
        "p_attn_std": 0.034569806193402115
      },
      "semantic": {
        "p_attn_mean": 0.3014511813720067,
        "p_ffn_mean": 0.6985488136609396,
        "p_attn_std": 0.050891526547660895
      },
      "polarity": {
        "p_attn_mean": 0.30381711820761365,
        "p_ffn_mean": 0.6961828867594401,
        "p_attn_std": 0.02220208140008232
      }
    },
    "L14": {
      "syntax": {
        "p_attn_mean": 0.3984256237745285,
        "p_ffn_mean": 0.6015743811925253,
        "p_attn_std": 0.015011327838036373
      },
      "semantic": {
        "p_attn_mean": 0.396023025115331,
        "p_ffn_mean": 0.603976974884669,
        "p_attn_std": 0.02527053266910071
      },
      "polarity": {
        "p_attn_mean": 0.38571297625700635,
        "p_ffn_mean": 0.6142870485782623,
        "p_attn_std": 0.024455959533494047
      }
    },
    "L21": {
      "syntax": {
        "p_attn_mean": 0.3596562792857488,
        "p_ffn_mean": 0.6403437256813049,
        "p_attn_std": 0.01077614392395703
      },
      "semantic": {
        "p_attn_mean": 0.36576248705387115,
        "p_ffn_mean": 0.6342375079790751,
        "p_attn_std": 0.017801970103859924
      },
      "polarity": {
        "p_attn_mean": 0.35795322557290393,
        "p_ffn_mean": 0.6420467793941498,
        "p_attn_std": 0.01066941452826799
      }
    },
    "L27": {
      "syntax": {
        "p_attn_mean": 0.49570342153310776,
        "p_ffn_mean": 0.504296583433946,
        "p_attn_std": 0.24100378807098707
      },
      "semantic": {
        "p_attn_mean": 0.34440355747938156,
        "p_ffn_mean": 0.6555964599053065,
        "p_attn_std": 0.07041761789717581
      },
      "polarity": {
        "p_attn_mean": 0.5059311091899872,
        "p_ffn_mean": 0.4940689106782277,
        "p_attn_std": 0.15996530927587715
      }
    }
  },
  "P877_fiber_flow": {
    "L0": {
      "syntax": {
        "f_preserve_mean": 0.12282777701814969,
        "f_modify_mean": 3.635110775629679,
        "f_preserve_std": 0.009692972077845816
      },
      "semantic": {
        "f_preserve_mean": 0.12837703277667364,
        "f_modify_mean": 3.881066640218099,
        "f_preserve_std": 0.023080518534230928
      },
      "polarity": {
        "f_preserve_mean": 0.1548899548749129,
        "f_modify_mean": 3.757994532585144,
        "f_preserve_std": 0.026371359643344163
      }
    },
    "L7": {
      "syntax": {
        "f_preserve_mean": 0.754718154668808,
        "f_modify_mean": 4.268789728482564,
        "f_preserve_std": 0.009535427881694843
      },
      "semantic": {
        "f_preserve_mean": 0.7661306957403818,
        "f_modify_mean": 4.729412078857422,
        "f_preserve_std": 0.014691319120756913
      },
      "polarity": {
        "f_preserve_mean": 0.7553088963031769,
        "f_modify_mean": 4.241825024286906,
        "f_preserve_std": 0.0164182199198918
      }
    },
    "L14": {
      "syntax": {
        "f_preserve_mean": 0.708560436964035,
        "f_modify_mean": 4.690154790878296,
        "f_preserve_std": 0.011562796842565188
      },
      "semantic": {
        "f_preserve_mean": 0.7108459969361623,
        "f_modify_mean": 5.144128719965617,
        "f_preserve_std": 0.013469744741261499
      },
      "polarity": {
        "f_preserve_mean": 0.6898320913314819,
        "f_modify_mean": 4.782691399256389,
        "f_preserve_std": 0.02703989759529391
      }
    },
    "L21": {
      "syntax": {
        "f_preserve_mean": 0.6433349351088206,
        "f_modify_mean": 9.762239774068197,
        "f_preserve_std": 0.04363242839975897
      },
      "semantic": {
        "f_preserve_mean": 0.6404998699824015,
        "f_modify_mean": 9.794169902801514,
        "f_preserve_std": 0.018134706930346692
      },
      "polarity": {
        "f_preserve_mean": 0.6641898055871328,
        "f_modify_mean": 9.844101587931315,
        "f_preserve_std": 0.046838077343009404
      }
    },
    "L27": {
      "syntax": {
        "f_preserve_mean": 0.2756919438640277,
        "f_modify_mean": 29.359587987263996,
        "f_preserve_std": 0.07118701258275807
      },
      "semantic": {
        "f_preserve_mean": 0.29257738838593167,
        "f_modify_mean": 27.51696793238322,
        "f_preserve_std": 0.0575449528878658
      },
      "polarity": {
        "f_preserve_mean": 0.2809532781442006,
        "f_modify_mean": 29.33127276102702,
        "f_preserve_std": 0.013515709028699531
      }
    }
  }
}