{
  "model": "glm4",
  "n_layers": 40,
  "n_heads": 32,
  "d_model": 4096,
  "sample_layers": [
    0,
    10,
    20,
    30,
    39
  ],
  "P875_activation_density": {
    "L0": {
      "syntax": {
        "active_ratio_mean": 0.9385100272585669,
        "active_ratio_std": 0.002860673557033295,
        "mean_act_intensity": 0.22413008163372675
      },
      "semantic": {
        "active_ratio_mean": 0.9326810747663551,
        "active_ratio_std": 0.01034263612835399,
        "mean_act_intensity": 0.2571877563993136
      },
      "polarity": {
        "active_ratio_mean": 0.9308678933021807,
        "active_ratio_std": 0.011464880185685148,
        "mean_act_intensity": 0.18622859567403793
      }
    },
    "L10": {
      "syntax": {
        "active_ratio_mean": 0.957542348130841,
        "active_ratio_std": 0.002999949285914262,
        "mean_act_intensity": 0.5617216676473618
      },
      "semantic": {
        "active_ratio_mean": 0.9596597546728972,
        "active_ratio_std": 0.0035815342257981627,
        "mean_act_intensity": 0.5602120459079742
      },
      "polarity": {
        "active_ratio_mean": 0.9627385124610592,
        "active_ratio_std": 0.0015409052750772786,
        "mean_act_intensity": 0.5855799913406372
      }
    },
    "L20": {
      "syntax": {
        "active_ratio_mean": 0.9394227024922118,
        "active_ratio_std": 0.004921666017019466,
        "mean_act_intensity": 0.5905256370703379
      },
      "semantic": {
        "active_ratio_mean": 0.9448987538940811,
        "active_ratio_std": 0.004566960560094048,
        "mean_act_intensity": 0.5838772356510162
      },
      "polarity": {
        "active_ratio_mean": 0.9413210669781931,
        "active_ratio_std": 0.0009318628173226473,
        "mean_act_intensity": 0.5870874722798666
      }
    },
    "L30": {
      "syntax": {
        "active_ratio_mean": 0.9191734813084111,
        "active_ratio_std": 0.003477568108676912,
        "mean_act_intensity": 1.007110098997752
      },
      "semantic": {
        "active_ratio_mean": 0.9243453076323987,
        "active_ratio_std": 0.006818725828920241,
        "mean_act_intensity": 1.0468623737494152
      },
      "polarity": {
        "active_ratio_mean": 0.9120667834890966,
        "active_ratio_std": 0.010576550988984582,
        "mean_act_intensity": 0.8924606243769327
      }
    },
    "L39": {
      "syntax": {
        "active_ratio_mean": 0.7354702102803738,
        "active_ratio_std": 0.019621150585402942,
        "mean_act_intensity": 2.5734363794326782
      },
      "semantic": {
        "active_ratio_mean": 0.7432583722741434,
        "active_ratio_std": 0.025401889691637817,
        "mean_act_intensity": 2.56780739625295
      },
      "polarity": {
        "active_ratio_mean": 0.7111322040498442,
        "active_ratio_std": 0.02876618494891357,
        "mean_act_intensity": 2.394722819328308
      }
    }
  },
  "P876_plasticity_budget": {
    "L0": {
      "syntax": {
        "p_attn_mean": 0.29096132268508273,
        "p_ffn_mean": 0.7090386847654978,
        "p_attn_std": 0.07190044079039533
      },
      "semantic": {
        "p_attn_mean": 0.2656787186861038,
        "p_ffn_mean": 0.7343212763468424,
        "p_attn_std": 0.05872742985638263
      },
      "polarity": {
        "p_attn_mean": 0.34872623533010483,
        "p_ffn_mean": 0.6512737770875295,
        "p_attn_std": 0.14534902004969358
      }
    },
    "L10": {
      "syntax": {
        "p_attn_mean": 0.3360684812068939,
        "p_ffn_mean": 0.6639315187931061,
        "p_attn_std": 0.009476822534638524
      },
      "semantic": {
        "p_attn_mean": 0.3168959418932597,
        "p_ffn_mean": 0.683104028304418,
        "p_attn_std": 0.021088301022853858
      },
      "polarity": {
        "p_attn_mean": 0.35145770013332367,
        "p_ffn_mean": 0.6485423048337301,
        "p_attn_std": 0.01402059330447955
      }
    },
    "L20": {
      "syntax": {
        "p_attn_mean": 0.2630865275859833,
        "p_ffn_mean": 0.7369134624799093,
        "p_attn_std": 0.01400443273184548
      },
      "semantic": {
        "p_attn_mean": 0.2589837908744812,
        "p_ffn_mean": 0.7410162091255188,
        "p_attn_std": 0.022037525206290355
      },
      "polarity": {
        "p_attn_mean": 0.2653307815392812,
        "p_ffn_mean": 0.7346692184607188,
        "p_attn_std": 0.012059321827920194
      }
    },
    "L30": {
      "syntax": {
        "p_attn_mean": 0.29205916325251263,
        "p_ffn_mean": 0.7079408168792725,
        "p_attn_std": 0.011436375697583746
      },
      "semantic": {
        "p_attn_mean": 0.25376254816850025,
        "p_ffn_mean": 0.7462374369303385,
        "p_attn_std": 0.02831117398345601
      },
      "polarity": {
        "p_attn_mean": 0.2955228288968404,
        "p_ffn_mean": 0.7044771711031595,
        "p_attn_std": 0.01743614762917778
      }
    },
    "L39": {
      "syntax": {
        "p_attn_mean": 0.1200139323870341,
        "p_ffn_mean": 0.8799860775470734,
        "p_attn_std": 0.006421707758808576
      },
      "semantic": {
        "p_attn_mean": 0.14972267796595892,
        "p_ffn_mean": 0.8502773145834605,
        "p_attn_std": 0.026423101405033875
      },
      "polarity": {
        "p_attn_mean": 0.12745298569401106,
        "p_ffn_mean": 0.8725470304489136,
        "p_attn_std": 0.012779147795771493
      }
    }
  },
  "P877_fiber_flow": {
    "L0": {
      "syntax": {
        "f_preserve_mean": 0.05012006056495011,
        "f_modify_mean": 1.0027063985665639,
        "f_preserve_std": 0.03580936036686193
      },
      "semantic": {
        "f_preserve_mean": 0.027448363912602265,
        "f_modify_mean": 1.0046529571215312,
        "f_preserve_std": 0.01458955789527881
      },
      "polarity": {
        "f_preserve_mean": 0.06498849345371127,
        "f_modify_mean": 1.0016922851403554,
        "f_preserve_std": 0.06260982144663627
      }
    },
    "L10": {
      "syntax": {
        "f_preserve_mean": 0.8507819076379141,
        "f_modify_mean": 0.9189001123110453,
        "f_preserve_std": 0.006552402580149303
      },
      "semantic": {
        "f_preserve_mean": 0.8425145248572031,
        "f_modify_mean": 0.9050816198190054,
        "f_preserve_std": 0.01859471299252834
      },
      "polarity": {
        "f_preserve_mean": 0.85374715924263,
        "f_modify_mean": 0.9152215123176575,
        "f_preserve_std": 0.011781601627255538
      }
    },
    "L20": {
      "syntax": {
        "f_preserve_mean": 0.8223889867464701,
        "f_modify_mean": 0.8146975040435791,
        "f_preserve_std": 0.010207923411925354
      },
      "semantic": {
        "f_preserve_mean": 0.8186145027478536,
        "f_modify_mean": 0.7999069492022196,
        "f_preserve_std": 0.006169928027423029
      },
      "polarity": {
        "f_preserve_mean": 0.827530155579249,
        "f_modify_mean": 0.8016801178455353,
        "f_preserve_std": 0.015001523353764938
      }
    },
    "L30": {
      "syntax": {
        "f_preserve_mean": 0.7470150887966156,
        "f_modify_mean": 0.7149212261041006,
        "f_preserve_std": 0.0095771648836997
      },
      "semantic": {
        "f_preserve_mean": 0.7364043792088827,
        "f_modify_mean": 0.7358444035053253,
        "f_preserve_std": 0.0283819601388595
      },
      "polarity": {
        "f_preserve_mean": 0.7034020125865936,
        "f_modify_mean": 0.7867587705453237,
        "f_preserve_std": 0.033816343922928156
      }
    },
    "L39": {
      "syntax": {
        "f_preserve_mean": 0.7562133967876434,
        "f_modify_mean": 3.461536924044291,
        "f_preserve_std": 0.023147337986502304
      },
      "semantic": {
        "f_preserve_mean": 0.7694905996322632,
        "f_modify_mean": 3.0721584955851235,
        "f_preserve_std": 0.020353260204434037
      },
      "polarity": {
        "f_preserve_mean": 0.7497226993242899,
        "f_modify_mean": 3.694287737210592,