{
  "model": "qwen3",
  "n_layers": 36,
  "n_heads": 32,
  "d_model": 2560,
  "sample_layers": [
    0,
    9,
    18,
    27,
    35
  ],
  "P875_activation_density": {
    "L0": {
      "syntax": {
        "active_ratio_mean": 0.9510690789473685,
        "active_ratio_std": 0.003537140323619507,
        "mean_act_intensity": 0.21871711810429892
      },
      "semantic": {
        "active_ratio_mean": 0.9540844298245613,
        "active_ratio_std": 0.001157945809259605,
        "mean_act_intensity": 0.22779610008001328
      },
      "polarity": {
        "active_ratio_mean": 0.9386650219298245,
        "active_ratio_std": 0.01687741587940694,
        "mean_act_intensity": 0.21755004425843558
      }
    },
    "L9": {
      "syntax": {
        "active_ratio_mean": 0.9809484649122807,
        "active_ratio_std": 0.001681447936730442,
        "mean_act_intensity": 1.425344447294871
      },
      "semantic": {
        "active_ratio_mean": 0.9814624451754387,
        "active_ratio_std": 0.00131732338176679,
        "mean_act_intensity": 1.5834525624910991
      },
      "polarity": {
        "active_ratio_mean": 0.9821134868421053,
        "active_ratio_std": 0.0023990640164767464,
        "mean_act_intensity": 1.383143703142802
      }
    },
    "L18": {
      "syntax": {
        "active_ratio_mean": 0.9648094846491228,
        "active_ratio_std": 0.0021105898566932736,
        "mean_act_intensity": 0.6003628273804983
      },
      "semantic": {
        "active_ratio_mean": 0.9652549342105262,
        "active_ratio_std": 0.0019194714328619451,
        "mean_act_intensity": 0.6273184716701508
      },
      "polarity": {
        "active_ratio_mean": 0.9622738486842106,
        "active_ratio_std": 0.001676552881404226,
        "mean_act_intensity": 0.6276539166768392
      }
    },
    "L27": {
      "syntax": {
        "active_ratio_mean": 0.970703125,
        "active_ratio_std": 0.005869885636794993,
        "mean_act_intensity": 1.2822208007176716
      },
      "semantic": {
        "active_ratio_mean": 0.9710115131578947,
        "active_ratio_std": 0.0028051584344704022,
        "mean_act_intensity": 1.2073851426442463
      },
      "polarity": {
        "active_ratio_mean": 0.9717996162280702,
        "active_ratio_std": 0.004968594032170372,
        "mean_act_intensity": 1.302061418692271
      }
    },
    "L35": {
      "syntax": {
        "active_ratio_mean": 0.912109375,
        "active_ratio_std": 0.001492018986915885,
        "mean_act_intensity": 1.9493979811668396
      },
      "semantic": {
        "active_ratio_mean": 0.926295230263158,
        "active_ratio_std": 0.012900256141090442,
        "mean_act_intensity": 1.9359139204025269
      },
      "polarity": {
        "active_ratio_mean": 0.9116981907894736,
        "active_ratio_std": 0.011134604721507582,
        "mean_act_intensity": 1.987331469853719
      }
    }
  },
  "P876_plasticity_budget": {
    "L0": {
      "syntax": {
        "p_attn_mean": 0.29757771641016006,
        "p_ffn_mean": 0.7024222413698832,
        "p_attn_std": 0.03745012518855377
      },
      "semantic": {
        "p_attn_mean": 0.28333379576603573,
        "p_ffn_mean": 0.7166662017504374,
        "p_attn_std": 0.02554052684053411
      },
      "polarity": {
        "p_attn_mean": 0.2890265037616094,
        "p_ffn_mean": 0.7109735012054443,
        "p_attn_std": 0.034392574840002306
      }
    },
    "L9": {
      "syntax": {
        "p_attn_mean": 0.2551515946785609,
        "p_ffn_mean": 0.7448484102884928,
        "p_attn_std": 0.01701758164014031
      },
      "semantic": {
        "p_attn_mean": 0.21214783191680908,
        "p_ffn_mean": 0.7878521680831909,
        "p_attn_std": 0.029212245950276147
      },
      "polarity": {
        "p_attn_mean": 0.2458034579952558,
        "p_ffn_mean": 0.7541965544223785,
        "p_attn_std": 0.03120415288403891
      }
    },
    "L18": {
      "syntax": {
        "p_attn_mean": 0.3664223899443944,
        "p_ffn_mean": 0.6335776050885519,
        "p_attn_std": 0.009256222852764511
      },
      "semantic": {
        "p_attn_mean": 0.37968388199806213,
        "p_ffn_mean": 0.6203161378701528,
        "p_attn_std": 0.00832553694548377
      },
      "polarity": {
        "p_attn_mean": 0.3935994704564412,
        "p_ffn_mean": 0.6064005394776663,
        "p_attn_std": 0.02044983614903643
      }
    },
    "L27": {
      "syntax": {
        "p_attn_mean": 0.23980353027582169,
        "p_ffn_mean": 0.7601964672406515,
        "p_attn_std": 0.0327708663153613
      },
      "semantic": {
        "p_attn_mean": 0.24670185148715973,
        "p_ffn_mean": 0.753298153479894,
        "p_attn_std": 0.03076719535775618
      },
      "polarity": {
        "p_attn_mean": 0.18698719640572867,
        "p_ffn_mean": 0.8130127986272176,
        "p_attn_std": 0.05701394857216566
      }
    },
    "L35": {
      "syntax": {
        "p_attn_mean": 0.24067733685175577,
        "p_ffn_mean": 0.7593226532141367,
        "p_attn_std": 0.01709917682437397
      },
      "semantic": {
        "p_attn_mean": 0.2344733327627182,
        "p_ffn_mean": 0.765526662270228,
        "p_attn_std": 0.0316627644698962
      },
      "polarity": {
        "p_attn_mean": 0.2241378352046013,
        "p_ffn_mean": 0.7758621871471405,
        "p_attn_std": 0.014600938969180547
      }
    }
  },
  "P877_fiber_flow": {
    "L0": {
      "syntax": {
        "f_preserve_mean": 0.12722418208916983,
        "f_modify_mean": 7.13738481203715,
        "f_preserve_std": 0.03802396336714474
      },
      "semantic": {
        "f_preserve_mean": 0.14303925012548765,
        "f_modify_mean": 7.514987866083781,
        "f_preserve_std": 0.022670898691919614
      },
      "polarity": {
        "f_preserve_mean": 0.10313909376660983,
        "f_modify_mean": 7.203812678654988,
        "f_preserve_std": 0.020405627573460622
      }
    },
    "L9": {
      "syntax": {
        "f_preserve_mean": 0.7950263619422913,
        "f_modify_mean": 1.8489731947580974,
        "f_preserve_std": 0.012630531208136932
      },
      "semantic": {
        "f_preserve_mean": 0.7916566332181295,
        "f_modify_mean": 1.7446422974268596,
        "f_preserve_std": 0.01986359879708155
      },
      "polarity": {
        "f_preserve_mean": 0.7829547027746836,
        "f_modify_mean": 1.9065002997716267,
        "f_preserve_std": 0.018364078051758614
      }
    },
    "L18": {
      "syntax": {
        "f_preserve_mean": 0.6968054374059042,
        "f_modify_mean": 1.7125302354494731,
        "f_preserve_std": 0.008900137656438873
      },
      "semantic": {
        "f_preserve_mean": 0.7015446722507477,
        "f_modify_mean": 1.7378507057825725,
        "f_preserve_std": 0.009999636702687874
      },
      "polarity": {
        "f_preserve_mean": 0.708745926618576,
        "f_modify_mean": 1.8855512340863545,
        "f_preserve_std": 0.01244837821142251
      }
    },
    "L27": {
      "syntax": {
        "f_preserve_mean": 0.7907108763853709,
        "f_modify_mean": 1.5899471044540405,
        "f_preserve_std": 0.010554283423979158
      },
      "semantic": {
        "f_preserve_mean": 0.7735404173533121,
        "f_modify_mean": 1.5685713092486064,
        "f_preserve_std": 0.005544362246550262
      },
      "polarity": {
        "f_preserve_mean": 0.8061544398466746,
        "f_modify_mean": 1.6802960435549419,
        "f_preserve_std": 0.012754603423313537
      }
    },
    "L35": {
      "syntax": {
        "f_preserve_mean": 0.5680668652057648,
        "f_modify_mean": 4.506067236264546,
        "f_preserve_std": 0.006314956315925108
      },
      "semantic": {
        "f_preserve_mean": 0.5789939860502878,
        "f_modify_mean": 3.848079959551493,
        "f_preserve_std": 0.03140000326376798
      },
      "polarity": {
        "f_preserve_mean": 0.5641147295633951,
        "f_modify_mean": 4.2063751220703125,
        "f_preserve_std": 0.021313465009733225
      }
    }
  }
}