{
  "model": "Qwen3-4B",
  "results": {
    "4": {
      "layer": 4,
      "activation_norm": 18.719335556030273,
      "jacobian": 1.1002470254898071,
      "abs_hess_eps0.01": 4.9205410595138845,
      "rel_hess_eps0.01": 3.755457739365174,
      "kappa_eps0.01": 4.472214825462618,
      "kappa_norm_eps0.01": 0.23890884438994112,
      "rel_curv_eps0.01": 3.755457739365174,
      "abs_hess_eps0.05": 0.24791417989351416,
      "rel_hess_eps0.05": 0.1877136718438912,
      "kappa_eps0.05": 0.22532592602158166,
      "kappa_norm_eps0.05": 0.012037068588569169,
      "rel_curv_eps0.05": 0.1877136718438912,
      "abs_hess_eps0.1": 0.09538138459297735,
      "rel_hess_eps0.1": 0.07217322745408948,
      "kappa_eps0.1": 0.08669088156984242,
      "kappa_norm_eps0.1": 0.004631087535660559,
      "rel_curv_eps0.1": 0.07217322745408948,
      "abs_hess_eps0.2": 0.07850831130942211,
      "rel_hess_eps0.2": 0.05887361862149463,
      "kappa_eps0.2": 0.07135516796088254,
      "kappa_norm_eps0.2": 0.0038118429869972016,
      "rel_curv_eps0.2": 0.05887361862149463
    },
    "9": {
      "layer": 9,
      "activation_norm": 42.44724655151367,
      "jacobian": 0.9749447703361511,
      "abs_hess_eps0.01": 1.945217289121069,
      "rel_hess_eps0.01": 1.881362694909501,
      "kappa_eps0.01": 1.9952076754572026,
      "kappa_norm_eps0.01": 0.04700440753044211,
      "rel_curv_eps0.01": 1.881362694909501,
      "abs_hess_eps0.05": 0.09472551448302435,
      "rel_hess_eps0.05": 0.0916263420934833,
      "kappa_eps0.05": 0.09715987751864956,
      "kappa_norm_eps0.05": 0.0022889559491334295,
      "rel_curv_eps0.05": 0.0916263420934833,
      "abs_hess_eps0.1": 0.04362709054596677,
      "rel_hess_eps0.1": 0.0421135408369297,
      "kappa_eps0.1": 0.04474826869059441,
      "kappa_norm_eps0.1": 0.001054208984702525,
      "rel_curv_eps0.1": 0.0421135408369297,
      "abs_hess_eps0.2": 0.036736806056446074,
      "rel_hess_eps0.2": 0.03542806930465466,
      "kappa_eps0.2": 0.03768090990427232,
      "kappa_norm_eps0.2": 0.000887711523489616,
      "rel_curv_eps0.2": 0.03542806930465466
    },
    "18": {
      "layer": 18,
      "activation_norm": 57.50086212158203,
      "jacobian": 1.0255159139633179,
      "abs_hess_eps0.01": 1.2269957815620378,
      "rel_hess_eps0.01": 1.1471185496557375,
      "kappa_eps0.01": 1.1964668365802464,
      "kappa_norm_eps0.01": 0.02080780691684779,
      "rel_curv_eps0.01": 1.1471185496557375,
      "abs_hess_eps0.05": 0.06125878929540929,
      "rel_hess_eps0.05": 0.0572912963150791,
      "kappa_eps0.05": 0.059734606216580874,
      "kappa_norm_eps0.05": 0.0010388471409380235,
      "rel_curv_eps0.05": 0.0572912963150791,
      "abs_hess_eps0.1": 0.029568380254400766,
      "rel_hess_eps0.1": 0.027658858132248543,
      "kappa_eps0.1": 0.028832687868532814,
      "kappa_norm_eps0.1": 0.0005014305317286848,
      "rel_curv_eps0.1": 0.027658858132248543,
      "abs_hess_eps0.2": 0.025375143768801622,
      "rel_hess_eps0.2": 0.023735807656432472,
      "kappa_eps0.2": 0.024743783515030756,
      "kappa_norm_eps0.2": 0.0004303202178546213,
      "rel_curv_eps0.2": 0.023735807656432472
    },
    "27": {
      "layer": 27,
      "activation_norm": 165.54537963867188,
      "jacobian": 1.0606831312179565,
      "abs_hess_eps0.01": 0.3149859689743997,
      "rel_hess_eps0.01": 0.2843237723954196,
      "kappa_eps0.01": 0.2969651912753741,
      "kappa_norm_eps0.01": 0.0017938597375738703,
      "rel_curv_eps0.01": 0.2843237723954196,
      "abs_hess_eps0.05": 0.01665780829515773,
      "rel_hess_eps0.05": 0.015032567641271593,
      "kappa_eps0.05": 0.015704792320454363,
      "kappa_norm_eps0.05": 9.486699269241455e-05,
      "rel_curv_eps0.05": 0.015032567641271593,
      "abs_hess_eps0.1": 0.007137845344113627,
      "rel_hess_eps0.1": 0.006441971816915634,
      "kappa_eps0.1": 0.006729479458435872,
      "kappa_norm_eps0.1": 4.065036108600509e-05,
      "rel_curv_eps0.1": 0.006441971816915634,
      "abs_hess_eps0.2": 0.005712842601730449,
      "rel_hess_eps0.2": 0.005154528143075942,
      "kappa_eps0.2": 0.00538600307014587,
      "kappa_norm_eps0.2": 3.253490421719043e-05,
      "rel_curv_eps0.2": 0.005154528143075942
    },
    "34": {
      "layer": 34,
      "activation_norm": 446.327880859375,
      "jacobian": 1.122222900390625,
      "abs_hess_eps0.01": 0.14111858032830207,
      "rel_hess_eps0.01": 0.1071619173891092,
      "kappa_eps0.01": 0.1257491539930315,
      "kappa_norm_eps0.01": 0.0002817416508932438,
      "rel_curv_eps0.01": 0.1071619173891092,
      "abs_hess_eps0.05": 0.007532974908959191,
      "rel_hess_eps0.05": 0.005720554361837151,
      "kappa_eps0.05": 0.006712547842024831,
      "kappa_norm_eps0.05": 1.5039499278196014e-05,
      "rel_curv_eps0.05": 0.005720554361837151,
      "abs_hess_eps0.1": 0.00293799215862177,
      "rel_hess_eps0.1": 0.002232290238365657,
      "kappa_eps0.1": 0.002618011232293788,
      "kappa_norm_eps0.1": 5.865668143456315e-06,
      "rel_curv_eps0.1": 0.002232290238365657,
      "abs_hess_eps0.2": 0.002447153663804114,
      "rel_hess_eps0.2": 0.001859939921888162,
      "kappa_eps0.2": 0.0021806306596793223,
      "kappa_norm_eps0.2": 4.885714635348733e-06,
      "rel_curv_eps0.2": 0.001859939921888162
    }
  },
  "eps_rel_list": [
    0.01,
    0.05,
    0.1,
    0.2
  ]
}