{
  "model": "DeepSeek-R1-Distill-Qwen-7B",
  "feat_spiral": {
    "tense": {
      "s2": 0.30167871713638306,
      "s3": 0.4097365736961365,
      "total_angle": -21.212753295898438,
      "turns": -0.05892431471082899,
      "r_sq": 0.06504496878426824,
      "spiral_type": "\u9ad8\u7ef4\u66f2\u7ebf",
      "radius_cv": 0.5437702197394509
    },
    "polarity": {
      "s2": 0.3813367187976837,
      "s3": 0.4768306314945221,
      "total_angle": 619.8563041687012,
      "turns": 1.721823067135281,
      "r_sq": 0.8522321962336625,
      "spiral_type": "\u9ad8\u7ef4\u66f2\u7ebf",
      "radius_cv": 0.30465376660303156
    },
    "voice": {
      "s2": 0.41616755723953247,
      "s3": 0.5143996477127075,
      "total_angle": 274.2394142150879,
      "turns": 0.7617761505974664,
      "r_sq": 0.36838258175940364,
      "spiral_type": "\u9ad8\u7ef4\u66f2\u7ebf",
      "radius_cv": 0.2415289494194347
    },
    "semantic_valence": {
      "s2": 0.37498295307159424,
      "s3": 0.4751130938529968,
      "total_angle": -190.2578592300415,
      "turns": -0.5284940534167819,
      "r_sq": 0.3911454402461515,
      "spiral_type": "\u9ad8\u7ef4\u66f2\u7ebf",
      "radius_cv": 0.3122896493610938
    },
    "semantic_topic": {
      "s2": 0.33779481053352356,
      "s3": 0.4364727735519409,
      "total_angle": 206.56784629821777,
      "turns": 0.5737995730506049,
      "r_sq": 0.0033019046935472973,
      "spiral_type": "\u9ad8\u7ef4\u66f2\u7ebf",
      "radius_cv": 0.3028801592826654
    }
  },
  "grand_mean_cos": 0.0697462186217308
}