{
  "model": "glm4",
  "experiment": "p551",
  "avg_alpha": 1.018268346786499,
  "err_power_model": 0.0004397697339300066,
  "fixed_point_corr": 0.992061972618103,
  "fixed_point_cos": 0.9923030734062195,
  "epsilon_spec_corr": 0.9440451860427856
}