{
  "model": "qwen3",
  "experiment": "p551",
  "avg_alpha": 0.9057703018188477,
  "err_power_model": 5.9316313127055764e-05,
  "fixed_point_corr": 0.928887665271759,
  "fixed_point_cos": 0.9301199316978455,
  "epsilon_spec_corr": 0.3207668364048004
}