{
  "model": "deepseek7b",
  "experiment": "p551",
  "avg_alpha": 0.9597147703170776,
  "err_power_model": 0.0006219432107172906,
  "fixed_point_corr": 0.9998213052749634,
  "fixed_point_cos": 0.9997192025184631,
  "epsilon_spec_corr": 0.992216944694519
}