{
  "model": "glm4",
  "experiment": "p552",
  "product_spectrum_beta": 0.10234378950902297,
  "product_spectrum_R2": 0.8353054024043661,
  "wdown_h_corr": 0.7796386480331421,
  "random_product_beta": 0.113580975503686,
  "random_product_R2": 0.8654525521996927
}