{
  "model": "deepseek7b",
  "experiment": "p552",
  "product_spectrum_beta": 0.1344483272998082,
  "product_spectrum_R2": 0.9819457019098009,
  "wdown_h_corr": 0.7817127704620361,
  "random_product_beta": 0.11552965485529162,
  "random_product_R2": 0.8625145067381379
}