{
  "model": "qwen3",
  "experiment": "p552",
  "product_spectrum_beta": 0.12490346740719573,
  "product_spectrum_R2": 0.9311593167662705,
  "wdown_h_corr": 0.28631138801574707,
  "random_product_beta": 0.12126149834466947,
  "random_product_R2": 0.8652482231184446
}