{
  "model": "qwen3",
  "experiment": "p553",
  "delta_spec_corr": 0.3782462775707245,
  "h_delta_corr": 0.7776687741279602,
  "mlp_delta_corr": 0.33783501386642456,
  "attn_delta_corr": 0.34291112422943115,
  "avg_beta": 0.8170773386955261
}