{
  "model": "glm4",
  "experiment": "p553",
  "delta_spec_corr": 0.9514945149421692,
  "h_delta_corr": 0.9905784130096436,
  "mlp_delta_corr": 0.9729854464530945,
  "attn_delta_corr": 0.974067747592926,
  "avg_beta": 0.7997590899467468
}