{
  "model": "deepseek7b",
  "experiment": "p553",
  "delta_spec_corr": 0.9972630739212036,
  "h_delta_corr": 0.9985483884811401,
  "mlp_delta_corr": 0.9979221820831299,
  "attn_delta_corr": 0.9959266185760498,
  "avg_beta": 1.7408546209335327
}