{
  "model": "glm4",
  "experiment": "p554",
  "alpha": 0.9543493390083313,
  "beta": 0.7997590899467468,
  "step_pred_corr": 0.9953563569359009,
  "alpha_only_corr": 0.9624743461608887,
  "epsilon_contribution": 0.03288201077501218,
  "long_range_mse": 0.0020966087467968464,
  "cross_input_corr": 0.9249442219734192
}