{
  "model": "qwen3",
  "experiment": "p554",
  "alpha": 0.9304267764091492,
  "beta": 0.8170773386955261,
  "step_pred_corr": 0.8913572014980384,
  "alpha_only_corr": 0.9390688538551331,
  "epsilon_contribution": -0.047711652357094625,
  "long_range_mse": 0.012043416500091553,
  "cross_input_corr": 0.8967426419258118
}