{
  "model": "deepseek7b",
  "experiment": "p554",
  "alpha": 0.9495539665222168,
  "beta": 1.7408546209335327,
  "step_pred_corr": 0.9991776192032328,
  "alpha_only_corr": 0.9591026902198792,
  "epsilon_contribution": 0.04007492898335363,
  "long_range_mse": 0.00929314736276865,
  "cross_input_corr": 0.9207790493965149
}