{
  "model": "glm4",
  "results": [
    {
      "layer": 0,
      "within_mean": 0.3537079075218311,
      "within_median": 0.330463707447052,
      "within_std": 0.09871138030869796,
      "within_p10": 0.2520848512649536,
      "within_p25": 0.28312839567661285,
      "within_p75": 0.4057583212852478,
      "within_p90": 0.5017178952693939,
      "within_n": 896,
      "between_mean": 0.4188273907099257,
      "between_median": 0.3926878273487091,
      "between_std": 0.11224838248829597,
      "between_p10": 0.2968419939279556,
      "between_p25": 0.3341790437698364,
      "between_p75": 0.48879285156726837,
      "between_p90": 0.5786768019199372,
      "between_n": 31744,
      "overlap_90_10": 0.31138392857142855,
      "wasserstein": 0.06511948318809457,
      "within_between_ratio": 0.8415430385969115
    },
    {
      "layer": 4,
      "within_mean": 2.5991705618798733,
      "within_median": 2.5697001218795776,
      "within_std": 0.4994619409843245,
      "within_p10": 1.9785041809082031,
      "within_p25": 2.2546448707580566,
      "within_p75": 2.9017542600631714,
      "within_p90": 3.2053881883621216,
      "within_n": 896,
      "between_mean": 3.298217626525119,
      "between_median": 3.2460159063339233,
      "between_std": 0.5232861015809386,
      "between_p10": 2.6724326848983764,
      "between_p25": 2.936832904815674,
      "between_p75": 3.6088141202926636,
      "between_p90": 4.060599946975708,
      "between_n": 31744,
      "overlap_90_10": 0.5825892857142857,
      "wasserstein": 0.6990470646452459,
      "within_between_ratio": 0.791647421340525
    },
    {
      "layer": 8,
      "within_mean": 4.478786212525198,
      "within_median": 4.3737263679504395,
      "within_std": 0.9761894168661788,
      "within_p10": 3.2883033752441406,
      "within_p25": 3.7094552516937256,
      "within_p75": 5.209414601325989,
      "within_p90": 5.794415473937988,
      "within_n": 896,
      "between_mean": 5.827023581962191,
      "between_median": 5.835704565048218,
      "between_std": 0.8013345903295256,
      "between_p10": 4.771438932418823,
      "between_p25": 5.273738384246826,
      "between_p75": 6.417720556259155,
      "between_p90": 6.889622640609741,
      "between_n": 31744,
      "overlap_90_10": 0.6261160714285714,
      "wasserstein": 1.3482373694369938,
      "within_between_ratio": 0.7494770030247927
    },
    {
      "layer": 12,
      "within_mean": 5.474323193143521,
      "within_median": 5.299547433853149,
      "within_std": 1.291193904031738,
      "within_p10": 3.946735382080078,
      "within_p25": 4.486709356307983,
      "within_p75": 6.400866150856018,
      "within_p90": 7.287516832351685,
      "within_n": 896,
      "between_mean": 6.8887961973255925,
      "between_median": 6.898247480392456,
      "between_std": 0.9155258475305499,
      "between_p10": 5.7046849727630615,
      "between_p25": 6.243230938911438,
      "between_p75": 7.511540174484253,
      "between_p90": 8.079379463195801,
      "between_n": 31744,
      "overlap_90_10": 0.5881696428571429,
      "wasserstein": 1.414533958497805,
      "within_between_ratio": 0.7682454781328962
    },
    {
      "layer": 16,
      "within_mean": 5.147106669044921,
      "within_median": 4.926354169845581,
      "within_std": 1.4346893282738795,
      "within_p10": 3.4490392208099365,
      "within_p25": 4.032300591468811,
      "within_p75": 6.143208980560303,
      "within_p90": 7.074848413467407,
      "within_n": 896,
      "between_mean": 6.462125567816979,
      "between_median": 6.430380821228027,
      "between_std": 1.1380238905223283,
      "between_p10": 5.018797492980957,
      "between_p25": 5.637386798858643,
      "between_p75": 7.222794771194458,
      "between_p90": 7.910761785507202,
      "between_n": 31744,
      "overlap_90_10": 0.5189732142857143,
      "wasserstein": 1.3157489984264075,
      "within_between_ratio": 0.7661061306948819
    },
    {
      "layer": 20,
      "within_mean": 5.246816010214388,
      "within_median": 4.960185289382935,
      "within_std": 1.610634012927592,
      "within_p10": 3.3719584941864014,
      "within_p25": 3.9885734915733337,
      "within_p75": 6.357556581497192,
      "within_p90": 7.563904762268066,
      "within_n": 896,
      "between_mean": 6.800858676666394,
      "between_median": 6.735836505889893,
      "between_std": 1.3368447888992616,
      "between_p10": 5.113062334060669,
      "between_p25": 5.801727771759033,
      "between_p75": 7.746513247489929,
      "between_p90": 8.541684341430663,
      "between_n": 31744,
      "overlap_90_10": 0.5424107142857143,
      "wasserstein": 1.554058125239372,
      "within_between_ratio": 0.7363874234544873
    },
    {
      "layer": 24,
      "within_mean": 8.638338993968707,
      "within_median": 8.313774585723877,
      "within_std": 2.2596518740598053,
      "within_p10": 5.951868534088135,
      "within_p25": 6.880773663520813,
      "within_p75": 10.372789144515991,
      "within_p90": 11.828948497772217,
      "within_n": 896,
      "between_mean": 11.549601187178444,
      "between_median": 11.564847469329834,
      "between_std": 1.5871645619902257,
      "between_p10": 9.509841346740723,
      "between_p25": 10.464930295944214,
      "between_p75": 12.668471813201904,
      "between_p90": 13.549586009979247,
      "between_n": 31744,
      "overlap_90_10": 0.6607142857142857,
      "wasserstein": 2.911262193209736,
      "within_between_ratio": 0.7188832025473871
    },
    {
      "layer": 28,
      "within_mean": 11.475639155932836,
      "within_median": 11.242325782775879,
      "within_std": 3.049541496753045,
      "within_p10": 7.655194520950317,
      "within_p25": 9.149248123168945,
      "within_p75": 13.59581708908081,
      "within_p90": 15.649516105651855,
      "within_n": 896,
      "between_mean": 15.297046938835974,
      "between_median": 15.167478084564209,
      "between_std": 2.111455782281778,
      "between_p10": 12.724177932739257,
      "between_p25": 13.82558274269104,
      "between_p75": 16.766687393188477,
      "between_p90": 18.034254837036134,
      "between_n": 31744,
      "overlap_90_10": 0.671875,
      "wasserstein": 3.821407782903138,
      "within_between_ratio": 0.7412125944798352
    },
    {
      "layer": 32,
      "within_mean": 14.326229611145598,
      "within_median": 14.233134269714355,
      "within_std": 3.6176437007215494,
      "within_p10": 9.621243476867676,
      "within_p25": 11.703637599945068,
      "within_p75": 16.689678192138672,
      "within_p90": 19.382909774780273,
      "within_n": 896,
      "between_mean": 19.078337020571194,
      "between_median": 18.99532127380371,
      "between_std": 2.3156161340227084,
      "between_p10": 16.200393676757812,
      "between_p25": 17.517611026763916,
      "between_p75": 20.680745601654053,
      "between_p90": 22.11298942565918,
      "between_n": 31744,
      "overlap_90_10": 0.703125,
      "wasserstein": 4.752107409425595,
      "within_between_ratio": 0.7492968433939126
    },
    {
      "layer": 36,
      "within_mean": 16.316381888198002,
      "within_median": 16.05424976348877,
      "within_std": 4.192626544105802,
      "within_p10": 10.979834079742432,
      "within_p25": 13.293829202651978,
      "within_p75": 18.7227520942688,
      "within_p90": 22.293971061706543,
      "within_n": 896,
      "between_mean": 21.521086186230665,
      "between_median": 21.333827018737793,
      "between_std": 2.8311607825015797,
      "between_p10": 18.107820892333983,
      "between_p25": 19.645718097686768,
      "between_p75": 23.291748523712158,
      "between_p90": 25.185184288024903,
      "between_n": 31744,
      "overlap_90_10": 0.7075892857142857,
      "wasserstein": 5.205325604334886,
      "within_between_ratio": 0.7525255430911717
    },
    {
      "layer": 39,
      "within_mean": 21.525431925696985,
      "within_median": 19.85415267944336,
      "within_std": 7.578919895632508,