{
  "complexity_analysis": {
    "simple": {
      "0": {
        "mean_norm": 202.74166361490884,
        "mean_sparsity": 0.009461806155741215,
        "mean_std": 3.2721556027730307
      },
      "1": {
        "mean_norm": 652.5733032226562,
        "mean_sparsity": 0.005989583674818277,
        "mean_std": 10.532227834065756
      },
      "2": {
        "mean_norm": 2580.2417805989585,
        "mean_sparsity": 0.005121528171002865,
        "mean_std": 41.64389419555664
      },
      "3": {
        "mean_norm": 2779.3015950520835,
        "mean_sparsity": 0.0038194446048388877,
        "mean_std": 44.856632232666016
      },
      "4": {
        "mean_norm": 2933.7312825520835,
        "mean_sparsity": 0.003559027953694264,
        "mean_std": 47.34905242919922
      },
      "5": {
        "mean_norm": 3030.677734375,
        "mean_sparsity": 0.0034722224809229374,
        "mean_std": 48.913717905680336
      },
      "6": {
        "mean_norm": 3089.8294270833335,
        "mean_sparsity": 0.002690972372268637,
        "mean_std": 49.868404388427734
      },
      "7": {
        "mean_norm": 3126.8089192708335,
        "mean_sparsity": 0.0019965278528009853,
        "mean_std": 50.46523920694987
      },
      "8": {
        "mean_norm": 3152.335205078125,
        "mean_sparsity": 0.0023437500931322575,
        "mean_std": 50.87721633911133
      },
      "9": {
        "mean_norm": 3171.1173502604165,
        "mean_sparsity": 0.0026041667442768812,
        "mean_std": 51.18034998575846
      },
      "10": {
        "mean_norm": 3201.2276204427085,
        "mean_sparsity": 0.0019965278528009853,
        "mean_std": 51.666314442952476
      },
      "11": {
        "mean_norm": 996.0062459309896,
        "mean_sparsity": 0.0024305557211240134,
        "mean_std": 16.075075149536133
      }
    },
    "medium": {
      "0": {
        "mean_norm": 254.3388417561849,
        "mean_sparsity": 0.009380918617049852,
        "mean_std": 2.6523653666178384
      },
      "1": {
        "mean_norm": 670.5565388997396,
        "mean_sparsity": 0.007280082597086827,
        "mean_std": 6.996747175852458
      },
      "2": {
        "mean_norm": 2585.5277506510415,
        "mean_sparsity": 0.0060657658614218235,
        "mean_std": 26.98084259033203
      },
      "3": {
        "mean_norm": 2785.1765950520835,
        "mean_sparsity": 0.004753312406440576,
        "mean_std": 29.064280192057293
      },
      "4": {
        "mean_norm": 2940.4300944010415,
        "mean_sparsity": 0.004592448938637972,
        "mean_std": 30.684415817260742
      },
      "5": {
        "mean_norm": 3038.1173502604165,
        "mean_sparsity": 0.0035139556663731733,
        "mean_std": 31.70374361673991
      },
      "6": {
        "mean_norm": 3099.189453125,
        "mean_sparsity": 0.003447940961147348,
        "mean_std": 32.340948740641274
      },
      "7": {
        "mean_norm": 3138.9703776041665,
        "mean_sparsity": 0.0028780898234496513,
        "mean_std": 32.75589243570963
      },
      "8": {
        "mean_norm": 3169.4546712239585,
        "mean_sparsity": 0.002922099626933535,
        "mean_std": 33.07378260294596
      },
      "9": {
        "mean_norm": 3198.88623046875,
        "mean_sparsity": 0.002716467638189594,
        "mean_std": 33.380261739095054
      },
      "10": {
        "mean_norm": 3266.1205240885415,
        "mean_sparsity": 0.0017080359005679686,
        "mean_std": 34.0791269938151
      },
      "11": {
        "mean_norm": 1555.8258056640625,
        "mean_sparsity": 0.0017715213277066748,
        "mean_std": 16.19752566019694
      }
    },
    "complex": {
      "0": {
        "mean_norm": 311.98499552408856,
        "mean_sparsity": 0.009076510556042194,
        "mean_std": 2.482751448949178
      },
      "1": {
        "mean_norm": 696.5449422200521,
        "mean_sparsity": 0.007060565985739231,
        "mean_std": 5.552117347717285
      },
      "2": {
        "mean_norm": 2593.6569010416665,
        "mean_sparsity": 0.006412379754086335,
        "mean_std": 20.682120005289715
      },
      "3": {
        "mean_norm": 2794.027099609375,
        "mean_sparsity": 0.004714341213305791,
        "mean_std": 22.279834747314453
      },
      "4": {
        "mean_norm": 2950.128662109375,
        "mean_sparsity": 0.0046267743067195015,
        "mean_std": 23.524695714314777
      },
      "5": {
        "mean_norm": 3049.11376953125,
        "mean_sparsity": 0.003969069880743821,
        "mean_std": 24.314014434814453
      },
      "6": {
        "mean_norm": 3112.8665364583335,
        "mean_sparsity": 0.003239027534921964,
        "mean_std": 24.82231267293294
      },
      "7": {
        "mean_norm": 3157.1402180989585,
        "mean_sparsity": 0.00251279235817492,
        "mean_std": 25.17484410603841
      },
      "8": {
        "mean_norm": 3193.6892903645835,
        "mean_sparsity": 0.0022120187835146985,
        "mean_std": 25.46561622619629
      },
      "9": {
        "mean_norm": 3234.3353678385415,
        "mean_sparsity": 0.002166331629268825,
        "mean_std": 25.788808822631836
      },
      "10": {
        "mean_norm": 3335.3140462239585,
        "mean_sparsity": 0.001569543421889345,
        "mean_std": 26.590790430704754
      },
      "11": {
        "mean_norm": 1989.9869791666667,
        "mean_sparsity": 0.0019207632867619395,
        "mean_std": 15.82528559366862
      }
    }
  },
  "concept_groups": {
    "animals": {
      "within_group_spread": 12.068947792053223,
      "mean_norm": 334.3500671386719,
      "n_concepts": 6
    },
    "objects": {
      "within_group_spread": 11.861215591430664,
      "mean_norm": 328.58636474609375,
      "n_concepts": 6
    },
    "abstract": {
      "within_group_spread": 12.604040145874023,
      "mean_norm": 349.01513671875,
      "n_concepts": 6
    }
  },
  "differentiation_metrics": {
    "animals_vs_objects": {
      "centroid_distance": 42.41212463378906
    },
    "animals_vs_abstract": {
      "centroid_distance": 42.132240295410156
    },
    "objects_vs_abstract": {
      "centroid_distance": 55.651187896728516
    }
  },
  "layer_evolution": {
    "0": {
      "norm": 54.36444854736328,
      "change_from_prev": 0,
      "cosine_sim_with_prev": 1.0
    },
    "1": {
      "norm": 74.95655822753906,
      "change_from_prev": 42.012672424316406,
      "cosine_sim_with_prev": 0.8354552984237671
    },
    "2": {
      "norm": 241.4708251953125,
      "change_from_prev": 197.63084411621094,
      "cosine_sim_with_prev": 0.6869872808456421
    },
    "3": {
      "norm": 262.567626953125,
      "change_from_prev": 22.382871627807617,
      "cosine_sim_with_prev": 0.9995589256286621
    },
    "4": {
      "norm": 281.9319152832031,
      "change_from_prev": 20.738481521606445,
      "cosine_sim_with_prev": 0.9996275901794434
    },
    "5": {
      "norm": 292.4627685546875,
      "change_from_prev": 14.181893348693848,
      "cosine_sim_with_prev": 0.9994528889656067
    },
    "6": {
      "norm": 303.7922058105469,
      "change_from_prev": 18.563522338867188,
      "cosine_sim_with_prev": 0.9987829923629761
    },
    "7": {
      "norm": 315.0666198730469,
      "change_from_prev": 18.967573165893555,
      "cosine_sim_with_prev": 0.9987844824790955
    },
    "8": {
      "norm": 330.42376708984375,
      "change_from_prev": 24.171171188354492,
      "cosine_sim_with_prev": 0.9983265399932861
    },
    "9": {
      "norm": 352.9822082519531,
      "change_from_prev": 37.844017028808594,
      "cosine_sim_with_prev": 0.9960419535636902
    },
    "10": {
      "norm": 415.5813903808594,
      "change_from_prev": 97.29487609863281,
      "cosine_sim_with_prev": 0.9810910224914551
    },
    "11": {
      "norm": 397.40533447265625,
      "change_from_prev": 313.9964904785156,
      "cosine_sim_with_prev": 0.7025101184844971
    }
  },