{
  "model": "GLM4-9B-Chat",
  "n_layers": 40,
  "d_model": 4096,
  "L1": 10,
  "L2": 20,
  "pairs": {
    "tense_x_question": {
      "pair": "tense_x_question",
      "feature_A": "tense",
      "feature_B": "question",
      "n_samples": 30,
      "n_interventions": 30,
      "L1": 10,
      "L2": 20,
      "pc1_dirs": {
        "L1": {
          "cos_pc1A_pc1B": 0.052386753261089325,
          "pc1_A_var": 0.09172491729259491,
          "pc1_B_var": 0.08996440470218658,
          "mean_dhA_norm": 1.1702744960784912,
          "mean_dhB_norm": 1.3924013376235962
        },
        "L2": {
          "cos_pc1A_pc1B": -0.0006354842334985733,
          "pc1_A_var": 0.0774298682808876,
          "pc1_B_var": 0.13285519182682037,
          "mean_dhA_norm": 2.8676884174346924,
          "mean_dhB_norm": 4.430229187011719
        },
        "last": {
          "cos_pc1A_pc1B": 0.6246304512023926,
          "pc1_A_var": 0.13720470666885376,
          "pc1_B_var": 0.1780993491411209,
          "mean_dhA_norm": 52.24042510986328,
          "mean_dhB_norm": 102.70095825195312
        }
      },
      "alpha_results": {
        "1.0": {
          "curvature_norm_mean": 67.56990051269531,
          "curvature_norm_std": 9.180797576904297,
          "curvature_A_proj_mean": -27.098705291748047,
          "curvature_B_proj_mean": -19.89154624938965,
          "curvature_cos_A_mean": -0.3996444344520569,
          "curvature_cos_B_mean": -0.2974525988101959,
          "mean_single_effect": 30.534900665283203,
          "relative_curvature": 2.2128744171517134,
          "n_valid": 30,
          "AB_A_proj_mean": -24.247907638549805,
          "AB_B_proj_mean": -18.6538028717041,
          "BA_A_proj_mean": 2.8508005142211914,
          "BA_B_proj_mean": 1.2377464771270752
        },
        "2.0": {
          "curvature_norm_mean": 124.20482635498047,
          "curvature_norm_std": 13.478989601135254,
          "curvature_A_proj_mean": -49.366153717041016,
          "curvature_B_proj_mean": -39.34546661376953,
          "curvature_cos_A_mean": -0.3966232240200043,
          "curvature_cos_B_mean": -0.3178470730781555,
          "mean_single_effect": 55.786521911621094,
          "relative_curvature": 2.2264307237423284,
          "n_valid": 30,
          "AB_A_proj_mean": -42.47452163696289,
          "AB_B_proj_mean": -36.03882598876953,
          "BA_A_proj_mean": 6.891628742218018,
          "BA_B_proj_mean": 3.306633949279785
        }
      }
    },
    "tense_x_polarity": {
      "pair": "tense_x_polarity",
      "feature_A": "tense",
      "feature_B": "polarity",
      "n_samples": 30,
      "n_interventions": 30,
      "L1": 10,
      "L2": 20,
      "pc1_dirs": {
        "L1": {
          "cos_pc1A_pc1B": 0.16677185893058777,
          "pc1_A_var": 0.09610696882009506,
          "pc1_B_var": 0.1537214070558548,
          "mean_dhA_norm": 1.1841667890548706,
          "mean_dhB_norm": 1.8225958347320557
        },
        "L2": {
          "cos_pc1A_pc1B": 0.18897271156311035,
          "pc1_A_var": 0.10389728844165802,
          "pc1_B_var": 0.1627916544675827,
          "mean_dhA_norm": 2.9469759464263916,
          "mean_dhB_norm": 4.584958076477051
        },
        "last": {
          "cos_pc1A_pc1B": 0.13690438866615295,
          "pc1_A_var": 0.143274188041687,
          "pc1_B_var": 0.13490378856658936,
          "mean_dhA_norm": 55.02790832519531,
          "mean_dhB_norm": 78.33026885986328
        }
      },
      "alpha_results": {
        "1.0": {
          "curvature_norm_mean": 66.70344543457031,
          "curvature_norm_std": 13.895933151245117,
          "curvature_A_proj_mean": 7.813673496246338,
          "curvature_B_proj_mean": -21.344053268432617,
          "curvature_cos_A_mean": 0.10454206168651581,
          "curvature_cos_B_mean": -0.3227965235710144,
          "mean_single_effect": 33.42369079589844,
          "relative_curvature": 1.995693588768964,
          "n_valid": 30,
          "AB_A_proj_mean": 12.828866004943848,
          "AB_B_proj_mean": -10.709468841552734,
          "BA_A_proj_mean": 5.01519250869751,
          "BA_B_proj_mean": 10.634588241577148
        },
        "2.0": {
          "curvature_norm_mean": 107.59696960449219,
          "curvature_norm_std": 15.016651153564453,
          "curvature_A_proj_mean": 7.365231037139893,
          "curvature_B_proj_mean": -37.24977493286133,
          "curvature_cos_A_mean": 0.06644514203071594,
          "curvature_cos_B_mean": -0.34592488408088684,
          "mean_single_effect": 57.217689514160156,
          "relative_curvature": 1.8804843487725276,
          "n_valid": 30,
          "AB_A_proj_mean": 21.793231964111328,
          "AB_B_proj_mean": -19.565458297729492,
          "BA_A_proj_mean": 14.427999496459961,
          "BA_B_proj_mean": 17.684322357177734
        }
      }
    },
    "voice_x_question": {
      "pair": "voice_x_question",
      "feature_A": "voice",
      "feature_B": "question",
      "n_samples": 30,
      "n_interventions": 30,
      "L1": 10,
      "L2": 20,
      "pc1_dirs": {
        "L1": {
          "cos_pc1A_pc1B": 0.015965772792696953,
          "pc1_A_var": 0.13349413871765137,
          "pc1_B_var": 0.09771306812763214,
          "mean_dhA_norm": 4.312314033508301,
          "mean_dhB_norm": 1.246327519416809
        },
        "L2": {
          "cos_pc1A_pc1B": -0.03873824700713158,
          "pc1_A_var": 0.1479194015264511,
          "pc1_B_var": 0.15733027458190918,
          "mean_dhA_norm": 9.971110343933105,
          "mean_dhB_norm": 4.123338222503662
        },
        "last": {
          "cos_pc1A_pc1B": 0.2906770408153534,
          "pc1_A_var": 0.2129090428352356,
          "pc1_B_var": 0.188669353723526,
          "mean_dhA_norm": 164.5060577392578,
          "mean_dhB_norm": 99.39395141601562
        }
      },
      "alpha_results": {
        "1.0": {
          "curvature_norm_mean": 103.23672485351562,
          "curvature_norm_std": 17.487075805664062,
          "curvature_A_proj_mean": 19.26363754272461,
          "curvature_B_proj_mean": 42.84801483154297,
          "curvature_cos_A_mean": 0.18069031834602356,
          "curvature_cos_B_mean": 0.40638378262519836,
          "mean_single_effect": 78.00146484375,
          "relative_curvature": 1.323522898706886,
          "n_valid": 30,
          "AB_A_proj_mean": 14.014421463012695,
          "AB_B_proj_mean": 31.116865158081055,
          "BA_A_proj_mean": -5.249214172363281,
          "BA_B_proj_mean": -11.731151580810547
        },
        "2.0": {
          "curvature_norm_mean": 166.01853942871094,
          "curvature_norm_std": 12.915792465209961,
          "curvature_A_proj_mean": 32.54951477050781,
          "curvature_B_proj_mean": 64.0080337524414,
          "curvature_cos_A_mean": 0.19492879509925842,
          "curvature_cos_B_mean": 0.3851150572299957,
          "mean_single_effect": 124.65303039550781,
          "relative_curvature": 1.3318451938298055,
          "n_valid": 30,
          "AB_A_proj_mean": 34.66456985473633,
          "AB_B_proj_mean": 73.68177032470703,
          "BA_A_proj_mean": 2.115057945251465,
          "BA_B_proj_mean": 9.673739433288574
        }
      }
    }
  },
  "timestamp": "2026-04-24T22:42:23.857972"
}