{
  "key_layers": [
    0,
    4,
    9,
    14,
    18,
    23,
    27
  ],
  "real_cos_diff": {
    "('polarity', 'tense', 0)": -0.023200538009405136,
    "('polarity', 'semantic', 0)": -0.00016289157792925835,
    "('tense', 'semantic', 0)": -0.0007975511252880096,
    "('polarity', 'tense', 4)": -0.03327925503253937,
    "('polarity', 'semantic', 4)": 0.013849960640072823,
    "('tense', 'semantic', 4)": 0.011820543557405472,
    "('polarity', 'tense', 9)": 0.018872397020459175,
    "('polarity', 'semantic', 9)": 0.055054742842912674,
    "('tense', 'semantic', 9)": 0.03877614811062813,
    "('polarity', 'tense', 14)": -0.014681974425911903,
    "('polarity', 'semantic', 14)": 0.08209027349948883,
    "('tense', 'semantic', 14)": 0.02250414527952671,
    "('polarity', 'tense', 18)": -0.019128499552607536,
    "('polarity', 'semantic', 18)": 0.08605435490608215,
    "('tense', 'semantic', 18)": 0.01844877190887928,
    "('polarity', 'tense', 23)": -0.024555079638957977,
    "('polarity', 'semantic', 23)": 0.08117663115262985,
    "('tense', 'semantic', 23)": -0.0019064517691731453,
    "('polarity', 'tense', 27)": 0.6932792663574219,
    "('polarity', 'semantic', 27)": 0.7111390233039856,
    "('tense', 'semantic', 27)": 0.6445788145065308
  },
  "random_cos_diff": {
    "0": {
      "mean": -0.029534265212714673,
      "std": 0.09514661816194288,
      "max_abs": 0.17871129512786865,
      "values": [
        -0.1787,
        -0.0697,
        -0.0295,
        -0.0315,
        -0.0942,
        0.1319,
        0.1237,
        -0.081,
        -0.1048,
        0.0384
      ]
    },
    "4": {
      "mean": -0.04099846903700381,
      "std": 0.0862363341076178,
      "max_abs": 0.19936512410640717,
      "values": [
        0.0287,
        0.0343,
        -0.0275,
        0.0034,
        -0.1994,
        -0.0513,
        -0.0383,
        0.0879,
        -0.1792,
        -0.0687
      ]
    },
    "9": {
      "mean": -0.013419724442064762,
      "std": 0.09403784182879761,
      "max_abs": 0.20173421502113342,
      "values": [
        -0.0392,
        0.0645,
        0.0259,
        -0.0712,
        -0.051,
        -0.1429,
        0.2017,
        -0.122,
        -0.0096,
        0.0096
      ]
    },
    "14": {
      "mean": 0.05802978537976742,
      "std": 0.053372096561524106,
      "max_abs": 0.14541703462600708,
      "values": [
        0.0508,
        0.0859,
        -0.0298,
        0.0425,
        0.1454,
        -0.0138,
        0.0669,
        0.1358,
        0.0655,
        0.0311
      ]
    },
    "18": {
      "mean": -0.036473704036325216,
      "std": 0.08783371862070836,
      "max_abs": 0.1520322859287262,
      "values": [
        -0.0624,
        -0.0017,
        -0.0986,
        0.0451,
        0.0158,
        -0.1363,
        0.1514,
        -0.0945,
        -0.0315,
        -0.152
      ]
    },
    "23": {
      "mean": -0.009948605112731457,
      "std": 0.11576414029261789,
      "max_abs": 0.25428611040115356,
      "values": [
        -0.0775,
        0.0186,
        -0.12,
        -0.0806,
        0.2543,
        0.0489,
        0.0737,
        0.0412,
        -0.1172,
        -0.1409
      ]
    },
    "27": {
      "mean": -0.13805608972907066,
      "std": 0.3723120875961744,
      "max_abs": 0.6269713044166565,
      "values": [
        -0.4897,
        -0.5486,
        0.0815,
        0.4444,
        0.1824,
        -0.4121,
        -0.627,
        -0.1211,
        -0.273,
        0.3827
      ]
    }
  },
  "real_vs_random": {
    "('polarity', 0)": {
      "mean": -0.014018210582435131,
      "std": 0.11384016419881611,
      "max_abs": 0.16913774609565735
    },
    "('tense', 0)": {
      "mean": -0.014101816713809967,
      "std": 0.06762899304528965,
      "max_abs": 0.08426900207996368
    },
    "('semantic', 0)": {
      "mean": 0.009279787540435791,
      "std": 0.02966690851002639,
      "max_abs": 0.04791107773780823
    },
    "('polarity', 4)": {
      "mean": 0.07537030279636384,
      "std": 0.08337239595766266,
      "max_abs": 0.2016187310218811
    },
    "('tense', 4)": {
      "mean": 0.008798871748149395,
      "std": 0.05174079575299379,
      "max_abs": 0.09997405111789703
    },
    "('semantic', 4)": {
      "mean": -0.014657888002693653,
      "std": 0.050798273781594565,
      "max_abs": 0.07730655372142792
    },
    "('polarity', 9)": {
      "mean": -0.023220343887805937,
      "std": 0.17365318256216675,
      "max_abs": 0.2761691212654114
    },
    "('tense', 9)": {
      "mean": -0.020095527917146683,
      "std": 0.05080030887545813,
      "max_abs": 0.0750419944524765
    },
    "('semantic', 9)": {
      "mean": -0.02893699426203966,
      "std": 0.042969402107878474,
      "max_abs": 0.0910341888666153
    },
    "('polarity', 14)": {
      "mean": 0.16532065570354462,
      "std": 0.0990442792647085,
      "max_abs": 0.29506582021713257
    },
    "('tense', 14)": {
      "mean": 0.010816996078938245,
      "std": 0.03938609462797232,
      "max_abs": 0.0803801640868187
    },
    "('semantic', 14)": {
      "mean": 0.009905986860394478,
      "std": 0.02515332669716561,
      "max_abs": 0.055680349469184875
    },
    "('polarity', 18)": {
      "mean": -0.01759144812822342,
      "std": 0.17909000697397887,
      "max_abs": 0.2382735162973404
    },
    "('tense', 18)": {
      "mean": -0.009625014942139387,
      "std": 0.011938472174876364,
      "max_abs": 0.022153019905090332
    },
    "('semantic', 18)": {
      "mean": -0.0002797980792820454,
      "std": 0.04786095456970951,
      "max_abs": 0.0759359747171402
    },
    "('polarity', 23)": {
      "mean": -0.09047335982322693,
      "std": 0.15372333500428353,
      "max_abs": 0.22330623865127563
    },
    "('tense', 23)": {
      "mean": -0.004693533480167389,
      "std": 0.04522676527419353,
      "max_abs": 0.06181642785668373
    },
    "('semantic', 23)": {
      "mean": -0.03048588279634714,
      "std": 0.0493403540382966,
      "max_abs": 0.11325721442699432
    },
    "('polarity', 27)": {
      "mean": -0.1010169506072998,
      "std": 0.526669614767101,
      "max_abs": 0.7670350074768066
    },
    "('tense', 27)": {
      "mean": -0.10077210664749145,
      "std": 0.5752097604769204,
      "max_abs": 0.7453963756561279
    },
    "('semantic', 27)": {
      "mean": -0.10689875781536103,
      "std": 0.4873755245634002,
      "max_abs": 0.7208476066589355
    }
  }
}