{
  "target_layer": 14,
  "n_samples": 320,
  "n_permutations": 200,
  "real": {
    "dim_90": 2302,
    "dim_90_pct": 0.642,
    "gini": 0.4293217385013299
  },
  "permutation": {
    "mean_gini": 0.4195682866547978,
    "std_gini": 0.004134454378032008,
    "mean_dim90": 2306.53,
    "std_dim90": 13.732410567704417,
    "mean_dim90_pct": 0.644,
    "gini_pvalue": 0.0,
    "dim90_pvalue": 0.36
  },
  "z_scores": {
    "gini_z": 2.3590662647908367,
    "dim90_z": -0.3298765338879217
  },
  "principal_angles": {
    "real_pol_tense": {
      "10": {
        "min_angle": 90.0,
        "mean_angle": 90.0
      },
      "20": {
        "min_angle": 90.0,
        "mean_angle": 90.0
      }
    },
    "random_mean": {
      "10": 85.13513513513513,
      "20": 68.10810815425803
    },
    "random_std": {
      "10": 20.35118983461265,
      "20": 38.61366770170402
    }
  }
}