{
  "metadata": {
    "timestamp": "20260221_165931",
    "model": "gpt2-small",
    "num_samples": 250,
    "sae_latent_dim": 2048,
    "sparsity_penalty": 0.05
  },
  "extraction": {
    "0": {
      "num_samples": 250,
      "activation_dim": 768,
      "intrinsic_dimension": 1.0958102834418157,
      "sparsity": {
        "l0_sparsity": 0.7827981313069662,
        "l1_sparsity": "0.023163514",
        "gini_coefficient": 0.3365109319941415
      },
      "orthogonality": {
        "mean_inner_product": 0.029233666136860847,
        "std_inner_product": 0.03662232309579849,
        "max_inner_product": 0.20512083172798157,
        "orthogonality_score": 0.9707663338631392
      }
    },
    "3": {
      "num_samples": 250,
      "activation_dim": 768,
      "intrinsic_dimension": 1.1088065542585948,
      "sparsity": {
        "l0_sparsity": 0.7828076680501302,
        "l1_sparsity": "0.023282513",
        "gini_coefficient": 0.33945206577741854
      },
      "orthogonality": {
        "mean_inner_product": 0.02952800877392292,
        "std_inner_product": 0.03694479167461395,
        "max_inner_product": 0.1840989738702774,
        "orthogonality_score": 0.9704719912260771
      }
    },
    "6": {
      "num_samples": 250,
      "activation_dim": 768,
      "intrinsic_dimension": 1.2493016765981626,
      "sparsity": {
        "l0_sparsity": 0.7818311055501302,
        "l1_sparsity": "0.02336738",
        "gini_coefficient": 0.3426576005742901
      },
      "orthogonality": {
        "mean_inner_product": 0.029317736625671387,
        "std_inner_product": 0.03665837645530701,
        "max_inner_product": 0.18430915474891663,
        "orthogonality_score": 0.9706822633743286
      }
    },
    "9": {
      "num_samples": 250,
      "activation_dim": 768,
      "intrinsic_dimension": 1.1491893850082568,
      "sparsity": {
        "l0_sparsity": 0.7820568084716797,
        "l1_sparsity": "0.023385564",
        "gini_coefficient": 0.34310637695888657
      },
      "orthogonality": {
        "mean_inner_product": 0.0289872195571661,
        "std_inner_product": 0.03631119430065155,
        "max_inner_product": 0.20333784818649292,
        "orthogonality_score": 0.9710127804428339
      }
    },
    "11": {
      "num_samples": 250,
      "activation_dim": 768,
      "intrinsic_dimension": 0.9948278386144969,
      "sparsity": {
        "l0_sparsity": 0.7828114827473959,
        "l1_sparsity": "0.02323444",
        "gini_coefficient": 0.33863755567435827
      },
      "orthogonality": {
        "mean_inner_product": 0.029029173776507378,
        "std_inner_product": 0.03635728731751442,
        "max_inner_product": 0.1994035542011261,
        "orthogonality_score": 0.9709708262234926
      }
    }
  },
  "evaluation": {
    "0": {
      "abstraction": {
        "intra_distance": 39.4008903503418,
        "inter_distance": 39.738136291503906,
        "ratio": 1.0085593479760944,
        "passed": "False",
        "interpretation": "抽象能力不足: 类别区分度低"
      },
      "precision": {
        "accuracies": {
          "k=4": 0.6,
          "k=8": 0.4,
          "k=16": 0.6,
          "k=32": 0.4
        },
        "best_accuracy": 0.6,
        "passed": false,
        "interpretation": "低精确度: 编码不够高效"
      },
      "specificity": {
        "num_concepts": 12,
        "orthogonality": 0.18567293882369995,
        "mean_inner_product": 0.8143270611763,
        "max_inner_product": 1.0000005960464478,
        "passed": false,
        "interpretation": "低特异性: 概念编码混淆"
      },
      "systematicity": {
        "accuracy": 0.0,
        "correct": 0,
        "total": 4,
        "passed": false,
        "interpretation": "低系统性: 类比推理困难"
      },
      "overall_score": 0.2304648470372662
    },
    "3": {
      "abstraction": {
        "intra_distance": 51.6186408996582,
        "inter_distance": 53.36312993367513,
        "ratio": 1.033795717850652,
        "passed": "False",
        "interpretation": "抽象能力不足: 类别区分度低"
      },
      "precision": {
        "accuracies": {
          "k=4": 0.6,
          "k=8": 0.4,
          "k=16": 0.4,
          "k=32": 0.4
        },
        "best_accuracy": 0.6,
        "passed": false,
        "interpretation": "低精确度: 编码不够高效"
      },
      "specificity": {
        "num_concepts": 12,
        "orthogonality": 0.24653959274291992,
        "mean_inner_product": 0.7534604072570801,
        "max_inner_product": 1.0000003576278687,
        "passed": false,
        "interpretation": "低特异性: 概念编码混淆"
      },
      "systematicity": {
        "accuracy": 0.0,
        "correct": 0,
        "total": 4,
        "passed": false,
        "interpretation": "低系统性: 类比推理困难"
      },
      "overall_score": 0.24778454133995098
    },
    "6": {
      "abstraction": {
        "intra_distance": 69.1421635945638,
        "inter_distance": 73.69385528564453,
        "ratio": 1.0658309119036637,
        "passed": "False",
        "interpretation": "抽象能力不足: 类别区分度低"
      },
      "precision": {
        "accuracies": {
          "k=4": 0.6,
          "k=8": 0.8,
          "k=16": 0.8,
          "k=32": 0.8
        },
        "best_accuracy": 0.8,
        "passed": false,
        "interpretation": "低精确度: 编码不够高效"
      },
      "specificity": {
        "num_concepts": 12,
        "orthogonality": 0.24960142374038696,
        "mean_inner_product": 0.750398576259613,
        "max_inner_product": 1.000000238418579,
        "passed": false,
        "interpretation": "低特异性: 概念编码混淆"
      },
      "systematicity": {
        "accuracy": 0.0,
        "correct": 0,
        "total": 4,
        "passed": false,
        "interpretation": "低系统性: 类比推理困难"
      },
      "overall_score": 0.3512195985937354
    },
    "9": {
      "abstraction": {
        "intra_distance": 82.54405721028645,
        "inter_distance": 88.05289713541667,
        "ratio": 1.0667381771703892,
        "passed": "False",
        "interpretation": "抽象能力不足: 类别区分度低"
      },
      "precision": {
        "accuracies": {
          "k=4": 0.6,
          "k=8": 0.6,
          "k=16": 0.8,
          "k=32": 0.6
        },
        "best_accuracy": 0.8,
        "passed": false,
        "interpretation": "低精确度: 编码不够高效"
      },
      "specificity": {
        "num_concepts": 12,
        "orthogonality": 0.13662850856781006,
        "mean_inner_product": 0.8633714914321899,
        "max_inner_product": 1.0000001192092896,
        "passed": false,
        "interpretation": "低特异性: 概念编码混淆"
      },
      "systematicity": {
        "accuracy": 0.0,
        "correct": 0,
        "total": 4,
        "passed": false,
        "interpretation": "低系统性: 类比推理困难"
      },
      "overall_score": 0.27305197523948493
    },
    "11": {
      "abstraction": {
        "intra_distance": 104.11862436930339,
        "inter_distance": 115.71190897623698,
        "ratio": 1.1113468859778568,
        "passed": "False",
        "interpretation": "抽象能力不足: 类别区分度低"
      },
      "precision": {
        "accuracies": {
          "k=4": 0.8,
          "k=8": 0.8,
          "k=16": 0.6,
          "k=32": 0.4
        },
        "best_accuracy": 0.8,
        "passed": false,
        "interpretation": "低精确度: 编码不够高效"
      },
      "specificity": {
        "num_concepts": 12,
        "orthogonality": 0.025152981281280518,
        "mean_inner_product": 0.9748470187187195,
        "max_inner_product": 1.000000238418579,
        "passed": false,
        "interpretation": "低特异性: 概念编码混淆"
      },
      "systematicity": {
        "accuracy": 0.0,
        "correct": 0,
        "total": 4,
        "passed": false,
        "interpretation": "低系统性: 类比推理困难"
      },
      "overall_score": 0.2989004858184749
    }
  },
  "sparse_coding": {
    "0": {
      "activation_sparsity": {
        "l0_sparsity": 0.0,
        "l1_sparsity": 0.0,
        "gini_coefficient": 0.0,
        "entropy_normalized": 0.9999999335069509
      },
      "feature_sparsity": {
        "l0_sparsity": 0.7827981313069662,
        "l1_sparsity": 0.023163514211773872,