{
  "model": "qwen3",
  "n_pairs": 150,
  "analysis_layers": [
    18,
    33,
    34,
    35
  ],
  "last_layer": 35,
  "svd_singular_top20": [
    126.6711654663086,
    24.20529556274414,
    20.911352157592773,
    20.527433395385742,
    18.53367805480957,
    16.525814056396484,
    16.088890075683594,
    15.746236801147461,
    15.363213539123535,
    14.543115615844727,
    14.164933204650879,
    14.037230491638184,
    13.458870887756348,
    13.380144119262695,
    13.252894401550293,
    13.152113914489746,
    12.995658874511719,
    12.967608451843262,
    12.848369598388672,
    12.729589462280273
  ],
  "layer_pca_summary": {
    "18": {
      "tense": {
        "pc1_var": 0.0593256875872612,
        "explained_var_top5": [
          0.0593256875872612,
          0.05052291229367256,
          0.03370280936360359,
          0.0247288029640913,
          0.02171887643635273
        ]
      },
      "polarity": {
        "pc1_var": 0.05801894888281822,
        "explained_var_top5": [
          0.05801894888281822,
          0.04630516096949577,
          0.03800913691520691,
          0.0300078596919775,
          0.028167828917503357
        ]
      },
      "voice": {
        "pc1_var": 0.07583864033222198,
        "explained_var_top5": [
          0.07583864033222198,
          0.037131767719984055,
          0.032072871923446655,
          0.029654694721102715,
          0.026706872507929802
        ]
      },
      "semantic_valence": {
        "pc1_var": 0.06318221241235733,
        "explained_var_top5": [
          0.06318221241235733,
          0.049335867166519165,
          0.03646370768547058,
          0.028762508183717728,
          0.028307313099503517
        ]
      },
      "semantic_topic": {
        "pc1_var": 0.05518442019820213,
        "explained_var_top5": [
          0.05518442019820213,
          0.03171725943684578,
          0.029187364503741264,
          0.027108334004878998,
          0.023628998547792435
        ]
      }
    },
    "33": {
      "tense": {
        "pc1_var": 0.09213995188474655,
        "explained_var_top5": [
          0.09213995188474655,
          0.04100838303565979,
          0.036625783890485764,
          0.0356561541557312,
          0.030865181237459183
        ]
      },
      "polarity": {
        "pc1_var": 0.07370305806398392,
        "explained_var_top5": [
          0.07370305806398392,
          0.06636952608823776,
          0.04759788140654564,
          0.0385776050388813,
          0.03309597820043564
        ]
      },
      "voice": {
        "pc1_var": 0.07354811578989029,
        "explained_var_top5": [
          0.07354811578989029,
          0.04036068543791771,
          0.028613055124878883,
          0.027794722467660904,
          0.02314259111881256
        ]
      },
      "semantic_valence": {
        "pc1_var": 0.05501367896795273,
        "explained_var_top5": [
          0.05501367896795273,
          0.04823850467801094,
          0.03808986395597458,
          0.030421560630202293,
          0.029544906690716743
        ]
      },
      "semantic_topic": {
        "pc1_var": 0.05334935709834099,
        "explained_var_top5": [
          0.05334935709834099,
          0.030905570834875107,
          0.02845747023820877,
          0.0239971075206995,
          0.021975064650177956
        ]
      }
    },
    "34": {
      "tense": {
        "pc1_var": 0.11807797849178314,
        "explained_var_top5": [
          0.11807797849178314,
          0.040002305060625076,
          0.03506692871451378,
          0.032864607870578766,
          0.02905740588903427
        ]
      },
      "polarity": {
        "pc1_var": 0.07993584126234055,
        "explained_var_top5": [
          0.07993584126234055,
          0.0644015297293663,
          0.04561848193407059,
          0.038587652146816254,
          0.03265877813100815
        ]
      },
      "voice": {
        "pc1_var": 0.07934213429689407,
        "explained_var_top5": [
          0.07934213429689407,
          0.044128041714429855,
          0.031207509338855743,
          0.028018349781632423,
          0.023148125037550926
        ]
      },
      "semantic_valence": {
        "pc1_var": 0.06264713406562805,
        "explained_var_top5": [
          0.06264713406562805,
          0.045417480170726776,
          0.03856195509433746,
          0.030358418822288513,
          0.029137022793293
        ]
      },
      "semantic_topic": {
        "pc1_var": 0.06279100477695465,
        "explained_var_top5": [
          0.06279100477695465,
          0.03201189264655113,
          0.030017493292689323,
          0.02577589824795723,
          0.023073144257068634
        ]
      }
    },
    "35": {
      "tense": {
        "pc1_var": 0.2999905049800873,
        "explained_var_top5": [
          0.2999905049800873,
          0.04274481162428856,
          0.03426392376422882,
          0.02903806045651436,
          0.025992924347519875
        ]
      },
      "polarity": {
        "pc1_var": 0.1847207397222519,
        "explained_var_top5": [
          0.1847207397222519,
          0.06526736915111542,
          0.043340545147657394,
          0.03267739713191986,
          0.03127317130565643
        ]
      },
      "voice": {
        "pc1_var": 0.13428722321987152,
        "explained_var_top5": [
          0.13428722321987152,
          0.07941298186779022,
          0.035653065890073776,
          0.025659967213869095,
          0.024310259148478508
        ]
      },
      "semantic_valence": {
        "pc1_var": 0.1885097324848175,
        "explained_var_top5": [
          0.1885097324848175,
          0.03810888156294823,
          0.03503119945526123,
          0.028425661846995354,
          0.02661549486219883
        ]
      },
      "semantic_topic": {
        "pc1_var": 0.1777094155550003,
        "explained_var_top5": [
          0.1777094155550003,
          0.031451623886823654,
          0.029631448909640312,
          0.0260575283318758,
          0.02220838889479637
        ]
      }
    }
  }
}