{
  "model": "DeepSeek-R1-Distill-Qwen-7B",
  "n_layers": 28,
  "d_model": 3584,
  "L1_fixed": 7,
  "l2_values": [
    9,
    11,
    13,
    15,
    17,
    19,
    21,
    23,
    25,
    26
  ],
  "pairs": {
    "tense_x_question": {
      "pair": "tense_x_question",
      "feature_A": "tense",
      "feature_B": "question",
      "n_samples": 25,
      "L1_fixed": 7,
      "propagation_data": {
        "L9": {
          "l2": 9,
          "distance": 2,
          "curvature_norm_mean": 69.9147720336914,
          "curvature_norm_std": 31.59876823425293,
          "mean_single_effect": 48.46175247192383,
          "mean_A_effect": 40.66866683959961,
          "mean_B_effect": 56.25483322143555,
          "relative_curvature": 1.4426794011226078,
          "n_valid": 25
        },
        "L11": {
          "l2": 11,
          "distance": 4,
          "curvature_norm_mean": 65.94271850585938,
          "curvature_norm_std": 39.186370849609375,
          "mean_single_effect": 50.10579620361328,
          "mean_A_effect": 40.66866683959961,
          "mean_B_effect": 59.54292297363281,
          "relative_curvature": 1.3160696666261624,
          "n_valid": 25
        },
        "L13": {
          "l2": 13,
          "distance": 6,
          "curvature_norm_mean": 88.29766845703125,
          "curvature_norm_std": 38.23509216308594,
          "mean_single_effect": 50.738309707641605,
          "mean_A_effect": 40.66866683959961,
          "mean_B_effect": 60.807952880859375,
          "relative_curvature": 1.7402564051825098,
          "n_valid": 25
        },
        "L15": {
          "l2": 15,
          "distance": 8,
          "curvature_norm_mean": 94.21661376953125,
          "curvature_norm_std": 24.848039627075195,
          "mean_single_effect": 53.70867191314697,
          "mean_A_effect": 40.66866683959961,
          "mean_B_effect": 66.7486801147461,
          "relative_curvature": 1.7542160402274478,
          "n_valid": 25
        },
        "L17": {
          "l2": 17,
          "distance": 10,
          "curvature_norm_mean": 101.39595794677734,
          "curvature_norm_std": 35.07551574707031,
          "mean_single_effect": 56.82142318725586,
          "mean_A_effect": 40.66866683959961,
          "mean_B_effect": 72.97418212890625,
          "relative_curvature": 1.784467059412556,
          "n_valid": 25
        },
        "L19": {
          "l2": 19,
          "distance": 12,
          "curvature_norm_mean": 62.11028289794922,
          "curvature_norm_std": 26.932098388671875,
          "mean_single_effect": 56.64818420410156,
          "mean_A_effect": 40.66866683959961,
          "mean_B_effect": 72.62770080566406,
          "relative_curvature": 1.0964214258670366,
          "n_valid": 25
        },
        "L21": {
          "l2": 21,
          "distance": 14,
          "curvature_norm_mean": 69.30329895019531,
          "curvature_norm_std": 19.903045654296875,
          "mean_single_effect": 61.61213897705078,
          "mean_A_effect": 40.66866683959961,
          "mean_B_effect": 82.55561828613281,
          "relative_curvature": 1.124831893531514,
          "n_valid": 25
        },
        "L23": {
          "l2": 23,
          "distance": 16,
          "curvature_norm_mean": 74.2745361328125,
          "curvature_norm_std": 15.243623733520508,
          "mean_single_effect": 66.58142486572265,
          "mean_A_effect": 40.66866683959961,
          "mean_B_effect": 92.49418640136719,
          "relative_curvature": 1.115544407205062,
          "n_valid": 25
        },
        "L25": {
          "l2": 25,
          "distance": 18,
          "curvature_norm_mean": 119.35971069335938,
          "curvature_norm_std": 36.38581466674805,
          "mean_single_effect": 56.89240261077881,
          "mean_A_effect": 40.66866683959961,
          "mean_B_effect": 73.11613464355469,
          "relative_curvature": 2.0979903329049376,
          "n_valid": 25
        },
        "L26": {
          "l2": 26,
          "distance": 19,
          "curvature_norm_mean": 147.64964294433594,
          "curvature_norm_std": 39.020999908447266,
          "mean_single_effect": 57.149222679138184,
          "mean_A_effect": 40.66866683959961,
          "mean_B_effect": 73.62977600097656,
          "relative_curvature": 2.583580948651744,
          "n_valid": 25
        }
      }
    },
    "voice_x_question": {
      "pair": "voice_x_question",
      "feature_A": "voice",
      "feature_B": "question",
      "n_samples": 25,
      "L1_fixed": 7,
      "propagation_data": {
        "L9": {
          "l2": 9,
          "distance": 2,
          "curvature_norm_mean": 87.26277160644531,
          "curvature_norm_std": 28.943828582763672,
          "mean_single_effect": 83.13455085754394,
          "mean_A_effect": 110.27605438232422,
          "mean_B_effect": 55.993045806884766,
          "relative_curvature": 1.0496571005221447,
          "n_valid": 25
        },
        "L11": {
          "l2": 11,
          "distance": 4,
          "curvature_norm_mean": 93.37723541259766,
          "curvature_norm_std": 31.25193214416504,
          "mean_single_effect": 84.66631454467773,
          "mean_A_effect": 110.27605438232422,
          "mean_B_effect": 59.05657196044922,
          "relative_curvature": 1.1028853200314153,
          "n_valid": 25
        },
        "L13": {
          "l2": 13,
          "distance": 6,
          "curvature_norm_mean": 101.79027557373047,
          "curvature_norm_std": 33.70054244995117,
          "mean_single_effect": 85.75730209350586,
          "mean_A_effect": 110.27605438232422,
          "mean_B_effect": 61.238555908203125,
          "relative_curvature": 1.1869575311805436,
          "n_valid": 25
        },
        "L15": {
          "l2": 15,
          "distance": 8,
          "curvature_norm_mean": 133.2789306640625,
          "curvature_norm_std": 34.521095275878906,
          "mean_single_effect": 90.99974472045898,
          "mean_A_effect": 110.27605438232422,
          "mean_B_effect": 71.72344207763672,
          "relative_curvature": 1.4646077422891017,
          "n_valid": 25
        },
        "L17": {
          "l2": 17,
          "distance": 10,
          "curvature_norm_mean": 139.85067749023438,
          "curvature_norm_std": 29.674264907836914,
          "mean_single_effect": 90.79761978149413,
          "mean_A_effect": 110.27605438232422,
          "mean_B_effect": 71.31918334960938,
          "relative_curvature": 1.5402460750252391,
          "n_valid": 25
        },
        "L19": {
          "l2": 19,
          "distance": 12,
          "curvature_norm_mean": 174.4490203857422,
          "curvature_norm_std": 36.47315216064453,
          "mean_single_effect": 91.24282699584961,
          "mean_A_effect": 110.27605438232422,
          "mean_B_effect": 72.20960235595703,
          "relative_curvature": 1.9119203791601744,
          "n_valid": 25
        },
        "L21": {
          "l2": 21,
          "distance": 14,
          "curvature_norm_mean": 167.7936553955078,
          "curvature_norm_std": 31.623046875,
          "mean_single_effect": 100.49030380249023,
          "mean_A_effect": 110.27605438232422,
          "mean_B_effect": 90.70455169677734,
          "relative_curvature": 1.6697497076447565,
          "n_valid": 25
        },
        "L23": {
          "l2": 23,
          "distance": 16,
          "curvature_norm_mean": 123.8855209350586,
          "curvature_norm_std": 19.02170753479004,
          "mean_single_effect": 102.1758023071289,
          "mean_A_effect": 110.27605438232422,
          "mean_B_effect": 94.07554626464844,
          "relative_curvature": 1.2124741684195586,
          "n_valid": 25
        },
        "L25": {
          "l2": 25,
          "distance": 18,
          "curvature_norm_mean": 141.11309814453125,
          "curvature_norm_std": 23.663602828979492,
          "mean_single_effect": 95.78072570800781,