{
  "model": "Qwen3-4B",
  "n_layers": 36,
  "d_model": 2560,
  "intervention_layer": 18,
  "pairs": {
    "tense_x_question": {
      "pair": "tense_x_question",
      "feature_A": "tense",
      "feature_B": "question",
      "n_samples": 50,
      "pc1_A_var_last": 0.12618441879749298,
      "pc1_B_var_last": 0.1423860788345337,
      "pc1_A_var_mid": 0.07065160572528839,
      "pc1_B_var_mid": 0.07648573070764542,
      "cos_pc1A_pc1B_last": 0.3258443772792816,
      "mean_dhA_norm_mid": 17.593910217285156,
      "mean_dhB_norm_mid": 25.960588455200195,
      "intervention_layer": 18,
      "alpha_results": {
        "0.5": {
          "A_to_B_mean": 0.18416374104528496,
          "A_to_B_std": 0.10238206769852398,
          "A_to_B_signif": 1.79878903606145,
          "A_to_A_mean": 0.17950120587637122,
          "A_to_A_std": 0.08240575481520855,
          "B_to_A_mean": 0.10099414376073736,
          "B_to_A_std": 0.07863044256377567,
          "B_to_B_mean": 0.18765317708264187,
          "B_to_B_std": 0.1476697634386276,
          "cross_own_ratio": 1.0259749512185867,
          "n_valid": 50
        },
        "1.0": {
          "A_to_B_mean": 0.1916559328032792,
          "A_to_B_std": 0.11126679961994726,
          "A_to_B_signif": 1.722489846797672,
          "A_to_A_mean": 0.19183537998947603,
          "A_to_A_std": 0.07676131874676559,
          "B_to_A_mean": 0.11555122286353477,
          "B_to_A_std": 0.07699744079779866,
          "B_to_B_mean": 0.20282539486301313,
          "B_to_B_std": 0.1325307284475318,
          "cross_own_ratio": 0.9990645766901124,
          "n_valid": 50
        },
        "2.0": {
          "A_to_B_mean": 0.21057603497867863,
          "A_to_B_std": 0.11757792883857443,
          "A_to_B_signif": 1.7909486659582912,
          "A_to_A_mean": 0.21528334979698635,
          "A_to_A_std": 0.06965827715162651,
          "B_to_A_mean": 0.13333160397942595,
          "B_to_A_std": 0.0751681617378414,
          "B_to_B_mean": 0.21149906697696008,
          "B_to_B_std": 0.12950983376104475,
          "cross_own_ratio": 0.9781343289178648,
          "n_valid": 50
        },
        "5.0": {
          "A_to_B_mean": 0.25104575445005695,
          "A_to_B_std": 0.12698902429330575,
          "A_to_B_signif": 1.9769090726496743,
          "A_to_A_mean": 0.2739744812797235,
          "A_to_A_std": 0.058281157579846,
          "B_to_A_mean": 0.17313960022106084,
          "B_to_A_std": 0.0689683916616714,
          "B_to_B_mean": 0.17135145789052714,
          "B_to_B_std": 0.11927040494650827,
          "cross_own_ratio": 0.9163107205671182,
          "n_valid": 50
        }
      }
    },
    "tense_x_polarity": {
      "pair": "tense_x_polarity",
      "feature_A": "tense",
      "feature_B": "polarity",
      "n_samples": 50,
      "pc1_A_var_last": 0.23171035945415497,
      "pc1_B_var_last": 0.12933191657066345,
      "pc1_A_var_mid": 0.10723576694726944,
      "pc1_B_var_mid": 0.09465456753969193,
      "cos_pc1A_pc1B_last": 0.052655790001153946,
      "mean_dhA_norm_mid": 16.39417266845703,
      "mean_dhB_norm_mid": 22.906972885131836,
      "intervention_layer": 18,
      "alpha_results": {
        "0.5": {
          "A_to_B_mean": 0.23309550475943489,
          "A_to_B_std": 0.09717898626133926,
          "A_to_B_signif": 2.3986204578500043,
          "A_to_A_mean": 0.11360833364309539,
          "A_to_A_std": 0.0685136693219923,
          "B_to_A_mean": 0.06875728313323534,
          "B_to_A_std": 0.07427289291047769,
          "B_to_B_mean": 0.09017576481391658,
          "B_to_B_std": 0.14517761616557476,
          "cross_own_ratio": 2.0517465319625057,
          "n_valid": 50
        },
        "1.0": {
          "A_to_B_mean": 0.2476878878155734,
          "A_to_B_std": 0.11973908231359363,
          "A_to_B_signif": 2.0685634366232133,
          "A_to_A_mean": 0.11862514252468291,
          "A_to_A_std": 0.0667158294166474,
          "B_to_A_mean": 0.061952953508433814,
          "B_to_A_std": 0.0699589605538488,
          "B_to_B_mean": 0.09915445942741044,
          "B_to_B_std": 0.15830582206391652,
          "cross_own_ratio": 2.087988113946729,
          "n_valid": 50
        },
        "2.0": {
          "A_to_B_mean": 0.2519758939625806,
          "A_to_B_std": 0.14020963009187423,
          "A_to_B_signif": 1.7971368558476069,
          "A_to_A_mean": 0.12279224414318758,
          "A_to_A_std": 0.06218648683412257,
          "B_to_A_mean": 0.05947729652196051,
          "B_to_A_std": 0.05963176812514528,
          "B_to_B_mean": 0.10446457195568279,
          "B_to_B_std": 0.17144996000972176,
          "cross_own_ratio": 2.0520505632550163,
          "n_valid": 50
        },
        "5.0": {
          "A_to_B_mean": 0.18715348832483628,
          "A_to_B_std": 0.16151926066785993,
          "A_to_B_signif": 1.1587069395631928,
          "A_to_A_mean": 0.12873278476812267,
          "A_to_A_std": 0.05354725688033615,
          "B_to_A_mean": 0.0619242387540345,
          "B_to_A_std": 0.043946869070090384,
          "B_to_B_mean": 0.10600687165813781,
          "B_to_B_std": 0.15768149723658642,
          "cross_own_ratio": 1.4538137158810116,
          "n_valid": 50
        }
      }
    },
    "voice_x_question": {
      "pair": "voice_x_question",
      "feature_A": "voice",
      "feature_B": "question",
      "n_samples": 50,
      "pc1_A_var_last": 0.1752990186214447,
      "pc1_B_var_last": 0.19153033196926117,
      "pc1_A_var_mid": 0.13101525604724884,
      "pc1_B_var_mid": 0.08625537902116776,
      "cos_pc1A_pc1B_last": 0.23931355774402618,
      "mean_dhA_norm_mid": 51.64850997924805,
      "mean_dhB_norm_mid": 22.447370529174805,
      "intervention_layer": 18,
      "alpha_results": {
        "0.5": {
          "A_to_B_mean": 0.1598634514772093,
          "A_to_B_std": 0.10182215971472135,
          "A_to_B_signif": 1.5700261295586504,
          "A_to_A_mean": 0.06791573033194925,
          "A_to_A_std": 0.07224681643937099,
          "B_to_A_mean": 0.11892700436537286,
          "B_to_A_std": 0.08580143319990124,
          "B_to_B_mean": 0.1830354018869423,
          "B_to_B_std": 0.12498323986501253,
          "cross_own_ratio": 2.3538501384063086,
          "n_valid": 50
        },
        "1.0": {
          "A_to_B_mean": 0.13865614701036078,
          "A_to_B_std": 0.0987126524771204,
          "A_to_B_signif": 1.4046441199828368,
          "A_to_A_mean": 0.07853764418836173,
          "A_to_A_std": 0.07129346529773302,
          "B_to_A_mean": 0.14202923787763663,
          "B_to_A_std": 0.07992940682150079,
          "B_to_B_mean": 0.17831487336690352,
          "B_to_B_std": 0.123985631689332,
          "cross_own_ratio": 1.7654737198542105,
          "n_valid": 50
        },
        "2.0": {
          "A_to_B_mean": 0.0875230372068504,
          "A_to_B_std": 0.0960938837454638,
          "A_to_B_signif": 0.9108075738472923,
          "A_to_A_mean": 0.10557557168987895,
          "A_to_A_std": 0.07266236901065667,
          "B_to_A_mean": 0.17244335467454697,
          "B_to_A_std": 0.06845305040701144,
          "B_to_B_mean": 0.1672152795472453,
          "B_to_B_std": 0.12787190513674815,
          "cross_own_ratio": 0.8290084128650757,
          "n_valid": 50
        },
        "5.0": {
          "A_to_B_mean": 0.02879703724177512,
          "A_to_B_std": 0.08806005587266488,
          "A_to_B_signif": 0.32701588618924043,
          "A_to_A_mean": 0.17031351111548618,
          "A_to_A_std": 0.058327770139690344,
          "B_to_A_mean": 0.18909172512482583,
          "B_to_A_std": 0.06560192994786489,
          "B_to_B_mean": 0.04700145210344545,
          "B_to_B_std": 0.1170819915646924,
          "cross_own_ratio": 0.1690825175070237,
          "n_valid": 50
        }
      }
    }
  },
  "timestamp": "2026-04-24T13:01:42.884554"
}