{
  "model": "Qwen3-4B",
  "n_layers": 36,
  "d_model": 2560,
  "intervention_layer": 18,
  "layer_sample": [
    0,
    6,
    12,
    18,
    24,
    30,
    35
  ],
  "pairs": {
    "tense_x_question": {
      "pair": "tense_x_question",
      "feature_A": "tense",
      "feature_B": "question",
      "n_samples": 40,
      "n_interventions": 40,
      "intervention_layer": 18,
      "orthogonal_decomposition_mid": {
        "overlap_A_on_B": 0.5513286590024843,
        "overlap_B_on_A": 0.5513286590024843,
        "norm_A_perp": 0.8342881202697754,
        "norm_B_perp": 0.8342881202697754,
        "cos_A_perp_B_mid": 1.4901161193847656e-08
      },
      "pc1_directions": {
        "0": {
          "cos_pc1A_pc1B": 1.0,
          "sign_pc1A_pc1B": 1.0,
          "pc1_A_var": NaN,
          "pc1_B_var": NaN
        },
        "6": {
          "cos_pc1A_pc1B": 0.014166422188282013,
          "sign_pc1A_pc1B": -0.014166422188282013,
          "pc1_A_var": 0.08811866492033005,
          "pc1_B_var": 0.11510438472032547
        },
        "12": {
          "cos_pc1A_pc1B": 0.24241280555725098,
          "sign_pc1A_pc1B": 0.24241280555725098,
          "pc1_A_var": 0.07838459312915802,
          "pc1_B_var": 0.08954796940088272
        },
        "18": {
          "cos_pc1A_pc1B": 0.5513286590576172,
          "sign_pc1A_pc1B": 0.5513286590576172,
          "pc1_A_var": 0.08573754131793976,
          "pc1_B_var": 0.08477817475795746
        },
        "24": {
          "cos_pc1A_pc1B": 0.10881069302558899,
          "sign_pc1A_pc1B": 0.10881069302558899,
          "pc1_A_var": 0.0843079537153244,
          "pc1_B_var": 0.10534188896417618
        },
        "30": {
          "cos_pc1A_pc1B": 0.0934147760272026,
          "sign_pc1A_pc1B": -0.0934147760272026,
          "pc1_A_var": 0.11203751713037491,
          "pc1_B_var": 0.11840321123600006
        },
        "35": {
          "cos_pc1A_pc1B": 0.07722483575344086,
          "sign_pc1A_pc1B": -0.07722483575344086,
          "pc1_A_var": 0.11842313408851624,
          "pc1_B_var": 0.11905335634946823
        },
        "36": {
          "cos_pc1A_pc1B": 0.5810866355895996,
          "sign_pc1A_pc1B": 0.5810866355895996,
          "pc1_A_var": 0.11975941807031631,
          "pc1_B_var": 0.15273772180080414
        }
      },
      "alpha_results": {
        "1.0": {
          "A_full_to_B_mean": 0.18178072571754456,
          "A_full_to_B_std": 0.10562663525342941,
          "A_full_to_B_n": 40,
          "A_full_to_A_mean": 0.2478281706571579,
          "A_full_to_A_std": 0.1219421774148941,
          "A_full_to_A_n": 40,
          "B_full_to_A_mean": 0.2712319493293762,
          "B_full_to_A_std": 0.10806389153003693,
          "B_full_to_A_n": 40,
          "B_full_to_B_mean": 0.30556803941726685,
          "B_full_to_B_std": 0.11052481830120087,
          "B_full_to_B_n": 40,
          "A_perp_to_B_mean": 0.021393045783042908,
          "A_perp_to_B_std": 0.0989934429526329,
          "A_perp_to_B_n": 40,
          "A_perp_to_A_mean": 0.12176066637039185,
          "A_perp_to_A_std": 0.11885812878608704,
          "A_perp_to_A_n": 40,
          "A_par_to_B_mean": 0.2897300124168396,
          "A_par_to_B_std": 0.1080792099237442,
          "A_par_to_B_n": 40,
          "A_par_to_A_mean": 0.2623668611049652,
          "A_par_to_A_std": 0.11090768873691559,
          "A_par_to_A_n": 40,
          "B_perp_to_A_mean": 0.17286954820156097,
          "B_perp_to_A_std": 0.09452468901872635,
          "B_perp_to_A_n": 40,
          "B_perp_to_B_mean": 0.2459937334060669,
          "B_perp_to_B_std": 0.09583332389593124,
          "B_perp_to_B_n": 40,
          "B_par_to_A_mean": 0.24472832679748535,
          "B_par_to_A_std": 0.12452849745750427,
          "B_par_to_A_n": 40,
          "B_par_to_B_mean": 0.18055371940135956,
          "B_par_to_B_std": 0.10652374476194382,
          "B_par_to_B_n": 40,
          "entangle_purity_A": 0.06876072091841798,
          "perp_to_full_ratio_A": 0.11768599606382558,
          "entangle_purity_B": 0.4139617524647595
        },
        "2.0": {
          "A_full_to_B_mean": 0.2013067752122879,
          "A_full_to_B_std": 0.11913848668336868,
          "A_full_to_B_n": 40,
          "A_full_to_A_mean": 0.2680555284023285,
          "A_full_to_A_std": 0.13013532757759094,
          "A_full_to_A_n": 40,
          "B_full_to_A_mean": 0.2669707238674164,
          "B_full_to_A_std": 0.11957254260778427,
          "B_full_to_A_n": 40,
          "B_full_to_B_mean": 0.31715017557144165,
          "B_full_to_B_std": 0.11872407048940659,
          "B_full_to_B_n": 40,
          "A_perp_to_B_mean": 0.03992713242769241,
          "A_perp_to_B_std": 0.10692841559648514,
          "A_perp_to_B_n": 40,
          "A_perp_to_A_mean": 0.14436833560466766,
          "A_perp_to_A_std": 0.11753518879413605,
          "A_perp_to_A_n": 40,
          "A_par_to_B_mean": 0.3027120530605316,
          "A_par_to_B_std": 0.10712090879678726,
          "A_par_to_B_n": 40,
          "A_par_to_A_mean": 0.27116942405700684,
          "A_par_to_A_std": 0.10632025450468063,
          "A_par_to_A_n": 40,
          "B_perp_to_A_mean": 0.1695147305727005,
          "B_perp_to_A_std": 0.09271591901779175,
          "B_perp_to_A_n": 40,
          "B_perp_to_B_mean": 0.2561114430427551,
          "B_perp_to_B_std": 0.09693793952465057,
          "B_perp_to_B_n": 40,
          "B_par_to_A_mean": 0.25849953293800354,
          "B_par_to_A_std": 0.12842221558094025,
          "B_par_to_A_n": 40,
          "B_par_to_B_mean": 0.19186349213123322,
          "B_par_to_B_std": 0.11561266332864761,
          "B_par_to_B_n": 40,
          "entangle_purity_A": 0.11652821424714666,
          "perp_to_full_ratio_A": 0.19833973479408884,
          "entangle_purity_B": 0.3960492557950846
        }
      }
    },
    "tense_x_polarity": {
      "pair": "tense_x_polarity",
      "feature_A": "tense",
      "feature_B": "polarity",
      "n_samples": 40,
      "n_interventions": 40,
      "intervention_layer": 18,
      "orthogonal_decomposition_mid": {
        "overlap_A_on_B": 0.2349275350335751,
        "overlap_B_on_A": 0.23492750523125272,
        "norm_A_perp": 0.9720128178596497,
        "norm_B_perp": 0.9720128774642944,
        "cos_A_perp_B_mid": 2.7939677238464355e-09
      },
      "pc1_directions": {
        "0": {
          "cos_pc1A_pc1B": 1.0,
          "sign_pc1A_pc1B": 1.0,
          "pc1_A_var": NaN,
          "pc1_B_var": NaN
        },
        "6": {
          "cos_pc1A_pc1B": 0.05782855302095413,
          "sign_pc1A_pc1B": 0.05782855302095413,
          "pc1_A_var": 0.08716128766536713,
          "pc1_B_var": 0.2622758150100708
        },
        "12": {
          "cos_pc1A_pc1B": 0.08686507493257523,
          "sign_pc1A_pc1B": 0.08686507493257523,
          "pc1_A_var": 0.09884557873010635,
          "pc1_B_var": 0.10533815622329712
        },
        "18": {
          "cos_pc1A_pc1B": 0.23492752015590668,
          "sign_pc1A_pc1B": 0.23492752015590668,
          "pc1_A_var": 0.11838534474372864,
          "pc1_B_var": 0.11331094801425934
        },
        "24": {
          "cos_pc1A_pc1B": 0.2678711712360382,
          "sign_pc1A_pc1B": -0.2678711712360382,
          "pc1_A_var": 0.15387588739395142,
          "pc1_B_var": 0.1595507115125656
        },
        "30": {
          "cos_pc1A_pc1B": 0.3099476397037506,
          "sign_pc1A_pc1B": -0.3099476397037506,
          "pc1_A_var": 0.15068379044532776,
          "pc1_B_var": 0.14022161066532135
        },
        "35": {
          "cos_pc1A_pc1B": 0.34715735912323,
          "sign_pc1A_pc1B": -0.34715735912323,
          "pc1_A_var": 0.14582405984401703,
          "pc1_B_var": 0.12600532174110413
        },
        "36": {
          "cos_pc1A_pc1B": 0.5692458152770996,
          "sign_pc1A_pc1B": 0.5692458152770996,
          "pc1_A_var": 0.17465321719646454,
          "pc1_B_var": 0.13081127405166626
        }
      },