{
  "model": "DeepSeek-R1-Distill-Qwen-7B",
  "n_layers": 28,
  "d_model": 3584,
  "intervention_layer": 14,
  "pairs": {
    "tense_x_question": {
      "pair": "tense_x_question",
      "feature_A": "tense",
      "feature_B": "question",
      "n_samples": 50,
      "pc1_A_var_last": 0.403351753950119,
      "pc1_B_var_last": 0.4123663902282715,
      "pc1_A_var_mid": 0.09326226264238358,
      "pc1_B_var_mid": 0.12453851848840714,
      "cos_pc1A_pc1B_last": 0.9541012048721313,
      "mean_dhA_norm_mid": 72.73609161376953,
      "mean_dhB_norm_mid": 94.975341796875,
      "intervention_layer": 14,
      "alpha_results": {
        "0.5": {
          "A_to_B_mean": 0.16457266687822877,
          "A_to_B_std": 0.46542962698925394,
          "A_to_B_signif": 0.35359301879308425,
          "A_to_A_mean": 0.1883234397554686,
          "A_to_A_std": 0.45279924088135376,
          "B_to_A_mean": 0.08767845992484681,
          "B_to_A_std": 0.41824568448454846,
          "B_to_B_mean": 0.05029672910925338,
          "B_to_B_std": 0.42614040855447566,
          "cross_own_ratio": 0.8738830758642275,
          "n_valid": 50
        },
        "1.0": {
          "A_to_B_mean": 0.23803498045533675,
          "A_to_B_std": 0.4257007685736228,
          "A_to_B_signif": 0.5591603256836821,
          "A_to_A_mean": 0.26839543293178897,
          "A_to_A_std": 0.41495933742106195,
          "B_to_A_mean": 0.144187255076787,
          "B_to_A_std": 0.38560237975164624,
          "B_to_B_mean": 0.1052625006239295,
          "B_to_B_std": 0.39742141921457763,
          "cross_own_ratio": 0.8868816349313354,
          "n_valid": 50
        },
        "2.0": {
          "A_to_B_mean": 0.3510267452530821,
          "A_to_B_std": 0.3660838481162687,
          "A_to_B_signif": 0.958869797079134,
          "A_to_A_mean": 0.37942371381063356,
          "A_to_A_std": 0.348575205767397,
          "B_to_A_mean": 0.26865588377583455,
          "B_to_A_std": 0.3799428055463897,
          "B_to_B_mean": 0.2285998859159516,
          "B_to_B_std": 0.39627039822707144,
          "cross_own_ratio": 0.9251576334940418,
          "n_valid": 50
        },
        "5.0": {
          "A_to_B_mean": 0.5754966271926477,
          "A_to_B_std": 0.21289019974975915,
          "A_to_B_signif": 2.7032556106330263,
          "A_to_A_mean": 0.5807638559499404,
          "A_to_A_std": 0.20143340339343832,
          "B_to_A_mean": 0.3965352933712493,
          "B_to_A_std": 0.334075509011577,
          "B_to_B_mean": 0.3831442966896717,
          "B_to_B_std": 0.3457465828357397,
          "cross_own_ratio": 0.9909305153851727,
          "n_valid": 50
        }
      }
    },
    "tense_x_polarity": {
      "pair": "tense_x_polarity",
      "feature_A": "tense",
      "feature_B": "polarity",
      "n_samples": 50,
      "pc1_A_var_last": 0.312516450881958,
      "pc1_B_var_last": 0.4178447127342224,
      "pc1_A_var_mid": 0.15591223537921906,
      "pc1_B_var_mid": 0.10805116593837738,
      "cos_pc1A_pc1B_last": 0.9578487277030945,
      "mean_dhA_norm_mid": 75.9109115600586,
      "mean_dhB_norm_mid": 104.2517318725586,
      "intervention_layer": 14,
      "alpha_results": {
        "0.5": {
          "A_to_B_mean": -0.008981354363504456,
          "A_to_B_std": 0.4883515431178235,
          "A_to_B_signif": 0.01839116613479898,
          "A_to_A_mean": 0.0020396684143896217,
          "A_to_A_std": 0.4988872353087189,
          "B_to_A_mean": 0.13727180131882838,
          "B_to_A_std": 0.4513292213417056,
          "B_to_B_mean": 0.13420072700388083,
          "B_to_B_std": 0.4459437097511286,
          "cross_own_ratio": 4.403340199714834,
          "n_valid": 50
        },
        "1.0": {
          "A_to_B_mean": 0.009359588848607884,
          "A_to_B_std": 0.4762825798613907,
          "A_to_B_signif": 0.019651335661628876,
          "A_to_A_mean": 0.025619551085909752,
          "A_to_A_std": 0.4848972695940928,
          "B_to_A_mean": 0.1417619956843993,
          "B_to_A_std": 0.43825531927069405,
          "B_to_B_mean": 0.13577540424039536,
          "B_to_B_std": 0.4345558060554934,
          "cross_own_ratio": 0.3653299302821305,
          "n_valid": 50
        },
        "2.0": {
          "A_to_B_mean": 0.035255323245913885,
          "A_to_B_std": 0.43926139586778123,
          "A_to_B_signif": 0.08026046351794543,
          "A_to_A_mean": 0.05592569057965057,
          "A_to_A_std": 0.43753801357864713,
          "B_to_A_mean": 0.18757255230118702,
          "B_to_A_std": 0.4233212273438046,
          "B_to_B_mean": 0.17142855540195812,
          "B_to_B_std": 0.41900492365602715,
          "cross_own_ratio": 0.6303958488033851,
          "n_valid": 50
        },
        "5.0": {
          "A_to_B_mean": -0.09980466058105013,
          "A_to_B_std": 0.40376897754304014,
          "A_to_B_signif": 0.24718258733905107,
          "A_to_A_mean": -0.040983644616061535,
          "A_to_A_std": 0.4068190215494433,
          "B_to_A_mean": 0.4000681317055775,
          "B_to_A_std": 0.28192732178800844,
          "B_to_B_mean": 0.33607956815991374,
          "B_to_B_std": 0.2882711761354053,
          "cross_own_ratio": 2.435231450802046,
          "n_valid": 50
        }
      }
    },
    "voice_x_question": {
      "pair": "voice_x_question",
      "feature_A": "voice",
      "feature_B": "question",
      "n_samples": 50,
      "pc1_A_var_last": 0.3637882173061371,
      "pc1_B_var_last": 0.43254968523979187,
      "pc1_A_var_mid": 0.11415206640958786,
      "pc1_B_var_mid": 0.1402028203010559,
      "cos_pc1A_pc1B_last": 0.8893560171127319,
      "mean_dhA_norm_mid": 194.8930206298828,
      "mean_dhB_norm_mid": 89.58853149414062,
      "intervention_layer": 14,
      "alpha_results": {
        "0.5": {
          "A_to_B_mean": 0.2764170517464047,
          "A_to_B_std": 0.3403372962803086,
          "A_to_B_signif": 0.8121856014203142,
          "A_to_A_mean": 0.3206641567468371,
          "A_to_A_std": 0.2842750420815226,
          "B_to_A_mean": -0.25919242230944306,
          "B_to_A_std": 0.3624286578284888,
          "B_to_B_mean": -0.2987544345498006,
          "B_to_B_std": 0.38805497408848133,
          "cross_own_ratio": 0.8620141847610154,
          "n_valid": 50
        },
        "1.0": {
          "A_to_B_mean": 0.25004100938254,
          "A_to_B_std": 0.31247934428102647,
          "A_to_B_signif": 0.8001841205786986,
          "A_to_A_mean": 0.2679743815655415,
          "A_to_A_std": 0.28771051644338974,
          "B_to_A_mean": -0.2267338520715533,
          "B_to_A_std": 0.3902310798159128,
          "B_to_B_mean": -0.2772323635036676,
          "B_to_B_std": 0.3979959783227914,
          "cross_own_ratio": 0.9330780346556257,
          "n_valid": 50
        },
        "2.0": {
          "A_to_B_mean": 0.31802425299000725,
          "A_to_B_std": 0.30634051673595275,
          "A_to_B_signif": 1.0381397024289516,
          "A_to_A_mean": 0.238830472174746,
          "A_to_A_std": 0.3040717671989333,
          "B_to_A_mean": -0.27374262872689387,
          "B_to_A_std": 0.39527460237981543,
          "B_to_B_mean": -0.3070744445294524,
          "B_to_B_std": 0.3946442001445282,
          "cross_own_ratio": 1.3315899347389735,
          "n_valid": 50
        },
        "5.0": {
          "A_to_B_mean": 0.4509171428101731,
          "A_to_B_std": 0.20189644112899252,
          "A_to_B_signif": 2.2334080782471015,
          "A_to_A_mean": 0.3221724769194483,
          "A_to_A_std": 0.22647442174305368,
          "B_to_A_mean": -0.2422109401294531,
          "B_to_A_std": 0.3630866678683485,
          "B_to_B_mean": -0.12047494015482181,
          "B_to_B_std": 0.3574885060921069,
          "cross_own_ratio": 1.3996141041649346,
          "n_valid": 50
        }
      }
    }
  },
  "timestamp": "2026-04-24T12:56:17.442052"
}