{
  "model": "Qwen3-4B",
  "bottleneck_layer": 6,
  "global_pc_variance": [
    0.9962350726127625,
    0.00020354303705971688,
    0.0001691703946562484,
    0.00010071536235045642,
    9.828740439843386e-05,
    7.586475840071216e-05,
    7.336174894589931e-05,
    5.8365953009342775e-05,
    5.3613079217029735e-05,
    5.0504015234764665e-05
  ],
  "per_feature_pc1_variance": {
    "tense": 0.2103385329246521,
    "polarity": 0.32272425293922424,
    "number": 0.10829999297857285,
    "question": 0.19365961849689484,
    "info_structure": 0.19260628521442413,
    "formality": 0.9991459250450134,
    "semantic_valence": 0.08512846380472183,
    "semantic_topic": 0.09012453258037567,
    "voice": 0.1366356462240219
  },
  "projection_ratios": {
    "pc1_mean": 0.021890919655561447,
    "pc2_5_mean": 0.49425370466129004,
    "random_mean": 0.015155916888570242
  },
  "pc1_alignment": {
    "syn_syn": 0.10361333936452866,
    "sem_sem": 0.21108460426330566,
    "syn_sem": 0.15793992578983307
  },
  "hook_intervention": {
    "pc1_ablation_effect": 21.051177978515625,
    "pc2_5_ablation_effect": 169.31007385253906,
    "causal_ratio": 0.49734023497857993,
    "p_value": 0.005268975172406841
  }
}