{
  "manifold_centroids": [
    [
      10.0,
      0.0,
      0.0
    ],
    [
      9.458172417006347,
      3.2469946920468344,
      0.0
    ],
    [
      7.891405093963936,
      6.142127126896678,
      0.0
    ],
    [
      5.469481581224269,
      8.371664782625285,
      0.0
    ],
    [
      2.4548548714079925,
      9.694002659393304,
      0.0
    ],
    [
      -0.8257934547233227,
      9.965844930066698,
      0.0
    ],
    [
      -4.016954246529693,
      9.157733266550576,
      0.0
    ],
    [
      -6.7728157162574085,
      7.357239106731317,
      0.0
    ],
    [
      -8.79473751206489,
      4.759473930370737,
      0.0
    ],
    [
      -9.863613034027223,
      1.6459459028073402,
      0.0
    ],
    [
      -9.863613034027225,
      -1.6459459028073378,
      0.0
    ],
    [
      -8.794737512064891,
      -4.759473930370735,
      0.0
    ],
    [
      -6.772815716257414,
      -7.3572391067313125,
      0.0
    ],
    [
      -4.016954246529699,
      -9.157733266550572,
      0.0
    ],
    [
      -0.8257934547233274,
      -9.965844930066698,
      0.0
    ],
    [
      2.454854871407988,
      -9.694002659393306,
      0.0
    ],
    [
      5.469481581224266,
      -8.371664782625288,
      0.0
    ],
    [
      7.891405093963933,
      -6.14212712689668,
      0.0
    ],
    [
      9.458172417006347,
      -3.2469946920468375,
      0.0
    ],
    [
      10.0,
      -2.4492935982947065e-15,
      0.0
    ]
  ],
  "fiber_variance": [
    0.5,
    0.3,
    0.2
  ],
  "fiber_basis": [
    [
      1.0,
      0.0,
      0.0
    ],
    [
      0.0,
      1.0,
      0.0
    ],
    [
      0.0,
      0.0,
      1.0
    ]
  ]
}