{
  "model_id": "deepseek-ai/DeepSeek-R1-Distill-Qwen-7B",
  "probe_json": "tempdata/deepseek7b_multidim_encoding_probe_v2_specific/multidim_encoding_probe.json",
  "top_n": 128,
  "baseline_pair_delta_l2": {
    "style": [
      771.1541137695312,
      1086.840576171875,
      1401.038818359375
    ],
    "logic": [
      575.972900390625,
      408.70916748046875,
      483.2996520996094
    ],
    "syntax": [
      291.89337158203125,
      270.28643798828125,
      271.5718688964844
    ]
  },
  "suppression_matrix_raw": {
    "style": {
      "style": [
        -1.6621039275594956e-06,
        -0.0017478719922438602,
        -0.012175065411668762
      ],
      "logic": [
        -4.2387519418782334e-06,
        6.0481242526646465e-06,
        0.00017389917371371915
      ],
      "syntax": [
        7.590361370204507e-05,
        -0.00010184327291309923,
        -1.1574507181644584e-05
      ]
    },
    "logic": {
      "style": [
        -0.0003182533282246063,
        -0.003375115882722529,
        0.00471539062724628
      ],
      "logic": [
        0.020118494310535206,
        0.014615030917861843,
        0.03607852185449766
      ],
      "syntax": [
        0.0007534949641193372,
        0.0011401478601734767,
        -0.0019611485372238962
      ]
    },
    "syntax": {
      "style": [
        -0.0005816572268397492,
        -0.0010624033655465025,
        -0.0015927948273593724
      ],
      "logic": [
        -0.001106102319233125,
        -0.0006814219991335502,
        -0.003317092009269824
      ],
      "syntax": [
        0.01786745974442438,
        0.0017946771873101023,
        -0.004412921330322163
      ]
    }
  },
  "suppression_matrix_mean": {
    "style": {
      "style": -0.004641533169280061,
      "logic": 5.8569515341501855e-05,
      "syntax": -1.2504722130899582e-05
    },
    "logic": {
      "style": 0.0003406738054330482,
      "logic": 0.023604015694298236,
      "syntax": -2.2501904310360827e-05
    },
    "syntax": {
      "style": -0.0010789518065818747,
      "logic": -0.001701538775878833,
      "syntax": 0.00508307186713744
    }
  },
  "diagonal_advantage": {
    "style": -0.004664565565885362,
    "logic": 0.02344492974373689,
    "syntax": 0.006473317158367794
  }
}