{
  "model": "GLM4-9B-Chat",
  "n_layers": 40,
  "d_model": 4096,
  "intervention_layer": 20,
  "layer_sample": [
    0,
    6,
    13,
    20,
    27,
    33,
    39
  ],
  "pairs": {
    "tense_x_question": {
      "pair": "tense_x_question",
      "feature_A": "tense",
      "feature_B": "question",
      "n_samples": 40,
      "n_interventions": 40,
      "intervention_layer": 20,
      "orthogonal_decomposition_mid": {
        "overlap_A_on_B": 0.1822400539931209,
        "overlap_B_on_A": 0.1822400539931209,
        "norm_A_perp": 0.9832541346549988,
        "norm_B_perp": 0.9832541346549988,
        "cos_A_perp_B_mid": 2.7008354663848877e-08
      },
      "pc1_directions": {
        "0": {
          "cos_pc1A_pc1B": 1.0,
          "sign_pc1A_pc1B": 1.0,
          "pc1_A_var": NaN,
          "pc1_B_var": NaN
        },
        "6": {
          "cos_pc1A_pc1B": 0.0711854100227356,
          "sign_pc1A_pc1B": -0.0711854100227356,
          "pc1_A_var": 0.056630510836839676,
          "pc1_B_var": 0.06685729324817657
        },
        "13": {
          "cos_pc1A_pc1B": 0.019853077828884125,
          "sign_pc1A_pc1B": -0.019853077828884125,
          "pc1_A_var": 0.07237722724676132,
          "pc1_B_var": 0.07725359499454498
        },
        "20": {
          "cos_pc1A_pc1B": 0.1822400540113449,
          "sign_pc1A_pc1B": -0.1822400540113449,
          "pc1_A_var": 0.06744884699583054,
          "pc1_B_var": 0.11757196485996246
        },
        "27": {
          "cos_pc1A_pc1B": 0.21722255647182465,
          "sign_pc1A_pc1B": -0.21722255647182465,
          "pc1_A_var": 0.08304683864116669,
          "pc1_B_var": 0.1279943734407425
        },
        "33": {
          "cos_pc1A_pc1B": 0.23085321485996246,
          "sign_pc1A_pc1B": 0.23085321485996246,
          "pc1_A_var": 0.08431629091501236,
          "pc1_B_var": 0.10783295333385468
        },
        "39": {
          "cos_pc1A_pc1B": 0.651176393032074,
          "sign_pc1A_pc1B": 0.651176393032074,
          "pc1_A_var": 0.1252509355545044,
          "pc1_B_var": 0.1326058804988861
        },
        "40": {
          "cos_pc1A_pc1B": 0.5837416052818298,
          "sign_pc1A_pc1B": 0.5837416052818298,
          "pc1_A_var": 0.12494246661663055,
          "pc1_B_var": 0.16299918293952942
        }
      },
      "alpha_results": {
        "1.0": {
          "A_full_to_B_mean": 0.328101247549057,
          "A_full_to_B_std": 0.1209452822804451,
          "A_full_to_B_n": 40,
          "A_full_to_A_mean": 0.4556159973144531,
          "A_full_to_A_std": 0.08829178661108017,
          "A_full_to_A_n": 40,
          "B_full_to_A_mean": -0.4007530212402344,
          "B_full_to_A_std": 0.09263946861028671,
          "B_full_to_A_n": 40,
          "B_full_to_B_mean": -0.26520293951034546,
          "B_full_to_B_std": 0.12657177448272705,
          "B_full_to_B_n": 40,
          "A_perp_to_B_mean": 0.2891325354576111,
          "A_perp_to_B_std": 0.11744019389152527,
          "A_perp_to_B_n": 40,
          "A_perp_to_A_mean": 0.42164692282676697,
          "A_perp_to_A_std": 0.09133272618055344,
          "A_perp_to_A_n": 40,
          "A_par_to_B_mean": 0.15606781840324402,
          "A_par_to_B_std": 0.10641628503799438,
          "A_par_to_B_n": 40,
          "A_par_to_A_mean": 0.17299799621105194,
          "A_par_to_A_std": 0.10789322108030319,
          "A_par_to_A_n": 40,
          "B_perp_to_A_mean": -0.3412293791770935,
          "B_perp_to_A_std": 0.10114950686693192,
          "B_perp_to_A_n": 40,
          "B_perp_to_B_mean": -0.23389193415641785,
          "B_perp_to_B_std": 0.12207765132188797,
          "B_perp_to_B_n": 40,
          "B_par_to_A_mean": -0.28033605217933655,
          "B_par_to_A_std": 0.12377004325389862,
          "B_par_to_A_n": 40,
          "B_par_to_B_mean": -0.1686079502105713,
          "B_par_to_B_std": 0.12136763334274292,
          "B_par_to_B_n": 40,
          "entangle_purity_A": 0.6494436333782284,
          "perp_to_full_ratio_A": 0.8812296128994682,
          "entangle_purity_B": 0.5489838429037743
        },
        "2.0": {
          "A_full_to_B_mean": 0.3681641221046448,
          "A_full_to_B_std": 0.11674611270427704,
          "A_full_to_B_n": 40,
          "A_full_to_A_mean": 0.4869607388973236,
          "A_full_to_A_std": 0.10172098875045776,
          "A_full_to_A_n": 40,
          "B_full_to_A_mean": -0.40933656692504883,
          "B_full_to_A_std": 0.08613567054271698,
          "B_full_to_A_n": 40,
          "B_full_to_B_mean": -0.2722976803779602,
          "B_full_to_B_std": 0.1292162835597992,
          "B_full_to_B_n": 40,
          "A_perp_to_B_mean": 0.30742019414901733,
          "A_perp_to_B_std": 0.11488230526447296,
          "A_perp_to_B_n": 40,
          "A_perp_to_A_mean": 0.44732466340065,
          "A_perp_to_A_std": 0.09881419688463211,
          "A_perp_to_A_n": 40,
          "A_par_to_B_mean": 0.255501925945282,
          "A_par_to_B_std": 0.14198581874370575,
          "A_par_to_B_n": 40,
          "A_par_to_A_mean": 0.26882800459861755,
          "A_par_to_A_std": 0.10742831975221634,
          "A_par_to_A_n": 40,
          "B_perp_to_A_mean": -0.34523406624794006,
          "B_perp_to_A_std": 0.0931718572974205,
          "B_perp_to_A_n": 40,
          "B_perp_to_B_mean": -0.2450723648071289,
          "B_perp_to_B_std": 0.12882645428180695,
          "B_perp_to_B_n": 40,
          "B_par_to_A_mean": -0.40635594725608826,
          "B_par_to_A_std": 0.12029650062322617,
          "B_par_to_A_n": 40,
          "B_par_to_B_mean": -0.24762384593486786,
          "B_par_to_B_std": 0.10732701420783997,
          "B_par_to_B_n": 40,
          "entangle_purity_A": 0.5461149653222147,
          "perp_to_full_ratio_A": 0.835008561692867,
          "entangle_purity_B": 0.4593382828391664
        }
      }
    },
    "tense_x_polarity": {
      "pair": "tense_x_polarity",
      "feature_A": "tense",
      "feature_B": "polarity",
      "n_samples": 40,
      "n_interventions": 40,
      "intervention_layer": 20,
      "orthogonal_decomposition_mid": {
        "overlap_A_on_B": 0.15808285223350724,
        "overlap_B_on_A": 0.15808285771219616,
        "norm_A_perp": 0.9874257445335388,
        "norm_B_perp": 0.9874259233474731,
        "cos_A_perp_B_mid": 1.862645149230957e-09
      },
      "pc1_directions": {
        "0": {
          "cos_pc1A_pc1B": 1.0,
          "sign_pc1A_pc1B": 1.0,
          "pc1_A_var": NaN,
          "pc1_B_var": NaN
        },
        "6": {
          "cos_pc1A_pc1B": 0.08492866903543472,
          "sign_pc1A_pc1B": 0.08492866903543472,
          "pc1_A_var": 0.08986663073301315,
          "pc1_B_var": 0.18159545958042145
        },
        "13": {
          "cos_pc1A_pc1B": 0.11196599900722504,
          "sign_pc1A_pc1B": 0.11196599900722504,
          "pc1_A_var": 0.08024997264146805,
          "pc1_B_var": 0.12700124084949493
        },
        "20": {
          "cos_pc1A_pc1B": 0.15808285772800446,
          "sign_pc1A_pc1B": -0.15808285772800446,
          "pc1_A_var": 0.1044628843665123,
          "pc1_B_var": 0.15489861369132996
        },
        "27": {
          "cos_pc1A_pc1B": 0.22420358657836914,
          "sign_pc1A_pc1B": 0.22420358657836914,
          "pc1_A_var": 0.12078893184661865,
          "pc1_B_var": 0.15355415642261505
        },
        "33": {
          "cos_pc1A_pc1B": 0.18821734189987183,
          "sign_pc1A_pc1B": -0.18821734189987183,
          "pc1_A_var": 0.11346093565225601,
          "pc1_B_var": 0.12834365665912628
        },
        "39": {
          "cos_pc1A_pc1B": 0.4180964231491089,
          "sign_pc1A_pc1B": 0.4180964231491089,
          "pc1_A_var": 0.11030665785074234,
          "pc1_B_var": 0.12269894778728485
        },
        "40": {
          "cos_pc1A_pc1B": 0.7521909475326538,
          "sign_pc1A_pc1B": 0.7521909475326538,
          "pc1_A_var": 0.13760416209697723,
          "pc1_B_var": 0.123300701379776
        }
      },