{
  "L0-L2": {
    "singular_values": [
      8.900224685668945,
      7.137899875640869,
      6.402897834777832,
      5.149570465087891,
      3.656575918197632,
      3.350830316543579,
      2.797071695327759,
      2.700523614883423,
      2.6184816360473633,
      2.3813750743865967,
      2.0601634979248047,
      1.909074068069458,
      2.1485271645360626e-05
    ],
    "cumulative_variance": [
      0.30725720524787903,
      0.5048817992210388,
      0.6639023423194885,
      0.7667613625526428,
      0.8186233639717102,
      0.8621749877929688,
      0.8925214409828186,
      0.9208090305328369,
      0.9474039673805237,
      0.9694005846977234,
      0.9858633875846863,
      1.0,
      1.0
    ],
    "dim_90": 8,
    "dim_95": 10,
    "dim_99": 12
  },
  "L2-L4": {
    "singular_values": [
      7.388175010681152,
      5.860445499420166,
      4.683605670928955,
      4.249926567077637,
      3.150590181350708,
      2.9034807682037354,
      2.7625269889831543,
      2.5408430099487305,
      2.5200891494750977,
      2.293224811553955,
      2.0853817462921143,
      1.9842066764831543,
      9.060388947546016e-06
    ],
    "cumulative_variance": [
      0.30113035440444946,
      0.4906007647514343,
      0.6116162538528442,
      0.7112584114074707,
      0.7660185098648071,
      0.8125255107879639,
      0.8546266555786133,
      0.8902419209480286,
      0.9252777099609375,
      0.9542893767356873,
      0.9782805442810059,
      1.000000238418579,
      1.000000238418579
    ],
    "dim_90": 9,
    "dim_95": 10,
    "dim_99": 12
  },
  "L4-L6": {
    "singular_values": [
      8.576473236083984,
      7.847239017486572,
      6.2680230140686035,
      5.5975141525268555,
      4.056014060974121,
      3.4723429679870605,
      3.365450859069824,
      3.137885332107544,
      2.888944625854492,
      2.8081610202789307,
      2.431454658508301,
      2.155735731124878,
      9.055606824404094e-06
    ],
    "cumulative_variance": [
      0.2606264650821686,
      0.4788164496421814,
      0.6180238127708435,
      0.729041337966919,
      0.7873321175575256,
      0.8300535678863525,
      0.8701852560043335,
      0.9050732254981995,
      0.9346451759338379,
      0.9625864028930664,
      0.9835338592529297,
      1.0,
      1.0
    ],
    "dim_90": 8,
    "dim_95": 10,
    "dim_99": 12
  },
  "L6-L8": {
    "singular_values": [
      12.002665519714355,
      9.72609806060791,
      8.146035194396973,
      5.755163669586182,
      5.12732458114624,
      4.885578632354736,
      4.470220565795898,
      4.042914390563965,
      3.7846271991729736,
      3.182257652282715,
      2.9751992225646973,
      2.570197820663452,
      3.898747763741994e-06
    ],
    "cumulative_variance": [
      0.3101251423358917,
      0.5137631297111511,
      0.6566111445426941,
      0.7279123663902283,
      0.7845054268836975,
      0.8358877301216125,
      0.8789046406745911,
      0.9140906929969788,
      0.944924533367157,
      0.9667243361473083,
      0.9857795238494873,
      1.0000001192092896,
      1.0000001192092896
    ],
    "dim_90": 8,
    "dim_95": 10,
    "dim_99": 12
  },
  "L8-L10": {
    "singular_values": [
      14.45168685913086,
      12.090912818908691,
      10.176762580871582,
      7.9538116455078125,
      7.44017219543457,
      6.7565813064575195,
      6.3658599853515625,
      6.177146911621094,
      6.0170793533325195,
      5.7534942626953125,
      4.630647659301758,
      4.215505123138428,
      2.7138657969771884e-06
    ],
    "cumulative_variance": [
      0.2578151822090149,
      0.43827879428863525,
      0.5661258101463318,
      0.6442205905914307,
      0.7125546336174011,
      0.768908679485321,
      0.8189334869384766,
      0.8660363554954529,
      0.9107297658920288,
      0.9515932202339172,
      0.9780632257461548,
      0.9999999403953552,
      0.9999999403953552
    ],
    "dim_90": 9,
    "dim_95": 10,
    "dim_99": 12
  },
  "L10-L12": {
    "singular_values": [
      14.5115327835083,
      11.330438613891602,
      9.986404418945312,
      8.032827377319336,
      7.657176971435547,
      7.040121555328369,
      6.682647228240967,
      6.380341053009033,
      6.096059799194336,
      5.858026027679443,
      4.616096019744873,
      4.338541030883789,
      2.55471900345583e-06
    ],
    "cumulative_variance": [
      0.2604987919330597,
      0.4193068742752075,
      0.5426734089851379,
      0.6224942207336426,
      0.6950240135192871,
      0.7563351392745972,
      0.8115780353546143,
      0.8619358539581299,
      0.9079061150550842,
      0.9503565430641174,
      0.9767155051231384,
      1.0,
      1.0
    ],
    "dim_90": 9,
    "dim_95": 10,
    "dim_99": 12
  },
  "L12-L14": {
    "singular_values": [
      11.64509391784668,
      8.823495864868164,
      7.792627334594727,
      6.162209987640381,
      5.450867176055908,
      5.344964981079102,
      5.049561500549316,
      4.823790073394775,
      4.290890216827393,
      3.8872711658477783,
      3.4385933876037598,
      3.0773913860321045,
      2.3331595002673566e-06
    ],
    "cumulative_variance": [
      0.28607842326164246,
      0.45031899213790894,
      0.5784242749214172,
      0.6585316061973572,
      0.7212117314338684,
      0.781480073928833,
      0.8352707028388977,
      0.8843587636947632,
      0.9232000708580017,
      0.9550778865814209,
      0.9800215363502502,
      1.0000001192092896,
      1.0000001192092896
    ],
    "dim_90": 9,
    "dim_95": 10,
    "dim_99": 12
  },
  "L14-L16": {
    "singular_values": [
      10.286449432373047,
      7.417043209075928,
      6.598939895629883,
      5.408337593078613,
      4.752657890319824,
      4.260623931884766,
      4.163123607635498,
      3.657310962677002,
      3.4673728942871094,
      3.184199571609497,
      2.842109441757202,
      2.6895318031311035,
      2.063129386442597e-06
    ],
    "cumulative_variance": [
      0.30890050530433655,
      0.46950188279151917,
      0.5966283082962036,
      0.6820199489593506,
      0.7479617595672607,
      0.800956666469574,
      0.8515538573265076,
      0.8906029462814331,
      0.9257014393806458,
      0.9553012251853943,
      0.9788825511932373,
      1.0,
      1.0
    ],
    "dim_90": 9,
    "dim_95": 10,
    "dim_99": 12
  },
  "L16-L18": {
    "singular_values": [
      9.275012016296387,
      6.049246311187744,
      5.635651111602783,
      4.805114269256592,
      3.877427816390991,
      3.610278606414795,
      3.481086015701294,
      2.9502222537994385,
      2.8681979179382324,
      2.5763957500457764,
      2.5584559440612793,
      2.2637486457824707,
      1.8659100078366464e-06
    ],
    "cumulative_variance": [
      0.34016579389572144,
      0.48486435413360596,
      0.6104528307914734,
      0.7017524838447571,
      0.7612020969390869,
      0.8127419352531433,
      0.860659122467041,
      0.8950759768486023,
      0.9276056885719299,
      0.9538531303405762,
      0.979736328125,
      1.0,
      1.0
    ],
    "dim_90": 9,
    "dim_95": 10,
    "dim_99": 12
  },
  "L18-L20": {
    "singular_values": [
      9.480694770812988,
      7.040088176727295,
      5.901917934417725,
      4.823340892791748,
      4.2769622802734375,
      3.530225992202759,
      3.3442418575286865,
      2.9864418506622314,
      2.7546324729919434,
      2.4790875911712646,
      2.442723512649536,
      2.2151951789855957,
      2.1975670279061887e-06
    ],
    "cumulative_variance": [
      0.32923272252082825,
      0.5107753872871399,
      0.6383631825447083,
      0.723578691482544,
      0.7905815839767456,
      0.8362301588058472,
      0.8771956562995911,
      0.9098643064498901,
      0.9376582503318787,
      0.9601698517799377,
      0.9820258617401123,
      1.0,
      1.0
    ],
    "dim_90": 8,
    "dim_95": 10,
    "dim_99": 12
  },