{
  "model": "glm4",
  "n_pairs": 100,
  "sampled_layers": [
    0,
    4,
    8,
    12,
    16,
    20,
    24,
    28,
    32,
    36,
    39
  ],
  "feature_names": [
    "tense",
    "polarity",
    "voice",
    "semantic_valence",
    "semantic_topic"
  ],
  "peak_var_layer": 0,
  "peak_causal_layer": 24,
  "peak_align_layer": 39,
  "layers_with_1d": [],
  "layer_summary": {
    "0": {
      "avg_pc1_var": 0.10678965598344803,
      "avg_pc1_vs_random": 11.267933101811998,
      "avg_alignment": 0.18462713062763214,
      "per_feat": {
        "tense": {
          "pc1_var": 0.23044607043266296,
          "pc1_vs_random": 2.359018870422286,
          "cross_feat_alignment_mean": 0.18462713062763214
        },
        "polarity": {
          "pc1_var": 0.10182423889636993,
          "pc1_vs_random": 14.152241748773372,
          "cross_feat_alignment_mean": 0.18462713062763214
        },
        "voice": {
          "pc1_var": 0.06003330647945404,
          "pc1_vs_random": 8.663178365439828,
          "cross_feat_alignment_mean": 0.18462713062763214
        },
        "semantic_valence": {
          "pc1_var": 0.04869510978460312,
          "pc1_vs_random": 13.094999801395657,
          "cross_feat_alignment_mean": 0.18462713062763214
        },
        "semantic_topic": {
          "pc1_var": 0.09294955432415009,
          "pc1_vs_random": 18.070226723028846,
          "cross_feat_alignment_mean": 0.18462713062763214
        }
      }
    },
    "4": {
      "avg_pc1_var": 0.09131336137652397,
      "avg_pc1_vs_random": 14.219883572861514,
      "avg_alignment": 0.0602903850376606,
      "per_feat": {
        "tense": {
          "pc1_var": 0.15475954115390778,
          "pc1_vs_random": 2.691310535819285,
          "cross_feat_alignment_mean": 0.0602903850376606
        },
        "polarity": {
          "pc1_var": 0.12850020825862885,
          "pc1_vs_random": 19.55894836107986,
          "cross_feat_alignment_mean": 0.0602903850376606
        },
        "voice": {
          "pc1_var": 0.05854261666536331,
          "pc1_vs_random": 15.622637324308931,
          "cross_feat_alignment_mean": 0.0602903850376606
        },
        "semantic_valence": {
          "pc1_var": 0.03643679991364479,
          "pc1_vs_random": 13.469965430753042,
          "cross_feat_alignment_mean": 0.0602903850376606
        },
        "semantic_topic": {
          "pc1_var": 0.07832764089107513,
          "pc1_vs_random": 19.756556212346457,
          "cross_feat_alignment_mean": 0.0602903850376606
        }
      }
    },
    "8": {
      "avg_pc1_var": 0.08206127807497979,
      "avg_pc1_vs_random": 14.716603680989687,
      "avg_alignment": 0.060374386608600616,
      "per_feat": {
        "tense": {
          "pc1_var": 0.13990424573421478,
          "pc1_vs_random": 4.0981181979933385,
          "cross_feat_alignment_mean": 0.060374386608600616
        },
        "polarity": {
          "pc1_var": 0.07718557119369507,
          "pc1_vs_random": 20.457292135316028,
          "cross_feat_alignment_mean": 0.060374386608600616
        },
        "voice": {
          "pc1_var": 0.07918643206357956,
          "pc1_vs_random": 16.44578851974387,
          "cross_feat_alignment_mean": 0.060374386608600616
        },
        "semantic_valence": {
          "pc1_var": 0.04385649040341377,
          "pc1_vs_random": 11.708239824121451,
          "cross_feat_alignment_mean": 0.060374386608600616
        },
        "semantic_topic": {
          "pc1_var": 0.07017365097999573,
          "pc1_vs_random": 20.873579727773738,
          "cross_feat_alignment_mean": 0.060374386608600616
        }
      }
    },
    "12": {
      "avg_pc1_var": 0.07216273620724678,
      "avg_pc1_vs_random": 13.268122022048198,
      "avg_alignment": 0.06271637231111526,
      "per_feat": {
        "tense": {
          "pc1_var": 0.10828547179698944,
          "pc1_vs_random": 4.89070584463438,
          "cross_feat_alignment_mean": 0.06271637231111526
        },
        "polarity": {
          "pc1_var": 0.06807692348957062,
          "pc1_vs_random": 16.629843102971716,
          "cross_feat_alignment_mean": 0.06271637231111526
        },
        "voice": {
          "pc1_var": 0.0772097185254097,
          "pc1_vs_random": 16.74848342345291,
          "cross_feat_alignment_mean": 0.06271637231111526
        },
        "semantic_valence": {
          "pc1_var": 0.04489775747060776,
          "pc1_vs_random": 11.773694782921046,
          "cross_feat_alignment_mean": 0.06271637231111526
        },
        "semantic_topic": {
          "pc1_var": 0.06234380975365639,
          "pc1_vs_random": 16.297882956260928,
          "cross_feat_alignment_mean": 0.06271637231111526
        }
      }
    },
    "16": {
      "avg_pc1_var": 0.07347318232059478,
      "avg_pc1_vs_random": 14.479764224196717,
      "avg_alignment": 0.05056300014257431,
      "per_feat": {
        "tense": {
          "pc1_var": 0.09261167049407959,
          "pc1_vs_random": 5.2306152655804175,
          "cross_feat_alignment_mean": 0.05056300014257431
        },
        "polarity": {
          "pc1_var": 0.06867324560880661,
          "pc1_vs_random": 19.512221969106143,
          "cross_feat_alignment_mean": 0.05056300014257431
        },
        "voice": {
          "pc1_var": 0.08786879479885101,
          "pc1_vs_random": 19.109938539534138,
          "cross_feat_alignment_mean": 0.05056300014257431
        },
        "semantic_valence": {
          "pc1_var": 0.05121162533760071,
          "pc1_vs_random": 12.166548151925946,
          "cross_feat_alignment_mean": 0.05056300014257431
        },
        "semantic_topic": {
          "pc1_var": 0.06700057536363602,
          "pc1_vs_random": 16.379497194836937,
          "cross_feat_alignment_mean": 0.05056300014257431
        }
      }
    },
    "20": {
      "avg_pc1_var": 0.07870586588978767,
      "avg_pc1_vs_random": 16.30305560438526,
      "avg_alignment": 0.04296498745679855,
      "per_feat": {
        "tense": {
          "pc1_var": 0.10000966489315033,
          "pc1_vs_random": 5.267718499021499,
          "cross_feat_alignment_mean": 0.04296498745679855
        },
        "polarity": {
          "pc1_var": 0.07657331228256226,
          "pc1_vs_random": 22.17427603561483,
          "cross_feat_alignment_mean": 0.04296498745679855
        },
        "voice": {
          "pc1_var": 0.09010355174541473,
          "pc1_vs_random": 22.105524268220975,
          "cross_feat_alignment_mean": 0.04296498745679855
        },
        "semantic_valence": {
          "pc1_var": 0.05678761377930641,
          "pc1_vs_random": 12.60122698758681,
          "cross_feat_alignment_mean": 0.04296498745679855
        },
        "semantic_topic": {
          "pc1_var": 0.07005518674850464,
          "pc1_vs_random": 19.366532231482196,
          "cross_feat_alignment_mean": 0.04296498745679855
        }
      }
    },
    "24": {
      "avg_pc1_var": 0.08474049344658852,
      "avg_pc1_vs_random": 16.804887689441152,
      "avg_alignment": 0.04007326066493988,
      "per_feat": {
        "tense": {
          "pc1_var": 0.12091775983572006,
          "pc1_vs_random": 4.375921306393516,
          "cross_feat_alignment_mean": 0.04007326066493988
        },
        "polarity": {
          "pc1_var": 0.08880686014890671,
          "pc1_vs_random": 23.52192566547432,
          "cross_feat_alignment_mean": 0.04007326066493988
        },
        "voice": {
          "pc1_var": 0.08910291641950607,
          "pc1_vs_random": 23.93702671417825,
          "cross_feat_alignment_mean": 0.04007326066493988
        },
        "semantic_valence": {
          "pc1_var": 0.04393640533089638,
          "pc1_vs_random": 11.103453552297662,
          "cross_feat_alignment_mean": 0.04007326066493988
        },
        "semantic_topic": {
          "pc1_var": 0.08093852549791336,
          "pc1_vs_random": 21.086111208862004,