{
  "model": "deepseek7b",
  "bottleneck_layer": 4,
  "n_pairs": 120,
  "pca_with_formality": [
    0.9954334497451782,
    0.0028304103761911392,
    0.00010438313620397821,
    6.539596506627277e-05,
    5.028482337365858e-05
  ],
  "pca_no_formality": [
    0.864912211894989,
    0.006847600918263197,
    0.006471305154263973,
    0.004208816215395927,
    0.00320490007288754
  ],
  "pca_normalized": [
    0.21049165725708008,
    0.05295870080590248,
    0.02669782191514969,
    0.020027080550789833,
    0.015590335242450237
  ],
  "pca_norm_no_formality": [
    0.17199626564979553,
    0.061218682676553726,
    0.031176261603832245,
    0.023512039333581924,
    0.016397228464484215
  ],
  "feat_norms": {
    "tense": 81.08251953125,
    "polarity": 128.85614013671875,
    "number": 103.18060302734375,
    "voice": 66.56312561035156,
    "semantic_valence": 103.11488342285156,
    "semantic_topic": 80.42686462402344,
    "formality": 890.1495361328125
  },
  "feat_pc1_var": {
    "tense": 0.968388557434082,
    "polarity": 0.9550344944000244,
    "number": 0.9221103191375732,
    "voice": 0.6937644481658936,
    "semantic_valence": 0.659063458442688,
    "semantic_topic": 0.7616565823554993,
    "formality": 0.9973970651626587
  },
  "per_feat_results": {
    "tense": {
      "feat_pc1_ratio": 0.25066113471984863,
      "global_pc1_ratio": 0.24364174902439117,
      "no_form_pc1_ratio": 0.25173890590667725,
      "random_ratio": 0.014656519621527439
    },
    "polarity": {
      "feat_pc1_ratio": 0.34918347001075745,
      "global_pc1_ratio": 0.33983203768730164,
      "no_form_pc1_ratio": 0.3519424498081207,
      "random_ratio": 0.010498691401730454
    },
    "number": {
      "feat_pc1_ratio": 0.44165661931037903,
      "global_pc1_ratio": 0.4223378598690033,
      "no_form_pc1_ratio": 0.44064730405807495,
      "random_ratio": 0.011338009025875324
    },
    "voice": {
      "feat_pc1_ratio": 0.17717835307121277,
      "global_pc1_ratio": 0.15847903490066528,
      "no_form_pc1_ratio": 0.15665532648563385,
      "random_ratio": 0.010531909509696733
    },
    "semantic_valence": {
      "feat_pc1_ratio": 0.09113220870494843,
      "global_pc1_ratio": 0.09117045998573303,
      "no_form_pc1_ratio": 0.08994641900062561,
      "random_ratio": 0.012906002313671927
    },
    "semantic_topic": {
      "feat_pc1_ratio": 0.29135286808013916,
      "global_pc1_ratio": 0.27607449889183044,
      "no_form_pc1_ratio": 0.2870900332927704,
      "random_ratio": 0.01236832565003792
    },
    "formality": {
      "feat_pc1_ratio": 0.3324953317642212,
      "global_pc1_ratio": 0.33271437883377075,
      "no_form_pc1_ratio": 0.3404237926006317,
      "random_ratio": 0.01088572469542143
    }
  }
}