{
  "n_diffs": 38,
  "n_components": 37,
  "explained_variance_ratio": [
    0.4172734320163727,
    0.1614130437374115,
    0.09589408338069916,
    0.05465425178408623,
    0.049559254199266434,
    0.02854040637612343,
    0.02058526687324047,
    0.015723321586847305,
    0.014513364061713219,
    0.012930850498378277,
    0.012194552458822727,
    0.009892313741147518,
    0.009263399988412857,
    0.008516909554600716,
    0.008443505503237247,
    0.007460517808794975,
    0.007074900437146425,
    0.006390086375176907,
    0.005280403420329094,
    0.004660139326006174,
    0.0044942330569028854,
    0.004367820452898741,
    0.004123209975659847,
    0.003758349921554327,
    0.003579778829589486,
    0.00344656640663743,
    0.0033073658123612404,
    0.0031130865681916475,
    0.0028782717417925596,
    0.0027512279339134693,
    0.0026089195162057877,
    0.0025035161525011063,
    0.002273104852065444,
    0.001954244915395975,
    0.0016824885969981551,
    0.001455669873394072,
    0.0014381492510437965
  ],
  "cumulative_variance": [
    0.4172734320163727,
    0.5786864757537842,
    0.6745805740356445,
    0.7292348146438599,
    0.7787940502166748,
    0.8073344826698303,
    0.8279197216033936,
    0.843643069267273,
    0.8581564426422119,
    0.8710873126983643,
    0.8832818865776062,
    0.8931741714477539,
    0.9024375677108765,
    0.910954475402832,
    0.9193980097770691,
    0.9268585443496704,
    0.933933436870575,
    0.940323531627655,
    0.9456039071083069,
    0.950264036655426,
    0.9547582864761353,
    0.9591261148452759,
    0.9632493257522583,
    0.9670076966285706,
    0.9705874919891357,
    0.9740340709686279,
    0.9773414134979248,
    0.9804545044898987,
    0.9833327531814575,
    0.986083984375,
    0.9886928796768188,
    0.9911963939666748,
    0.9934694766998291,
    0.9954237341880798,
    0.9971061944961548,
    0.9985618591308594,
    1.0
  ],
  "feature_pc_means": {
    "polarity": [
      43.99370574951172,
      -45.554019927978516,
      39.284000396728516,
      22.049915313720703,
      -12.752669334411621
    ],
    "tense": [
      -137.3172607421875,
      18.51475715637207,
      1.7565538883209229,
      3.434864044189453,
      -1.789211630821228
    ],
    "semantic": [
      83.1594009399414,
      101.1412353515625,
      31.123178482055664,
      -28.580841064453125,
      2.068234920501709
    ],
    "sentiment": [
      25.156593322753906,
      -44.974063873291016,
      -12.48806095123291,
      -32.527103424072266,
      41.67654800415039
    ],
    "number": [
      52.35701370239258,
      4.932961463928223,
      -70.15614318847656,
      11.888428688049316,
      -16.42595100402832
    ]
  },
  "diff_labels": [
    "polarity",
    "polarity",
    "polarity",
    "polarity",
    "polarity",
    "polarity",
    "polarity",
    "polarity",
    "polarity",
    "polarity",
    "tense",
    "tense",
    "tense",
    "tense",
    "tense",
    "tense",
    "tense",
    "tense",
    "tense",
    "tense",
    "semantic",
    "semantic",
    "semantic",
    "semantic",
    "semantic",
    "sentiment",
    "sentiment",
    "sentiment",
    "sentiment",
    "sentiment",
    "sentiment",
    "number",
    "number",
    "number",
    "number",
    "number",
    "number",
    "number"
  ],
  "pca_components_shape": [
    37,
    2560
  ],
  "effective_dim_90": 13,
  "effective_dim_95": 20,
  "effective_dim_99": 32
}