{
  "L0": {
    "best_single_feature_alignment": 0.6337683498859406,
    "best_cross_feature_alignment": 0.39090579748153687,
    "best_head": 2
  },
  "L4": {
    "best_single_feature_alignment": 0.6097568213939667,
    "best_cross_feature_alignment": 0.3749212622642517,
    "best_head": 25
  },
  "L8": {
    "best_single_feature_alignment": 0.5100939095020294,
    "best_cross_feature_alignment": 0.28353503346443176,
    "best_head": 18
  },
  "L12": {
    "best_single_feature_alignment": 0.5483606398105622,
    "best_cross_feature_alignment": 0.31299957633018494,
    "best_head": 0
  },
  "L16": {
    "best_single_feature_alignment": 0.39712398648262026,
    "best_cross_feature_alignment": 0.2265133261680603,
    "best_head": 28
  },
  "L20": {
    "best_single_feature_alignment": 0.5574440658092499,
    "best_cross_feature_alignment": 0.31341588497161865,
    "best_head": 11
  },
  "L24": {
    "best_single_feature_alignment": 0.5920493602752686,
    "best_cross_feature_alignment": 0.32036423683166504,
    "best_head": 18
  },
  "L28": {
    "best_single_feature_alignment": 0.5401280462741852,
    "best_cross_feature_alignment": 0.3140745460987091,
    "best_head": 23
  },
  "L29": {
    "best_single_feature_alignment": 0.4352167159318924,
    "best_cross_feature_alignment": 0.2732764482498169,
    "best_head": 21
  },
  "L30": {
    "best_single_feature_alignment": 0.43411740064620974,
    "best_cross_feature_alignment": 0.2711499333381653,
    "best_head": 24
  },
  "L31": {
    "best_single_feature_alignment": 0.5265245974063874,
    "best_cross_feature_alignment": 0.3050459921360016,
    "best_head": 29
  },
  "L32": {
    "best_single_feature_alignment": 0.5007276326417923,
    "best_cross_feature_alignment": 0.307748407125473,
    "best_head": 8
  },
  "L33": {
    "best_single_feature_alignment": 0.4236200422048569,
    "best_cross_feature_alignment": 0.27862879633903503,
    "best_head": 2
  },
  "L34": {
    "best_single_feature_alignment": 0.5071222603321075,
    "best_cross_feature_alignment": 0.3045441806316376,
    "best_head": 10
  },
  "L35": {
    "best_single_feature_alignment": 0.537618213891983,
    "best_cross_feature_alignment": 0.3309319317340851,
    "best_head": 21
  }
}