{
  "r_prediction": 0.2636084503418373,
  "rmse": 1.108797471369577,
  "gamma_scaling_ratio": 2.0,
  "h_scaling_ratio": 1.0
}