{
  "r_prediction": 0.28839473857356474,
  "rmse": 2.255799386293995,
  "gamma_scaling_ratio": 2.0,
  "h_scaling_ratio": 1.0
}