{
  "r_prediction": 0.7813808838377864,
  "rmse": 0.7240990964242952,
  "gamma_scaling_ratio": 2.0,
  "h_scaling_ratio": 1.0
}