{
  "experiment": "exp1_gate_geometry",
  "model": "deepseek7b",
  "timestamp": "2026-04-28T12:14:43.515360",
  "layer_results": [
    {
      "layer": 0,
      "n_intermediate": 18944,
      "d_model": 3584,
      "norm_mean": 1.2407820224761963,
      "norm_std": 0.2892094552516937,
      "norm_cv": 0.2330864325987944,
      "n_pcs_50": 358,
      "n_pcs_80": 850,
      "n_pcs_90": 1227,
      "n_pcs_95": 1664,
      "top5_var": 0.06959354877471924,
      "top10_var": 0.0848250612616539,
      "top20_var": 0.10915548354387283,
      "best_k": 2,
      "best_silhouette": 0.40039941668510437,
      "silhouette_scores": {
        "2": 0.40039941668510437,
        "3": 0.3001832664012909,
        "4": 0.33663126826286316,
        "5": 0.3235960602760315,
        "6": 0.2319135218858719,
        "8": 0.1958843618631363,
        "10": 0.18521451950073242
      },
      "pairwise_cos_mean": 0.033771488815546036,
      "pairwise_cos_std": 0.16373120248317719,
      "pairwise_cos_frac_positive": 0.662629258517034
    },
    {
      "layer": 3,
      "n_intermediate": 18944,
      "d_model": 3584,
      "norm_mean": 1.5339516401290894,
      "norm_std": 0.0961555764079094,
      "norm_cv": 0.06268488125206961,
      "n_pcs_50": 627,
      "n_pcs_80": 1703,
      "n_pcs_90": 2343,
      "n_pcs_95": 2805,
      "top5_var": 0.021373100578784943,
      "top10_var": 0.03481770306825638,
      "top20_var": 0.058327119797468185,
      "best_k": 2,
      "best_silhouette": 0.20606666803359985,
      "silhouette_scores": {
        "2": 0.20606666803359985,
        "3": 0.05436713621020317,
        "4": 0.05123570188879967,
        "5": 0.04598188027739525,
        "6": 0.03878546506166458,
        "8": 0.013944411650300026,
        "10": 0.005170437507331371
      },
      "pairwise_cos_mean": 0.02189645543694496,
      "pairwise_cos_std": 0.025199059396982193,
      "pairwise_cos_frac_positive": 0.8244809619238477
    },
    {
      "layer": 6,
      "n_intermediate": 18944,
      "d_model": 3584,
      "norm_mean": 1.5833059549331665,
      "norm_std": 0.18444347381591797,
      "norm_cv": 0.11649262938804748,
      "n_pcs_50": 850,
      "n_pcs_80": 2012,
      "n_pcs_90": 2614,
      "n_pcs_95": 3012,
      "top5_var": 0.0208174716681242,
      "top10_var": 0.03471978381276131,
      "top20_var": 0.05664283037185669,
      "best_k": 2,
      "best_silhouette": 0.15992024540901184,
      "silhouette_scores": {
        "2": 0.15992024540901184,
        "3": 0.1545158326625824,
        "4": 0.14146530628204346,
        "5": 0.13288792967796326,
        "6": 1.7228126125701237e-06,
        "8": 0.01089456956833601,
        "10": 0.017081303521990776
      },
      "pairwise_cos_mean": 0.0066919573582708836,
      "pairwise_cos_std": 0.022058213129639626,
      "pairwise_cos_frac_positive": 0.6123607214428858
    },
    {
      "layer": 9,
      "n_intermediate": 18944,
      "d_model": 3584,
      "norm_mean": 1.61489999294281,
      "norm_std": 0.17728450894355774,
      "norm_cv": 0.10978048778147223,
      "n_pcs_50": 797,
      "n_pcs_80": 1954,
      "n_pcs_90": 2570,
      "n_pcs_95": 2981,
      "top5_var": 0.014838548377156258,
      "top10_var": 0.026129523292183876,
      "top20_var": 0.04470914974808693,
      "best_k": 2,
      "best_silhouette": 0.027253542095422745,
      "silhouette_scores": {
        "2": 0.027253542095422745,
        "3": 0.0186461191624403,
        "4": -0.016934795305132866,
        "5": -0.0164794959127903,
        "6": -0.011194135993719101,
        "8": -0.008724979124963284,
        "10": -0.01007039099931717
      },
      "pairwise_cos_mean": 0.022181371226906776,
      "pairwise_cos_std": 0.02308816649019718,
      "pairwise_cos_frac_positive": 0.8464448897795591
    },
    {
      "layer": 12,
      "n_intermediate": 18944,
      "d_model": 3584,
      "norm_mean": 1.4938123226165771,
      "norm_std": 0.10299991071224213,
      "norm_cv": 0.06895103832844705,
      "n_pcs_50": 920,
      "n_pcs_80": 2060,
      "n_pcs_90": 2648,
      "n_pcs_95": 3034,
      "top5_var": 0.009990646503865719,
      "top10_var": 0.01821737550199032,
      "top20_var": 0.03275099769234657,
      "best_k": 3,
      "best_silhouette": 0.017825288698077202,
      "silhouette_scores": {
        "2": 0.015343761071562767,
        "3": 0.017825288698077202,
        "4": 0.015349123626947403,
        "5": 0.009054990485310555,
        "6": 0.008017458952963352,
        "8": 0.011559773236513138,
        "10": 0.012302881106734276
      },
      "pairwise_cos_mean": 0.007217826321721077,
      "pairwise_cos_std": 0.019751671701669693,
      "pairwise_cos_frac_positive": 0.6396713426853707
    },
    {
      "layer": 15,
      "n_intermediate": 18944,
      "d_model": 3584,
      "norm_mean": 1.4808157682418823,
      "norm_std": 0.12359499931335449,
      "norm_cv": 0.0834641296804222,
      "n_pcs_50": 924,
      "n_pcs_80": 2057,
      "n_pcs_90": 2645,
      "n_pcs_95": 3032,
      "top5_var": 0.008889417164027691,
      "top10_var": 0.01614082232117653,
      "top20_var": 0.0291301216930151,
      "best_k": 2,
      "best_silhouette": 0.024182619526982307,
      "silhouette_scores": {
        "2": 0.024182619526982307,
        "3": 0.021188603714108467,
        "4": 0.01762678101658821,
        "5": 0.015348671935498714,
        "6": 0.017870135605335236,
        "8": 0.015550223179161549,
        "10": 0.004548895638436079
      },
      "pairwise_cos_mean": 0.005586572922766209,
      "pairwise_cos_std": 0.019457265734672546,
      "pairwise_cos_frac_positive": 0.6119919839679359
    },
    {
      "layer": 18,
      "n_intermediate": 18944,
      "d_model": 3584,
      "norm_mean": 1.467882513999939,
      "norm_std": 0.11995793133974075,
      "norm_cv": 0.08172175238524965,
      "n_pcs_50": 947,
      "n_pcs_80": 2083,
      "n_pcs_90": 2665,
      "n_pcs_95": 3047,
      "top5_var": 0.008746008388698101,
      "top10_var": 0.015851356089115143,
      "top20_var": 0.028425900265574455,
      "best_k": 2,
      "best_silhouette": 0.023170096799731255,
      "silhouette_scores": {
        "2": 0.023170096799731255,
        "3": 0.02034742385149002,
        "4": 0.020097529515624046,
        "5": 0.01107784267514944,
        "6": 0.013851873576641083,
        "8": 0.007303213234990835,
        "10": 0.01844804361462593
      },
      "pairwise_cos_mean": 0.005150709766894579,
      "pairwise_cos_std": 0.019140023738145828,
      "pairwise_cos_frac_positive": 0.6026533066132265
    },
    {
      "layer": 21,
      "n_intermediate": 18944,
      "d_model": 3584,
      "norm_mean": 1.4888195991516113,
      "norm_std": 0.12432456761598587,
      "norm_cv": 0.08350546143188266,
      "n_pcs_50": 983,
      "n_pcs_80": 2107,
      "n_pcs_90": 2679,
      "n_pcs_95": 3052,
      "top5_var": 0.00710637029260397,
      "top10_var": 0.012934631668031216,
      "top20_var": 0.02358918823301792,
      "best_k": 2,
      "best_silhouette": 0.034562598913908005,
      "silhouette_scores": {
        "2": 0.034562598913908005,
        "3": 0.008510936982929707,
        "4": 0.01001240499317646,
        "5": 0.00700986897572875,
        "6": -0.006802283227443695,
        "8": -0.016027767211198807,
        "10": -0.012431475333869457
      },
      "pairwise_cos_mean": 0.00489184120669961,
      "pairwise_cos_std": 0.01851404272019863,
      "pairwise_cos_frac_positive": 0.6019719438877755
    },
    {
      "layer": 24,
      "n_intermediate": 18944,
      "d_model": 3584,
      "norm_mean": 1.4868112802505493,
      "norm_std": 0.0908622220158577,
      "norm_cv": 0.06111214195290884,
      "n_pcs_50": 1004,
      "n_pcs_80": 2131,
      "n_pcs_90": 2697,
      "n_pcs_95": 3064,
      "top5_var": 0.007979127578437328,
      "top10_var": 0.014246303588151932,
      "top20_var": 0.02536579966545105,
      "best_k": 2,
      "best_silhouette": 0.03445662930607796,
      "silhouette_scores": {
        "2": 0.03445662930607796,