{
  "experiment": "exp2_concept_gate_mapping",
  "model": "deepseek7b",
  "timestamp": "2026-04-28T12:17:18.997717",
  "k_ablate": 50,
  "layer_results": [
    {
      "layer": 0,
      "n_intermediate": 18944,
      "disc_counts": {
        "animals": 200,
        "food": 200,
        "tools": 200,
        "nature": 200
      },
      "max_overlap": 0,
      "abl_results": {
        "animals": {
          "n_disc_neurons": 200,
          "selective_disc": 0.0831732451915741,
          "random_disc": -0.001887887716293335,
          "selective_random_ratio": 44.056243896484375,
          "sel_mass_target": 0.5658364295959473,
          "sel_mass_other": 0.48266318440437317,
          "rnd_mass_target": 0.401703417301178,
          "rnd_mass_other": 0.4035913050174713
        },
        "food": {
          "n_disc_neurons": 200,
          "selective_disc": 0.10031425952911377,
          "random_disc": 0.0023384690284729004,
          "selective_random_ratio": 42.89740753173828,
          "sel_mass_target": 0.5801123380661011,
          "sel_mass_other": 0.4797980785369873,
          "rnd_mass_target": 0.40487319231033325,
          "rnd_mass_other": 0.40253472328186035
        },
        "tools": {
          "n_disc_neurons": 200,
          "selective_disc": 0.09329113364219666,
          "random_disc": -0.005917727947235107,
          "selective_random_ratio": 15.764687538146973,
          "sel_mass_target": 0.5328080058097839,
          "sel_mass_other": 0.4395168721675873,
          "rnd_mass_target": 0.39868107438087463,
          "rnd_mass_other": 0.40459880232810974
        },
        "nature": {
          "n_disc_neurons": 200,
          "selective_disc": 0.10214397311210632,
          "random_disc": 0.005467087030410767,
          "selective_random_ratio": 18.68343734741211,
          "sel_mass_target": 0.5814469456672668,
          "sel_mass_other": 0.4793029725551605,
          "rnd_mass_target": 0.40721964836120605,
          "rnd_mass_other": 0.4017525613307953
        }
      },
      "avg_selective_disc": 0.09473065286874771,
      "avg_random_disc": -1.4901161193847656e-08,
      "avg_selective_random_ratio": 30.350444078445435
    },
    {
      "layer": 4,
      "n_intermediate": 18944,
      "disc_counts": {
        "animals": 200,
        "food": 200,
        "tools": 200,
        "nature": 200
      },
      "max_overlap": 0,
      "abl_results": {
        "animals": {
          "n_disc_neurons": 200,
          "selective_disc": 0.26092103123664856,
          "random_disc": -0.00585978664457798,
          "selective_random_ratio": 44.52739334106445,
          "sel_mass_target": 0.3556508421897888,
          "sel_mass_other": 0.09472981840372086,
          "rnd_mass_target": 0.016680803149938583,
          "rnd_mass_other": 0.022540589794516563
        },
        "food": {
          "n_disc_neurons": 200,
          "selective_disc": 0.28143978118896484,
          "random_disc": -0.0011181887239217758,
          "selective_random_ratio": 251.69256591796875,
          "sel_mass_target": 0.3544764518737793,
          "sel_mass_other": 0.07303667813539505,
          "rnd_mass_target": 0.02023700252175331,
          "rnd_mass_other": 0.021355191245675087
        },
        "tools": {
          "n_disc_neurons": 200,
          "selective_disc": 0.21181374788284302,
          "random_disc": 0.007102245464920998,
          "selective_random_ratio": 29.823490142822266,
          "sel_mass_target": 0.2889189124107361,
          "sel_mass_other": 0.07710517197847366,
          "rnd_mass_target": 0.02640232816338539,
          "rnd_mass_other": 0.019300082698464394
        },
        "nature": {
          "n_disc_neurons": 200,
          "selective_disc": 0.3081187307834625,
          "random_disc": -0.000124271959066391,
          "selective_random_ratio": 2479.390625,
          "sel_mass_target": 0.3716543912887573,
          "sel_mass_other": 0.0635356530547142,
          "rnd_mass_target": 0.020982440561056137,
          "rnd_mass_other": 0.021106712520122528
        }
      },
      "avg_selective_disc": 0.26557332277297974,
      "avg_random_disc": -4.656612873077393e-10,
      "avg_selective_random_ratio": 701.3585186004639
    },
    {
      "layer": 8,
      "n_intermediate": 18944,
      "disc_counts": {
        "animals": 200,
        "food": 200,
        "tools": 200,
        "nature": 200
      },
      "max_overlap": 0,
      "abl_results": {
        "animals": {
          "n_disc_neurons": 200,
          "selective_disc": 0.24641525745391846,
          "random_disc": 0.0010318458080291748,
          "selective_random_ratio": 238.81015014648438,
          "sel_mass_target": 0.6618828773498535,
          "sel_mass_other": 0.41546761989593506,
          "rnd_mass_target": 0.3952096104621887,
          "rnd_mass_other": 0.39417776465415955
        },
        "food": {
          "n_disc_neurons": 200,
          "selective_disc": 0.22598126530647278,
          "random_disc": -0.018160194158554077,
          "selective_random_ratio": 12.443769454956055,
          "sel_mass_target": 0.6001531481742859,
          "sel_mass_other": 0.3741718828678131,
          "rnd_mass_target": 0.3808155655860901,
          "rnd_mass_other": 0.39897575974464417
        },
        "tools": {
          "n_disc_neurons": 200,
          "selective_disc": 0.24346160888671875,
          "random_disc": 0.006602764129638672,
          "selective_random_ratio": 36.8726806640625,
          "sel_mass_target": 0.5928769111633301,
          "sel_mass_other": 0.34941530227661133,
          "rnd_mass_target": 0.39938774704933167,
          "rnd_mass_other": 0.392784982919693
        },
        "nature": {
          "n_disc_neurons": 200,
          "selective_disc": 0.2937902510166168,
          "random_disc": 0.010525614023208618,
          "selective_random_ratio": 27.91193389892578,
          "sel_mass_target": 0.6294553279876709,
          "sel_mass_other": 0.3356650769710541,
          "rnd_mass_target": 0.4023299217224121,
          "rnd_mass_other": 0.3918043076992035
        }
      },
      "avg_selective_disc": 0.2524120956659317,
      "avg_random_disc": 7.450580596923828e-09,
      "avg_selective_random_ratio": 79.00963354110718
    },
    {
      "layer": 12,
      "n_intermediate": 18944,
      "disc_counts": {
        "animals": 200,
        "food": 200,
        "tools": 200,
        "nature": 200
      },
      "max_overlap": 0,
      "abl_results": {
        "animals": {
          "n_disc_neurons": 200,
          "selective_disc": 0.23039749264717102,
          "random_disc": -0.008997172117233276,
          "selective_random_ratio": 25.60776710510254,
          "sel_mass_target": 0.6540097594261169,
          "sel_mass_other": 0.4236122667789459,
          "rnd_mass_target": 0.4159408211708069,
          "rnd_mass_other": 0.42493799328804016
        },
        "food": {
          "n_disc_neurons": 200,
          "selective_disc": 0.17839455604553223,
          "random_disc": -0.00031259655952453613,
          "selective_random_ratio": 570.6862182617188,
          "sel_mass_target": 0.5774121284484863,
          "sel_mass_other": 0.3990175724029541,
          "rnd_mass_target": 0.42245423793792725,
          "rnd_mass_other": 0.4227668344974518
        },
        "tools": {
          "n_disc_neurons": 200,
          "selective_disc": 0.19035303592681885,
          "random_disc": 0.006538480520248413,
          "selective_random_ratio": 29.11273193359375,
          "sel_mass_target": 0.5434236526489258,
          "sel_mass_other": 0.35307061672210693,
          "rnd_mass_target": 0.42759257555007935,
          "rnd_mass_other": 0.42105409502983093
        },
        "nature": {
          "n_disc_neurons": 200,
          "selective_disc": 0.23856040835380554,
          "random_disc": 0.0027712583541870117,
          "selective_random_ratio": 86.08378601074219,
          "sel_mass_target": 0.6243942975997925,