{
  "model": "DeepSeek-R1-Distill-Qwen-7B",
  "bottleneck_layer": 4,
  "global_pc_variance": [
    0.9951525330543518,
    0.0030131421517580748,
    0.00013330861111171544,
    8.795465691946447e-05,
    5.673023406416178e-05,
    3.5000437492271885e-05,
    3.268901855335571e-05,
    2.7928759664064273e-05,
    2.4880486307665706e-05,
    2.2194950361154042e-05
  ],
  "per_feature_pc1_variance": {
    "tense": 0.9695038795471191,
    "polarity": 0.9586153626441956,
    "number": 0.9529363512992859,
    "question": 0.9321481585502625,
    "info_structure": 0.8456881642341614,
    "formality": 0.9974778890609741,
    "semantic_valence": 0.6876722574234009,
    "semantic_topic": 0.7847318053245544,
    "voice": 0.7075905799865723
  },
  "projection_ratios": {
    "pc1_mean": 0.28861892223358154,
    "pc2_5_mean": 0.37918868019093777,
    "random_mean": 0.012545534461704838
  },
  "pc1_alignment": {
    "syn_syn": 0.9947929382324219,
    "sem_sem": 0.9671385288238525,
    "syn_sem": 0.981185793876648
  },
  "hook_intervention": {
    "pc1_ablation_effect": 278.4508972167969,
    "pc2_5_ablation_effect": 347.32342529296875,
    "causal_ratio": 3.206819660746146,
    "p_value": 9.442494048955253e-06
  }
}