{
  "model": "Qwen3-4B",
  "n_layers": 36,
  "d_model": 2560,
  "L2_fixed": 27,
  "l1_values": [
    1,
    4,
    7,
    10,
    13,
    16,
    19,
    22,
    25
  ],
  "pairs": {
    "tense_x_question": {
      "pair": "tense_x_question",
      "feature_A": "tense",
      "feature_B": "question",
      "n_samples": 25,
      "L2_fixed": 27,
      "reverse_data": {
        "L1": {
          "l1": 1,
          "distance": 26,
          "curvature_norm_mean": 37.026004791259766,
          "curvature_norm_std": 5.6271820068359375,
          "mean_single_effect": 18.424428901672364,
          "mean_A_effect": 2.875718355178833,
          "mean_B_effect": 33.97313690185547,
          "relative_curvature": 2.0096147885320885,
          "n_valid": 25
        },
        "L4": {
          "l1": 4,
          "distance": 23,
          "curvature_norm_mean": 37.95246887207031,
          "curvature_norm_std": 5.817981243133545,
          "mean_single_effect": 18.913871078491212,
          "mean_A_effect": 3.8546030521392822,
          "mean_B_effect": 33.97313690185547,
          "relative_curvature": 2.006594457283209,
          "n_valid": 25
        },
        "L7": {
          "l1": 7,
          "distance": 20,
          "curvature_norm_mean": 36.27126693725586,
          "curvature_norm_std": 6.343757152557373,
          "mean_single_effect": 20.44856788635254,
          "mean_A_effect": 6.923997402191162,
          "mean_B_effect": 33.97313690185547,
          "relative_curvature": 1.773780302790108,
          "n_valid": 25
        },
        "L10": {
          "l1": 10,
          "distance": 17,
          "curvature_norm_mean": 38.44965362548828,
          "curvature_norm_std": 8.999964714050293,
          "mean_single_effect": 22.93514305114746,
          "mean_A_effect": 11.897147178649902,
          "mean_B_effect": 33.97313690185547,
          "relative_curvature": 1.6764514413350031,
          "n_valid": 25
        },
        "L13": {
          "l1": 13,
          "distance": 14,
          "curvature_norm_mean": 36.78160095214844,
          "curvature_norm_std": 8.255335807800293,
          "mean_single_effect": 22.52813217163086,
          "mean_A_effect": 11.083126068115234,
          "mean_B_effect": 33.97313690185547,
          "relative_curvature": 1.6326964291475246,
          "n_valid": 25
        },
        "L16": {
          "l1": 16,
          "distance": 11,
          "curvature_norm_mean": 36.835227966308594,
          "curvature_norm_std": 6.211430549621582,
          "mean_single_effect": 22.096351013183593,
          "mean_A_effect": 10.219563484191895,
          "mean_B_effect": 33.97313690185547,
          "relative_curvature": 1.6670276438025664,
          "n_valid": 25
        },
        "L19": {
          "l1": 19,
          "distance": 8,
          "curvature_norm_mean": 42.381980895996094,
          "curvature_norm_std": 5.352477073669434,
          "mean_single_effect": 22.842686920166017,
          "mean_A_effect": 11.712235450744629,
          "mean_B_effect": 33.97313690185547,
          "relative_curvature": 1.8553850973807653,
          "n_valid": 25
        },
        "L22": {
          "l1": 22,
          "distance": 5,
          "curvature_norm_mean": 25.398849487304688,
          "curvature_norm_std": 3.703014373779297,
          "mean_single_effect": 24.401572875976562,
          "mean_A_effect": 14.830007553100586,
          "mean_B_effect": 33.97313690185547,
          "relative_curvature": 1.0408693577374213,
          "n_valid": 25
        },
        "L25": {
          "l1": 25,
          "distance": 2,
          "curvature_norm_mean": 16.098037719726562,
          "curvature_norm_std": 2.9076383113861084,
          "mean_single_effect": 26.06111999511719,
          "mean_A_effect": 18.14910125732422,
          "mean_B_effect": 33.97313690185547,
          "relative_curvature": 0.6177032193045012,
          "n_valid": 25
        }
      }
    },
    "voice_x_question": {
      "pair": "voice_x_question",
      "feature_A": "voice",
      "feature_B": "question",
      "n_samples": 25,
      "L2_fixed": 27,
      "reverse_data": {
        "L1": {
          "l1": 1,
          "distance": 26,
          "curvature_norm_mean": 58.1331901550293,
          "curvature_norm_std": 13.327207565307617,
          "mean_single_effect": 30.338397369384765,
          "mean_A_effect": 31.341140747070312,
          "mean_B_effect": 29.335651397705078,
          "relative_curvature": 1.916158900782984,
          "n_valid": 25
        },
        "L4": {
          "l1": 4,
          "distance": 23,
          "curvature_norm_mean": 69.80509948730469,
          "curvature_norm_std": 7.978745460510254,
          "mean_single_effect": 35.53682029724121,
          "mean_A_effect": 41.73798751831055,
          "mean_B_effect": 29.335651397705078,
          "relative_curvature": 1.9643034718142003,
          "n_valid": 25
        },
        "L7": {
          "l1": 7,
          "distance": 20,
          "curvature_norm_mean": 78.07234191894531,
          "curvature_norm_std": 6.123744487762451,
          "mean_single_effect": 41.23085830688476,
          "mean_A_effect": 53.12606430053711,
          "mean_B_effect": 29.335651397705078,
          "relative_curvature": 1.8935415153780433,
          "n_valid": 25
        },
        "L10": {
          "l1": 10,
          "distance": 17,
          "curvature_norm_mean": 79.05378723144531,
          "curvature_norm_std": 11.078474044799805,
          "mean_single_effect": 42.16538116455078,
          "mean_A_effect": 54.9951057434082,
          "mean_B_effect": 29.335651397705078,
          "relative_curvature": 1.8748505301718892,
          "n_valid": 25
        },
        "L13": {
          "l1": 13,
          "distance": 14,
          "curvature_norm_mean": 79.00677490234375,
          "curvature_norm_std": 6.242220401763916,
          "mean_single_effect": 40.59760772705078,
          "mean_A_effect": 51.85956573486328,
          "mean_B_effect": 29.335651397705078,
          "relative_curvature": 1.9460943470692675,
          "n_valid": 25
        },
        "L16": {
          "l1": 16,
          "distance": 11,
          "curvature_norm_mean": 79.66433715820312,
          "curvature_norm_std": 7.003298759460449,
          "mean_single_effect": 40.10196716308594,
          "mean_A_effect": 50.868282318115234,
          "mean_B_effect": 29.335651397705078,
          "relative_curvature": 1.9865443716021964,
          "n_valid": 25
        },
        "L19": {
          "l1": 19,
          "distance": 8,
          "curvature_norm_mean": 78.13562774658203,
          "curvature_norm_std": 6.201754093170166,
          "mean_single_effect": 38.86342956542969,
          "mean_A_effect": 48.391204833984375,
          "mean_B_effect": 29.335651397705078,
          "relative_curvature": 2.010518078823522,
          "n_valid": 25
        },
        "L22": {
          "l1": 22,
          "distance": 5,
          "curvature_norm_mean": 86.81285858154297,
          "curvature_norm_std": 8.476280212402344,
          "mean_single_effect": 38.690224151611325,
          "mean_A_effect": 48.044795989990234,
          "mean_B_effect": 29.335651397705078,
          "relative_curvature": 2.243793115313422,
          "n_valid": 25
        },
        "L25": {
          "l1": 25,
          "distance": 2,
          "curvature_norm_mean": 84.01805877685547,
          "curvature_norm_std": 9.542106628417969,
          "mean_single_effect": 45.46520736694336,
          "mean_A_effect": 61.594764709472656,
          "mean_B_effect": 29.335651397705078,
          "relative_curvature": 1.8479638308602138,
          "n_valid": 25
        }
      }
    }
  },
  "timestamp": "2026-04-25T00:34:15.744833"
}