{
  "tubes": [
    {
      "label": "male",
      "path": [
        [
          -81.24799346923828,
          -42.82974624633789,
          8.688529014587402
        ],
        [
          -57.253753662109375,
          -19.942962646484375,
          4.7149338722229
        ],
        [
          -60.65888595581055,
          -21.670185089111328,
          3.270321846008301
        ],
        [
          -56.41912078857422,
          -17.893461227416992,
          1.8257427215576172
        ],
        [
          -51.923458099365234,
          -13.366161346435547,
          0.794346809387207
        ],
        [
          -48.3470344543457,
          -9.737056732177734,
          -0.8321800231933594
        ],
        [
          -43.568241119384766,
          -5.372814178466797,
          -1.7391414642333984
        ],
        [
          -31.259963989257812,
          5.182544708251953,
          -1.9205055236816406
        ],
        [
          -13.881217956542969,
          19.395816802978516,
          -1.3658390045166016
        ],
        [
          3.064056396484375,
          32.08000183105469,
          -1.0770187377929688
        ],
        [
          27.915443420410156,
          47.658790588378906,
          0.716620922088623
        ],
        [
          107.20384216308594,
          76.73710632324219,
          12.178855895996094
        ],
        [
          278.76611328125,
          -48.87077331542969,
          0.4658169746398926
        ]
      ],
      "color": "#3498db",
      "radius": 0.1,
      "metrics": {
        "surprise": [
          2.8595240116119385,
          31.74273109436035,
          35.173912048339844,
          39.384010314941406,
          44.09660339355469,
          47.78877639770508,
          50.60879898071289,
          54.914608001708984,
          59.45562744140625,
          64.60150146484375,
          70.59716796875,
          79.69561767578125,
          102.88704681396484
        ],
        "velocity": [
          56.482696533203125,
          13.958678245544434,
          11.297649383544922,
          10.782175064086914,
          9.397200584411621,
          9.923774719238281,
          18.747806549072266,
          24.99286460876465,
          23.071290969848633,
          32.010169982910156,
          93.60233306884766,
          215.2239990234375,
          215.2239990234375
        ],
        "curvature": [
          1.290948510169983,
          1.290948510169983,
          1.1719088554382324,
          0.41717463731765747,
          0.4036095142364502,
          0.4944072961807251,
          0.37073683738708496,
          0.14091616868972778,
          0.1404707431793213,
          0.15585851669311523,
          0.14236831665039062,
          0.5635308027267456,
          0.5635308027267456
        ]
      }
    },
    {
      "label": "female",
      "path": [
        [
          -81.37547302246094,
          -42.75897979736328,
          8.645269393920898
        ],
        [
          -56.65986633300781,
          -20.074613571166992,
          2.612156867980957
        ],
        [
          -59.55345916748047,
          -21.320240020751953,
          0.8891792297363281
        ],
        [
          -55.44805908203125,
          -17.652563095092773,
          -0.687504768371582
        ],
        [
          -50.83204650878906,
          -12.873783111572266,
          -2.2299747467041016
        ],
        [
          -46.5418701171875,
          -8.80068588256836,
          -3.9916152954101562
        ],
        [
          -41.28850555419922,
          -3.750946044921875,
          -5.528329849243164
        ],
        [
          -28.627704620361328,
          7.2160491943359375,
          -6.260290145874023
        ],
        [
          -12.629913330078125,
          21.05120849609375,
          -6.340484619140625
        ],
        [
          3.2549514770507812,
          33.09075927734375,
          -6.145499229431152
        ],
        [
          29.1390380859375,
          49.477622985839844,
          -5.022576332092285
        ],
        [
          109.93882751464844,
          78.8545150756836,
          6.30452823638916
        ],
        [
          316.5986022949219,
          -63.8699951171875,
          -6.649454116821289
        ]
      ],
      "color": "#e74c3c",
      "radius": 0.1,
      "metrics": {
        "surprise": [
          2.955336570739746,
          32.14193344116211,
          35.61508560180664,
          39.61814880371094,
          43.760414123535156,
          46.788429260253906,
          48.99995803833008,
          52.91511154174805,
          56.82944869995117,
          61.29576873779297,
          67.789306640625,
          78.89855194091797,
          107.84626007080078
        ],
        "velocity": [
          57.375694274902344,
          13.303223609924316,
          11.117066383361816,
          11.626874923706055,
          10.054977416992188,
          11.65877914428711,
          19.416582107543945,
          25.29268455505371,
          22.471250534057617,
          33.91391372680664,
          95.24594116210938,
          253.7901611328125,
          253.7901611328125
        ],
        "curvature": [
          1.2514246702194214,
          1.2514246702194214,
          1.1084599494934082,
          0.45559871196746826,
          0.42228180170059204,
          0.5011631846427917,
          0.3799179196357727,
          0.20432186126708984,
          0.2347831130027771,
          0.1964152455329895,
          0.17046380043029785,
          0.5391860008239746,
          0.5391860008239746
        ]
      }
    }
  ],
  "layers": 13
}