{
  "model": "Qwen3-4B",
  "n_layers": 36,
  "d_model": 2560,
  "L1": 9,
  "L2": 18,
  "pairs": {
    "tense_x_question": {
      "pair": "tense_x_question",
      "feature_A": "tense",
      "feature_B": "question",
      "n_samples": 30,
      "n_interventions": 30,
      "L1": 9,
      "L2": 18,
      "pc1_dirs": {
        "L1": {
          "cos_pc1A_pc1B": 0.21798332035541534,
          "pc1_A_var": 0.12187641113996506,
          "pc1_B_var": 0.10265202075242996,
          "mean_dhA_norm": 11.772738456726074,
          "mean_dhB_norm": 16.55378532409668
        },
        "L2": {
          "cos_pc1A_pc1B": 0.5616884827613831,
          "pc1_A_var": 0.10196706652641296,
          "pc1_B_var": 0.09998030960559845,
          "mean_dhA_norm": 17.068822860717773,
          "mean_dhB_norm": 26.062213897705078
        },
        "last": {
          "cos_pc1A_pc1B": 0.5301230549812317,
          "pc1_A_var": 0.12862585484981537,
          "pc1_B_var": 0.15933652222156525,
          "mean_dhA_norm": 29.225954055786133,
          "mean_dhB_norm": 50.10139846801758
        }
      },
      "alpha_results": {
        "1.0": {
          "curvature_norm_mean": 19.547122955322266,
          "curvature_norm_std": 5.2775702476501465,
          "curvature_A_proj_mean": 4.232729911804199,
          "curvature_B_proj_mean": 4.902406215667725,
          "curvature_cos_A_mean": 0.21633559465408325,
          "curvature_cos_B_mean": 0.2514897584915161,
          "mean_single_effect": 11.843128204345703,
          "relative_curvature": 1.6505033651484595,
          "n_valid": 30,
          "AB_A_proj_mean": 4.3242106437683105,
          "AB_B_proj_mean": 4.312074184417725,
          "BA_A_proj_mean": 0.0914807990193367,
          "BA_B_proj_mean": -0.5903319120407104
        },
        "2.0": {
          "curvature_norm_mean": 33.19169616699219,
          "curvature_norm_std": 6.520751476287842,
          "curvature_A_proj_mean": 5.537703037261963,
          "curvature_B_proj_mean": 8.012028694152832,
          "curvature_cos_A_mean": 0.1645866334438324,
          "curvature_cos_B_mean": 0.23723040521144867,
          "mean_single_effect": 22.347946166992188,
          "relative_curvature": 1.4852235600901729,
          "n_valid": 30,
          "AB_A_proj_mean": 7.3365583419799805,
          "AB_B_proj_mean": 7.757753849029541,
          "BA_A_proj_mean": 1.7988548278808594,
          "BA_B_proj_mean": -0.2542746365070343
        }
      }
    },
    "tense_x_polarity": {
      "pair": "tense_x_polarity",
      "feature_A": "tense",
      "feature_B": "polarity",
      "n_samples": 30,
      "n_interventions": 30,
      "L1": 9,
      "L2": 18,
      "pc1_dirs": {
        "L1": {
          "cos_pc1A_pc1B": -0.09835097193717957,
          "pc1_A_var": 0.11403556168079376,
          "pc1_B_var": 0.13779281079769135,
          "mean_dhA_norm": 12.400070190429688,
          "mean_dhB_norm": 17.265005111694336
        },
        "L2": {
          "cos_pc1A_pc1B": 0.2976030111312866,
          "pc1_A_var": 0.14015135169029236,
          "pc1_B_var": 0.11444737762212753,
          "mean_dhA_norm": 16.50747299194336,
          "mean_dhB_norm": 22.566394805908203
        },
        "last": {
          "cos_pc1A_pc1B": 0.5563979148864746,
          "pc1_A_var": 0.18995343148708344,
          "pc1_B_var": 0.13437668979167938,
          "mean_dhA_norm": 27.736358642578125,
          "mean_dhB_norm": 35.05928039550781
        }
      },
      "alpha_results": {
        "1.0": {
          "curvature_norm_mean": 19.81768226623535,
          "curvature_norm_std": 4.577239036560059,
          "curvature_A_proj_mean": -0.6073300242424011,
          "curvature_B_proj_mean": -2.786038398742676,
          "curvature_cos_A_mean": -0.03332197293639183,
          "curvature_cos_B_mean": -0.1421479880809784,
          "mean_single_effect": 12.35062026977539,
          "relative_curvature": 1.604590039463281,
          "n_valid": 30,
          "AB_A_proj_mean": 5.197937965393066,
          "AB_B_proj_mean": 1.6151713132858276,
          "BA_A_proj_mean": 5.805267333984375,
          "BA_B_proj_mean": 4.401209354400635
        },
        "2.0": {
          "curvature_norm_mean": 41.35976028442383,
          "curvature_norm_std": 10.116750717163086,
          "curvature_A_proj_mean": -0.7817093729972839,
          "curvature_B_proj_mean": -5.6461262702941895,
          "curvature_cos_A_mean": -0.017182661220431328,
          "curvature_cos_B_mean": -0.13529153168201447,
          "mean_single_effect": 25.57402801513672,
          "relative_curvature": 1.6172563922969878,
          "n_valid": 30,
          "AB_A_proj_mean": 9.666874885559082,
          "AB_B_proj_mean": 3.11832857131958,
          "BA_A_proj_mean": 10.448582649230957,
          "BA_B_proj_mean": 8.76445484161377
        }
      }
    },
    "voice_x_question": {
      "pair": "voice_x_question",
      "feature_A": "voice",
      "feature_B": "question",
      "n_samples": 30,
      "n_interventions": 30,
      "L1": 9,
      "L2": 18,
      "pc1_dirs": {
        "L1": {
          "cos_pc1A_pc1B": -0.0682491585612297,
          "pc1_A_var": 0.138582244515419,
          "pc1_B_var": 0.1139085590839386,
          "mean_dhA_norm": 45.858272552490234,
          "mean_dhB_norm": 14.195523262023926
        },
        "L2": {
          "cos_pc1A_pc1B": 0.004469926934689283,
          "pc1_A_var": 0.1532425731420517,
          "pc1_B_var": 0.09817936271429062,
          "mean_dhA_norm": 51.07331848144531,
          "mean_dhB_norm": 22.123308181762695
        },
        "last": {
          "cos_pc1A_pc1B": 0.1808130443096161,
          "pc1_A_var": 0.19288569688796997,
          "pc1_B_var": 0.19363348186016083,
          "mean_dhA_norm": 73.2075424194336,
          "mean_dhB_norm": 47.99269485473633
        }
      },
      "alpha_results": {
        "1.0": {
          "curvature_norm_mean": 31.750213623046875,
          "curvature_norm_std": 10.247698783874512,
          "curvature_A_proj_mean": 2.4539809226989746,
          "curvature_B_proj_mean": 5.827886581420898,
          "curvature_cos_A_mean": 0.07910019904375076,
          "curvature_cos_B_mean": 0.18401773273944855,
          "mean_single_effect": 31.707429885864258,
          "relative_curvature": 1.0013493284456196,
          "n_valid": 30,
          "AB_A_proj_mean": 10.931377410888672,
          "AB_B_proj_mean": -0.14907024800777435,
          "BA_A_proj_mean": 8.477396011352539,
          "BA_B_proj_mean": -5.976956367492676
        },
        "2.0": {
          "curvature_norm_mean": 36.10374069213867,
          "curvature_norm_std": 5.330568313598633,
          "curvature_A_proj_mean": -0.725738525390625,
          "curvature_B_proj_mean": 4.543064594268799,
          "curvature_cos_A_mean": -0.026888994500041008,
          "curvature_cos_B_mean": 0.1247803345322609,
          "mean_single_effect": 42.9613037109375,
          "relative_curvature": 0.8403781443639708,
          "n_valid": 30,
          "AB_A_proj_mean": 13.978158950805664,
          "AB_B_proj_mean": 3.0676422119140625,
          "BA_A_proj_mean": 14.703899383544922,
          "BA_B_proj_mean": -1.475422978401184
        }
      }
    }
  },
  "timestamp": "2026-04-24T22:30:54.358321"
}