{
  "model": "qwen3",
  "n_pairs": 100,
  "n_test": 30,
  "phase": "CCXXVI",
  "pc1_variance_trajectory": {
    "0": {
      "global": 0.06686194986104965
    },
    "3": {
      "global": 0.06925337016582489
    },
    "6": {
      "global": 0.07961791753768921
    },
    "9": {
      "global": 0.08982083201408386
    },
    "12": {
      "global": 0.09129451960325241
    },
    "15": {
      "global": 0.09813109040260315
    },
    "18": {
      "global": 0.10045379400253296
    },
    "21": {
      "global": 0.10829846560955048
    },
    "24": {
      "global": 0.1214665025472641
    },
    "27": {
      "global": 0.09723050147294998
    },
    "30": {
      "global": 0.08028184622526169
    },
    "33": {
      "global": 0.08089988678693771
    },
    "35": {
      "global": 0.07726749777793884
    }
  },
  "cross_layer_alignment": {
    "0": -0.01025545597076416,
    "3": -0.19189700484275818,
    "6": -0.19633907079696655,
    "9": 0.22227996587753296,
    "12": 0.2525143027305603,
    "15": -0.28946059942245483,
    "18": 0.3076431155204773,
    "21": -0.33751752972602844,
    "24": 0.4337041676044464,
    "27": -0.5805066823959351,
    "30": -0.7470364570617676,
    "33": 0.9028230309486389,
    "35": 0.9999992847442627
  },
  "perturb_results": {
    "tense": {
      "mean_logit_shift": 0.016794815286993982,
      "mean_h_shift": 0.01572325440744559,
      "pc1_var": 0.1010155975818634,
      "pc1_norm": 0.9999998807907104,
      "n_test": 30
    },
    "polarity": {
      "mean_logit_shift": 0.016891705555220446,
      "mean_h_shift": 0.015416064547995727,
      "pc1_var": 0.061040494590997696,
      "pc1_norm": 1.0000003576278687,
      "n_test": 30
    },
    "voice": {
      "mean_logit_shift": 0.016598114495476088,
      "mean_h_shift": 0.015100568595031897,
      "pc1_var": 0.18729841709136963,
      "pc1_norm": 1.0,
      "n_test": 30
    },
    "semantic_valence": {
      "mean_logit_shift": 0.016850515765448413,
      "mean_h_shift": 0.01396869458258152,
      "pc1_var": 0.06641696393489838,
      "pc1_norm": 0.9999997615814209,
      "n_test": 30
    },
    "semantic_topic": {
      "mean_logit_shift": 0.018838330544531344,
      "mean_h_shift": 0.011809919712444146,
      "pc1_var": 0.07511155307292938,
      "pc1_norm": 1.0000001192092896,
      "n_test": 30
    },
    "global": {
      "mean_logit_shift": 0.01713027022778988,
      "mean_h_shift": 0.015106832111875216,
      "pc1_var": 0.07726749777793884,
      "pc1_norm": 1.000000238418579,
      "n_test": 30
    }
  },
  "logit_effect_trajectory": [
    {
      "layer": 0,
      "pc1_var": 0.06686194986104965,
      "mean_logit_fp": 0.057921018451452255,
      "max_logit_fp": 0.8764790892601013
    },
    {
      "layer": 3,
      "pc1_var": 0.06925337016582489,
      "mean_logit_fp": 0.018333686515688896,
      "max_logit_fp": 0.2374434620141983
    },
    {
      "layer": 6,
      "pc1_var": 0.07961791753768921,
      "mean_logit_fp": 0.021996216848492622,
      "max_logit_fp": 0.18584130704402924
    },
    {
      "layer": 9,
      "pc1_var": 0.08982083201408386,
      "mean_logit_fp": 0.02352629229426384,
      "max_logit_fp": 0.160402312874794
    },
    {
      "layer": 12,
      "pc1_var": 0.09129451960325241,
      "mean_logit_fp": 0.02521539106965065,
      "max_logit_fp": 0.18366599082946777
    },
    {
      "layer": 15,
      "pc1_var": 0.09813109040260315,
      "mean_logit_fp": 0.020459789782762527,
      "max_logit_fp": 0.17391863465309143
    },
    {
      "layer": 18,
      "pc1_var": 0.10045379400253296,
      "mean_logit_fp": 0.019305294379591942,
      "max_logit_fp": 0.1772906631231308
    },
    {
      "layer": 21,
      "pc1_var": 0.10829846560955048,
      "mean_logit_fp": 0.020832441747188568,
      "max_logit_fp": 0.17910218238830566
    },
    {
      "layer": 24,
      "pc1_var": 0.1214665025472641,
      "mean_logit_fp": 0.021377775818109512,
      "max_logit_fp": 0.186750590801239
    },
    {
      "layer": 27,
      "pc1_var": 0.09723050147294998,
      "mean_logit_fp": 0.01775018312036991,
      "max_logit_fp": 0.22087135910987854
    },
    {
      "layer": 30,
      "pc1_var": 0.08028184622526169,
      "mean_logit_fp": 0.017665622755885124,
      "max_logit_fp": 0.1899687945842743
    },
    {
      "layer": 33,
      "pc1_var": 0.08089988678693771,
      "mean_logit_fp": 0.01645561121404171,
      "max_logit_fp": 0.21745385229587555
    },
    {
      "layer": 35,
      "pc1_var": 0.07726749777793884,
      "mean_logit_fp": 0.017130330204963684,
      "max_logit_fp": 0.18458014726638794
    }
  ]
}