{
  "model_id": "deepseek-ai/DeepSeek-R1-Distill-Qwen-7B",
  "probe_json": "tempdata/deepseek7b_multidim_encoding_probe_v2_specific/multidim_encoding_probe.json",
  "top_n": 128,
  "ablate_all_positions": true,
  "baseline_pair_delta_l2": {
    "style": [
      771.1541137695312,
      1086.840576171875,
      1401.038818359375
    ],
    "logic": [
      575.972900390625,
      408.70916748046875,
      483.2996520996094
    ],
    "syntax": [
      291.89337158203125,
      270.28643798828125,
      271.5718688964844
    ]
  },
  "suppression_matrix_raw": {
    "style": {
      "style": [
        -0.005031663475559039,
        0.0009871511977786458,
        0.07871077804816634
      ],
      "logic": [
        -0.0010092468373612074,
        0.001964669695507558,
        0.01966639268390895
      ],
      "syntax": [
        -0.005584770431297716,
        -0.004749938634347197,
        -0.011779252347517949
      ]
    },
    "logic": {
      "style": [
        0.0014585357703364944,
        0.0011045221161628403,
        0.002663254717351017
      ],
      "logic": [
        0.02188001364878125,
        0.039152196342721664,
        0.046095025858504036
      ],
      "syntax": [
        0.0019362740024268246,
        0.0033345203757678046,
        -0.056434487671295684
      ]
    },
    "syntax": {
      "style": [
        -0.0027267210670643897,
        -0.0006531214262240102,
        -0.0027155317753027497
      ],
      "logic": [
        -0.00279980162640912,
        -0.0033325911314188703,
        -0.004551372019648207
      ],
      "syntax": [
        0.019483913975068066,
        0.0230511296135172,
        -0.0010678887548268784
      ]
    }
  },
  "suppression_matrix_mean": {
    "style": {
      "style": 0.024888755256795316,
      "logic": 0.006873938514018434,
      "syntax": -0.0073713204710542865
    },
    "logic": {
      "style": 0.0017421042012834506,
      "logic": 0.03570907861666898,
      "syntax": -0.017054564431033686
    },
    "syntax": {
      "style": -0.0020317914228637165,
      "logic": -0.003561254925825399,
      "syntax": 0.01382238494458613
    }
  },
  "diagonal_advantage": {
    "style": 0.025137446235313242,
    "logic": 0.043365308731544094,
    "syntax": 0.016618908118930686
  }
}