{
  "model": "GLM4-9B-Chat",
  "results": {
    "5": {
      "layer": 5,
      "activation_norm": 1.9753198623657227,
      "jacobian": 2.3003933429718018,
      "abs_hess_eps0.01": 301.48106638343626,
      "rel_hess_eps0.01": 269.8963441515602,
      "kappa_eps0.01": 131.05631143100825,
      "kappa_norm_eps0.01": 66.34688078689962,
      "rel_curv_eps0.01": 269.8963441515602,
      "abs_hess_eps0.05": 16.17986722078199,
      "rel_hess_eps0.05": 14.480712886835285,
      "kappa_eps0.05": 7.033522014620511,
      "kappa_norm_eps0.05": 3.560700293794854,
      "rel_curv_eps0.05": 14.480712886835285,
      "abs_hess_eps0.1": 4.729341716755337,
      "rel_hess_eps0.1": 4.22835974446199,
      "kappa_eps0.1": 2.05588393437101,
      "kappa_norm_eps0.1": 1.040785329726155,
      "rel_curv_eps0.1": 4.22835974446199,
      "abs_hess_eps0.2": 1.4310020407079058,
      "rel_hess_eps0.2": 1.2802381633376494,
      "kappa_eps0.2": 0.6220684149594325,
      "kappa_norm_eps0.2": 0.3149203462080952,
      "rel_curv_eps0.2": 1.2802381633376494
    },
    "10": {
      "layer": 10,
      "activation_norm": 3.9492406845092773,
      "jacobian": 1.6742688417434692,
      "abs_hess_eps0.01": 101.39287722112108,
      "rel_hess_eps0.01": 96.62153222094122,
      "kappa_eps0.01": 60.559495994371794,
      "kappa_norm_eps0.01": 15.334465744359493,
      "rel_curv_eps0.01": 96.62153222094122,
      "abs_hess_eps0.05": 5.41693645443173,
      "rel_hess_eps0.05": 5.16201166487093,
      "kappa_eps0.05": 3.235404206929732,
      "kappa_norm_eps0.05": 0.8192471579507771,
      "rel_curv_eps0.05": 5.16201166487093,
      "abs_hess_eps0.1": 1.4939579786756862,
      "rel_hess_eps0.1": 1.4235386034969142,
      "kappa_eps0.1": 0.8923047131610894,
      "kappa_norm_eps0.1": 0.22594336086896932,
      "rel_curv_eps0.1": 1.4235386034969142,
      "abs_hess_eps0.2": 0.47454239961603983,
      "rel_hess_eps0.2": 0.4525185482934589,
      "kappa_eps0.2": 0.2834326171258975,
      "kappa_norm_eps0.2": 0.07176888920203638,
      "rel_curv_eps0.2": 0.4525185482934589
    },
    "20": {
      "layer": 20,
      "activation_norm": 10.697587966918945,
      "jacobian": 1.4270957708358765,
      "abs_hess_eps0.01": 26.977290456841313,
      "rel_hess_eps0.01": 23.66645681301239,
      "kappa_eps0.01": 18.903630019973956,
      "kappa_norm_eps0.01": 1.7670927388729627,
      "rel_curv_eps0.01": 23.66645681301239,
      "abs_hess_eps0.05": 1.43442682494214,
      "rel_hess_eps0.05": 1.2584601018904527,
      "kappa_eps0.05": 1.005137044167299,
      "kappa_norm_eps0.05": 0.09395922214111942,
      "rel_curv_eps0.05": 1.2584601018904527,
      "abs_hess_eps0.1": 0.41002091982169375,
      "rel_hess_eps0.1": 0.3597226750785079,
      "kappa_eps0.1": 0.2873114251840336,
      "kappa_norm_eps0.1": 0.026857589399575416,
      "rel_curv_eps0.1": 0.3597226750785079,
      "abs_hess_eps0.2": 0.13419460428715893,
      "rel_hess_eps0.2": 0.11772912007990971,
      "kappa_eps0.2": 0.09403335572857548,
      "kappa_norm_eps0.2": 0.008790145593425709,
      "rel_curv_eps0.2": 0.11772912007990971
    },
    "30": {
      "layer": 30,
      "activation_norm": 54.339263916015625,
      "jacobian": 1.2811734676361084,
      "abs_hess_eps0.01": 3.665807988414352,
      "rel_hess_eps0.01": 3.2603416242116534,
      "kappa_eps0.01": 2.8612893419436802,
      "kappa_norm_eps0.01": 0.05265601952872783,
      "rel_curv_eps0.01": 3.2603416242116534,
      "abs_hess_eps0.05": 0.2302231508747512,
      "rel_hess_eps0.05": 0.20474898611559375,
      "kappa_eps0.05": 0.17969709541485115,
      "kappa_norm_eps0.05": 0.0033069475451903874,
      "rel_curv_eps0.05": 0.20474898611559375,
      "abs_hess_eps0.1": 0.07266805944541231,
      "rel_hess_eps0.1": 0.06462551522701203,
      "kappa_eps0.1": 0.05671992222397492,
      "kappa_norm_eps0.1": 0.0010438110150246857,
      "rel_curv_eps0.1": 0.06462551522701203,
      "abs_hess_eps0.2": 0.02504637054220685,
      "rel_hess_eps0.2": 0.022273027337306444,
      "kappa_eps0.2": 0.01954955450838747,
      "kappa_norm_eps0.2": 0.0003597684822997681,
      "rel_curv_eps0.2": 0.022273027337306444
    },
    "38": {
      "layer": 38,
      "activation_norm": 139.1183319091797,
      "jacobian": 1.9232267141342163,
      "abs_hess_eps0.01": 1.4973004621395212,
      "rel_hess_eps0.01": 0.7343705053933646,
      "kappa_eps0.01": 0.7785355990833931,
      "kappa_norm_eps0.01": 0.0055962114294978976,
      "rel_curv_eps0.01": 0.7343705053933646,
      "abs_hess_eps0.05": 0.06882527081544824,
      "rel_hess_eps0.05": 0.0337527211904201,
      "kappa_eps0.05": 0.03578635337480368,
      "kappa_norm_eps0.05": 0.0002572367917561022,
      "rel_curv_eps0.05": 0.0337527211904201,
      "abs_hess_eps0.1": 0.02390112485030792,
      "rel_hess_eps0.1": 0.011716269595803448,
      "kappa_eps0.1": 0.012427616917657463,
      "kappa_norm_eps0.1": 8.933126746920472e-05,
      "rel_curv_eps0.1": 0.011716269595803448,
      "abs_hess_eps0.2": 0.01657131455290988,
      "rel_hess_eps0.2": 0.008119337028180603,
      "kappa_eps0.2": 0.008616412423071084,
      "kappa_norm_eps0.2": 6.193585205355915e-05,
      "rel_curv_eps0.2": 0.008119337028180603
    }
  },
  "eps_rel_list": [
    0.01,
    0.05,
    0.1,
    0.2
  ]
}