{
  "sample_layers": [
    0,
    3,
    6,
    9,
    12,
    15,
    18,
    21,
    24,
    27,
    30,
    33,
    35
  ],
  "n_pairs": 150,
  "0": {
    "pol_norm": 1.7248170375823975,
    "tense_norm": 9.320199966430664,
    "cross_cos": -0.030891284346580505,
    "cumulative_rotation": 0.0,
    "adjacent_rotation": 0.0
  },
  "3": {
    "pol_norm": 3.7422897815704346,
    "tense_norm": 20.09879493713379,
    "cross_cos": -0.05732263624668121,
    "cumulative_rotation": 50.82304482109138,
    "adjacent_rotation": 50.82304482109138
  },
  "6": {
    "pol_norm": 8.081963539123535,
    "tense_norm": 29.718645095825195,
    "cross_cos": -0.020590798929333687,
    "cumulative_rotation": 66.0917441969391,
    "adjacent_rotation": 49.701499326500546
  },
  "9": {
    "pol_norm": 10.100943565368652,
    "tense_norm": 35.971378326416016,
    "cross_cos": -0.015456579625606537,
    "cumulative_rotation": 72.79532862549503,
    "adjacent_rotation": 42.50917465110181
  },
  "12": {
    "pol_norm": 10.690059661865234,
    "tense_norm": 34.752193450927734,
    "cross_cos": -0.003964826464653015,
    "cumulative_rotation": 73.82632572036982,
    "adjacent_rotation": 34.092805929786465
  },
  "15": {
    "pol_norm": 12.486445426940918,
    "tense_norm": 36.092063903808594,
    "cross_cos": 0.016649970784783363,
    "cumulative_rotation": 75.13465757559989,
    "adjacent_rotation": 31.814004106892718
  },
  "18": {
    "pol_norm": 14.321416854858398,
    "tense_norm": 37.350341796875,
    "cross_cos": 0.028318896889686584,
    "cumulative_rotation": 76.16872066723779,
    "adjacent_rotation": 28.45161243676864
  },
  "21": {
    "pol_norm": 19.618566513061523,
    "tense_norm": 47.34943389892578,
    "cross_cos": 0.014773795381188393,
    "cumulative_rotation": 78.61375779750445,
    "adjacent_rotation": 36.127973533341205
  },
  "24": {
    "pol_norm": 30.2580623626709,
    "tense_norm": 77.45419311523438,
    "cross_cos": 0.026211416348814964,
    "cumulative_rotation": 78.41950418491682,
    "adjacent_rotation": 37.07704113964658
  },
  "27": {
    "pol_norm": 41.69851303100586,
    "tense_norm": 105.6072769165039,
    "cross_cos": 0.013455746695399284,
    "cumulative_rotation": 79.33036556227545,
    "adjacent_rotation": 28.641329919932634
  },
  "30": {
    "pol_norm": 56.3919563293457,
    "tense_norm": 137.01345825195312,
    "cross_cos": 0.006574002094566822,
    "cumulative_rotation": 81.7128752233762,
    "adjacent_rotation": 29.014048267070965
  },
  "33": {
    "pol_norm": 74.3538589477539,
    "tense_norm": 162.29342651367188,
    "cross_cos": -0.0017752661369740963,
    "cumulative_rotation": 83.51242148555535,
    "adjacent_rotation": 29.022728736800435
  },
  "35": {
    "pol_norm": 84.6824722290039,
    "tense_norm": 178.1591339111328,
    "cross_cos": 0.0046960641629993916,
    "cumulative_rotation": 84.10667715246487,
    "adjacent_rotation": 25.3424416214077
  }
}