{
  "key_layers": [
    0,
    18,
    35
  ],
  "n_permutations": 500,
  "0": {
    "real_cos": -0.030891284346580505,
    "perm_mean": 0.00031054422678425907,
    "perm_std": 0.03572474655839618,
    "perm_p95": 0.07311978489160538,
    "perm_p99": 0.09747979514300821,
    "p_two_sided": 0.37,
    "p_one_sided": 0.184,
    "z_score": -0.8733953793727217
  },
  "18": {
    "real_cos": 0.028318896889686584,
    "perm_mean": 0.002489226246252656,
    "perm_std": 0.05058433544890919,
    "perm_p95": 0.0981666855514049,
    "perm_p99": 0.1347379572689533,
    "p_two_sided": 0.564,
    "p_one_sided": 0.296,
    "z_score": 0.5106258768492119
  },
  "35": {
    "real_cos": 0.0046960641629993916,
    "perm_mean": -0.014695583120919764,
    "perm_std": 0.13375597968256842,
    "perm_p95": 0.2843105852603911,
    "perm_p99": 0.34386576741933816,
    "p_two_sided": 0.98,
    "p_one_sided": 0.432,
    "z_score": 0.1449777971043963
  }
}