{
  "prev_layer": 34,
  "last_layer": 35,
  "rotation_angle": 18.305582168251508,
  "prev_norm": 76.9057388305664,
  "last_norm": 82.60474395751953,
  "delta_norm": 25.989336013793945,
  "tang_mag": 1.5187795162200928,
  "norm_mag": 25.944921493530273,
  "W_o_shape": [
    2560,
    4096
  ],
  "use_weight_proj": true,
  "attn_cos": 0.593244194984436,
  "attn_proj_norm": 272.0341491699219,
  "mlp_cos": 0.735150158405304,
  "mlp_proj_norm": 254.83602905273438,
  "attn_frac": 0.5163210034370422,
  "mlp_frac": 0.4836789667606354
}