{
  "model": "Qwen3-4B",
  "results": {
    "4": {
      "layer": 4,
      "activation_norm": 23.757287979125977,
      "tense_dir_norm": 4.16861629486084,
      "quest_dir_norm": 5.924972057342529,
      "tense_sep_ratio": 0.17546684194365925,
      "quest_sep_ratio": 0.24939597745851663,
      "tense_accuracy": 0.9166666666666666,
      "quest_accuracy": 1.0,
      "mean_curvature": 0.21788043632882356,
      "tense_efficiency": 0.8053354620527399,
      "quest_efficiency": 1.1446460340645979,
      "tense_curv_to_sep": 1.2417185708204121,
      "quest_curv_to_sep": 0.8736325199058254
    },
    "9": {
      "layer": 9,
      "activation_norm": 42.56284713745117,
      "tense_dir_norm": 13.375984191894531,
      "quest_dir_norm": 17.91634178161621,
      "tense_sep_ratio": 0.31426431950539174,
      "quest_sep_ratio": 0.420938517663436,
      "tense_accuracy": 0.9583333333333334,
      "quest_accuracy": 1.0,
      "mean_curvature": 0.09674871830900311,
      "tense_efficiency": 3.2482530484470726,
      "quest_efficiency": 4.350843345375672,
      "tense_curv_to_sep": 0.3078577880889766,
      "quest_curv_to_sep": 0.22984049742716844
    },
    "18": {
      "layer": 18,
      "activation_norm": 60.30548095703125,
      "tense_dir_norm": 19.22724151611328,
      "quest_dir_norm": 27.94431495666504,
      "tense_sep_ratio": 0.3188307465747791,
      "quest_sep_ratio": 0.4633793564556683,
      "tense_accuracy": 0.9166666666666666,
      "quest_accuracy": 1.0,
      "mean_curvature": 0.06130787792486183,
      "tense_efficiency": 5.200485758869122,
      "quest_efficiency": 7.558235114054294,
      "tense_curv_to_sep": 0.1922897291565122,
      "quest_curv_to_sep": 0.13230601894000554
    },
    "27": {
      "layer": 27,
      "activation_norm": 185.3155059814453,
      "tense_dir_norm": 44.26511764526367,
      "quest_dir_norm": 71.93154907226562,
      "tense_sep_ratio": 0.23886353929644627,
      "quest_sep_ratio": 0.3881572062266012,
      "tense_accuracy": 0.9583333333333334,
      "quest_accuracy": 1.0,
      "mean_curvature": 0.016989764319944853,
      "tense_efficiency": 14.059261411302227,
      "quest_efficiency": 22.846532572925522,
      "tense_curv_to_sep": 0.07112749129847994,
      "quest_curv_to_sep": 0.043770317909928004
    },
    "34": {
      "layer": 34,
      "activation_norm": 596.1566772460938,
      "tense_dir_norm": 117.5667953491211,
      "quest_dir_norm": 189.53858947753906,
      "tense_sep_ratio": 0.19720788147873036,
      "quest_sep_ratio": 0.31793418863153255,
      "tense_accuracy": 0.9166666666666666,
      "quest_accuracy": 1.0,
      "mean_curvature": 0.0071671647505186994,
      "tense_efficiency": 27.515466100163458,
      "quest_efficiency": 44.35982641148866,
      "tense_curv_to_sep": 0.03634319629186517,
      "quest_curv_to_sep": 0.022542919272424456
    }
  }
}