{
  "schema_version": "agi_research_result.v1",
  "experiment_id": "triplet_targeted_multiseed_stability_v1",
  "title": "三元组定向因果多 seed 稳定性",
  "timestamp_utc": "2026-03-06T08:01:32Z",
  "config": {
    "seeds": [
      101,
      202,
      303,
      404,
      505
    ]
  },
  "metrics": {
    "n_runs": 5,
    "seeds": [
      101,
      202,
      303,
      404,
      505
    ],
    "triplet_minimal_records": {
      "mean": 3.0,
      "std": 0.0,
      "min": 3.0,
      "max": 3.0
    },
    "triplet_counterfactual_records": {
      "mean": 4.0,
      "std": 0.0,
      "min": 4.0,
      "max": 4.0
    },
    "apple_recovery_ratio_mean": {
      "mean": 0.0,
      "std": 0.0,
      "min": 0.0,
      "max": 0.0
    },
    "king_recovery_ratio_mean": {
      "mean": 0.8141433261364645,
      "std": 0.0,
      "min": 0.8141433261364645,
      "max": 0.8141433261364645
    },
    "queen_recovery_ratio_mean": {
      "mean": 1.9461214165261382,
      "std": 0.0,
      "min": 1.9461214165261382,
      "max": 1.9461214165261382
    },
    "apple_specificity_margin_mean": {
      "mean": 0.0,
      "std": 0.0,
      "min": 0.0,
      "max": 0.0
    },
    "king_specificity_margin_mean": {
      "mean": 0.021484375,
      "std": 0.0,
      "min": 0.021484375,
      "max": 0.021484375
    },
    "queen_specificity_margin_mean": {
      "mean": 0.044921875,
      "std": 0.0,
      "min": 0.044921875,
      "max": 0.044921875
    },
    "global_mean_causal_margin_prob": {
      "mean": -2.090850268641394e-09,
      "std": 7.84706780130849e-09,
      "min": -1.1561864663198444e-08,
      "max": 6.275339930822271e-09
    },
    "global_mean_causal_margin_seq_logprob": {
      "mean": 0.009158367580837636,
      "std": 0.01096597614824949,
      "min": -0.005917266563133021,
      "max": 0.01980608480947982
    },
    "global_positive_causal_margin_ratio": {
      "mean": 0.3333333333333333,
      "std": 0.23570226039551584,
      "min": 0.0,
      "max": 0.6666666666666666
    }
  },
  "hypotheses": [
    {
      "id": "H_triplet_coverage_stable",
      "rule": "triplet_counterfactual_records.mean >= 3",
      "pass": true
    },
    {
      "id": "H_seq_margin_positive",
      "rule": "global_mean_causal_margin_seq_logprob.mean > 0",
      "pass": true
    },
    {
      "id": "H_margin_ratio_nontrivial",
      "rule": "global_positive_causal_margin_ratio.mean >= 0.33",
      "pass": true
    }
  ],
  "artifacts": {
    "per_seed": [
      {
        "seed": 101,
        "result_json": "tempdata/deepseek7b_triplet_multiseed_20260306_155521/seed_101/triplet_targeted_causal_scan.json"
      },
      {
        "seed": 202,
        "result_json": "tempdata/deepseek7b_triplet_multiseed_20260306_155521/seed_202/triplet_targeted_causal_scan.json"
      },
      {
        "seed": 303,
        "result_json": "tempdata/deepseek7b_triplet_multiseed_20260306_155521/seed_303/triplet_targeted_causal_scan.json"
      },
      {
        "seed": 404,
        "result_json": "tempdata/deepseek7b_triplet_multiseed_20260306_155521/seed_404/triplet_targeted_causal_scan.json"
      },
      {
        "seed": 505,
        "result_json": "tempdata/deepseek7b_triplet_multiseed_20260306_155521/seed_505/triplet_targeted_causal_scan.json"
      }
    ]
  },
  "notes": [
    "多 seed 稳定性用于判断三元组因果证据是否可复现。"
  ]
}