{
  "model": "Qwen3-4B",
  "results": {
    "4": {
      "layer": 4,
      "activation_norm": 18.528921127319336,
      "curv_mean": 0.23847319307793782,
      "curv_std": 0.07284400899319277,
      "curv_cv": 0.30545994718509045,
      "curv_skew": 0.5911342437165484,
      "curv_kurtosis": -0.6292913783716654,
      "curv_max": 0.42920215609301,
      "curv_min": 0.13991856652910306,
      "curv_range_ratio": 3.067513957820491,
      "curv_p90_p10": 2.095123589252507,
      "jac_norm_mean": 1.0713067054748535,
      "jac_proj_std": 0.014851000365417998,
      "jac_proj_mean": 0.9231126063635948
    },
    "9": {
      "layer": 9,
      "activation_norm": 43.06685256958008,
      "curv_mean": 0.09847736032564049,
      "curv_std": 0.010450261906202454,
      "curv_cv": 0.10611842012249474,
      "curv_skew": 0.4337083557179847,
      "curv_kurtosis": 0.4979208891582996,
      "curv_max": 0.13845558946784398,
      "curv_min": 0.07808119663813418,
      "curv_range_ratio": 1.7732257605142914,
      "curv_p90_p10": 1.3139270539663621,
      "jac_norm_mean": 0.9304311275482178,
      "jac_proj_std": 0.018756978800428002,
      "jac_proj_mean": 0.6871836544657149
    },
    "18": {
      "layer": 18,
      "activation_norm": 58.29240798950195,
      "curv_mean": 0.059937331226012795,
      "curv_std": 0.007307638881175146,
      "curv_cv": 0.12192132548289869,
      "curv_skew": 0.35478109993961643,
      "curv_kurtosis": -0.9200992348649337,
      "curv_max": 0.07769484926610581,
      "curv_min": 0.048545370199918204,
      "curv_range_ratio": 1.6004584739203591,
      "curv_p90_p10": 1.3906396083368313,
      "jac_norm_mean": 0.9980360865592957,
      "jac_proj_std": 0.021237436717509016,
      "jac_proj_mean": 0.8089322148037771
    },
    "27": {
      "layer": 27,
      "activation_norm": 163.08990478515625,
      "curv_mean": 0.016740771587744577,
      "curv_std": 0.002383651893178822,
      "curv_cv": 0.1423860224390864,
      "curv_skew": 0.0011385197358737787,
      "curv_kurtosis": -0.8915350054820581,
      "curv_max": 0.02183579402723841,
      "curv_min": 0.011792134981872638,
      "curv_range_ratio": 1.8517252283520145,
      "curv_p90_p10": 1.4645420682411738,
      "jac_norm_mean": 1.047674298286438,
      "jac_proj_std": 0.010059935014221134,
      "jac_proj_mean": 0.9687313611376184
    },
    "34": {
      "layer": 34,
      "activation_norm": 441.994384765625,
      "curv_mean": 0.007075546337449201,
      "curv_std": 0.0015725545271249458,
      "curv_cv": 0.22225202548340084,
      "curv_skew": 0.4715602220716079,
      "curv_kurtosis": -0.592533283025944,
      "curv_max": 0.010638608598869037,
      "curv_min": 0.004109968228941773,
      "curv_range_ratio": 2.5884891919856345,
      "curv_p90_p10": 1.7955675977519754,
      "jac_norm_mean": 1.1020727157592773,
      "jac_proj_std": 0.0109908498566603,
      "jac_proj_mean": 1.026357466398705
    }
  },
  "n_dirs": 25,
  "eps_rel": 0.05
}