{
  "model": "DeepSeek-R1-Distill-Qwen-7B",
  "n_layers": 28,
  "d_model": 3584,
  "L2_fixed": 21,
  "l1_positions": [
    4,
    9,
    14,
    18
  ],
  "pairs": {
    "tense_x_question": {
      "pair": "tense_x_question",
      "feature_A": "tense",
      "feature_B": "question",
      "n_samples": 20,
      "L2_fixed": 21,
      "target_local_norm": 58.61463451385498,
      "alphas_local": {
        "4": 2.3761710960436777,
        "9": 1.1348830748332,
        "14": 0.8467489015473892,
        "18": 0.6591874441220229
      },
      "mean_dhA_norm_per_layer": {
        "4": 24.667682647705078,
        "9": 51.648170471191406,
        "14": 69.22315979003906,
        "18": 88.91952514648438,
        "21": 115.98741149902344
      },
      "mean_dhB_norm_per_layer": {
        "4": 26.395132064819336,
        "9": 63.9008903503418,
        "14": 95.31038665771484,
        "18": 128.26132202148438,
        "21": 169.52088928222656
      },
      "layer_data": {
        "L4": {
          "l1": 4,
          "distance": 17,
          "alpha_nat": 1.0,
          "local_norm_nat": 24.667682647705078,
          "A_eff_nat": 27.078237533569336,
          "B_eff_nat": 70.56749725341797,
          "curv_norm_nat": 158.00332641601562,
          "c_norm_nat": 0.08268773760462796,
          "h_intrinsic_nat": 0.09076808284537798,
          "j_forward_nat": 1.097721173090361,
          "alpha_fix": 2.3761710960436777,
          "local_norm_fix": 58.61463451385499,
          "A_eff_fix": 43.819618225097656,
          "B_eff_fix": 70.56749725341797,
          "curv_norm_fix": 158.94393920898438,
          "c_norm_fix": 0.05140089451782577,
          "h_intrinsic_fix": 0.03842670938310395,
          "j_forward_fix": 0.7475883555098355,
          "n_valid": 20
        },
        "L9": {
          "l1": 9,
          "distance": 12,
          "alpha_nat": 1.0,
          "local_norm_nat": 51.648170471191406,
          "A_eff_nat": 36.78843307495117,
          "B_eff_nat": 70.56749725341797,
          "curv_norm_nat": 122.95832824707031,
          "c_norm_nat": 0.047363299388073196,
          "h_intrinsic_nat": 0.03373636545882536,
          "j_forward_nat": 0.7122891815771092,
          "alpha_fix": 1.1348830748332,
          "local_norm_fix": 58.61463451385499,
          "A_eff_fix": 43.37751770019531,
          "B_eff_fix": 70.56749725341797,
          "curv_norm_fix": 122.71517181396484,
          "c_norm_fix": 0.04008933329807928,
          "h_intrinsic_fix": 0.02966794624356679,
          "j_forward_fix": 0.7400458615820249,
          "n_valid": 20
        },
        "L14": {
          "l1": 14,
          "distance": 7,
          "alpha_nat": 1.0,
          "local_norm_nat": 69.22315979003906,
          "A_eff_nat": 41.91630554199219,
          "B_eff_nat": 70.56749725341797,
          "curv_norm_nat": 146.63510131835938,
          "c_norm_nat": 0.04957357517648868,
          "h_intrinsic_nat": 0.03001800386397905,
          "j_forward_nat": 0.6055243024020874,
          "alpha_fix": 0.8467489015473892,
          "local_norm_fix": 58.61463451385498,
          "A_eff_fix": 33.72383499145508,
          "B_eff_fix": 70.56749725341797,
          "curv_norm_fix": 136.23165893554688,
          "c_norm_fix": 0.057244843597782015,
          "h_intrinsic_fix": 0.03293572811110051,
          "j_forward_fix": 0.5753483796512644,
          "n_valid": 20
        },
        "L18": {
          "l1": 18,
          "distance": 3,
          "alpha_nat": 1.0,
          "local_norm_nat": 88.91952514648438,
          "A_eff_nat": 60.95318603515625,
          "B_eff_nat": 70.56749725341797,
          "curv_norm_nat": 54.62666702270508,
          "c_norm_nat": 0.012699995273348566,
          "h_intrinsic_nat": 0.008705683088963039,
          "j_forward_nat": 0.6854870843571708,
          "alpha_fix": 0.6591874441220229,
          "local_norm_fix": 58.61463451385498,
          "A_eff_fix": 41.3389778137207,
          "B_eff_fix": 70.56749725341797,
          "curv_norm_fix": 50.23923110961914,
          "c_norm_fix": 0.017221799591556824,
          "h_intrinsic_fix": 0.012145970101707447,
          "j_forward_fix": 0.7052671769859575,
          "n_valid": 20
        }
      }
    }
  },
  "timestamp": "2026-04-25T01:44:44.366811"
}