{
  "model": "deepseek7b",
  "experiment": "p596",
  "n_texts": 222,
  "correlations": {
    "content_ratio50_to_prob": 0.14396918242114545,
    "format_ratio50_to_prob": -0.1439690582163012,
    "alpha_to_prob": NaN,
    "content_gap_to_prob": 0.21368167967885107
  },
  "content_chain": {
    "content_ratio50_to_content_gap": 0.15242870703486425,
    "alpha_to_content_gap": NaN
  },
  "stats": {
    "mean_content_ratio50": 0.8940016893116204,
    "mean_format_ratio50": 0.10599830912778506,
    "mean_content_gap": 1.687402361391431
  }
}