{
  "model": "deepseek7b",
  "experiment": "p599",
  "n_texts": 222,
  "v3_equation": {
    "r_optimized": 0.9941813378494198,
    "w_format": 0.0010832172630642154,
    "w_content": -0.0018284007957820874,
    "bias": -0.12834962076823678
  },
  "simpler_models": {
    "sigmoid_gap_minus_offset_r": 0.5025963719112121,
    "sigmoid_gap_minus_mean_offset_r": 0.2625405713262536
  },
  "decomposition_check": {
    "format_content_sum_to_prob_r": 0.12823460077653473
  }
}