{
  "model": "deepseek7b",
  "experiment": "p598",
  "n_texts": 222,
  "offset_stats": {
    "mean": -0.20824458300941498,
    "std": 0.941495327030308,
    "min": -4.00662899017334,
    "max": 1.4115875959396362
  },
  "offset_predictors": {
    "alpha_to_offset": NaN,
    "ratio50_to_offset": 0.0049881999967023504,
    "logit_max_to_offset": -0.2974044763497138,
    "logit_var_to_offset": -0.08274265380587462,
    "logit_gap_to_offset": -0.9126138003977997
  },
  "complete_chain": {
    "simple_sigmoid_r": 0.8689065039116478,
    "multi_regression_r": 0.8789062859140099,
    "multi_coeffs": [
      -0.09640343848503356,
      0.031133527121192328,
      0.18126299009060604,
      0.28918654951603295
    ]
  }
}