{
  "model": "deepseek7b",
  "experiment": "p600",
  "n_texts": 222,
  "invariants": {
    "abs_decomp_mean_r": 1.0,
    "gap_to_prob_r": 0.878859012209557,
    "gap_to_logitprob_r": 0.9068650076923884
  },
  "non_invariants": {
    "format_gap_to_prob_r": -0.11622071236770484,
    "content_gap_to_prob_r": 0.21315555906937453,
    "ratio50_to_prob_r": 0.006329718717213089,
    "ratio10_to_prob_r": 0.14148628481516015
  },
  "sign_stats": {
    "mean_agreement": 0.4622522522522523,
    "max_agreement": 0.7792792792792793,
    "min_agreement": 0.17567567567567569
  },
  "spectral_stats": {
    "mean_ratio50": 0.9272260069847107,
    "mean_ratio10": 0.5709071755409241
  },
  "top_contributing_directions": {
    "top10_dirs": [
      0,
      2,
      3,
      1,
      7,
      13,
      18,
      28,
      6,
      5
    ],
    "top10_contribution": [
      2.2220816612243652,
      2.1248891353607178,
      0.9816539287567139,
      0.6189499497413635,
      0.46066850423812866,
      0.4560907185077667,
      0.3901345133781433,
      0.3630756437778473,
      0.3482385575771332,
      0.33283573389053345
    ],
    "is_format": [
      0,
      0,
      0,
      0,
      1,
      1,
      0,
      0,
      0,
      0
    ]
  }
}