{
  "model": "deepseek7b",
  "experiment": "p595",
  "n_texts": 222,
  "format_directions": [
    13,
    27,
    7,
    22,
    9
  ],
  "single_channel": {
    "format_gap_to_prob": -0.11656404556278192,
    "content_gap_to_prob": 0.21317637610472173,
    "full_gap_to_prob": 0.8788767659636195
  },
  "dual_channel_linear": {
    "r": 0.299558743233305,
    "w_format": -0.03048944570069344,
    "w_content": 0.018349497672615123,
    "bias": 0.4972149291088042
  },
  "dual_channel_sigmoid": {
    "r": 0.3660644185917153,
    "w_format": -170.80670217388217,
    "w_content": 1187.9535800775657,
    "bias": -46.60419293439916
  },
  "direction_contrib_to_prob": {
    "dir0": -0.026608703522853158,
    "dir1": 0.0005443314300965884,
    "dir2": 0.19938432718661642,
    "dir3": 0.10186079670616402,
    "dir4": 0.07321220888149735,
    "dir5": 0.12877917589257135,
    "dir6": 0.032170260575407505,
    "dir7": -0.09079268600896331,
    "dir8": 0.18578971607506564,
    "dir9": -0.014849056105233693,
    "dir10": -0.030042329951069677,
    "dir11": -0.06230657019071798,
    "dir12": -0.1478327678283617,
    "dir13": -0.2797094840889067,
    "dir14": -0.21014549398742077,
    "dir15": -0.10660866798015173,
    "dir16": -0.12642371835635452,
    "dir17": -0.1347636899768991,
    "dir18": 0.32170923668937573,
    "dir19": -0.06676799684340311
  }
}