{
  "model": "deepseek7b",
  "experiment": "p597",
  "n_texts": 222,
  "top1_distribution": {
    "n_unique_top1": 16,
    "top5_tokens": [
      [
        13,
        165
      ],
      [
        11,
        21
      ],
      [
        382,
        10
      ],
      [
        323,
        7
      ],
      [
        21696,
        5
      ]
    ]
  },
  "prediction": {
    "cond_mean_to_gap_r": 0.12012780183542042,
    "global_mean_to_gap_r": 0.0887954361197919,
    "cond_mean_to_prob_r": 0.020037797678977017,
    "global_mean_to_prob_r": 0.052592385850211615,
    "n_groups_with_3plus": 6
  },
  "sign_consistency_conditional": {
    "mean": 0.5491324484348297,
    "max": 0.7319998741149902
  }
}