{
  "model": "glm4",
  "experiment": "p597",
  "n_texts": 222,
  "top1_distribution": {
    "n_unique_top1": 19,
    "top5_tokens": [
      [
        13,
        144
      ],
      [
        624,
        35
      ],
      [
        323,
        13
      ],
      [
        315,
        7
      ],
      [
        11,
        5
      ]
    ]
  },
  "prediction": {
    "cond_mean_to_gap_r": 0.2068494996217774,
    "global_mean_to_gap_r": -0.044574599334288686,
    "cond_mean_to_prob_r": 0.28323116067952714,
    "global_mean_to_prob_r": 0.055574694936658786,
    "n_groups_with_3plus": 6
  },
  "sign_consistency_conditional": {
    "mean": 0.5511810779571533,
    "max": 0.5839999914169312
  }
}