{
  "model": "glm4",
  "experiment": "p599",
  "n_texts": 222,
  "v3_equation": {
    "r_optimized": 0.9974624713561825,
    "w_format": 0.0009004416172417368,
    "w_content": -0.00134907576096502,
    "bias": -0.06487287631565399
  },
  "simpler_models": {
    "sigmoid_gap_minus_offset_r": 0.48083980521611447,
    "sigmoid_gap_minus_mean_offset_r": 0.2727701094284767
  },
  "decomposition_check": {
    "format_content_sum_to_prob_r": 0.26020799566052377
  }
}