{
  "model": "glm4",
  "experiment": "p598",
  "n_texts": 222,
  "offset_stats": {
    "mean": -0.42585161986449044,
    "std": 0.919166698010748,
    "min": -3.5193684101104736,
    "max": 1.716951608657837
  },
  "offset_predictors": {
    "alpha_to_offset": NaN,
    "ratio50_to_offset": 0.04053116236406767,
    "logit_max_to_offset": -0.7500446818527572,
    "logit_var_to_offset": 0.19825276784123963,
    "logit_gap_to_offset": -0.8893492031734689
  },
  "complete_chain": {
    "simple_sigmoid_r": 0.8547593142715647,
    "multi_regression_r": 0.8733836418806598,
    "multi_coeffs": [
      -0.0024917133782879027,
      0.48867680693146837,
      0.17470888125345735,
      0.009062521441949467
    ]
  }
}