{
  "model": "glm4",
  "experiment": "p596",
  "n_texts": 222,
  "correlations": {
    "content_ratio50_to_prob": -0.14129683593939446,
    "format_ratio50_to_prob": 0.14129671440301236,
    "alpha_to_prob": NaN,
    "content_gap_to_prob": 0.00834815160637932
  },
  "content_chain": {
    "content_ratio50_to_content_gap": -0.022457598074566744,
    "alpha_to_content_gap": NaN
  },
  "stats": {
    "mean_content_ratio50": 0.7034484878316656,
    "mean_format_ratio50": 0.29655152035726084,
    "mean_content_gap": 0.05318824420389426
  }
}