{
  "model": "glm4",
  "experiment": "p600",
  "n_texts": 222,
  "invariants": {
    "abs_decomp_mean_r": 1.0,
    "gap_to_prob_r": 0.8675523172226378,
    "gap_to_logitprob_r": 0.8871185029465836
  },
  "non_invariants": {
    "format_gap_to_prob_r": 0.24931436107309893,
    "content_gap_to_prob_r": 0.008356925362286485,
    "ratio50_to_prob_r": -0.03052912127258931,
    "ratio10_to_prob_r": 0.08786251645693566
  },
  "sign_stats": {
    "mean_agreement": 0.49950450450450445,
    "max_agreement": 0.7117117117117117,
    "min_agreement": 0.25225225225225223
  },
  "spectral_stats": {
    "mean_ratio50": 0.7363967299461365,
    "mean_ratio10": 0.32015174627304077
  },
  "top_contributing_directions": {
    "top10_dirs": [
      0,
      26,
      9,
      6,
      10,
      2,
      12,
      5,
      8,
      20
    ],
    "top10_contribution": [
      2.4799787998199463,
      0.2540439963340759,
      0.17280824482440948,
      0.14987410604953766,
      0.13321436941623688,
      0.13250412046909332,
      0.11031472682952881,
      0.10876698791980743,
      0.1040879338979721,
      0.09767600148916245
    ],
    "is_format": [
      1,
      0,
      1,
      0,
      1,
      0,
      0,
      1,
      1,
      0
    ]
  }
}