{
  "model": "qwen3",
  "experiment": "p598",
  "n_texts": 222,
  "offset_stats": {
    "mean": -0.5676458306811951,
    "std": 1.2135343993647807,
    "min": -10.812055587768555,
    "max": 1.1355116367340088
  },
  "offset_predictors": {
    "alpha_to_offset": NaN,
    "ratio50_to_offset": 0.09093085796619499,
    "logit_max_to_offset": -0.7071362946910817,
    "logit_var_to_offset": -0.265895609235951,
    "logit_gap_to_offset": -0.9605830909235706
  },
  "complete_chain": {
    "simple_sigmoid_r": 0.8984798227087861,
    "multi_regression_r": 0.7899543554509638,
    "multi_coeffs": [
      -0.054877471675356906,
      0.26574010701191086,
      0.12372519446364319,
      0.2373098228212817
    ]
  }
}