{
  "model": "qwen3",
  "experiment": "p595",
  "n_texts": 222,
  "format_directions": [
    49,
    7,
    11,
    1,
    2
  ],
  "single_channel": {
    "format_gap_to_prob": 0.07322050840076483,
    "content_gap_to_prob": 0.19745984218943788,
    "full_gap_to_prob": 0.7843769447698146
  },
  "dual_channel_linear": {
    "r": 0.19812871023091427,
    "w_format": -0.0039495680486458,
    "w_content": 0.03157637278715783,
    "bias": 0.5962209645084565
  },
  "dual_channel_sigmoid": {
    "r": 0.28023804620762266,
    "w_format": -914.2021374074205,
    "w_content": 3007.144757730789,
    "bias": -40.527635068277974
  },
  "direction_contrib_to_prob": {
    "dir0": 0.12742493356172618,
    "dir1": 0.2789164151705182,
    "dir2": -0.08336895787718875,
    "dir3": -0.1538163483009518,
    "dir4": -0.0812978590795462,
    "dir5": 0.03952223443435362,
    "dir6": 0.14564377298306014,
    "dir7": 0.07778150107743209,
    "dir8": -0.10739305247396669,
    "dir9": 0.04917064877220567,
    "dir10": 0.10984106521904259,
    "dir11": -0.12920378961336454,
    "dir12": 0.16912000693972531,
    "dir13": 0.2017851382516131,
    "dir14": 0.07964293869730409,
    "dir15": 0.11554010633495872,
    "dir16": -0.10809374705947646,
    "dir17": -0.24947983287826841,
    "dir18": -0.06114500940227299,
    "dir19": 0.020667186312177125
  }
}