{
  "model": "qwen3",
  "experiment": "p600",
  "n_texts": 222,
  "invariants": {
    "abs_decomp_mean_r": 1.0,
    "gap_to_prob_r": 0.7843494853984089,
    "gap_to_logitprob_r": 0.9295435273966058
  },
  "non_invariants": {
    "format_gap_to_prob_r": 0.07327652301890743,
    "content_gap_to_prob_r": 0.19751271775189533,
    "ratio50_to_prob_r": -0.01536848349290093,
    "ratio10_to_prob_r": -0.039807168457422853
  },
  "sign_stats": {
    "mean_agreement": 0.5004054054054053,
    "max_agreement": 0.6666666666666666,
    "min_agreement": 0.31981981981981983
  },
  "spectral_stats": {
    "mean_ratio50": 0.8008624911308289,
    "mean_ratio10": 0.4003891944885254
  },
  "top_contributing_directions": {
    "top10_dirs": [
      0,
      6,
      7,
      3,
      10,
      1,
      2,
      11,
      8,
      43
    ],
    "top10_contribution": [
      0.633709192276001,
      0.5276736617088318,
      0.5153611302375793,
      0.46285298466682434,
      0.43188005685806274,
      0.2977322041988373,
      0.21448801457881927,
      0.18054518103599548,
      0.1183299645781517,
      0.11142818629741669
    ],
    "is_format": [
      0,
      0,
      1,
      0,
      0,
      1,
      1,
      1,
      0,
      0
    ]
  }
}