{
  "model": "qwen3",
  "experiment": "p596",
  "n_texts": 222,
  "correlations": {
    "content_ratio50_to_prob": -0.010223968832166105,
    "format_ratio50_to_prob": 0.010224158370618174,
    "alpha_to_prob": NaN,
    "content_gap_to_prob": 0.19751106511647357
  },
  "content_chain": {
    "content_ratio50_to_content_gap": 0.05278708812431483,
    "alpha_to_content_gap": NaN
  },
  "stats": {
    "mean_content_ratio50": 0.8112973455373231,
    "mean_format_ratio50": 0.18870265748318252,
    "mean_content_gap": 0.2788496006380867
  }
}