{
  "model": "qwen3",
  "experiment": "p599",
  "n_texts": 222,
  "v3_equation": {
    "r_optimized": 0.9950633303901019,
    "w_format": 0.0014672669257932858,
    "w_content": 0.0050246594957606945,
    "bias": -0.1915377383129061
  },
  "simpler_models": {
    "sigmoid_gap_minus_offset_r": 0.5021962770533834,
    "sigmoid_gap_minus_mean_offset_r": 0.1608618973199555
  },
  "decomposition_check": {
    "format_content_sum_to_prob_r": 0.17091568835372475
  }
}