{
  "model": "deepseek7b",
  "n_texts": 50,
  "alpha_mean": 0.049243174493312836,
  "ratio_50_mean": 0.8362780213356018,
  "func_energy_mean": 0.39341995120048523,
  "spectral_slope_mean": -0.5955905236219396,
  "cos_k5_mean": 0.8318064212799072,
  "cos_k10_mean": 0.847981870174408,
  "cos_k50_mean": 0.8726356029510498,
  "corr_alpha_prob": 0.006290516206482593,
  "corr_r50_prob": 0.33262905162064826,
  "corr_fe_prob": 0.4188715486194478,
  "corr_slope_prob": 0.010804321728691477,
  "corr_cos5_prob": 0.395438175270108,
  "corr_cos10_prob": 0.39649459783913565
}