{
  "model": "deepseek7b",
  "n_texts": 110,
  "r5_mean": 0.40943387150764465,
  "r10_mean": 0.5314396023750305,
  "r50_mean": 0.8518860340118408,
  "cos_k5_mean": 0.849916398525238,
  "cos_k10_mean": 0.8653502464294434,
  "cos_k50_mean": 0.8894122838973999,
  "corr_r10_prob": 0.2921308297455087,
  "corr_r50_prob": 0.227040551811194,
  "corr_r10_ent": -0.17735951130446542,
  "corr_r50_ent": -0.10682325361224444,
  "corr_cos5_prob": 0.27389040416563354,
  "corr_cos10_prob": 0.2719879178594775
}