{
  "model": "deepseek7b",
  "n_func": 89,
  "n_content": 78,
  "func_func_degree_mean": 0.42087438702583313,
  "content_func_degree_mean": 0.5446580052375793,
  "t_stat": -6.335196018218994,
  "p_val": 2.1671351380092574e-09,
  "bic_single": -480.3528795626665,
  "bic_dual": -506.513864594083,
  "dual_better": true,
  "func_r5": 0.42087438702583313,
  "func_r10": 0.4842851758003235,
  "func_r50": 0.6811274886131287,
  "content_r5": 0.5446580052375793,
  "content_r10": 0.5706295371055603,
  "content_r50": 0.6974843740463257
}