{
  "model": "glm4",
  "n_func": 89,
  "n_content": 78,
  "func_func_degree_mean": 0.36699604988098145,
  "content_func_degree_mean": 0.31481078267097473,
  "t_stat": 2.899517297744751,
  "p_val": 0.004246422089636326,
  "bic_single": -535.8538561251665,
  "bic_dual": -533.9192601018955,
  "dual_better": false,
  "func_r5": 0.36699604988098145,
  "func_r10": 0.4137643575668335,
  "func_r50": 0.6239587664604187,
  "content_r5": 0.31481078267097473,
  "content_r10": 0.35167360305786133,
  "content_r50": 0.5313842296600342
}