{
  "model": "glm4",
  "n_texts": 50,
  "alpha_mean": 0.3055967092514038,
  "ratio_50_mean": 0.5947098731994629,
  "func_energy_mean": 0.20016425848007202,
  "spectral_slope_mean": -0.37452694721165275,
  "cos_k5_mean": 0.902445375919342,
  "cos_k10_mean": 0.905214250087738,
  "cos_k50_mean": 0.9137495160102844,
  "corr_alpha_prob": -0.4387515006002401,
  "corr_r50_prob": -0.006962785114045618,
  "corr_fe_prob": -0.0760144057623049,
  "corr_slope_prob": 0.21046818727490996,
  "corr_cos5_prob": 0.33944777911164464,
  "corr_cos10_prob": 0.3571188475390156
}