{
  "model": "qwen3",
  "n_func": 89,
  "n_content": 78,
  "func_func_degree_mean": 0.2641366720199585,
  "content_func_degree_mean": 0.2664783000946045,
  "t_stat": -0.13011276721954346,
  "p_val": 0.8966356515884399,
  "bic_single": -544.154759445479,
  "bic_dual": -536.1052952581455,
  "dual_better": false,
  "func_r5": 0.2641366720199585,
  "func_r10": 0.3077085316181183,
  "func_r50": 0.5444114208221436,
  "content_r5": 0.2664783000946045,
  "content_r10": 0.2971098721027374,
  "content_r50": 0.49416664242744446
}