{
  "model": "qwen3",
  "n_texts": 50,
  "alpha_mean": 0.07813112437725067,
  "ratio_50_mean": 0.6386063098907471,
  "func_energy_mean": 0.13093352317810059,
  "spectral_slope_mean": -0.45200013698645736,
  "cos_k5_mean": 0.7081089019775391,
  "cos_k10_mean": 0.7576790452003479,
  "cos_k50_mean": 0.8096565008163452,
  "corr_alpha_prob": -0.060168067226890755,
  "corr_r50_prob": 0.11106842737094838,
  "corr_fe_prob": 0.11337334933973588,
  "corr_slope_prob": -0.09647058823529413,
  "corr_cos5_prob": 0.17080432172869148,
  "corr_cos10_prob": 0.17829531812725088
}