{
  "model": "qwen3",
  "n_texts": 110,
  "r5_mean": 0.131290003657341,
  "r10_mean": 0.3330686390399933,
  "r50_mean": 0.6492829322814941,
  "cos_k5_mean": 0.7181977033615112,
  "cos_k10_mean": 0.767474353313446,
  "cos_k50_mean": 0.8197795748710632,
  "corr_r10_prob": 0.06195703626896287,
  "corr_r50_prob": 0.08475080585172327,
  "corr_r10_ent": -0.1889006604602935,
  "corr_r50_ent": -0.23878006446813785,
  "corr_cos5_prob": 0.1255145053310191,
  "corr_cos10_prob": 0.11244956382571063
}