{
  "model": "qwen3",
  "model_info": {
    "n_layers": 36,
    "d_model": 2560,
    "model_class": "Qwen3ForCausalLM"
  },
  "n_concepts": 24,
  "n_templates": 3,
  "layer_pca_summary": {
    "0": {
      "eff_dim_90": 18,
      "explained_top5": [
        0.11754930764436722,
        0.08617924153804779,
        0.08144368976354599,
        0.07414288818836212,
        0.0648551881313324
      ]
    },
    "1": {
      "eff_dim_90": 17,
      "explained_top5": [
        0.12382131814956665,
        0.11863086372613907,
        0.09253265708684921,
        0.0898992270231247,
        0.08495741337537766
      ]
    },
    "2": {
      "eff_dim_90": 17,
      "explained_top5": [
        0.11183847486972809,
        0.1087319552898407,
        0.08622665703296661,
        0.07740512490272522,
        0.07405998557806015
      ]
    },
    "3": {
      "eff_dim_90": 19,
      "explained_top5": [
        0.09438996016979218,
        0.07636430859565735,
        0.06876564025878906,
        0.060946494340896606,
        0.055027592927217484
      ]
    },
    "4": {
      "eff_dim_90": 19,
      "explained_top5": [
        0.10447657853364944,
        0.0786958709359169,
        0.07304742187261581,
        0.0656324252486229,
        0.05745944753289223
      ]
    },
    "5": {
      "eff_dim_90": 19,
      "explained_top5": [
        0.11846283823251724,
        0.08443264663219452,
        0.07827650010585785,
        0.06407175213098526,
        0.0549219474196434
      ]
    },
    "6": {
      "eff_dim_90": 18,
      "explained_top5": [
        0.1446438431739807,
        0.10511759668588638,
        0.0884900763630867,
        0.0588560551404953,
        0.055513329803943634
      ]
    },
    "7": {
      "eff_dim_90": 18,
      "explained_top5": [
        0.15428541600704193,
        0.12134736031293869,
        0.10148323327302933,
        0.06186072528362274,
        0.056007783859968185
      ]
    },
    "8": {
      "eff_dim_90": 18,
      "explained_top5": [
        0.14471319317817688,
        0.11838012933731079,
        0.09155870974063873,
        0.061313875019550323,
        0.05650194361805916
      ]
    },
    "9": {
      "eff_dim_90": 18,
      "explained_top5": [
        0.14239150285720825,
        0.11491822451353073,
        0.09056184440851212,
        0.06503409892320633,
        0.05469874292612076
      ]
    },
    "10": {
      "eff_dim_90": 18,
      "explained_top5": [
        0.1452294886112213,
        0.13047000765800476,
        0.09604426473379135,
        0.06214144080877304,
        0.05382563918828964
      ]
    },
    "11": {
      "eff_dim_90": 18,
      "explained_top5": [
        0.156729057431221,
        0.1277351826429367,
        0.09764595329761505,
        0.06316115707159042,
        0.050944142043590546
      ]
    },
    "12": {
      "eff_dim_90": 18,
      "explained_top5": [
        0.15516619384288788,
        0.13262663781642914,
        0.09412837773561478,
        0.06502105295658112,
        0.05197841301560402
      ]
    },
    "13": {
      "eff_dim_90": 17,
      "explained_top5": [
        0.16295740008354187,
        0.1357584297657013,
        0.09404964745044708,
        0.06373683363199234,
        0.050988804548978806
      ]
    },
    "14": {
      "eff_dim_90": 17,
      "explained_top5": [
        0.1664067506790161,
        0.14011861383914948,
        0.09112592786550522,
        0.0631427988409996,
        0.05337488278746605
      ]
    },
    "15": {
      "eff_dim_90": 17,
      "explained_top5": [
        0.16503624618053436,
        0.14101195335388184,
        0.08991535753011703,
        0.061634890735149384,
        0.056293681263923645
      ]
    },
    "16": {
      "eff_dim_90": 17,
      "explained_top5": [
        0.1720266342163086,
        0.1395929455757141,
        0.09113149344921112,
        0.06129364296793938,
        0.0536230206489563
      ]
    },
    "17": {
      "eff_dim_90": 17,
      "explained_top5": [
        0.17163661122322083,
        0.14485439658164978,
        0.08819800615310669,
        0.06201832368969917,
        0.05593270808458328
      ]
    },
    "18": {
      "eff_dim_90": 17,
      "explained_top5": [
        0.17596983909606934,
        0.14287520945072174,
        0.09117036312818527,
        0.06492708623409271,
        0.055660679936409
      ]
    },
    "19": {
      "eff_dim_90": 17,
      "explained_top5": [
        0.17313896119594574,
        0.1415109932422638,
        0.08915635943412781,
        0.06647519767284393,
        0.056958895176649094
      ]
    },
    "20": {
      "eff_dim_90": 17,
      "explained_top5": [
        0.17480745911598206,
        0.14238902926445007,
        0.09075712412595749,
        0.06692954152822495,
        0.05796895548701286
      ]
    },
    "21": {
      "eff_dim_90": 17,
      "explained_top5": [
        0.17487363517284393,
        0.13475362956523895,
        0.08812986314296722,
        0.07046955823898315,
        0.057794805616140366
      ]
    },
    "22": {
      "eff_dim_90": 17,
      "explained_top5": [
        0.18309324979782104,
        0.12858417630195618,
        0.08713880181312561,
        0.06832436472177505,
        0.055094487965106964
      ]
    },
    "23": {
      "eff_dim_90": 17,
      "explained_top5": [
        0.1871558129787445,
        0.12984782457351685,
        0.09887706488370895,
        0.06537438929080963,
        0.05417878180742264
      ]
    },
    "24": {
      "eff_dim_90": 17,
      "explained_top5": [
        0.16248561441898346,
        0.12267687916755676,
        0.10298220813274384,
        0.06395307928323746,
        0.056500934064388275
      ]
    },
    "25": {
      "eff_dim_90": 18,
      "explained_top5": [
        0.16258585453033447,
        0.12569162249565125,
        0.10639312118291855,
        0.061149876564741135,
        0.05442908778786659
      ]
    },
    "26": {
      "eff_dim_90": 17,
      "explained_top5": [
        0.16674397885799408,
        0.12198696285486221,
        0.09809159487485886,
        0.060626424849033356,
        0.059035394340753555
      ]
    },
    "27": {
      "eff_dim_90": 18,
      "explained_top5": [
        0.1665525883436203,
        0.12389425188302994,
        0.09889283031225204,
        0.06228068098425865,
        0.05838567763566971
      ]
    },
    "28": {
      "eff_dim_90": 17,
      "explained_top5": [
        0.1752839982509613,
        0.12662993371486664,
        0.10591837018728256,
        0.062130361795425415,
        0.05589941889047623
      ]
    },
    "29": {
      "eff_dim_90": 17,
      "explained_top5": [
        0.15309801697731018,
        0.13205364346504211,
        0.11218777298927307,
        0.06203705444931984,
        0.053684331476688385
      ]
    },
    "30": {
      "eff_dim_90": 17,
      "explained_top5": [
        0.14653554558753967,
        0.128127321600914,
        0.1130293533205986,
        0.06892041116952896,
        0.06130329519510269
      ]
    },
    "31": {
      "eff_dim_90": 17,
      "explained_top5": [
        0.14375142753124237,
        0.1296740174293518,
        0.1167973205447197,
        0.06641007959842682,
        0.06330115348100662
      ]
    },
    "32": {
      "eff_dim_90": 17,
      "explained_top5": [
        0.1436622440814972,
        0.13029596209526062,
        0.11752258986234665,
        0.06484143435955048,
        0.062377456575632095
      ]
    },
    "33": {
      "eff_dim_90": 17,
      "explained_top5": [
        0.14804308116436005,
        0.133231520652771,
        0.11551015079021454,
        0.06213438883423805,
        0.060956403613090515
      ]
    },
    "34": {
      "eff_dim_90": 17,
      "explained_top5": [
        0.15155188739299774,
        0.13195203244686127,
        0.11388875544071198,
        0.062329165637493134,
        0.05830172449350357
      ]
    },
    "35": {
      "eff_dim_90": 17,