{
  "model": "qwen3",
  "global_stats": {
    "same_category_cos_mean": 0.8599912334095549,
    "diff_category_cos_mean": 0.8035681925775338,
    "cos_gap": 0.0564230408320211
  },
  "per_layer_summary": {
    "0": {
      "pair_cos_mean": 0.8337084858313851,
      "same_cat_cos_mean": 0.8429645523428917,
      "diff_cat_cos_mean": 0.7953919172286987,
      "specific_cos_mean": 0.08441658509242267,
      "dim_overlap_mean": 0.1621376811594203,
      "dim_overlap_std": 0.0805739998367677,
      "n_specific_dirs": 24
    },
    "5": {
      "pair_cos_mean": 0.8756767710049947,
      "same_cat_cos_mean": 0.8888903632760048,
      "diff_cat_cos_mean": 0.8406672328710556,
      "specific_cos_mean": 0.0748734793054662,
      "dim_overlap_mean": 0.1431159420289855,
      "dim_overlap_std": 0.07050337359219556,
      "n_specific_dirs": 24
    },
    "10": {
      "pair_cos_mean": 0.7079389006763265,
      "same_cat_cos_mean": 0.7664977461099625,
      "diff_cat_cos_mean": 0.6477949470281601,
      "specific_cos_mean": 0.08296387200475758,
      "dim_overlap_mean": 0.1269927536231884,
      "dim_overlap_std": 0.07201559778479671,
      "n_specific_dirs": 24
    },
    "15": {
      "pair_cos_mean": 0.8201127153807792,
      "same_cat_cos_mean": 0.8568669954935709,
      "diff_cat_cos_mean": 0.7696964889764786,
      "specific_cos_mean": 0.09298202918127071,
      "dim_overlap_mean": 0.11702898550724637,
      "dim_overlap_std": 0.07019547675557036,
      "n_specific_dirs": 24
    },
    "20": {
      "pair_cos_mean": 0.8647042741810066,
      "same_cat_cos_mean": 0.8889130006233851,
      "diff_cat_cos_mean": 0.8218939652045568,
      "specific_cos_mean": 0.10057502818012111,
      "dim_overlap_mean": 0.12282608695652174,
      "dim_overlap_std": 0.07112439735548445,
      "n_specific_dirs": 24
    },
    "25": {
      "pair_cos_mean": 0.8227489219195601,
      "same_cat_cos_mean": 0.8676995038986206,
      "diff_cat_cos_mean": 0.78709277510643,
      "specific_cos_mean": 0.08784712448597429,
      "dim_overlap_mean": 0.11811594202898551,
      "dim_overlap_std": 0.07612490427054433,
      "n_specific_dirs": 24
    },
    "30": {
      "pair_cos_mean": 0.8167239097149476,
      "same_cat_cos_mean": 0.8700431535641352,
      "diff_cat_cos_mean": 0.7975986649592718,
      "specific_cos_mean": 0.08484753554744268,
      "dim_overlap_mean": 0.051268115942028986,
      "dim_overlap_std": 0.05440908383438102,
      "n_specific_dirs": 24
    },
    "35": {
      "pair_cos_mean": 0.9184178282385287,
      "same_cat_cos_mean": 0.9397268618146578,
      "diff_cat_cos_mean": 0.9070310145616531,
      "specific_cos_mean": 0.09850841255578469,
      "dim_overlap_mean": 0.08967391304347826,
      "dim_overlap_std": 0.06602235710962824,
      "n_specific_dirs": 24
    }
  },
  "synonym_analysis": {
    "dog-puppy": {
      "mean_cos": 0,
      "layer_cos_sample": {}
    },
    "knife-blade": {
      "mean_cos": 0,
      "layer_cos_sample": {}
    },
    "ocean-sea": {
      "mean_cos": 0,
      "layer_cos_sample": {}
    },
    "mountain-hill": {
      "mean_cos": 0,
      "layer_cos_sample": {}
    }
  },
  "key_findings": "同类概念cos: 0.860\n异类概念cos: 0.804\ncos差距(同类-异类): 0.056\n近义对 dog-puppy cos: 0.000\n近义对 knife-blade cos: 0.000\n近义对 ocean-sea cos: 0.000\n近义对 mountain-hill cos: 0.000"
}