{
  "last_layer": 35,
  "n_pairs": 150,
  "attn": {
    "pol_norm": 16.88901710510254,
    "tense_norm": 39.343544006347656,
    "cross_cos": 0.031879376620054245,
    "pol_n_a": 150,
    "pol_n_b": 150
  },
  "mlp": {
    "pol_norm": 19.997392654418945,
    "tense_norm": 41.851837158203125,
    "cross_cos": -0.06399301439523697,
    "pol_n_a": 150,
    "pol_n_b": 150
  },
  "resid": {
    "pol_norm": 84.6824722290039,
    "tense_norm": 178.1591339111328,
    "cross_cos": 0.0046960641629993916,
    "pol_n_a": 150,
    "pol_n_b": 150
  },
  "reconstruction_cos": 0.3480023741722107
}