{
  "last_layer": 35,
  "causal_matrix": [
    [
      1.0,
      0.0046960641629993916,
      0.05542152374982834,
      0.19206565618515015,
      -0.04886636883020401
    ],
    [
      0.0046960641629993916,
      1.0,
      -0.10767697542905807,
      0.11348805576562881,
      -0.09399448335170746
    ],
    [
      0.05542152374982834,
      -0.10767697542905807,
      0.9999998807907104,
      -0.24376925826072693,
      0.21498283743858337
    ],
    [
      0.19206565618515015,
      0.11348805576562881,
      -0.24376925826072693,
      1.0,
      -0.08740605413913727
    ],
    [
      -0.04886636883020401,
      -0.09399448335170746,
      0.21498283743858337,
      -0.08740605413913727,
      0.9999998807907104
    ]
  ],
  "feature_names": [
    "polarity",
    "tense",
    "semantic",
    "sentiment",
    "number"
  ],
  "func_func_mean": 0.0046960641629993916,
  "nonfunc_nonfunc_mean": 0.18205271661281586,
  "func_nonfunc_mean": 0.1019188438852628,
  "feature_norms": {
    "polarity": 84.6824722290039,
    "tense": 178.1591339111328,
    "semantic": 130.33187866210938,
    "sentiment": 69.83860778808594,
    "number": 78.70484161376953
  }
}