{
  "key_layers": [
    0,
    18,
    35
  ],
  "n_permutations": 200,
  "real_cross_cos": {
    "0": -0.028966888785362244,
    "18": 0.025139767676591873,
    "35": -0.003275712253525853
  },
  "permutation_stats": {
    "0": {
      "mean": 0.0008391711313743144,
      "std": 0.03263771619981069,
      "max": 0.08489115536212921,
      "min": -0.09525322914123535,
      "max_abs": 0.09525322914123535,
      "percentile_95": 0.0645353954285382,
      "percentile_99": 0.08495151236653323,
      "p_two_sided": 0.37,
      "p_one_sided": 0.17,
      "z_score": -0.9132397541010986
    },
    "18": {
      "mean": 0.0003687389427796006,
      "std": 0.05226920170543088,
      "max": 0.1332920342683792,
      "min": -0.1686667501926422,
      "max_abs": 0.1686667501926422,
      "percentile_95": 0.10245432108640666,
      "percentile_99": 0.1272365571558475,
      "p_two_sided": 0.635,
      "p_one_sided": 0.315,
      "z_score": 0.4739125130208084
    },
    "35": {
      "mean": 0.006588127497816458,
      "std": 0.13428661851237686,
      "max": 0.40154075622558594,
      "min": -0.38326147198677063,
      "max_abs": 0.40154075622558594,
      "percentile_95": 0.2774722099304198,
      "percentile_99": 0.3833253052830696,
      "p_two_sided": 0.975,
      "p_one_sided": 0.435,
      "z_score": -0.07345363120029108
    }
  }
}