{
  "last_layer": 35,
  "n_perm": 50,
  "real_causal_matrix": [
    [
      1.0,
      -0.003275712253525853,
      0.04153093323111534,
      0.10174351930618286,
      0.20954735577106476
    ],
    [
      -0.003275712253525853,
      1.0,
      -0.13582274317741394,
      -0.016624432057142258,
      0.12666159868240356
    ],
    [
      0.04153093323111534,
      -0.13582274317741394,
      0.9999999403953552,
      0.32722142338752747,
      -0.22203348577022552
    ],
    [
      0.10174351930618286,
      -0.016624432057142258,
      0.32722142338752747,
      1.0,
      -0.19234412908554077
    ],
    [
      0.20954735577106476,
      0.12666159868240356,
      -0.22203348577022552,
      -0.19234412908554077,
      1.0
    ]
  ],
  "real_offdiag_abs_mean": 0.13768053327221424,
  "rand_offdiag_abs_means": [
    0.056828991044312716,
    0.1433735765516758,
    0.09005144666880369,
    0.07443149322643876,
    0.14495657831430436,
    0.0962281114421785,
    0.06566607654094696,
    0.10657949727028608,
    0.15401238482445478,
    0.09725592620670795,
    0.07318577663972974,
    0.06838630940765142,
    0.0869707885198295,
    0.09728556703776121,
    0.05368276759982109,
    0.10427843937650323,
    0.04733770871534944,
    0.05292648896574974,
    0.05692786127328873,
    0.03076453651301563,
    0.08511143876239657,
    0.11539245638996362,
    0.09205620512366294,
    0.1792055972851813,
    0.05500244600698352,
    0.05502852825447917,
    0.0993036056868732,
    0.09970101267099381,
    0.07299406193196774,
    0.07147150812670588,
    0.05681620296090841,
    0.08833844615146517,
    0.05802074931561947,
    0.10681124133989214,
    0.11752814128994941,
    0.13815667675808072,
    0.12753836596384643,
    0.04037192473188043,
    0.07659880686551332,
    0.08165833204984665,
    0.10865136645734311,
    0.08867297898977995,
    0.08387573324143886,
    0.0907824176363647,
    0.06451042909175157,
    0.11275833416730166,
    0.07448711432516575,
    0.0746852895244956,
    0.061667129024863244,
    0.08470984175801277
  ],
  "rand_mean": 0.08726073416043073,
  "rand_std": 0.030458104470191316,
  "rand_max": 0.1792055972851813,
  "p_value": 0.1,
  "ratio": 1.5778062675829156
}