{
  "best_layer_gap": 1,
  "best_match_rate": 0.9967041015625,
  "baseline_sign_agreement": 0.02174595421165577,
  "improvement": 0.9749581473508442,
  "all_layer_gaps": {
    "1": {
      "mean_match_rate": 0.9967041015625,
      "mean_sign_agreement": 0.02174595421165577,
      "improvement": 0.9749581473508442
    },
    "2": {
      "mean_match_rate": 0.9967041015625,
      "mean_sign_agreement": 0.02174595421165577,
      "improvement": 0.9749581473508442
    },
    "3": {
      "mean_match_rate": 0.9967041015625,
      "mean_sign_agreement": 0.02174595421165577,
      "improvement": 0.9749581473508442
    },
    "4": {
      "mean_match_rate": 0.9967041015625,
      "mean_sign_agreement": 0.02174595421165577,
      "improvement": 0.9749581473508442
    },
    "5": {
      "mean_match_rate": 0.9967041015625,
      "mean_sign_agreement": 0.02174595421165577,
      "improvement": 0.9749581473508442
    },
    "6": {
      "mean_match_rate": 0.9967041015625,
      "mean_sign_agreement": 0.02174595421165577,
      "improvement": 0.9749581473508442
    },
    "7": {
      "mean_match_rate": 0.9967041015625,
      "mean_sign_agreement": 0.02174595421165577,
      "improvement": 0.9749581473508442
    },
    "8": {
      "mean_match_rate": 0.9967041015625,
      "mean_sign_agreement": 0.02174595421165577,
      "improvement": 0.9749581473508442
    },
    "9": {
      "mean_match_rate": 0.9967041015625,
      "mean_sign_agreement": 0.02174595421165577,
      "improvement": 0.9749581473508442
    }
  }
}