{
  "mean_sign_agreement": 0.024720982132324328,
  "mean_sign_entropy": 0.9991376824129037,
  "mean_coherence": 0.024720982132324328,
  "mean_PR_ratio": 0.0009224387254410733,
  "mean_top10_energy": 0.7620665848255157,
  "sign_agreement_prob_r": 0.1318803527067941,
  "sign_entropy_prob_r": -0.0785899167862592,
  "coherence_prob_r": 0.1318803527067941,
  "PR_ratio_prob_r": 0.6303557726366853,
  "top10_energy_prob_r": -0.5255583692058499
}