{
  "semantic_frac_pos_corr": 0.4666666666666667,
  "next10_frac_pos_corr": 0.4444444444444444,
  "random_frac_pos_corr": 0.37777777777777777,
  "semantic_mean_abs_corr": 0.4217579848853992,
  "next10_mean_abs_corr": 0.4799464192754494,
  "random_mean_abs_corr": 0.15908235926168965,
  "semantic_vs_random_ratio": 2.6511926688646237,
  "is_coherent": true
}