{
  "n_layers": 29,
  "early_sign_agreement": 0.01467323906351036,
  "mid_sign_agreement": 0.011746651793752486,
  "late_sign_agreement": 0.013784412198195544,
  "agreement_profile": [
    0.012620907804618279,
    0.014639136986806989,
    0.01253720229336371,
    0.013085937513581787,
    0.01716889876794691,
    0.014583333318781418,
    0.01792224704210336,
    0.014648437397166465,
    0.014853050447224328,
    0.012686011773378898,
    0.01063988102056707,
    0.00922619051222379,
    0.011225818433255578,
    0.01119791660263824,
    0.012723214370392573,
    0.01289992568587574,
    0.012444196461971539,
    0.012500000000970127,
    0.01192336307625131,
    0.011969866048699866,
    0.011988467222545296,
    0.012248883926076815,
    0.01225818449165672,
    0.011951264895227116,
    0.012034970251261257,
    0.01393229164823424,
    0.011318824436360349,
    0.015420386929569456,
    0.024720982132324328
  ],
  "pos_ratio_profile": [
    0.4946149553571429,
    0.49853980654761904,
    0.4977957589285714,
    0.49631696428571426,
    0.4977771577380953,
    0.4973772321428571,
    0.49513578869047625,
    0.4961588541666667,
    0.49556361607142857,
    0.49583333333333335,
    0.49715401785714286,
    0.4976190476190476,
    0.4972377232142858,
    0.49706101190476193,
    0.4967540922619047,
    0.49661458333333336,
    0.4957403273809524,
    0.49668898809523815,
    0.4963448660714286,
    0.4955078124999999,
    0.4957868303571429,
    0.4978515625000001,
    0.4972935267857143,
    0.49827938988095244,
    0.4984374999999999,
    0.4987630208333334,
    0.5001767113095238,
    0.4979166666666666,
    0.49960937499999997
  ],
  "supports_quantum": true
}