{
  "sign_corr_mean": -0.005503171696269084,
  "sign_corr_std": 0.4478639046053715,
  "sign_corr_max_abs": 0.9753048303966934,
  "frac_significant_r03": 0.556734693877551,
  "expected_frac_random": 0.04,
  "top_eigenvalue_ratio": 0.4061376455862953,
  "eigenvalues_top5": [
    20.30688227931477,
    9.146041629429096,
    4.288016751909659,
    3.540709755194634,
    2.59692842720997
  ],
  "random_corr_mean": -0.0010040531254437183,
  "random_corr_max_abs": 0.4006601563861922,
  "random_frac_significant": 0.007346938775510204,
  "is_structured": true
}