{
  "sigmoid_prob_r": 0.6595650702462839,
  "quantum_cos2_prob_r": 0.37518891190068177,
  "hybrid_prob_r": 0.7169207709573246,
  "hybrid_coeff_sigmoid": 0.7703648086859847,
  "hybrid_coeff_quantum": 11.662304126012264,
  "hybrid_coeff_bias": -0.3519125630266
}