{
  "semantic_frac_pos_corr": 0.6444444444444445,
  "next10_frac_pos_corr": 0.5777777777777777,
  "random_frac_pos_corr": 0.6,
  "semantic_mean_abs_corr": 0.4298686078039926,
  "next10_mean_abs_corr": 0.27311012392462897,
  "random_mean_abs_corr": 0.10136870412570735,
  "semantic_vs_random_ratio": 4.240644201654665,
  "is_coherent": true
}