{
  "mean_sign_agreement": 0.017683919270833334,
  "mean_sign_entropy": 0.9996918075159074,
  "mean_coherence": 0.017683919270833334,
  "mean_PR_ratio": 0.016241917635003725,
  "mean_top10_energy": 0.3056408589084943,
  "sign_agreement_prob_r": -0.16302734763236715,
  "sign_entropy_prob_r": 0.18606393686261885,
  "coherence_prob_r": -0.16302734763236715,
  "PR_ratio_prob_r": -0.06232652245347314,
  "top10_energy_prob_r": -0.034500684908011114
}