{
  "best_layer_gap": 1,
  "best_match_rate": 0.99815673828125,
  "baseline_sign_agreement": 0.0159912109375,
  "improvement": 0.98216552734375,
  "all_layer_gaps": {
    "1": {
      "mean_match_rate": 0.99815673828125,
      "mean_sign_agreement": 0.0159912109375,
      "improvement": 0.98216552734375
    },
    "2": {
      "mean_match_rate": 0.99815673828125,
      "mean_sign_agreement": 0.0159912109375,
      "improvement": 0.98216552734375
    },
    "3": {
      "mean_match_rate": 0.99815673828125,
      "mean_sign_agreement": 0.0159912109375,
      "improvement": 0.98216552734375
    },
    "4": {
      "mean_match_rate": 0.99815673828125,
      "mean_sign_agreement": 0.0159912109375,
      "improvement": 0.98216552734375
    },
    "5": {
      "mean_match_rate": 0.99815673828125,
      "mean_sign_agreement": 0.0159912109375,
      "improvement": 0.98216552734375
    },
    "6": {
      "mean_match_rate": 0.99815673828125,
      "mean_sign_agreement": 0.0159912109375,
      "improvement": 0.98216552734375
    },
    "7": {
      "mean_match_rate": 0.99815673828125,
      "mean_sign_agreement": 0.0159912109375,
      "improvement": 0.98216552734375
    },
    "8": {
      "mean_match_rate": 0.99815673828125,
      "mean_sign_agreement": 0.0159912109375,
      "improvement": 0.98216552734375
    },
    "9": {
      "mean_match_rate": 0.99815673828125,
      "mean_sign_agreement": 0.0159912109375,
      "improvement": 0.98216552734375
    }
  }
}