{
  "sigmoid_prob_r": 0.8280665655234982,
  "quantum_cos2_prob_r": 0.6484529784154051,
  "hybrid_prob_r": 0.87519482755628,
  "hybrid_coeff_sigmoid": 0.8578268165877725,
  "hybrid_coeff_quantum": 12.032035739569896,
  "hybrid_coeff_bias": -0.47576012456555716
}