{
  "n_layers": 41,
  "early_sign_agreement": 0.012506886017628203,
  "mid_sign_agreement": 0.012342471168154762,
  "late_sign_agreement": 0.01472981770833333,
  "agreement_profile": [
    0.0176025390625,
    0.015120442708333333,
    0.0117431640625,
    0.011735026041666667,
    0.011417643229166666,
    0.011678059895833334,
    0.010099283854166667,
    0.0116455078125,
    0.012337239583333333,
    0.0118896484375,
    0.011214192708333333,
    0.014021809895833333,
    0.0120849609375,
    0.012483723958333333,
    0.01015625,
    0.011669921875,
    0.012467447916666667,
    0.011376953125,
    0.013492838541666666,
    0.013395182291666667,
    0.0124267578125,
    0.014095052083333334,
    0.012491861979166666,
    0.0097900390625,
    0.012703450520833333,
    0.012980143229166666,
    0.013264973958333334,
    0.012711588541666667,
    0.011360677083333333,
    0.012931315104166667,
    0.0144287109375,
    0.0137939453125,
    0.012874348958333334,
    0.014827473958333334,
    0.016666666666666666,
    0.014225260416666666,
    0.016056315104166666,
    0.0169189453125,
    0.015437825520833334,
    0.016300455729166666,
    0.017683919270833334
  ],
  "pos_ratio_profile": [
    0.4970621744791667,
    0.494775390625,
    0.49599609375,
    0.498779296875,
    0.5002766927083333,
    0.5004720052083333,
    0.49786783854166666,
    0.4958089192708333,
    0.5008056640625,
    0.500732421875,
    0.49842936197916665,
    0.4963623046875,
    0.5006591796875,
    0.499658203125,
    0.4989013671875,
    0.4970947265625,
    0.4977945963541667,
    0.498486328125,
    0.497265625,
    0.5004557291666667,
    0.4982177734375,
    0.4993489583333333,
    0.4987548828125,
    0.4986572265625,
    0.5007242838541667,
    0.5018310546875,
    0.5029541015625,
    0.5021321614583333,
    0.5030192057291667,
    0.50302734375,
    0.5023600260416666,
    0.5022786458333334,
    0.5023356119791667,
    0.5036946614583333,
    0.5024658203125,
    0.5025553385416667,
    0.5020751953125,
    0.5029866536458333,
    0.5004638671875,
    0.5046223958333333,
    0.5024739583333333
  ],
  "supports_quantum": false
}