{
  "sign_corr_mean": 0.039429787410314394,
  "sign_corr_std": 0.39118286740947855,
  "sign_corr_max_abs": 1.0,
  "frac_significant_r03": 0.5012244897959184,
  "expected_frac_random": 0.04,
  "top_eigenvalue_ratio": 0.382425240273272,
  "eigenvalues_top5": [
    19.121262013663603,
    4.334933467637514,
    3.6302920711516737,
    2.905974894970437,
    2.554157044523969
  ],
  "random_corr_mean": -0.0010040531254437183,
  "random_corr_max_abs": 0.4006601563861922,
  "random_frac_significant": 0.007346938775510204,
  "is_structured": true
}