{
  "sigmoid_prob_r": 0.7608464495939085,
  "quantum_cos2_prob_r": 0.26467334019101096,
  "hybrid_prob_r": 0.7641095753972647,
  "hybrid_coeff_sigmoid": 0.9390161309600832,
  "hybrid_coeff_quantum": 1.5872556601298238,
  "hybrid_coeff_bias": -0.27744701263812366
}