{
  "semantic_frac_pos_corr": 0.4222222222222222,
  "next10_frac_pos_corr": 0.6,
  "random_frac_pos_corr": 0.4888888888888889,
  "semantic_mean_abs_corr": 0.512202969940528,
  "next10_mean_abs_corr": 0.4524053926047007,
  "random_mean_abs_corr": 0.1760588981327134,
  "semantic_vs_random_ratio": 2.9092705627607747,
  "is_coherent": true
}