{
  "mean_sign_agreement": 0.018867187298989545,
  "mean_sign_entropy": 0.9996111926925916,
  "mean_coherence": 0.018867187298989545,
  "mean_PR_ratio": 0.005190233079095681,
  "mean_top10_energy": 0.5401460548241933,
  "sign_agreement_prob_r": 0.10745769302924799,
  "sign_entropy_prob_r": -0.0805100096550311,
  "coherence_prob_r": 0.10745769302924799,
  "PR_ratio_prob_r": 0.1749127430254465,
  "top10_energy_prob_r": -0.3470511562057614
}