{
  "best_layer_gap": 1,
  "best_match_rate": 0.9978857421875,
  "baseline_sign_agreement": 0.017563476449868175,
  "improvement": 0.9803222657376318,
  "all_layer_gaps": {
    "1": {
      "mean_match_rate": 0.9978857421875,
      "mean_sign_agreement": 0.017563476449868175,
      "improvement": 0.9803222657376318
    },
    "2": {
      "mean_match_rate": 0.9978857421875,
      "mean_sign_agreement": 0.017563476449868175,
      "improvement": 0.9803222657376318
    },
    "3": {
      "mean_match_rate": 0.9978857421875,
      "mean_sign_agreement": 0.017563476449868175,
      "improvement": 0.9803222657376318
    },
    "4": {
      "mean_match_rate": 0.9978857421875,
      "mean_sign_agreement": 0.017563476449868175,
      "improvement": 0.9803222657376318
    },
    "5": {
      "mean_match_rate": 0.9978857421875,
      "mean_sign_agreement": 0.017563476449868175,
      "improvement": 0.9803222657376318
    },
    "6": {
      "mean_match_rate": 0.9978857421875,
      "mean_sign_agreement": 0.017563476449868175,
      "improvement": 0.9803222657376318
    },
    "7": {
      "mean_match_rate": 0.9978857421875,
      "mean_sign_agreement": 0.017563476449868175,
      "improvement": 0.9803222657376318
    },
    "8": {
      "mean_match_rate": 0.9978857421875,
      "mean_sign_agreement": 0.017563476449868175,
      "improvement": 0.9803222657376318
    },
    "9": {
      "mean_match_rate": 0.9978857421875,
      "mean_sign_agreement": 0.017563476449868175,
      "improvement": 0.9803222657376318
    }
  }
}