{
  "n_layers": 37,
  "early_sign_agreement": 0.02304144972796267,
  "mid_sign_agreement": 0.01738064233003469,
  "late_sign_agreement": 0.025514823684650953,
  "agreement_profile": [
    0.12368489646663268,
    0.016341145810050268,
    0.013632812482925753,
    0.014856770872332467,
    0.012109375007761021,
    0.018997395753588837,
    0.01252604162048859,
    0.0103255208756309,
    0.016250000181995954,
    0.012539062565580631,
    0.013372395878347258,
    0.011861979220217716,
    0.015885416759798925,
    0.01546874994916531,
    0.0158333334121077,
    0.016809895898525915,
    0.019036458227977466,
    0.01985677057527937,
    0.01654947904753499,
    0.018020833258439475,
    0.01769531242316589,
    0.018554687706637197,
    0.01864583323088785,
    0.01621093747089617,
    0.015989583374660773,
    0.017565104169383023,
    0.022239583135039234,
    0.01649739576096181,
    0.01658854150252106,
    0.023033854148040215,
    0.03145833336457145,
    0.03089843788378251,
    0.03498697894004484,
    0.03584635449418177,
    0.031432291338569486,
    0.036289062489716646,
    0.018867187298989545
  ],
  "pos_ratio_profile": [
    0.4763802083333334,
    0.49838541666666664,
    0.49923177083333325,
    0.5004166666666666,
    0.5000520833333332,
    0.5005989583333333,
    0.4975651041666666,
    0.4961328124999999,
    0.4947786458333333,
    0.4974609375,
    0.4988411458333333,
    0.4988932291666667,
    0.4994401041666667,
    0.500625,
    0.49825520833333325,
    0.49687499999999996,
    0.4995052083333333,
    0.4981770833333332,
    0.4972526041666667,
    0.5012500000000001,
    0.5001562500000001,
    0.5013671875000001,
    0.5020963541666666,
    0.49902343750000006,
    0.5000651041666667,
    0.49834635416666667,
    0.5003776041666667,
    0.5010156250000001,
    0.5015104166666666,
    0.5040104166666667,
    0.5032682291666667,
    0.5039192708333334,
    0.5068880208333334,
    0.5081770833333333,
    0.5052604166666665,
    0.49733072916666665,
    0.5008333333333334
  ],
  "supports_quantum": false
}