{
  "sign_corr_mean": 0.01093082267372518,
  "sign_corr_std": 0.48988391000094306,
  "sign_corr_max_abs": 1.0,
  "frac_significant_r03": 0.6538775510204081,
  "expected_frac_random": 0.04,
  "top_eigenvalue_ratio": 0.44199689454807606,
  "eigenvalues_top5": [
    22.0998447274038,
    11.115013283957632,
    3.565122966523483,
    2.0805928066475277,
    1.7804185533110655
  ],
  "random_corr_mean": -0.0010040531254437183,
  "random_corr_max_abs": 0.4006601563861922,
  "random_frac_significant": 0.007346938775510204,
  "is_structured": true
}