{
  "model": "glm4",
  "model_info": {
    "n_layers": 40,
    "d_model": 4096,
    "model_class": "GlmForCausalLM"
  },
  "n_concepts": 24,
  "n_templates": 3,
  "layer_pca_summary": {
    "0": {
      "eff_dim_90": 18,
      "explained_top5": [
        0.12604977190494537,
        0.11171477288007736,
        0.09981824457645416,
        0.08271947503089905,
        0.0572001188993454
      ]
    },
    "1": {
      "eff_dim_90": 19,
      "explained_top5": [
        0.09456948935985565,
        0.08772135525941849,
        0.07244530320167542,
        0.06322973221540451,
        0.059066131711006165
      ]
    },
    "2": {
      "eff_dim_90": 19,
      "explained_top5": [
        0.09834127128124237,
        0.07846434414386749,
        0.07150459289550781,
        0.061570487916469574,
        0.05120271071791649
      ]
    },
    "3": {
      "eff_dim_90": 19,
      "explained_top5": [
        0.10501021146774292,
        0.08966534584760666,
        0.07578052580356598,
        0.06048469990491867,
        0.05266738682985306
      ]
    },
    "4": {
      "eff_dim_90": 19,
      "explained_top5": [
        0.1328503042459488,
        0.10073362290859222,
        0.08496671169996262,
        0.06201283261179924,
        0.0550503246486187
      ]
    },
    "5": {
      "eff_dim_90": 18,
      "explained_top5": [
        0.14836156368255615,
        0.10418320447206497,
        0.08719270676374435,
        0.06287439167499542,
        0.05707084760069847
      ]
    },
    "6": {
      "eff_dim_90": 18,
      "explained_top5": [
        0.16484349966049194,
        0.12257693707942963,
        0.09103444218635559,
        0.06462612748146057,
        0.06226358562707901
      ]
    },
    "7": {
      "eff_dim_90": 18,
      "explained_top5": [
        0.15959428250789642,
        0.11388600617647171,
        0.09494254738092422,
        0.06250295042991638,
        0.05979315564036369
      ]
    },
    "8": {
      "eff_dim_90": 18,
      "explained_top5": [
        0.15032650530338287,
        0.11009086668491364,
        0.09483062475919724,
        0.06977450102567673,
        0.057011526077985764
      ]
    },
    "9": {
      "eff_dim_90": 18,
      "explained_top5": [
        0.15288791060447693,
        0.10957954078912735,
        0.09576702862977982,
        0.07491593807935715,
        0.05634135752916336
      ]
    },
    "10": {
      "eff_dim_90": 18,
      "explained_top5": [
        0.14918136596679688,
        0.1129397302865982,
        0.09895110130310059,
        0.07451379299163818,
        0.05962492525577545
      ]
    },
    "11": {
      "eff_dim_90": 18,
      "explained_top5": [
        0.16004666686058044,
        0.11339621245861053,
        0.09578045457601547,
        0.0716279000043869,
        0.058299917727708817
      ]
    },
    "12": {
      "eff_dim_90": 17,
      "explained_top5": [
        0.16726787388324738,
        0.11137991398572922,
        0.09348560124635696,
        0.07860974967479706,
        0.05637441202998161
      ]
    },
    "13": {
      "eff_dim_90": 17,
      "explained_top5": [
        0.17079246044158936,
        0.11472534388303757,
        0.09184971451759338,
        0.08241920173168182,
        0.0569925382733345
      ]
    },
    "14": {
      "eff_dim_90": 17,
      "explained_top5": [
        0.17278499901294708,
        0.11784862726926804,
        0.09288982301950455,
        0.0856819823384285,
        0.05571835860610008
      ]
    },
    "15": {
      "eff_dim_90": 17,
      "explained_top5": [
        0.17375805974006653,
        0.11893142014741898,
        0.09151636064052582,
        0.08885078132152557,
        0.0565207414329052
      ]
    },
    "16": {
      "eff_dim_90": 17,
      "explained_top5": [
        0.1815282553434372,
        0.12124990671873093,
        0.09354636073112488,
        0.08581757545471191,
        0.05662396177649498
      ]
    },
    "17": {
      "eff_dim_90": 17,
      "explained_top5": [
        0.18640150129795074,
        0.12609249353408813,
        0.09351467341184616,
        0.08581087738275528,
        0.055532049387693405
      ]
    },
    "18": {
      "eff_dim_90": 17,
      "explained_top5": [
        0.1869855523109436,
        0.12639500200748444,
        0.09507618099451065,
        0.08491599559783936,
        0.05508206784725189
      ]
    },
    "19": {
      "eff_dim_90": 16,
      "explained_top5": [
        0.19356971979141235,
        0.12712368369102478,
        0.09777490049600601,
        0.08510953187942505,
        0.05767446756362915
      ]
    },
    "20": {
      "eff_dim_90": 17,
      "explained_top5": [
        0.19465836882591248,
        0.12650752067565918,
        0.09669223427772522,
        0.08425604552030563,
        0.05667269229888916
      ]
    },
    "21": {
      "eff_dim_90": 16,
      "explained_top5": [
        0.19435390830039978,
        0.1250673234462738,
        0.09996788203716278,
        0.08267032355070114,
        0.05566903203725815
      ]
    },
    "22": {
      "eff_dim_90": 17,
      "explained_top5": [
        0.19040414690971375,
        0.12429066002368927,
        0.09705932438373566,
        0.08149071037769318,
        0.054158005863428116
      ]
    },
    "23": {
      "eff_dim_90": 17,
      "explained_top5": [
        0.18745923042297363,
        0.12517333030700684,
        0.10027259588241577,
        0.07546991854906082,
        0.054921746253967285
      ]
    },
    "24": {
      "eff_dim_90": 17,
      "explained_top5": [
        0.1749359518289566,
        0.12305931746959686,
        0.10202901810407639,
        0.07310270518064499,
        0.061763692647218704
      ]
    },
    "25": {
      "eff_dim_90": 17,
      "explained_top5": [
        0.17036987841129303,
        0.12267714738845825,
        0.09857778251171112,
        0.06924169510602951,
        0.0597735159099102
      ]
    },
    "26": {
      "eff_dim_90": 17,
      "explained_top5": [
        0.16255314648151398,
        0.11916717141866684,
        0.10039820522069931,
        0.06843581050634384,
        0.056615911424160004
      ]
    },
    "27": {
      "eff_dim_90": 17,
      "explained_top5": [
        0.16001133620738983,
        0.11601963639259338,
        0.10308943688869476,
        0.07019273191690445,
        0.06494416296482086
      ]
    },
    "28": {
      "eff_dim_90": 17,
      "explained_top5": [
        0.16757117211818695,
        0.11881750822067261,
        0.10808366537094116,
        0.0659337118268013,
        0.06111394241452217
      ]
    },
    "29": {
      "eff_dim_90": 17,
      "explained_top5": [
        0.15606887638568878,
        0.11410851031541824,
        0.10642819851636887,
        0.06621766835451126,
        0.05833619832992554
      ]
    },
    "30": {
      "eff_dim_90": 18,
      "explained_top5": [
        0.14400163292884827,
        0.11083534359931946,
        0.1092449352145195,
        0.0661277249455452,
        0.057640038430690765
      ]
    },
    "31": {
      "eff_dim_90": 17,
      "explained_top5": [
        0.14498284459114075,
        0.11450228840112686,
        0.10940830409526825,
        0.06485205143690109,
        0.057104211300611496
      ]
    },
    "32": {
      "eff_dim_90": 18,
      "explained_top5": [
        0.14397448301315308,
        0.11621743440628052,
        0.10832715779542923,
        0.06567535549402237,
        0.05669636279344559
      ]
    },
    "33": {
      "eff_dim_90": 18,
      "explained_top5": [
        0.14294900000095367,
        0.11711645126342773,
        0.10878856480121613,
        0.06524859368801117,
        0.058346059173345566
      ]
    },
    "34": {
      "eff_dim_90": 18,
      "explained_top5": [
        0.14146186411380768,
        0.11609393358230591,
        0.10938074439764023,
        0.06448521465063095,
        0.057631704956293106
      ]
    },
    "35": {
      "eff_dim_90": 18,