{
  "resid": {
    "L0": {
      "tense": {
        "mean_l2": 277.40139156977335,
        "median_l2": 163.63294982910156,
        "std_l2": 314.5654721133482,
        "n": 180
      },
      "polarity": {
        "mean_l2": 189.42500868903267,
        "median_l2": 111.42194747924805,
        "std_l2": 197.78511188119305,
        "n": 180
      },
      "number": {
        "mean_l2": 172.51821445888942,
        "median_l2": 99.26155853271484,
        "std_l2": 179.61708196381142,
        "n": 180
      },
      "negation": {
        "mean_l2": 290.8825860447354,
        "median_l2": 138.38211822509766,
        "std_l2": 402.0276163520875,
        "n": 180
      },
      "question": {
        "mean_l2": 199.7994604534573,
        "median_l2": 132.2046661376953,
        "std_l2": 206.45669616841667,
        "n": 180
      },
      "person": {
        "mean_l2": 198.63341232935588,
        "median_l2": 115.89482498168945,
        "std_l2": 224.82223321457803,
        "n": 180
      },
      "sentiment": {
        "mean_l2": 640.4707021395366,
        "median_l2": 557.1109008789062,
        "std_l2": 530.0050169921483,
        "n": 180
      },
      "semantic_topic": {
        "mean_l2": 687.7294736862183,
        "median_l2": 502.5780944824219,
        "std_l2": 707.5115086853931,
        "n": 180
      },
      "voice": {
        "mean_l2": 962.2642261081272,
        "median_l2": 798.1726989746094,
        "std_l2": 753.0323842191139,
        "n": 180
      },
      "formality": {
        "mean_l2": 820.1636682934231,
        "median_l2": 624.8613891601562,
        "std_l2": 741.3893710554242,
        "n": 180
      },
      "definiteness": {
        "mean_l2": 172.2917829937405,
        "median_l2": 107.25924682617188,
        "std_l2": 202.14892514719187,
        "n": 180
      },
      "info_structure": {
        "mean_l2": 176.29693440331354,
        "median_l2": 95.83219146728516,
        "std_l2": 174.1986500304492,
        "n": 180
      }
    },
    "L5": {
      "tense": {
        "mean_l2": 359.4722642686632,
        "median_l2": 190.8915557861328,
        "std_l2": 455.75801163298195,
        "n": 180
      },
      "polarity": {
        "mean_l2": 338.3624545203315,
        "median_l2": 207.14339447021484,
        "std_l2": 419.1659238993417,
        "n": 180
      },
      "number": {
        "mean_l2": 233.20596355862088,
        "median_l2": 135.93092346191406,
        "std_l2": 221.58233577731917,
        "n": 180
      },
      "negation": {
        "mean_l2": 436.592361301846,
        "median_l2": 242.42212677001953,
        "std_l2": 563.9373020007595,
        "n": 180
      },
      "question": {
        "mean_l2": 321.7142027537028,
        "median_l2": 220.28290557861328,
        "std_l2": 293.87531408981937,
        "n": 180
      },
      "person": {
        "mean_l2": 277.03928727044,
        "median_l2": 201.25299072265625,
        "std_l2": 228.34361758970414,
        "n": 180
      },
      "sentiment": {
        "mean_l2": 590.7660670598348,
        "median_l2": 458.5797424316406,
        "std_l2": 450.74351260841365,
        "n": 180
      },
      "semantic_topic": {
        "mean_l2": 791.4491598129273,
        "median_l2": 605.8504028320312,
        "std_l2": 695.0351491289081,
        "n": 180
      },
      "voice": {
        "mean_l2": 1024.4467952304417,
        "median_l2": 879.8255615234375,
        "std_l2": 705.2529663687391,
        "n": 180
      },
      "formality": {
        "mean_l2": 857.1193274180094,
        "median_l2": 663.985595703125,
        "std_l2": 719.8054045333506,
        "n": 180
      },
      "definiteness": {
        "mean_l2": 212.51739938524034,
        "median_l2": 109.20441436767578,
        "std_l2": 253.4805693198115,
        "n": 180
      },
      "info_structure": {
        "mean_l2": 264.418573697408,
        "median_l2": 192.17056274414062,
        "std_l2": 247.3898010759009,
        "n": 180
      }
    },
    "L10": {
      "tense": {
        "mean_l2": 452.58312168121336,
        "median_l2": 254.463134765625,
        "std_l2": 487.4497127736114,
        "n": 180
      },
      "polarity": {
        "mean_l2": 550.3763387468126,
        "median_l2": 426.2322998046875,
        "std_l2": 490.71807828522753,
        "n": 180
      },
      "number": {
        "mean_l2": 386.977924156189,
        "median_l2": 256.0867385864258,
        "std_l2": 339.10743989541635,
        "n": 180
      },
      "negation": {
        "mean_l2": 747.5748177846273,
        "median_l2": 511.60984802246094,
        "std_l2": 687.4766786591782,
        "n": 180
      },
      "question": {
        "mean_l2": 568.6582483927409,
        "median_l2": 402.9161376953125,
        "std_l2": 429.2766697537799,
        "n": 180
      },
      "person": {
        "mean_l2": 482.49360461764866,
        "median_l2": 371.8011779785156,
        "std_l2": 425.3132678959941,
        "n": 180
      },
      "sentiment": {
        "mean_l2": 676.0578996022542,
        "median_l2": 587.1845092773438,
        "std_l2": 468.51572427371525,
        "n": 180
      },
      "semantic_topic": {
        "mean_l2": 845.7010940551758,
        "median_l2": 641.846923828125,
        "std_l2": 684.1936613708394,
        "n": 180
      },
      "voice": {
        "mean_l2": 1060.7357348124185,
        "median_l2": 953.5496215820312,
        "std_l2": 656.5104307631815,
        "n": 180
      },
      "formality": {
        "mean_l2": 888.9509894053141,
        "median_l2": 626.5310363769531,
        "std_l2": 674.4414955014468,
        "n": 180
      },
      "definiteness": {
        "mean_l2": 323.91117572784424,
        "median_l2": 187.51878356933594,
        "std_l2": 368.488955312405,
        "n": 180
      },
      "info_structure": {
        "mean_l2": 452.58083190917966,
        "median_l2": 297.78277587890625,
        "std_l2": 396.37880846067833,
        "n": 180
      }
    }
  }
}