{
  "last_layer": 27,
  "n_pairs": 150,
  "attn": {
    "pol_norm": 438.94293212890625,
    "tense_norm": 657.3492431640625,
    "cross_cos": 0.9888832569122314,
    "pol_n_a": 150,
    "pol_n_b": 150
  },
  "mlp": {
    "pol_norm": 247.95761108398438,
    "tense_norm": 336.2771911621094,
    "cross_cos": 0.17986392974853516,
    "pol_n_a": 150,
    "pol_n_b": 150
  },
  "resid": {
    "pol_norm": 408.74749755859375,
    "tense_norm": 876.15087890625,
    "cross_cos": 0.6924059391021729,
    "pol_n_a": 150,
    "pol_n_b": 150
  },
  "reconstruction_cos": 0.9210430383682251
}