{
  "last_layer": 27,
  "causal_matrix": [
    [
      0.9999999403953552,
      0.6924059391021729,
      -0.5866842865943909,
      0.13563013076782227,
      -0.3534865379333496
    ],
    [
      0.6924059391021729,
      0.9999996423721313,
      -0.7012445330619812,
      -0.05628795549273491,
      -0.40258532762527466
    ],
    [
      -0.5866842865943909,
      -0.7012445330619812,
      0.9999998211860657,
      -0.006651914678514004,
      0.3691220283508301
    ],
    [
      0.13563013076782227,
      -0.05628795549273491,
      -0.006651914678514004,
      1.0,
      0.10158500075340271
    ],
    [
      -0.3534865379333496,
      -0.40258532762527466,
      0.3691220283508301,
      0.10158500075340271,
      1.0
    ]
  ],
  "feature_names": [
    "polarity",
    "tense",
    "semantic",
    "sentiment",
    "number"
  ],
  "func_func_mean": 0.6924059391021729,
  "nonfunc_nonfunc_mean": 0.15911964792758226,
  "func_nonfunc_mean": 0.3726531285792589,
  "feature_norms": {
    "polarity": 408.74749755859375,
    "tense": 876.15087890625,
    "semantic": 406.77398681640625,
    "sentiment": 164.4160614013672,
    "number": 230.3206787109375
  }
}