{
  "schema_version": "agi_research_result.v1",
  "experiment_id": "concept_family_parallel_scale_v1",
  "title": "规模化概念族实验（苹果链路 vs 猫链路）",
  "timestamp_utc": "2026-03-06T09:59:05Z",
  "config": {
    "root": "tempdata",
    "mass_json_glob": "mass_noun_encoding_scan.json",
    "top_k": 120,
    "max_files": 12,
    "min_nouns": 100,
    "apple_chain": [
      "apple",
      "banana",
      "orange",
      "grape",
      "pear",
      "fruit",
      "food"
    ],
    "cat_chain": [
      "cat",
      "dog",
      "rabbit",
      "tiger",
      "lion",
      "animal",
      "living"
    ]
  },
  "metrics": {
    "n_mass_files": 8,
    "apple_chain_summary": {
      "shared_base_ratio_vs_micro_union": {
        "mean": 0.027083333333333334,
        "std": 0.011572751247156893,
        "min": 0.008333333333333333,
        "max": 0.03333333333333333
      },
      "micro_to_meso_jaccard": {
        "mean": 0.02080309627479439,
        "std": 0.00895810449707355,
        "min": 0.006289308176100629,
        "max": 0.02564102564102564
      },
      "meso_to_macro_jaccard": {
        "mean": 0.375,
        "std": 0.07715167498104597,
        "min": 0.3333333333333333,
        "max": 0.5
      },
      "micro_pairwise_jaccard_mean": {
        "mean": 0.3,
        "std": 0.0,
        "min": 0.3,
        "max": 0.3
      }
    },
    "cat_chain_summary": {
      "shared_base_ratio_vs_micro_union": {
        "mean": 0.0599203919167177,
        "std": 0.017858746566341316,
        "min": 0.030985915492957747,
        "max": 0.06956521739130435
      },
      "micro_to_meso_jaccard": {
        "mean": 0.04674305066854328,
        "std": 0.014218223001872912,
        "min": 0.023706896551724137,
        "max": 0.05442176870748299
      },
      "meso_to_macro_jaccard": {
        "mean": 0.2708333333333333,
        "std": 0.03857583749052297,
        "min": 0.25,
        "max": 0.3333333333333333
      },
      "micro_pairwise_jaccard_mean": {
        "mean": 0.305531914893617,
        "std": 0.0021011519994837977,
        "min": 0.3021276595744681,
        "max": 0.30666666666666664
      }
    },
    "apple_vs_cat_shared_base_gap_mean": 0.032837058583384364,
    "apple_vs_cat_shared_base_gap_std": 0.006285995319184424,
    "per_file": [
      {
        "file": "tempdata\\deepseek7b_mass_noun_scan_n120_mech_v4_single\\mass_noun_encoding_scan.json",
        "apple_chain": {
          "valid": true,
          "micro_count": 5,
          "micro_union_size": 360,
          "micro_intersection_size": 0,
          "meso_size": 120,
          "macro_size": 360,
          "shared_base_size": 12,
          "micro_specific_size": 348,
          "meso_specific_size": 0,
          "macro_specific_size": 240,
          "shared_base_ratio_vs_micro_union": 0.03333333333333333,
          "micro_to_meso_jaccard": 0.02564102564102564,
          "meso_to_macro_jaccard": 0.3333333333333333,
          "micro_to_macro_jaccard": 0.22448979591836735,
          "micro_pairwise_jaccard_mean": 0.3,
          "micro_pairwise_jaccard_std": 0.48304589153964794
        },
        "cat_chain": {
          "valid": true,
          "micro_count": 5,
          "micro_union_size": 345,
          "micro_intersection_size": 0,
          "meso_size": 120,
          "macro_size": 480,
          "shared_base_size": 24,
          "micro_specific_size": 321,
          "meso_specific_size": 0,
          "macro_specific_size": 360,
          "shared_base_ratio_vs_micro_union": 0.06956521739130435,
          "micro_to_meso_jaccard": 0.05442176870748299,
          "meso_to_macro_jaccard": 0.25,
          "micro_to_macro_jaccard": 0.21145374449339208,
          "micro_pairwise_jaccard_mean": 0.30666666666666664,
          "micro_pairwise_jaccard_std": 0.4788875998951459
        },
        "shared_base_ratio_gap": 0.036231884057971016
      },
      {
        "file": "tempdata\\deepseek7b_mass_noun_scan_n120_mech_v4fix_seed101\\mass_noun_encoding_scan.json",
        "apple_chain": {
          "valid": true,
          "micro_count": 5,
          "micro_union_size": 360,
          "micro_intersection_size": 0,
          "meso_size": 120,
          "macro_size": 360,
          "shared_base_size": 12,
          "micro_specific_size": 348,
          "meso_specific_size": 0,
          "macro_specific_size": 240,
          "shared_base_ratio_vs_micro_union": 0.03333333333333333,
          "micro_to_meso_jaccard": 0.02564102564102564,
          "meso_to_macro_jaccard": 0.3333333333333333,
          "micro_to_macro_jaccard": 0.22448979591836735,
          "micro_pairwise_jaccard_mean": 0.3,
          "micro_pairwise_jaccard_std": 0.48304589153964794
        },
        "cat_chain": {
          "valid": true,
          "micro_count": 5,
          "micro_union_size": 345,
          "micro_intersection_size": 0,
          "meso_size": 120,
          "macro_size": 480,
          "shared_base_size": 24,
          "micro_specific_size": 321,
          "meso_specific_size": 0,
          "macro_specific_size": 360,
          "shared_base_ratio_vs_micro_union": 0.06956521739130435,
          "micro_to_meso_jaccard": 0.05442176870748299,
          "meso_to_macro_jaccard": 0.25,
          "micro_to_macro_jaccard": 0.21145374449339208,
          "micro_pairwise_jaccard_mean": 0.30666666666666664,
          "micro_pairwise_jaccard_std": 0.4788875998951459
        },
        "shared_base_ratio_gap": 0.036231884057971016
      },
      {
        "file": "tempdata\\deepseek7b_mass_noun_scan_n120_mech_v4fix_seed202\\mass_noun_encoding_scan.json",
        "apple_chain": {
          "valid": true,
          "micro_count": 5,
          "micro_union_size": 360,
          "micro_intersection_size": 0,
          "meso_size": 120,
          "macro_size": 360,
          "shared_base_size": 12,
          "micro_specific_size": 348,
          "meso_specific_size": 0,
          "macro_specific_size": 240,
          "shared_base_ratio_vs_micro_union": 0.03333333333333333,
          "micro_to_meso_jaccard": 0.02564102564102564,
          "meso_to_macro_jaccard": 0.3333333333333333,
          "micro_to_macro_jaccard": 0.22448979591836735,
          "micro_pairwise_jaccard_mean": 0.3,
          "micro_pairwise_jaccard_std": 0.48304589153964794
        },
        "cat_chain": {
          "valid": true,
          "micro_count": 5,
          "micro_union_size": 345,
          "micro_intersection_size": 0,
          "meso_size": 120,
          "macro_size": 480,
          "shared_base_size": 24,
          "micro_specific_size": 321,
          "meso_specific_size": 0,
          "macro_specific_size": 360,
          "shared_base_ratio_vs_micro_union": 0.06956521739130435,
          "micro_to_meso_jaccard": 0.05442176870748299,
          "meso_to_macro_jaccard": 0.25,
          "micro_to_macro_jaccard": 0.21145374449339208,
          "micro_pairwise_jaccard_mean": 0.30666666666666664,
          "micro_pairwise_jaccard_std": 0.4788875998951459
        },
        "shared_base_ratio_gap": 0.036231884057971016
      },
      {
        "file": "tempdata\\deepseek7b_mass_noun_scan_n120_mech_v4fix_seed303\\mass_noun_encoding_scan.json",
        "apple_chain": {
          "valid": true,
          "micro_count": 5,
          "micro_union_size": 360,
          "micro_intersection_size": 0,
          "meso_size": 120,
          "macro_size": 360,
          "shared_base_size": 12,
          "micro_specific_size": 348,
          "meso_specific_size": 0,
          "macro_specific_size": 240,
          "shared_base_ratio_vs_micro_union": 0.03333333333333333,
          "micro_to_meso_jaccard": 0.02564102564102564,
          "meso_to_macro_jaccard": 0.3333333333333333,
          "micro_to_macro_jaccard": 0.22448979591836735,
          "micro_pairwise_jaccard_mean": 0.3,
          "micro_pairwise_jaccard_std": 0.48304589153964794
        },
        "cat_chain": {
          "valid": true,
          "micro_count": 5,
          "micro_union_size": 345,