{
  "r_ln_gap": 0.27511428002611377,
  "r_ln_prob": 0.2830280278329732,
  "r_no_ln_gap": -0.4044666886329651,
  "r_no_ln_prob": -0.22757044434547424,
  "r_linear_gap": 0.9943104386329651,
  "last5_gap_r": [
    -0.39735373854637146,
    -0.40230679512023926,
    -0.4016452729701996,
    -0.4044666886329651,
    0.9943111538887024
  ]
}