{
  "has_final_ln": true,
  "gap_ratio_pre_ln": 213.89759826660156,
  "gap_ratio_from_ln": -212.89759826660156,
  "r_pre_post": -0.39539533853530884,
  "ln_gap_pred_r": 0.27511427797583743
}