{
  "r_oracle": 0.9943111538887024,
  "r_oracle_prob": 0.9923797845840454,
  "r_ln": 0.2751142800261138,
  "r_ln_prob": 0.2830280278329732,
  "r_pre": -0.4044666886329651,
  "r_pre_prob": -0.22757044434547424,
  "ln_efficiency": 28.520132335384485,
  "pre_efficiency": -22.93178939819336,
  "emergence_boost": 1.3987778425216675
}