{
  "has_final_ln": true,
  "gap_ratio_pre_ln": 5.192903995513916,
  "gap_ratio_from_ln": -4.192903995513916,
  "r_pre_post": -0.21937203407287598,
  "ln_gap_pred_r": 0.7598856391908452
}