{
  "r_ln_gap": 0.7604052158105459,
  "r_ln_prob": 0.6192980990695117,
  "r_no_ln_gap": -0.21748101711273193,
  "r_no_ln_prob": -0.44758495688438416,
  "r_linear_gap": 0.9996781945228577,
  "last5_gap_r": [
    -0.19043299555778503,
    -0.1956918090581894,
    -0.23253203928470612,
    -0.21748101711273193,
    0.9996814131736755
  ]
}