{
  "r_oracle": 0.9952262043952942,
  "r_oracle_prob": 0.9932927489280701,
  "r_ln": 0.2303429679427342,
  "r_ln_prob": 0.22640827399179858,
  "r_pre": -0.07414471358060837,
  "r_pre_prob": -0.20178303122520447,
  "ln_efficiency": 22.793710538623298,
  "pre_efficiency": -20.314558029174805,
  "emergence_boost": 1.0693708658218384
}