{
  "r_ln_gap": 0.2303429679427342,
  "r_ln_prob": 0.22640827399179858,
  "r_no_ln_gap": -0.07414471358060837,
  "r_no_ln_prob": -0.20178303122520447,
  "r_linear_gap": 0.9952265620231628,
  "last5_gap_r": [
    -0.03534062206745148,
    -0.02037491835653782,
    -0.057861316949129105,
    -0.07414471358060837,
    0.9952262043952942
  ]
}