{
  "has_final_ln": true,
  "gap_ratio_pre_ln": 31.591325759887695,
  "gap_ratio_from_ln": -30.591325759887695,
  "r_pre_post": -0.06783586740493774,
  "ln_gap_pred_r": 0.2303429683817562
}