{
  "resid": {
    "L0": {
      "tense": {
        "mean_l2": 34.334097008705136,
        "median_l2": 18.99183464050293,
        "std_l2": 73.48263913526597,
        "n": 200
      },
      "polarity": {
        "mean_l2": 17.318295502662657,
        "median_l2": 15.257415771484375,
        "std_l2": 7.44204237401467,
        "n": 200
      },
      "number": {
        "mean_l2": 46.08575992584228,
        "median_l2": 28.72930908203125,
        "std_l2": 61.77820572556331,
        "n": 20
      },
      "sentiment": {
        "mean_l2": 395.77191383361816,
        "median_l2": 394.17755126953125,
        "std_l2": 266.66495007143726,
        "n": 25
      },
      "semantic_topic": {
        "mean_l2": 515.8422870635986,
        "median_l2": 499.5554656982422,
        "std_l2": 244.97532838467552,
        "n": 20
      }
    },
    "L5": {
      "tense": {
        "mean_l2": 72.2135184431076,
        "median_l2": 40.19429016113281,
        "std_l2": 88.84271359412344,
        "n": 200
      },
      "polarity": {
        "mean_l2": 50.47539870262146,
        "median_l2": 39.26770782470703,
        "std_l2": 36.441889513350986,
        "n": 200
      },
      "number": {
        "mean_l2": 109.07830123901367,
        "median_l2": 79.28397369384766,
        "std_l2": 104.57779644528122,
        "n": 20
      },
      "sentiment": {
        "mean_l2": 378.8742182922363,
        "median_l2": 371.2246398925781,
        "std_l2": 206.6655182530572,
        "n": 25
      },
      "semantic_topic": {
        "mean_l2": 517.2533203125,
        "median_l2": 500.5211639404297,
        "std_l2": 207.32641361192756,
        "n": 20
      }
    },
    "L10": {
      "tense": {
        "mean_l2": 121.44356716156005,
        "median_l2": 99.66112518310547,
        "std_l2": 79.40885692329854,
        "n": 200
      },
      "polarity": {
        "mean_l2": 119.46593753814697,
        "median_l2": 105.63070678710938,
        "std_l2": 74.22026218797485,
        "n": 200
      },
      "number": {
        "mean_l2": 165.37188568115235,
        "median_l2": 129.04537963867188,
        "std_l2": 129.30884658177155,
        "n": 20
      },
      "sentiment": {
        "mean_l2": 389.81540954589843,
        "median_l2": 368.76763916015625,
        "std_l2": 163.63288853933412,
        "n": 25
      },
      "semantic_topic": {
        "mean_l2": 547.9111930847168,
        "median_l2": 495.5661315917969,
        "std_l2": 180.54781720886402,
        "n": 20
      }
    },
    "L15": {
      "tense": {
        "mean_l2": 145.24196723937987,
        "median_l2": 114.69874572753906,
        "std_l2": 167.12572768926424,
        "n": 200
      },
      "polarity": {
        "mean_l2": 153.13498958587647,
        "median_l2": 136.511962890625,
        "std_l2": 89.53552198663155,
        "n": 200
      },
      "number": {
        "mean_l2": 234.53313522338868,
        "median_l2": 183.33501434326172,
        "std_l2": 189.2215331156241,
        "n": 20
      },
      "sentiment": {
        "mean_l2": 376.67899353027343,
        "median_l2": 331.5381774902344,
        "std_l2": 146.45161433462303,
        "n": 25
      },
      "semantic_topic": {
        "mean_l2": 551.7385124206543,
        "median_l2": 515.2384338378906,
        "std_l2": 173.1433720727232,
        "n": 20
      }
    },
    "L20": {
      "tense": {
        "mean_l2": 168.33403804779053,
        "median_l2": 139.95379638671875,
        "std_l2": 170.56553361916187,
        "n": 200
      },
      "polarity": {
        "mean_l2": 176.33361145019532,
        "median_l2": 156.48703002929688,
        "std_l2": 83.67972629390816,
        "n": 200
      },
      "number": {
        "mean_l2": 241.70413703918456,
        "median_l2": 208.04369354248047,
        "std_l2": 147.10096964359548,
        "n": 20
      },
      "sentiment": {
        "mean_l2": 384.1081701660156,
        "median_l2": 347.11083984375,
        "std_l2": 139.99901701441473,
        "n": 25
      },
      "semantic_topic": {
        "mean_l2": 548.874739074707,
        "median_l2": 515.6786499023438,
        "std_l2": 155.65396972015955,
        "n": 20
      }
    },
    "L25": {
      "tense": {
        "mean_l2": 213.3907340812683,
        "median_l2": 181.9066390991211,
        "std_l2": 183.07934735523548,
        "n": 200
      },
      "polarity": {
        "mean_l2": 217.90771213531494,
        "median_l2": 207.93223571777344,
        "std_l2": 100.20031446104646,
        "n": 200
      },
      "number": {
        "mean_l2": 327.6967323303223,
        "median_l2": 301.0159912109375,
        "std_l2": 196.35501772304733,
        "n": 20
      },
      "sentiment": {
        "mean_l2": 412.7535528564453,
        "median_l2": 381.05914306640625,
        "std_l2": 141.6278467881845,
        "n": 25
      },
      "semantic_topic": {
        "mean_l2": 569.2085037231445,
        "median_l2": 535.2213439941406,
        "std_l2": 146.45013245395472,
        "n": 20
      }
    },
    "L30": {
      "tense": {
        "mean_l2": 238.41157081604004,
        "median_l2": 203.8695831298828,
        "std_l2": 185.79235038911926,
        "n": 200
      },
      "polarity": {
        "mean_l2": 238.94645957946778,
        "median_l2": 231.6368865966797,
        "std_l2": 101.33700925158925,
        "n": 200
      },
      "number": {
        "mean_l2": 365.9053337097168,
        "median_l2": 337.8659210205078,
        "std_l2": 232.3213325371751,
        "n": 20
      },
      "sentiment": {
        "mean_l2": 442.6034124755859,
        "median_l2": 408.73126220703125,
        "std_l2": 150.05562723799437,
        "n": 25
      },
      "semantic_topic": {
        "mean_l2": 596.5757888793945,
        "median_l2": 569.5486755371094,
        "std_l2": 147.47920097210525,
        "n": 20
      }
    },
    "L35": {
      "tense": {
        "mean_l2": 300.40400218963623,
        "median_l2": 239.1698989868164,
        "std_l2": 221.75486643936125,
        "n": 200
      },
      "polarity": {
        "mean_l2": 270.9043882369995,
        "median_l2": 256.36456298828125,
        "std_l2": 113.81969947910768,
        "n": 200
      },
      "number": {
        "mean_l2": 451.7839981079102,
        "median_l2": 387.8138122558594,
        "std_l2": 323.7583663944895,
        "n": 20
      },
      "sentiment": {
        "mean_l2": 468.4058966064453,
        "median_l2": 457.21478271484375,
        "std_l2": 145.62171106649598,
        "n": 25
      },
      "semantic_topic": {
        "mean_l2": 628.8117294311523,
        "median_l2": 601.1065368652344,
        "std_l2": 158.31273177965647,
        "n": 20
      }
    }
  },
  "components": {
    "attn": {
      "L0": {
        "tense": {
          "mean_l2": 32.50725610097249,
          "median_l2": 17.400232315063477,
          "n": 150
        },
        "polarity": {
          "mean_l2": 17.40322640101115,
          "median_l2": 15.158702373504639,
          "n": 150
        },
        "number": {
          "mean_l2": 46.08575992584228,
          "median_l2": 28.72930908203125,
          "n": 20
        }
      },
      "L9": {
        "tense": {
          "mean_l2": 37.07032381693522,
          "median_l2": 29.603365898132324,
          "n": 150
        },
        "polarity": {
          "mean_l2": 28.974162025451662,
          "median_l2": 26.014639854431152,
          "n": 150
        },
        "number": {
          "mean_l2": 58.026781749725345,
          "median_l2": 39.967336654663086,
          "n": 20
        }
      },
      "L18": {
        "tense": {
          "mean_l2": 30.611887334187827,
          "median_l2": 24.642845153808594,
          "n": 150
        },
        "polarity": {
          "mean_l2": 30.87881519317627,
          "median_l2": 26.799360275268555,
          "n": 150
        },
        "number": {
          "mean_l2": 55.545416831970215,
          "median_l2": 41.9971981048584,
          "n": 20
        }
      },