{
  "model_id": "deepseek-ai/DeepSeek-R1-Distill-Qwen-7B",
  "probe_json": "tempdata\\deepseek7b_multidim_multiseed_v1\\seed303\\probe\\multidim_encoding_probe.json",
  "top_n": 128,
  "ablate_all_positions": true,
  "baseline_pair_delta_l2": {
    "style": [
      925.1204223632812,
      663.9879150390625,
      661.6098022460938,
      696.3572387695312,
      731.3306274414062,
      645.5509643554688,
      653.7793579101562,
      922.0596923828125,
      621.20263671875,
      905.5209350585938
    ],
    "logic": [
      596.5499267578125,
      578.075927734375,
      599.140869140625,
      617.986328125,
      643.71240234375,
      602.1188354492188,
      606.1022338867188,
      593.112548828125,
      563.2215576171875,
      517.2933959960938
    ],
    "syntax": [
      817.1424560546875,
      242.8723602294922,
      933.939208984375,
      598.4022216796875,
      269.4122314453125,
      558.4429931640625,
      322.8809509277344,
      867.5430908203125,
      800.35302734375,
      252.7420196533203
    ]
  },
  "suppression_matrix_raw": {
    "style": {
      "style": [
        -0.0025318705539614807,
        -0.08544801631212623,
        0.0062038881659880725,
        0.06923243928517869,
        -0.024038982747712195,
        0.05006085542503919,
        0.05437267032385037,
        -0.007750102501974909,
        0.06855156289424102,
        0.004888765915197807
      ],
      "logic": [
        -0.0009045543251324909,
        0.006460007796269869,
        -0.0027435932228805815,
        0.0028859996081021717,
        0.0002755394542915507,
        0.0009230505675808139,
        6.0521355730732935e-05,
        -0.0067407895565510505,
        0.0008730120715375741,
        0.0069407285965687494
      ],
      "syntax": [
        0.0003535986015003516,
        0.0052972683156620555,
        0.016196478029181147,
        -0.1305203003359165,
        -0.12309307778570701,
        -0.006615858956689579,
        -0.02884322292577156,
        -0.025685483978768277,
        0.010443618325165348,
        -0.03373467077194885
      ]
    },
    "logic": {
      "style": [
        -0.011545424730587953,
        -0.023042661593057602,
        -9.437430435851535e-05,
        -0.0034626693722222325,
        -0.019580423198864376,
        -0.0005735244438557294,
        -0.008602979912936733,
        -0.005320570706636767,
        0.004505302922522231,
        0.0022762789703866695
      ],
      "logic": [
        0.040068144934137684,
        0.03132698341371037,
        0.041168873399044285,
        0.04009851568697477,
        0.020536886635521036,
        0.03567865149063138,
        0.03154240135245593,
        0.042435258412712,
        0.05684992623394773,
        0.05828259295945234
      ],
      "syntax": [
        0.016126232459933335,
        -0.0019783396033004703,
        0.005628082181933202,
        0.05077863393954156,
        0.024191049036599042,
        -0.0023220864896885416,
        -0.0022215158688954034,
        -0.0011803999851975112,
        0.005642727848977776,
        0.012129414796850051
      ]
    },
    "syntax": {
      "style": [
        0.0,
        0.0,
        0.0,
        0.0,
        0.0,
        0.0,
        0.0,
        0.0,
        0.0,
        0.0
      ],
      "logic": [
        0.0,
        0.0,
        0.0,
        0.0,
        0.0,
        0.0,
        0.0,
        0.0,
        0.0,
        0.0
      ],
      "syntax": [
        0.0,
        0.0,
        0.0,
        0.0,
        0.0,
        0.0,
        0.0,
        0.0,
        0.0,
        0.0
      ]
    }
  },
  "suppression_matrix_mean": {
    "style": {
      "style": 0.013354120989372035,
      "logic": 0.0008029922345517339,
      "syntax": -0.03162016514832929
    },
    "logic": {
      "style": -0.006544104636961101,
      "logic": 0.03979882345185875,
      "syntax": 0.010679379831675304
    },
    "syntax": {
      "style": 0.0,
      "logic": 0.0,
      "syntax": 0.0
    }
  },
  "diagonal_advantage": {
    "style": 0.02876270744626081,
    "logic": 0.03773118585450165,
    "syntax": 0.0
  }
}