{
  "model": "deepseek7b",
  "model_info": {
    "n_layers": 28,
    "d_model": 3584,
    "model_class": "Qwen2ForCausalLM"
  },
  "n_concepts": 24,
  "n_templates": 3,
  "layer_pca_summary": {
    "0": {
      "eff_dim_90": 18,
      "explained_top5": [
        0.09250402450561523,
        0.08590209484100342,
        0.0750606507062912,
        0.06911241263151169,
        0.06299800425767899
      ]
    },
    "1": {
      "eff_dim_90": 18,
      "explained_top5": [
        0.10365566611289978,
        0.09076230227947235,
        0.07493537664413452,
        0.06835682690143585,
        0.06462597846984863
      ]
    },
    "2": {
      "eff_dim_90": 19,
      "explained_top5": [
        0.08859623968601227,
        0.08059906959533691,
        0.07144641876220703,
        0.06818730384111404,
        0.06427814066410065
      ]
    },
    "3": {
      "eff_dim_90": 19,
      "explained_top5": [
        0.09689591079950333,
        0.09223507344722748,
        0.07146646827459335,
        0.06851952522993088,
        0.0585939921438694
      ]
    },
    "4": {
      "eff_dim_90": 19,
      "explained_top5": [
        0.10018429905176163,
        0.09005215018987656,
        0.07984543591737747,
        0.06828553229570389,
        0.065728098154068
      ]
    },
    "5": {
      "eff_dim_90": 19,
      "explained_top5": [
        0.09879405051469803,
        0.08820967376232147,
        0.07818774878978729,
        0.0691666528582573,
        0.0650167316198349
      ]
    },
    "6": {
      "eff_dim_90": 19,
      "explained_top5": [
        0.10582976788282394,
        0.09195515513420105,
        0.0799531638622284,
        0.07229606062173843,
        0.06654179096221924
      ]
    },
    "7": {
      "eff_dim_90": 18,
      "explained_top5": [
        0.12262899428606033,
        0.10907217115163803,
        0.08325594663619995,
        0.06436557322740555,
        0.062401704490184784
      ]
    },
    "8": {
      "eff_dim_90": 18,
      "explained_top5": [
        0.12759144604206085,
        0.11166150867938995,
        0.08597937971353531,
        0.06289654225111008,
        0.05880393832921982
      ]
    },
    "9": {
      "eff_dim_90": 18,
      "explained_top5": [
        0.12363656610250473,
        0.10528776049613953,
        0.0913969874382019,
        0.06211872398853302,
        0.05835359916090965
      ]
    },
    "10": {
      "eff_dim_90": 18,
      "explained_top5": [
        0.12991394102573395,
        0.10498935729265213,
        0.09886645525693893,
        0.06049351766705513,
        0.05772208794951439
      ]
    },
    "11": {
      "eff_dim_90": 18,
      "explained_top5": [
        0.13459108769893646,
        0.11029233783483505,
        0.09878610819578171,
        0.05888447165489197,
        0.05531266704201698
      ]
    },
    "12": {
      "eff_dim_90": 18,
      "explained_top5": [
        0.1434038132429123,
        0.11353466659784317,
        0.09841126203536987,
        0.0577479712665081,
        0.05534198880195618
      ]
    },
    "13": {
      "eff_dim_90": 18,
      "explained_top5": [
        0.14583554863929749,
        0.11221849173307419,
        0.10043812543153763,
        0.058382485061883926,
        0.054831672459840775
      ]
    },
    "14": {
      "eff_dim_90": 18,
      "explained_top5": [
        0.14727458357810974,
        0.11114534735679626,
        0.09974388033151627,
        0.05867462232708931,
        0.055336110293865204
      ]
    },
    "15": {
      "eff_dim_90": 18,
      "explained_top5": [
        0.15170644223690033,
        0.11130937188863754,
        0.09993068128824234,
        0.058961547911167145,
        0.05498046055436134
      ]
    },
    "16": {
      "eff_dim_90": 18,
      "explained_top5": [
        0.14945527911186218,
        0.11404266208410263,
        0.10012202709913254,
        0.05984551087021828,
        0.05401881784200668
      ]
    },
    "17": {
      "eff_dim_90": 18,
      "explained_top5": [
        0.15277473628520966,
        0.11609116196632385,
        0.10173703730106354,
        0.059672966599464417,
        0.05331069976091385
      ]
    },
    "18": {
      "eff_dim_90": 18,
      "explained_top5": [
        0.16000308096408844,
        0.11838650703430176,
        0.10288220643997192,
        0.06123453378677368,
        0.053073957562446594
      ]
    },
    "19": {
      "eff_dim_90": 18,
      "explained_top5": [
        0.16894413530826569,
        0.12337087094783783,
        0.10784609615802765,
        0.0614561028778553,
        0.05225493013858795
      ]
    },
    "20": {
      "eff_dim_90": 18,
      "explained_top5": [
        0.1633525788784027,
        0.12219514697790146,
        0.10775422304868698,
        0.0642438754439354,
        0.05265585705637932
      ]
    },
    "21": {
      "eff_dim_90": 18,
      "explained_top5": [
        0.1635366529226303,
        0.1196807250380516,
        0.10848407447338104,
        0.06625276058912277,
        0.05249548330903053
      ]
    },
    "22": {
      "eff_dim_90": 18,
      "explained_top5": [
        0.15439258515834808,
        0.11608599871397018,
        0.10105662792921066,
        0.06435416638851166,
        0.056734081357717514
      ]
    },
    "23": {
      "eff_dim_90": 18,
      "explained_top5": [
        0.12359508126974106,
        0.11397949606180191,
        0.09393544495105743,
        0.07004241645336151,
        0.05948944017291069
      ]
    },
    "24": {
      "eff_dim_90": 18,
      "explained_top5": [
        0.12235786765813828,
        0.11365567147731781,
        0.09592996537685394,
        0.06608562916517258,
        0.060761116445064545
      ]
    },
    "25": {
      "eff_dim_90": 18,
      "explained_top5": [
        0.12593600153923035,
        0.11199340969324112,
        0.09971214085817337,
        0.06376361846923828,
        0.06021726131439209
      ]
    },
    "26": {
      "eff_dim_90": 18,
      "explained_top5": [
        0.1316235214471817,
        0.11189863085746765,
        0.10136133432388306,
        0.06488750874996185,
        0.05771879851818085
      ]
    },
    "27": {
      "eff_dim_90": 10,
      "explained_top5": [
        0.6162884831428528,
        0.06503692269325256,
        0.049831341952085495,
        0.042676474899053574,
        0.032085709273815155
      ]
    }
  },
  "concept_norms_sample": {
    "dog": {
      "0": 29.518030166625977,
      "5": 73.41481018066406,
      "10": 131.10079956054688,
      "15": 188.58358764648438,
      "20": 322.2502746582031,
      "25": 859.8353271484375
    },
    "eagle": {
      "0": 30.299015045166016,
      "5": 82.49459075927734,
      "10": 130.28749084472656,
      "15": 184.47178649902344,
      "20": 304.260498046875,
      "25": 870.2661743164062
    },
    "apple": {
      "0": 28.850229263305664,
      "5": 73.63302612304688,
      "10": 132.77099609375,
      "15": 190.20741271972656,
      "20": 324.2672119140625,
      "25": 923.3449096679688
    },
    "cheese": {
      "0": 29.517627716064453,
      "5": 70.02017974853516,
      "10": 133.81536865234375,
      "15": 188.9009552001953,
      "20": 315.83056640625,
      "25": 868.802001953125
    },
    "hammer": {
      "0": 29.71269989013672,
      "5": 74.88572692871094,
      "10": 123.36344146728516,
      "15": 187.01458740234375,
      "20": 305.12603759765625,
      "25": 899.089111328125
    },
    "drill": {
      "0": 28.570960998535156,
      "5": 71.13890075683594,
      "10": 127.10868835449219,
      "15": 185.33909606933594,
      "20": 307.3462829589844,
      "25": 882.1400756835938
    },
    "mountain": {
      "0": 28.90087127685547,
      "5": 74.32374572753906,
      "10": 128.10513305664062,
      "15": 190.8944549560547,
      "20": 320.15081787109375,
      "25": 951.0733642578125
    },
    "forest": {
      "0": 28.74616050720215,
      "5": 73.00222778320312,
      "10": 132.9520721435547,
      "15": 193.31350708007812,