{
  "spectral_ratio50_gap": -0.06133566051721573,
  "spectral_ratio50_max": -0.1962464302778244,
  "spectral_hnorm_max": 0.5936428308486938,
  "spectral_multi_gap": -0.015078856188865591,
  "spectral_multi_prob": 0.10522885095449865,
  "direction_mean_h_actual_DeltaW_gap": -0.035984222245830005,
  "direction_abs_h_abs_DeltaW_gap": 0.046250954270362854,
  "direction_abs_h_abs_DeltaW_prob": -0.005028020448967718,
  "direction_top50_nosign_gap": 0.8429306745529175,
  "direction_top50_withsign_gap": 1.0,
  "direction_top50_withsign_prob": 1.0
}