{
  "spectral_ratio50_gap_r": -0.061334699392318726,
  "spectral_multi_gap_r": -0.03232318162767661,
  "direction_top10_gap_r": 0.4489600360393524,
  "direction_top10_prob_r": 0.6717368811629751,
  "full_h_gap_r": 1.0,
  "oracle_gap_prob_r": 0.6599177886128552,
  "gap_prob_r": 0.7016179604054824,
  "spectral_vs_direction_ratio": 13.88972285655072,
  "direction_vs_oracle_ratio": 0.680327222145401
}