{
  "semantic_h_predict_from_hnorm_r_mean": 0.22684688866138458,
  "nonsemantic_h_predict_from_hnorm_r_mean": 0.08551802486181259,
  "semantic_h_predict_from_ratio50_r_mean": -0.09114310890436172,
  "semantic_cv_mean": 0.33073535561561584,
  "nonsemantic_cv_mean": 0.6023378372192383
}