{
  "top10_semantic_idx": [
    2906,
    471,
    3270,
    3577,
    1029,
    2348,
    2655,
    775,
    2718,
    2123
  ],
  "top10_consistency_mean": 0.5237499999999999,
  "top10_coverage": 0.08016640692949295,
  "top20_coverage": 0.10861111432313919,
  "semantic_gap_prob_r": -0.22825681912791618,
  "rest_gap_prob_r": 0.3624734919330345,
  "semantic_gap_gap_r": -0.21730433404445648
}