{
  "mean_cv": 0.7777925133705139,
  "median_cv": 0.7106073498725891,
  "mean_sign_agreement": 0.7104073762893677,
  "sign_pos_ratio": 0.49693080357142855,
  "mean_pred_r_nosign": 0.19463679194450378,
  "mean_pred_r_withsign": 0.2962479591369629,
  "pca_pred_r_mean": 0.302005104395268,
  "pca_pred_r_max": 0.6093788948158319
}