{
  "W_U_col_std_predict_Delta_abs_r": 0.1451055109500885,
  "W_U_col_norm_predict_Delta_abs_r": 0.13589578866958618,
  "Delta_W_cv_mean": 1.233254075050354,
  "Delta_W_sign_agreement": 0.13901019096374512,
  "mean_Delta_dot_h_gap_r": 0.1214282438158989
}