{
  "spectral_ratio50_gap_r": -0.09418007731437683,
  "spectral_multi_gap_r": 0.03699890876345626,
  "direction_top10_gap_r": 0.5673068761825562,
  "direction_top10_prob_r": 0.5586615205571791,
  "full_h_gap_r": 1.0,
  "oracle_gap_prob_r": 0.8283544040261376,
  "gap_prob_r": 0.8767147980767697,
  "spectral_vs_direction_ratio": 15.333070450163568,
  "direction_vs_oracle_ratio": 0.6848600953368862
}