{
  "mean_cv": 0.9476101994514465,
  "median_cv": 0.9954848885536194,
  "mean_sign_agreement": 0.5246612429618835,
  "sign_pos_ratio": 0.4853515625,
  "mean_pred_r_nosign": 0.25120967626571655,
  "mean_pred_r_withsign": 0.28067418932914734,
  "pca_pred_r_mean": 0.27039326644300266,
  "pca_pred_r_max": 0.6289111286927117
}