{
  "top10_semantic_idx": [
    83,
    1447,
    3780,
    3297,
    1315,
    1577,
    1757,
    1129,
    1552,
    297
  ],
  "top10_consistency_mean": 0.635,
  "top10_coverage": 0.051312386989593506,
  "top20_coverage": 0.07012005150318146,
  "semantic_gap_prob_r": 0.37167444743532424,
  "rest_gap_prob_r": 0.05642828132489991,
  "semantic_gap_gap_r": 0.3407965302467346
}