{
  "W_U_col_std_predict_Delta_abs_r": 0.2661570608615875,
  "W_U_col_norm_predict_Delta_abs_r": 0.3244912028312683,
  "Delta_W_cv_mean": 1.1441543102264404,
  "Delta_W_sign_agreement": 0.35915833711624146,
  "mean_Delta_dot_h_gap_r": 0.6229914426803589
}