{
  "spectral_ratio50_gap": -0.09416557848453522,
  "spectral_ratio50_max": -0.24416430294513702,
  "spectral_hnorm_max": -0.2571812868118286,
  "spectral_multi_gap": 0.10768122022275314,
  "spectral_multi_prob": 0.1489645456857439,
  "direction_mean_h_actual_DeltaW_gap": 0.6232549291745954,
  "direction_abs_h_abs_DeltaW_gap": -0.17670398950576782,
  "direction_abs_h_abs_DeltaW_prob": -0.14959363709297754,
  "direction_top50_nosign_gap": 0.8107068538665771,
  "direction_top50_withsign_gap": 0.9999999403953552,
  "direction_top50_withsign_prob": 1.0
}