{
  "semantic_h_predict_from_hnorm_r_mean": -0.0015099182492122054,
  "nonsemantic_h_predict_from_hnorm_r_mean": 0.24510185420513153,
  "semantic_h_predict_from_ratio50_r_mean": 0.12065569311380386,
  "semantic_cv_mean": 0.18679873645305634,
  "nonsemantic_cv_mean": 0.6621506810188293
}