{
  "mean_cv": 0.8820916414260864,
  "median_cv": 0.8969942331314087,
  "mean_sign_agreement": 0.6267529726028442,
  "sign_pos_ratio": 0.516796875,
  "mean_pred_r_nosign": -0.14809831976890564,
  "mean_pred_r_withsign": 0.22218409180641174,
  "pca_pred_r_mean": 0.22055152284239848,
  "pca_pred_r_max": 0.8099311957264547
}