{
  "spectral_ratio50_gap": 0.12591205537319183,
  "spectral_ratio50_max": -0.09756679832935333,
  "spectral_hnorm_max": 0.7528957724571228,
  "spectral_multi_gap": 0.15640020498698531,
  "spectral_multi_prob": 0.3590390397416324,
  "direction_mean_h_actual_DeltaW_gap": 0.47104398664792624,
  "direction_abs_h_abs_DeltaW_gap": -0.13303129374980927,
  "direction_abs_h_abs_DeltaW_prob": 0.2326917914553876,
  "direction_top50_nosign_gap": 0.8106672763824463,
  "direction_top50_withsign_gap": 1.0,
  "direction_top50_withsign_prob": 1.0
}