{
  "W_U_col_std_predict_Delta_abs_r": 0.1950756013393402,
  "W_U_col_norm_predict_Delta_abs_r": 0.2500075101852417,
  "Delta_W_cv_mean": 1.1507688760757446,
  "Delta_W_sign_agreement": 0.2542724609375,
  "mean_Delta_dot_h_gap_r": 0.42550578713417053
}