{
  "top10_semantic_idx": [
    9,
    32,
    56,
    18,
    329,
    7,
    44,
    270,
    1145,
    54
  ],
  "top10_consistency_mean": 0.61375,
  "top10_coverage": 0.07682504504919052,
  "top20_coverage": 0.10421256721019745,
  "semantic_gap_prob_r": 0.24592100147037543,
  "rest_gap_prob_r": 0.12924049929373066,
  "semantic_gap_gap_r": 0.17022284865379333
}